event_id,name,begin,end,year,hazards,boroughs,harbor,noaa_episodes,merged_by_project,deaths_direct,deaths_direct_status,deaths_indirect,deaths_indirect_status,injuries_direct,injuries_direct_status,damage_property_nominal_usd,damage_property_nominal_usd_status,damage_property_2024_usd,damage_property_2024_usd_status,temp_max_f,temp_max_f_status,temp_min_f,temp_min_f_status,rain_event_total_in,rain_event_total_in_status,snow_event_total_in,snow_event_total_in_status,wind_fastest_2min_mph,wind_fastest_2min_mph_status,fema_pa_declaration_usd,fema_pa_declaration_usd_status,fema_pa_declaration_2024_usd,fema_pa_declaration_2024_usd_status,fema_ia_declaration_usd,fema_ia_declaration_usd_status,nfip_paid_nominal_usd,nfip_paid_nominal_usd_status,nfip_claims,nfip_claims_status,complaints_no_heat,complaints_no_heat_status,complaints_flooding,complaints_flooding_status,complaints_trees,complaints_trees_status,collisions,collisions_status,collisions_injured,collisions_injured_status,peak_water_level_ft_mllw,peak_surge_ft,tide_station,fema_disasters,narrative
E19580810-solo-7e40aee0,,1958-08-10 16:30:00,1958-08-10 16:30:00,1958,thunderstorm,QN,0,solo-7e40aee0,0,0,ok,0,ok,0,ok,0,ok,0,ok,89.1,ok,66.0,ok,0.28,ok,0.0,ok,,missing,,na,,na,,na,,na,,na,,na,,na,,na,,na,,na,,,,,
E19610731-solo-5ec7d873,,1961-07-31 16:00:00,1961-07-31 16:00:00,1961,thunderstorm,BK,0,solo-5ec7d873,0,0,ok,0,ok,0,ok,0,ok,0,ok,91.9,ok,70.0,ok,2.59,ok,0.0,ok,,missing,,na,,na,,na,,na,,na,,na,,na,,na,,na,,na,,,,,
E19620519-solo-7fe4fdc0,,1962-05-19 17:40:00,1962-05-19 17:40:00,1962,thunderstorm,QN,0,solo-7fe4fdc0,0,0,ok,0,ok,0,ok,0,ok,0,ok,99.0,ok,55.9,ok,0.15,ok,0.0,ok,,missing,,na,,na,,na,,na,,na,,na,,na,,na,,na,,na,,,,,
E19630729-solo-ed7b0fd4,,1963-07-29 14:00:00,1963-07-29 14:00:00,1963,thunderstorm,QN,0,solo-ed7b0fd4,0,0,ok,0,ok,0,ok,0,ok,0,ok,95.0,ok,72.0,ok,0.02,ok,0.0,ok,,missing,,na,,na,,na,,na,,na,,na,,na,,na,,na,,na,,,,,
E19630811-solo-aa6d1555,,1963-08-11 21:20:00,1963-08-11 21:20:00,1963,hail,QN,0,solo-aa6d1555,0,0,ok,0,ok,0,ok,0,ok,0,ok,84.9,ok,57.9,ok,0.48,ok,0.0,ok,,missing,,na,,na,,na,,na,,na,,na,,na,,na,,na,,na,,,,,
E19660811-solo-e077d699,,1966-08-11 17:00:00,1966-08-11 17:00:00,1966,thunderstorm,QN,0,solo-e077d699,0,0,ok,0,ok,0,ok,0,ok,0,ok,95.0,ok,69.1,ok,0.77,ok,0.0,ok,,missing,,na,,na,,na,,na,,na,,na,,na,,na,,na,,na,,,,,
E19660811-solo-275e746b,,1966-08-11 17:12:00,1966-08-11 17:12:00,1966,thunderstorm,QN,0,solo-275e746b,0,0,ok,0,ok,0,ok,0,ok,0,ok,95.0,ok,69.1,ok,0.77,ok,0.0,ok,,missing,,na,,na,,na,,na,,na,,na,,na,,na,,na,,na,,,,,
E19660811-solo-7295189f,,1966-08-11 17:20:00,1966-08-11 17:20:00,1966,thunderstorm,QN,0,solo-7295189f,0,0,ok,0,ok,0,ok,0,ok,0,ok,95.0,ok,69.1,ok,0.77,ok,0.0,ok,,missing,,na,,na,,na,,na,,na,,na,,na,,na,,na,,na,,,,,
E19670725-solo-c2c15466,,1967-07-25 17:40:00,1967-07-25 17:40:00,1967,hail,QN,0,solo-c2c15466,0,0,ok,0,ok,0,ok,0,ok,0,ok,88.0,ok,69.1,ok,1.41,ok,0.0,ok,,missing,,na,,na,,na,,na,,na,,na,,na,,na,,na,,na,,,,,
E19680807-solo-2766328b,,1968-08-07 12:15:00,1968-08-07 12:15:00,1968,thunderstorm,QN,0,solo-2766328b,0,0,ok,0,ok,0,ok,0,ok,0,ok,93.9,ok,72.0,ok,0.79,ok,0.0,ok,,missing,,na,,na,,na,,na,,na,,na,,na,,na,,na,,na,,,,,
E19700927-solo-56de35b2,,1970-09-27 10:00:00,1970-09-27 10:00:00,1970,thunderstorm,QN,0,solo-56de35b2,0,0,ok,0,ok,0,ok,0,ok,0,ok,82.0,ok,54.0,ok,0.81,ok,0.0,ok,,missing,,na,,na,,na,,na,,na,,na,,na,,na,,na,,na,,,,,
E19710424-solo-8f459d72,,1971-04-24 17:38:00,1971-04-24 17:38:00,1971,thunderstorm,QN,0,solo-8f459d72,0,0,ok,0,ok,0,ok,0,ok,0,ok,68.0,ok,36.0,ok,0.07,ok,0.0,ok,,missing,,na,,na,,na,,na,,na,,na,,na,,na,,na,,na,,,,,
E19750606-solo-b9c13613,,1975-06-06 13:00:00,1975-06-06 13:00:00,1975,thunderstorm,BK,0,solo-b9c13613,0,0,ok,0,ok,0,ok,0,ok,0,ok,75.0,ok,57.9,ok,0.98,ok,0.0,ok,,missing,,na,,na,,na,,na,,na,,na,,na,,na,,na,,na,,,,,
E19760321-solo-29110d48,,1976-03-21 14:00:00,1976-03-21 14:00:00,1976,thunderstorm,QN,0,solo-29110d48,0,0,ok,0,ok,0,ok,0,ok,0,ok,73.9,ok,46.0,ok,0.06,ok,0.0,ok,,missing,,na,,na,,na,,na,,na,,na,,na,,na,,na,,na,,,,,
E19790810-solo-972092a9,,1979-08-10 13:00:00,1979-08-10 13:00:00,1979,thunderstorm,MN,0,solo-972092a9,0,0,ok,0,ok,0,ok,0,ok,0,ok,96.1,ok,72.0,ok,0.29,ok,0.0,ok,,missing,,na,,na,,na,189088,ok,63,ok,,na,,na,,na,,na,,na,,,,,
E19790810-solo-5b20fec7,,1979-08-10 14:35:00,1979-08-10 14:35:00,1979,thunderstorm,QN,0,solo-5b20fec7,0,0,ok,0,ok,0,ok,0,ok,0,ok,96.1,ok,72.0,ok,0.29,ok,0.0,ok,,missing,,na,,na,,na,189088,ok,63,ok,,na,,na,,na,,na,,na,,,,,
E19800902-solo-884f5589,,1980-09-02 19:15:00,1980-09-02 19:15:00,1980,thunderstorm,QN,0,solo-884f5589,0,0,ok,0,ok,0,ok,0,ok,0,ok,98.1,ok,73.0,ok,0.18,ok,0.0,ok,,missing,,na,,na,,na,0,ok,1,ok,,na,,na,,na,,na,,na,,,,,
E19830721-solo-319b1d84,,1983-07-21 16:30:00,1983-07-21 16:30:00,1983,thunderstorm,BX,0,solo-319b1d84,0,0,ok,0,ok,0,ok,0,ok,0,ok,95.0,ok,69.1,ok,2.26,ok,0.0,ok,,missing,,na,,na,,na,0,ok,1,ok,,na,,na,,na,,na,,na,,,,,
E19830811-solo-f9b31f13,,1983-08-11 18:00:00,1983-08-11 18:00:00,1983,thunderstorm,BX;BK;MN;QN,0,solo-f9b31f13,0,0,ok,0,ok,0,ok,0,ok,0,ok,82.0,ok,68.0,ok,2.39,ok,0.0,ok,,missing,,na,,na,,na,70219,ok,46,ok,,na,,na,,na,,na,,na,,,,,
E19840903-solo-0ee16f1c,,1984-09-03 20:37:00,1984-09-03 20:37:00,1984,thunderstorm,BX;BK,0,solo-0ee16f1c,0,0,ok,0,ok,0,ok,0,ok,0,ok,87.1,ok,64.9,ok,1.33,ok,0.0,ok,,missing,,na,,na,,na,0,ok,1,ok,,na,,na,,na,,na,,na,,,,,
E19850419-solo-16697324,,1985-04-19 13:52:00,1985-04-19 13:52:00,1985,thunderstorm,BK,0,solo-16697324,0,0,ok,0,ok,0,ok,0,ok,0,ok,89.1,ok,53.1,ok,0.93,ok,0.0,ok,,missing,,na,,na,,na,0,ok,0,ok,,na,,na,,na,,na,,na,,,,,
E19850624-solo-447587d0,,1985-06-24 12:27:00,1985-06-24 12:27:00,1985,hail,BK,0,solo-447587d0,0,0,ok,0,ok,0,ok,0,ok,0,ok,89.1,ok,64.9,ok,1.03,ok,0.0,ok,,missing,,na,,na,,na,0,ok,0,ok,,na,,na,,na,,na,,na,,,,,
E19850624-solo-68a7cedf,,1985-06-24 12:35:00,1985-06-24 12:35:00,1985,hail,QN,0,solo-68a7cedf,0,0,ok,0,ok,0,ok,0,ok,0,ok,89.1,ok,64.9,ok,1.03,ok,0.0,ok,,missing,,na,,na,,na,0,ok,0,ok,,na,,na,,na,,na,,na,,,,,
E19850624-solo-ed526bab,,1985-06-24 12:45:00,1985-06-24 12:45:00,1985,hail,MN,0,solo-ed526bab,0,0,ok,0,ok,0,ok,0,ok,0,ok,89.1,ok,64.9,ok,1.03,ok,0.0,ok,,missing,,na,,na,,na,0,ok,0,ok,,na,,na,,na,,na,,na,,,,,
E19850624-solo-b23e7b3a,,1985-06-24 13:00:00,1985-06-24 13:00:00,1985,hail,SI,0,solo-b23e7b3a,0,0,ok,0,ok,0,ok,0,ok,0,ok,89.1,ok,64.9,ok,1.03,ok,0.0,ok,,missing,,na,,na,,na,0,ok,0,ok,,na,,na,,na,,na,,na,,,,,
E19850830-solo-b97b528b,,1985-08-30 14:00:00,1985-08-30 14:00:00,1985,hail,QN,0,solo-b97b528b,0,0,ok,0,ok,0,ok,0,ok,0,ok,84.0,ok,69.1,ok,0.69,ok,0.0,ok,,missing,,na,,na,,na,2717,ok,2,ok,,na,,na,,na,,na,,na,,,,,
E19850830-solo-e52e34ac,,1985-08-30 14:10:00,1985-08-30 14:10:00,1985,hail,MN,0,solo-e52e34ac,0,0,ok,0,ok,0,ok,0,ok,0,ok,84.0,ok,69.1,ok,0.69,ok,0.0,ok,,missing,,na,,na,,na,2717,ok,2,ok,,na,,na,,na,,na,,na,,,,,
E19850830-solo-6fe4d705,,1985-08-30 14:10:00,1985-08-30 14:10:00,1985,thunderstorm,QN,0,solo-6fe4d705,0,0,ok,0,ok,0,ok,0,ok,0,ok,84.0,ok,69.1,ok,0.69,ok,0.0,ok,,missing,,na,,na,,na,2717,ok,2,ok,,na,,na,,na,,na,,na,,,,,
E19851005-solo-c91c6c33,,1985-10-05 09:45:00,1985-10-05 09:45:00,1985,thunderstorm,QN,0,solo-c91c6c33,0,0,ok,0,ok,0,ok,0,ok,0,ok,73.9,ok,53.1,ok,0.38,ok,0.0,ok,,missing,,na,,na,,na,0,ok,0,ok,,na,,na,,na,,na,,na,,,,,
E19851005-solo-789287e4,,1985-10-05 09:55:00,1985-10-05 09:55:00,1985,tornado,QN,0,solo-789287e4,0,0,ok,0,ok,6,ok,0,ok,0,ok,73.9,ok,53.1,ok,0.38,ok,0.0,ok,,missing,,na,,na,,na,0,ok,0,ok,,na,,na,,na,,na,,na,,,,,
E19860531-solo-cd24caed,,1986-05-31 15:15:00,1986-05-31 15:15:00,1986,hail,BX,0,solo-cd24caed,0,0,ok,0,ok,0,ok,0,ok,0,ok,95.0,ok,69.1,ok,0.75,ok,0.0,ok,,missing,,na,,na,,na,0,ok,0,ok,,na,,na,,na,,na,,na,,,,,
E19870529-solo-b8c8d844,,1987-05-29 16:20:00,1987-05-29 16:20:00,1987,thunderstorm,QN,0,solo-b8c8d844,0,0,ok,0,ok,0,ok,0,ok,0,ok,97.0,ok,66.0,ok,0.44,ok,0.0,ok,,missing,,na,,na,,na,0,ok,0,ok,,na,,na,,na,,na,,na,,,,,
E19880523-solo-1e50826b,,1988-05-23 15:10:00,1988-05-23 15:10:00,1988,thunderstorm,BK,0,solo-1e50826b,0,0,ok,0,ok,0,ok,0,ok,0,ok,84.9,ok,57.0,ok,1.1,ok,0.0,ok,,missing,,na,,na,,na,317,ok,3,ok,,na,,na,,na,,na,,na,,,,,
E19880710-solo-fe578283,,1988-07-10 14:40:00,1988-07-10 14:40:00,1988,thunderstorm,SI,0,solo-fe578283,0,0,ok,0,ok,0,ok,0,ok,0,ok,100.0,ok,69.1,ok,0.09,ok,0.0,ok,,missing,,na,,na,,na,0,ok,2,ok,,na,,na,,na,,na,,na,,,,,
E19881120-solo-77805237,,1988-11-20 19:43:00,1988-11-20 19:43:00,1988,thunderstorm,QN,0,solo-77805237,0,0,ok,0,ok,0,ok,0,ok,0,ok,64.9,ok,44.1,ok,3.37,ok,0.0,ok,,missing,,na,,na,,na,0,ok,1,ok,,na,,na,,na,,na,,na,,,,,
E19890710-solo-c1704c09,,1989-07-10 18:20:00,1989-07-10 18:20:00,1989,thunderstorm,BX;QN,0,solo-c1704c09,0,0,ok,0,ok,0,ok,0,ok,0,ok,93.0,ok,73.0,ok,0.26,ok,0.0,ok,,missing,,na,,na,,na,973,ok,3,ok,,na,,na,,na,,na,,na,,,,,
E19891120-solo-a893cbda,,1989-11-20 20:28:00,1989-11-20 20:28:00,1989,thunderstorm,BX,0,solo-a893cbda,0,0,ok,0,ok,0,ok,0,ok,0,ok,61.0,ok,37.0,ok,0.12,ok,0.0,ok,,missing,,na,,na,,na,0,ok,0,ok,,na,,na,,na,,na,,na,,,,,
E19891120-solo-10a4b9bb,,1989-11-20 20:30:00,1989-11-20 20:30:00,1989,thunderstorm,SI,0,solo-10a4b9bb,0,0,ok,0,ok,0,ok,0,ok,0,ok,61.0,ok,37.0,ok,0.12,ok,0.0,ok,,missing,,na,,na,,na,0,ok,0,ok,,na,,na,,na,,na,,na,,,,,
E19891120-solo-fc1f3727,,1989-11-20 20:31:00,1989-11-20 20:31:00,1989,thunderstorm,MN;QN,0,solo-fc1f3727,0,0,ok,0,ok,0,ok,0,ok,0,ok,61.0,ok,37.0,ok,0.12,ok,0.0,ok,,missing,,na,,na,,na,0,ok,0,ok,,na,,na,,na,,na,,na,,,,,
E19891120-solo-3a0be8bc,,1989-11-20 20:40:00,1989-11-20 20:40:00,1989,thunderstorm,BK,0,solo-3a0be8bc,0,0,ok,0,ok,0,ok,0,ok,0,ok,61.0,ok,37.0,ok,0.12,ok,0.0,ok,,missing,,na,,na,,na,0,ok,0,ok,,na,,na,,na,,na,,na,,,,,
E19900709-solo-6436531a,,1990-07-09 15:00:00,1990-07-09 15:00:00,1990,thunderstorm,BK,0,solo-6436531a,0,0,ok,0,ok,0,ok,0,ok,0,ok,96.1,ok,70.0,ok,0.47,ok,0.0,ok,,missing,,na,,na,,na,0,ok,0,ok,,na,,na,,na,,na,,na,,,,,
E19900709-solo-2a22fb3b,,1990-07-09 15:30:00,1990-07-09 15:30:00,1990,thunderstorm,BK,0,solo-2a22fb3b,0,0,ok,0,ok,0,ok,0,ok,0,ok,96.1,ok,70.0,ok,0.47,ok,0.0,ok,,missing,,na,,na,,na,0,ok,0,ok,,na,,na,,na,,na,,na,,,,,
E19900810-solo-6f0af402,,1990-08-10 13:45:00,1990-08-10 13:45:00,1990,tornado,SI,0,solo-6f0af402,0,0,ok,0,ok,3,ok,0,ok,0,ok,82.0,ok,70.0,ok,4.64,ok,0.0,ok,,missing,,na,,na,,na,24600,ok,4,ok,,na,,na,,na,,na,,na,,,,,
E19900827-solo-79f22bf6,,1990-08-27 13:26:00,1990-08-27 13:26:00,1990,thunderstorm,MN,0,solo-79f22bf6,0,0,ok,0,ok,0,ok,0,ok,0,ok,93.0,ok,70.0,ok,1.71,ok,0.0,ok,,missing,,na,,na,,na,0,ok,0,ok,,na,,na,,na,,na,,na,,,,,
E19900827-solo-b90ff864,,1990-08-27 13:45:00,1990-08-27 13:45:00,1990,thunderstorm,QN,0,solo-b90ff864,0,0,ok,0,ok,0,ok,0,ok,0,ok,93.0,ok,70.0,ok,1.71,ok,0.0,ok,,missing,,na,,na,,na,0,ok,0,ok,,na,,na,,na,,na,,na,,,,,
E19900827-solo-e2054435,,1990-08-27 14:17:00,1990-08-27 14:17:00,1990,thunderstorm,BK,0,solo-e2054435,0,0,ok,0,ok,0,ok,0,ok,0,ok,93.0,ok,70.0,ok,1.71,ok,0.0,ok,,missing,,na,,na,,na,0,ok,0,ok,,na,,na,,na,,na,,na,,,,,
E19900828-solo-b138d2a9,,1990-08-28 22:26:00,1990-08-28 22:26:00,1990,thunderstorm,BX,0,solo-b138d2a9,0,0,ok,0,ok,0,ok,0,ok,0,ok,90.0,ok,68.0,ok,0.37,ok,0.0,ok,,missing,,na,,na,,na,0,ok,0,ok,,na,,na,,na,,na,,na,,,,,
E19900828-solo-8581409e,,1990-08-28 23:00:00,1990-08-28 23:00:00,1990,thunderstorm,BK;SI,0,solo-8581409e,0,0,ok,0,ok,0,ok,0,ok,0,ok,90.0,ok,68.0,ok,0.37,ok,0.0,ok,,missing,,na,,na,,na,0,ok,0,ok,,na,,na,,na,,na,,na,,,,,
E19900829-solo-e0d38cf7,,1990-08-29 17:45:00,1990-08-29 17:45:00,1990,thunderstorm,SI,0,solo-e0d38cf7,0,0,ok,0,ok,0,ok,0,ok,0,ok,88.0,ok,66.0,ok,0.46,ok,0.0,ok,,missing,,na,,na,,na,0,ok,0,ok,,na,,na,,na,,na,,na,,,,,
E19901018-solo-033ced90,,1990-10-18 18:00:00,1990-10-18 18:00:00,1990,thunderstorm,BK;MN;SI,0,solo-033ced90,0,0,ok,0,ok,1,ok,0,ok,0,ok,78.1,ok,51.1,ok,1.04,ok,0.0,ok,,missing,,na,,na,,na,917,ok,1,ok,,na,,na,,na,,na,,na,,,,,
E19910721-solo-2ec91c91,,1991-07-21 16:20:00,1991-07-21 16:20:00,1991,thunderstorm,SI,0,solo-2ec91c91,0,0,ok,0,ok,0,ok,0,ok,0,ok,102.0,ok,73.9,ok,0.67,ok,0.0,ok,,missing,,na,,na,,na,0,ok,0,ok,,na,,na,,na,,na,,na,,,,,
E19920114-solo-8c2a82f3,,1992-01-14 11:40:00,1992-01-14 11:40:00,1992,thunderstorm,SI,0,solo-8c2a82f3,0,0,ok,0,ok,0,ok,0,ok,0,ok,63.0,ok,33.1,ok,0.42,ok,0.0,ok,,missing,,na,,na,,na,0,ok,0,ok,,na,,na,,na,,na,,na,,,,,
E19920715-solo-cbc59fe4,,1992-07-15 17:30:00,1992-07-15 17:30:00,1992,thunderstorm,SI,0,solo-cbc59fe4,0,0,ok,0,ok,0,ok,0,ok,0,ok,93.9,ok,66.0,ok,1.43,ok,0.0,ok,,missing,,na,,na,,na,2541,ok,1,ok,,na,,na,,na,,na,,na,,,,,
E19920715-solo-10a92024,,1992-07-15 17:33:00,1992-07-15 17:33:00,1992,thunderstorm,BK,0,solo-10a92024,0,0,ok,0,ok,0,ok,0,ok,0,ok,93.9,ok,66.0,ok,1.43,ok,0.0,ok,,missing,,na,,na,,na,2541,ok,1,ok,,na,,na,,na,,na,,na,,,,,
E19920811-solo-31f77b3e,,1992-08-11 13:55:00,1992-08-11 13:55:00,1992,thunderstorm,SI,0,solo-31f77b3e,0,0,ok,0,ok,0,ok,0,ok,0,ok,95.0,ok,69.1,ok,0.88,ok,0.0,ok,,missing,,na,,na,,na,0,ok,0,ok,,na,,na,,na,,na,,na,,,,,
E19930828-solo-c522ede4,,1993-08-28 16:34:00,1993-08-28 16:34:00,1993,thunderstorm,QN,0,solo-c522ede4,0,0,ok,0,ok,0,ok,0,ok,0,ok,100.0,ok,71.1,ok,0.59,ok,0.0,ok,,missing,,na,,na,,na,0,ok,0,ok,,na,,na,,na,,na,,na,,,,,
E19940525-solo-21b25f1a,,1994-05-25 00:00:00,1994-05-25 16:27:00,1994,hail,SI,0,solo-21b25f1a,0,0,ok,0,ok,0,ok,0,ok,0,ok,89.1,ok,60.1,ok,0.69,ok,0.0,ok,,missing,,na,,na,,na,0,ok,0,ok,,na,,na,,na,,na,,na,,,,,
E19940525-solo-1b602bd3,,1994-05-25 16:33:00,1994-05-25 16:33:00,1994,hail,BK,0,solo-1b602bd3,0,0,ok,0,ok,0,ok,0,ok,0,ok,89.1,ok,60.1,ok,0.69,ok,0.0,ok,,missing,,na,,na,,na,0,ok,0,ok,,na,,na,,na,,na,,na,,,,,
E19940627-solo-7ae86d2c,,1994-06-27 14:00:00,1994-06-27 14:00:00,1994,thunderstorm,SI,0,solo-7ae86d2c,0,0,ok,0,ok,0,ok,0,ok,0,ok,89.1,ok,68.0,ok,0.16,ok,0.0,ok,,missing,,na,,na,,na,0,ok,0,ok,,na,,na,,na,,na,,na,,,,,
E19940629-solo-d0f53054,,1994-06-29 12:40:00,1994-06-29 12:40:00,1994,thunderstorm,SI,0,solo-d0f53054,0,0,ok,0,ok,0,ok,0,ok,0,ok,84.0,ok,64.9,ok,1.63,ok,0.0,ok,,missing,,na,,na,,na,0,ok,0,ok,,na,,na,,na,,na,,na,,,,,
E19940629-solo-2a34f703,,1994-06-29 12:45:00,1994-06-29 12:45:00,1994,thunderstorm,QN,0,solo-2a34f703,0,0,ok,0,ok,0,ok,0,ok,0,ok,84.0,ok,64.9,ok,1.63,ok,0.0,ok,,missing,,na,,na,,na,0,ok,0,ok,,na,,na,,na,,na,,na,,,,,
E19940813-solo-329b68b4,,1994-08-13 16:20:00,1994-08-13 16:20:00,1994,thunderstorm,SI,0,solo-329b68b4,0,0,ok,0,ok,0,ok,0,ok,0,ok,95.0,ok,70.0,ok,0.76,ok,0.0,ok,,missing,,na,,na,,na,0,ok,0,ok,,na,,na,,na,,na,,na,,,,,
E19940813-solo-49ac5c19,,1994-08-13 16:27:00,1994-08-13 16:27:00,1994,thunderstorm,BK,0,solo-49ac5c19,0,0,ok,0,ok,0,ok,0,ok,0,ok,95.0,ok,70.0,ok,0.76,ok,0.0,ok,,missing,,na,,na,,na,0,ok,0,ok,,na,,na,,na,,na,,na,,,,,
E19940813-solo-6d4fe01e,,1994-08-13 16:40:00,1994-08-13 16:40:00,1994,thunderstorm,QN,0,solo-6d4fe01e,0,0,ok,0,ok,0,ok,0,ok,0,ok,95.0,ok,70.0,ok,0.76,ok,0.0,ok,,missing,,na,,na,,na,0,ok,0,ok,,na,,na,,na,,na,,na,,,,,
E19950404-solo-808e8150,,1995-04-04 13:15:00,1995-04-04 13:15:00,1995,thunderstorm,BK,0,solo-808e8150,0,0,ok,0,ok,0,ok,0,ok,0,ok,70.0,ok,28.0,ok,0.05,ok,0.0,ok,,missing,,na,,na,,na,0,ok,0,ok,,na,,na,,na,,na,,na,,,,,
E19950404-solo-d828c185,,1995-04-04 13:25:00,1995-04-04 13:25:00,1995,thunderstorm,QN,0,solo-d828c185,0,0,ok,0,ok,0,ok,0,ok,0,ok,70.0,ok,28.0,ok,0.05,ok,0.0,ok,,missing,,na,,na,,na,0,ok,0,ok,,na,,na,,na,,na,,na,,,,,
E19950728-solo-a3db73a8,,1995-07-28 02:30:00,1995-07-28 02:30:00,1995,thunderstorm,BK;MN,0,solo-a3db73a8,0,0,ok,0,ok,0,ok,0,ok,0,ok,91.0,ok,70.0,ok,1.45,ok,0.0,ok,,missing,,na,,na,,na,0,ok,0,ok,,na,,na,,na,,na,,na,,,,,
E19950831-solo-f141f633,,1995-08-31 13:20:00,1995-08-31 13:20:00,1995,tornado,MN,0,solo-f141f633,0,0,ok,0,ok,1,ok,30000,ok,61830,ok,91.0,ok,64.9,ok,0.02,ok,0.0,ok,,missing,,na,,na,,na,0,ok,0,ok,,na,,na,,na,,na,,na,,,,,
E19951021-solo-d0edd2ce,,1995-10-21 11:05:00,1995-10-21 11:05:00,1995,thunderstorm,MN,0,solo-d0edd2ce,0,0,ok,0,ok,0,ok,0,ok,0,ok,75.0,ok,46.9,ok,2.17,ok,0.0,ok,,missing,,na,,na,,na,0,ok,1,ok,,na,,na,,na,,na,,na,,,,,
E19951028-solo-9ff96f32,,1995-10-28 03:45:00,1995-10-28 04:00:00,1995,tornado,SI,0,solo-9ff96f32,0,0,ok,0,ok,0,ok,500000,ok,1030504,ok,71.1,ok,52.0,ok,1.21,ok,0.0,ok,,missing,,na,,na,,na,0,ok,0,ok,,na,,na,,na,,na,,na,,,,,
E19951028-solo-50c12fba,,1995-10-28 04:10:00,1995-10-28 04:10:00,1995,thunderstorm,BK,0,solo-50c12fba,0,0,ok,0,ok,0,ok,0,ok,0,ok,71.1,ok,52.0,ok,1.21,ok,0.0,ok,,missing,,na,,na,,na,0,ok,0,ok,,na,,na,,na,,na,,na,,,,,
E19960107-2040524,,1996-01-07 16:00:00,1996-01-08 15:00:00,1996,winter-storm,BX,0,2040524,0,0,ok,0,ok,0,ok,,missing,,missing,24.1,ok,10.0,ok,2.23,ok,27.8,ok,40.0,ok,,missing,,missing,,missing,474227,ok,6,ok,,na,,na,,na,,na,,na,,,,1083,
E19960107-2040525,,1996-01-07 16:00:00,1996-01-08 15:00:00,1996,winter-storm,SI,0,2040525,0,0,ok,0,ok,0,ok,,missing,,missing,24.1,ok,10.0,ok,2.23,ok,27.8,ok,40.0,ok,,missing,,missing,,missing,474227,ok,6,ok,,na,,na,,na,,na,,na,,,,1083,
E19960107-2040526,,1996-01-07 16:00:00,1996-01-08 15:00:00,1996,winter-storm,BK,0,2040526,0,0,ok,0,ok,0,ok,,missing,,missing,24.1,ok,10.0,ok,2.23,ok,27.8,ok,40.0,ok,,missing,,missing,,missing,474227,ok,6,ok,,na,,na,,na,,na,,na,,,,1083,
E19960107-2040527,,1996-01-07 16:00:00,1996-01-08 15:00:00,1996,winter-storm,QN,0,2040527,0,0,ok,0,ok,0,ok,,missing,,missing,24.1,ok,10.0,ok,2.23,ok,27.8,ok,40.0,ok,,missing,,missing,,missing,474227,ok,6,ok,,na,,na,,na,,na,,na,,,,1083,
E19960107-2040523,,1996-01-07 16:00:00,1996-01-08 15:00:00,1996,winter-storm,MN,0,2040523,0,0,ok,0,ok,0,ok,,missing,,missing,24.1,ok,10.0,ok,2.23,ok,27.8,ok,40.0,ok,,missing,,missing,,missing,474227,ok,6,ok,,na,,na,,na,,na,,na,,,,1083,
E19960107-2040545,,1996-01-07 22:00:00,1996-01-08 12:00:00,1996,coastal-flooding,MN,0,2040545,0,0,ok,0,ok,0,ok,,missing,,missing,24.1,ok,10.0,ok,2.23,ok,27.8,ok,40.0,ok,,missing,,missing,,missing,474227,ok,6,ok,,na,,na,,na,,na,,na,6.98,4.61,The Battery,1083,
E19960107-2040546,,1996-01-07 22:00:00,1996-01-08 12:00:00,1996,coastal-flooding,SI,0,2040546,0,0,ok,0,ok,0,ok,,missing,,missing,24.1,ok,10.0,ok,2.23,ok,27.8,ok,40.0,ok,,missing,,missing,,missing,474227,ok,6,ok,,na,,na,,na,,na,,na,6.98,4.61,The Battery,1083,
E19960107-2040547,,1996-01-07 22:00:00,1996-01-08 12:00:00,1996,coastal-flooding,BK,0,2040547,0,0,ok,0,ok,0,ok,,missing,,missing,24.1,ok,10.0,ok,2.23,ok,27.8,ok,40.0,ok,,missing,,missing,,missing,474227,ok,6,ok,,na,,na,,na,,na,,na,6.98,4.61,The Battery,1083,
E19960107-2040548,,1996-01-07 22:00:00,1996-01-08 12:00:00,1996,coastal-flooding,QN,0,2040548,0,0,ok,0,ok,0,ok,,missing,,missing,24.1,ok,10.0,ok,2.23,ok,27.8,ok,40.0,ok,,missing,,missing,,missing,474227,ok,6,ok,,na,,na,,na,,na,,na,6.98,4.61,The Battery,1083,
E19960112-2040554,,1996-01-12 18:00:00,1996-01-12 21:00:00,1996,inland-flooding,MN,0,2040554,0,0,ok,0,ok,0,ok,,missing,,missing,39.9,ok,23.0,ok,0.65,ok,2.4,ok,31.1,ok,,missing,,missing,,missing,82370,ok,2,ok,,na,,na,,na,,na,,na,,,,1083,
E19960112-2040555,,1996-01-12 18:00:00,1996-01-12 21:00:00,1996,inland-flooding,BX,0,2040555,0,0,ok,0,ok,0,ok,,missing,,missing,39.9,ok,23.0,ok,0.65,ok,2.4,ok,31.1,ok,,missing,,missing,,missing,82370,ok,2,ok,,na,,na,,na,,na,,na,,,,1083,
E19960112-2040556,,1996-01-12 18:00:00,1996-01-12 21:00:00,1996,inland-flooding,SI,0,2040556,0,0,ok,0,ok,0,ok,,missing,,missing,39.9,ok,23.0,ok,0.65,ok,2.4,ok,31.1,ok,,missing,,missing,,missing,82370,ok,2,ok,,na,,na,,na,,na,,na,,,,1083,
E19960112-2040557,,1996-01-12 18:00:00,1996-01-12 21:00:00,1996,inland-flooding,BK,0,2040557,0,0,ok,0,ok,0,ok,,missing,,missing,39.9,ok,23.0,ok,0.65,ok,2.4,ok,31.1,ok,,missing,,missing,,missing,82370,ok,2,ok,,na,,na,,na,,na,,na,,,,1083,
E19960112-2040558,,1996-01-12 18:00:00,1996-01-12 21:00:00,1996,inland-flooding,QN,0,2040558,0,0,ok,0,ok,0,ok,,missing,,missing,39.9,ok,23.0,ok,0.65,ok,2.4,ok,31.1,ok,,missing,,missing,,missing,82370,ok,2,ok,,na,,na,,na,,na,,na,,,,1083,
E19960119-2040567,,1996-01-19 09:00:00,1996-01-19 14:00:00,1996,high-winds,BX;BK;MN;QN;SI,0,2040567,0,0,ok,0,ok,0,ok,,missing,,missing,59.0,ok,26.1,ok,0.97,ok,0.0,ok,32.0,ok,,na,,na,,na,13452,ok,9,ok,,na,,na,,na,,na,,na,6.57,2.63,The Battery,,
E19960119-2040573,,1996-01-19 12:00:00,1996-01-20 14:00:00,1996,inland-flooding,BX;BK;MN;QN;SI,0,2040573,0,0,ok,0,ok,0,ok,,missing,,missing,59.0,ok,21.0,ok,0.97,ok,0.0,ok,32.0,ok,,na,,na,,na,13452,ok,10,ok,,na,,na,,na,,na,,na,,,,,
E19960119-2040581,,1996-01-19 15:00:00,1996-01-19 15:00:00,1996,thunderstorm,QN,0,2040581,0,0,ok,0,ok,0,ok,,missing,,missing,59.0,ok,26.1,ok,0.97,ok,0.0,ok,32.0,ok,,na,,na,,na,13452,ok,9,ok,,na,,na,,na,,na,,na,,,,,
E19960127-2040590,,1996-01-27 08:00:00,1996-01-27 19:00:00,1996,high-winds,BX;BK;MN;QN;SI,0,2040590,0,0,ok,0,ok,0,ok,,missing,,missing,57.9,ok,32.0,ok,0.96,ok,0.0,ok,25.9,ok,,na,,na,,na,104051,ok,1,ok,,na,,na,,na,,na,,na,5.88,2.09,The Battery,,
E19960127-2040595,,1996-01-27 13:00:00,1996-01-28 00:00:00,1996,inland-flooding,QN,0,2040595,0,0,ok,0,ok,0,ok,,missing,,missing,57.9,ok,27.0,ok,0.96,ok,0.0,ok,25.9,ok,,na,,na,,na,104051,ok,1,ok,,na,,na,,na,,na,,na,,,,,
E19960203-2040606,,1996-02-03 00:00:00,1996-02-03 08:00:00,1996,heavy-snow,BX;BK;MN;QN;SI,0,2040606,0,0,ok,0,ok,0,ok,,missing,,missing,21.0,ok,12.0,ok,0.47,ok,7.0,ok,21.9,ok,,na,,na,,na,0,ok,0,ok,,na,,na,,na,,na,,na,,,,,A low pressure system moved north along the Atlantic Coast and produced heavy snow across the area.  The snow became very heavy after midnight.  Accumulations ranged from 7 to 10 inches.
E19960216-2040609,,1996-02-16 18:00:00,1996-02-17 06:00:00,1996,heavy-snow,BX;BK;MN;QN;SI,0,2040609,0,0,ok,0,ok,0,ok,,missing,,missing,34.0,ok,19.9,ok,0.63,ok,10.7,ok,21.9,ok,,na,,na,,na,0,ok,0,ok,,na,,na,,na,,na,,na,,,,,A low pressure system moved north along the Atlantic Coast and produced heavy snow across the region.  The snow became very heavy during the evening and overnight periods.  Accumulations ranged from 6 to 12 inches.
E19960225-2040612,,1996-02-25 10:00:00,1996-02-25 18:00:00,1996,high-winds,BX;BK;MN;QN;SI,0,2040612,0,1,ok,0,ok,0,ok,,missing,,missing,64.9,ok,46.0,ok,0.0,ok,0.0,ok,33.1,ok,,na,,na,,na,0,ok,0,ok,,na,,na,,na,,na,,na,4.06,-0.31,The Battery,,"An intense storm over Maine produced high winds across the area.  Winds gusted from 50 to nearly 70 MPH and caused numerous trees and power lines to fall.  In Brooklyn, a person was killed after being struck by a fallen tree.  On the New York State Thruway near Harriman, a motorist was injured when a tree fell on the car."
E19960307-2040918,,1996-03-07 08:40:00,1996-03-08 13:00:00,1996,winter-storm,BX;BK;MN;QN,0,2040918,0,0,ok,0,ok,0,ok,,missing,,missing,35.1,ok,14.0,ok,1.14,ok,4.5,ok,17.0,ok,,na,,na,,na,0,ok,0,ok,,na,,na,,na,,na,,na,,,,,"Two low pressure systems developed off the coast.  The first low developed off the U.S. Southeast Coast during Thursday morning and moved northeast.  The second low developed off the Mid-Atlantic Coast Thursday evening and moved east of the area Friday afternoon.The first system produced a significant accumulation of freezing rain and sleet.  Significant accumulations of ice caused power lines to fall, tree branches to snap off, and crippled mass transit.The second system produced a significant accumulation of sleet and snow.  Total snowfall accumulations ranged from 3 to 6 inches."
E19960319-2040921,,1996-03-19 14:00:00,1996-03-19 23:00:00,1996,high-winds,BX;BK;MN;QN;SI,0,2040921,0,0,ok,0,ok,0,ok,,missing,,missing,50.0,ok,37.0,ok,1.07,ok,0.0,ok,36.9,ok,,na,,na,,na,79222,ok,12,ok,,na,,na,,na,,na,,na,8.3,4.15,The Battery,,"A strong low pressure system over the Southern Appalachians early Tuesday moved slowly east-northeast off the DELMARVA Coast early Wednesday.It produced high winds across the area.  Although winds gusted from 50 to 60 MPH across most areas, the highest wind gust measured was 79 MPH at Fire Island.High winds downed numerous trees and power lines.  The roof of the Cedarhurst Post Office in Nassau County was blown off."
E19960416-2053648,,1996-04-16 03:30:00,1996-04-16 15:30:00,1996,inland-flooding,SI,0,2053648,0,0,ok,0,ok,0,ok,,missing,,missing,57.0,ok,43.0,ok,2.08,ok,0.0,ok,21.9,ok,,na,,na,,na,2867,ok,2,ok,,na,,na,,na,,na,,na,,,,,
E19960416-2053649,,1996-04-16 04:00:00,1996-04-16 16:00:00,1996,inland-flooding,BX,0,2053649,0,0,ok,0,ok,0,ok,,missing,,missing,57.0,ok,43.0,ok,2.08,ok,0.0,ok,21.9,ok,,na,,na,,na,2867,ok,2,ok,,na,,na,,na,,na,,na,,,,,
E19960416-1028088,,1996-04-16 04:00:00,1996-04-16 16:00:00,1996,inland-flooding,BK,0,1028088,0,0,ok,0,ok,0,ok,,missing,,missing,57.0,ok,43.0,ok,2.08,ok,0.0,ok,21.9,ok,,na,,na,,na,2867,ok,2,ok,,na,,na,,na,,na,,na,,,,,
E19960416-1028090,,1996-04-16 04:00:00,1996-04-16 16:00:00,1996,inland-flooding,MN,0,1028090,0,0,ok,0,ok,0,ok,,missing,,missing,57.0,ok,43.0,ok,2.08,ok,0.0,ok,21.9,ok,,na,,na,,na,2867,ok,2,ok,,na,,na,,na,,na,,na,,,,,
E19960416-2053651,,1996-04-16 04:00:00,1996-04-16 16:00:00,1996,inland-flooding,QN,0,2053651,0,0,ok,0,ok,0,ok,,missing,,missing,57.0,ok,43.0,ok,2.08,ok,0.0,ok,21.9,ok,,na,,na,,na,2867,ok,2,ok,,na,,na,,na,,na,,na,,,,,
E19960521-2053749,,1996-05-21 16:24:00,1996-05-21 16:24:00,1996,thunderstorm,QN,0,2053749,0,0,ok,0,ok,0,ok,,missing,,missing,96.1,ok,66.9,ok,0.16,ok,0.0,ok,40.9,ok,,na,,na,,na,0,ok,0,ok,,na,,na,,na,,na,,na,,,,,"With moist unstable air in place, clusters of severe thunderstorms formed as a cold front moved southeast toward the area.As storms raced southeast, they produced high winds that knocked down trees and power lines at the sites listed above.  In addition, wind damage was observed in both Montgomery and Newburgh (Orange County) at 1:15 pm EST."
E19960603-2054102,,1996-06-03 06:30:00,1996-06-03 18:30:00,1996,inland-flooding,BX,0,2054102,0,0,ok,0,ok,0,ok,,missing,,missing,73.0,ok,53.1,ok,3.01,ok,0.0,ok,19.9,ok,,na,,na,,na,0,ok,0,ok,,na,,na,,na,,na,,na,,,,,
E19960603-2054103,,1996-06-03 06:30:00,1996-06-03 18:30:00,1996,inland-flooding,BK,0,2054103,0,0,ok,0,ok,0,ok,,missing,,missing,73.0,ok,53.1,ok,3.01,ok,0.0,ok,19.9,ok,,na,,na,,na,0,ok,0,ok,,na,,na,,na,,na,,na,,,,,
E19960603-2054105,,1996-06-03 06:30:00,1996-06-03 18:30:00,1996,inland-flooding,MN,0,2054105,0,0,ok,0,ok,0,ok,,missing,,missing,73.0,ok,53.1,ok,3.01,ok,0.0,ok,19.9,ok,,na,,na,,na,0,ok,0,ok,,na,,na,,na,,na,,na,,,,,
E19960603-2054108,,1996-06-03 06:30:00,1996-06-03 18:30:00,1996,inland-flooding,QN,0,2054108,0,2,ok,0,ok,21,ok,,missing,,missing,73.0,ok,53.1,ok,3.01,ok,0.0,ok,19.9,ok,,na,,na,,na,0,ok,0,ok,,na,,na,,na,,na,,na,,,,,
E19960603-2054109,,1996-06-03 06:30:00,1996-06-03 18:30:00,1996,inland-flooding,SI,0,2054109,0,0,ok,0,ok,0,ok,,missing,,missing,73.0,ok,53.1,ok,3.01,ok,0.0,ok,19.9,ok,,na,,na,,na,0,ok,0,ok,,na,,na,,na,,na,,na,,,,,
E19960611-2054115,,1996-06-11 15:00:00,1996-06-11 15:00:00,1996,thunderstorm,SI,0,2054115,0,0,ok,0,ok,0,ok,,missing,,missing,86.0,ok,64.0,ok,0.07,ok,0.0,ok,19.9,ok,,na,,na,,na,0,ok,0,ok,,na,,na,,na,,na,,na,,,,,"With moist unstable air in place, scattered severe thunderstorms formed in advance of an approaching weak trough of low pressure.As thunderstorms moved north around 20 knots, they produced high winds that knocked down trees and power lines."
E19960703-2057013,,1996-07-03 15:20:00,1996-07-03 18:40:00,1996,flash-flooding,QN;SI,0,2057013,0,0,ok,0,ok,0,ok,,missing,,missing,75.9,ok,63.0,ok,0.72,ok,0.0,ok,25.1,ok,,na,,na,,na,300000,ok,1,ok,,na,,na,,na,,na,,na,6.0,0.81,The Battery,,"Strong thunderstorms during late morning and again from late afternoon through early evening produced torrential rain that caused widespread flash flooding of  low  lying and poor drainage areas, small streams,  and rivers. Cars were trapped in flooding on the Long Island Expressway in Queens  and  the Northern State Parkway in Nassau Counties.  In Rockland County, torrential rains forced the Mahwah River over its banks flooding parts of the New York State Thruway near Suffern.   Serious road flooding was also reported along Richmond Parkway in Staten Island.At around 6:00 pm EST,  lightning  set  a roof on fire in New Rochelle in Southern Westchester County.  No injuries or deaths were reported."
E19960708-1031702,,1996-07-08 18:29:00,1996-07-08 18:29:00,1996,flash-flooding,MN,0,1031702,0,0,ok,0,ok,0,ok,,missing,,missing,86.0,ok,68.0,ok,1.28,ok,0.0,ok,30.0,ok,,na,,na,,na,0,ok,0,ok,,na,,na,,na,,na,,na,5.48,0.59,The Battery,,"Clusters of strong thunderstorms developed in a moist unstable airmass ahead of a slow moving cold front.As thunderstorms moved east southeast at speeds averaging 20 MPH, they produced high winds, large hail and torrential rain.Trees were knocked down and a building collapsed at the intersection of Jersey and Front Streets in Port Jervis of Orange County.  In addition to the 1 inch diameter hail report from Stony Point, 3/4  inch diameter hail was also reported in Pomona in Rockland County.  Winds that gusted to 75  MPH downed trees in Ossining in Westchester County.  Serious flooding was reported along the Saw Mill River Parkway in Westchester County and across Southern New York County.  A huge maple tree was downed about 1/2 mile north of the Sayville train station in Suffolk County."
E19960713-2057022,,1996-07-13 08:30:00,1996-07-13 08:30:00,1996,flash-flooding,BK,0,2057022,0,0,ok,0,ok,0,ok,,missing,,missing,77.0,ok,66.9,ok,1.77,ok,0.0,ok,36.0,ok,,na,,na,,na,0,ok,3,ok,,na,,na,,na,,na,,na,5.04,1.63,The Battery,,"As Tropical Storm Bertha moved northeast, passing east of Atlantic City, NJ around 11 am and over  Long Island during the afternoon, it produced torrential rain and strong gusty winds..Torrential rain caused flooding of low lying and poor drainage areas, streams, and rivers across the area.  The heaviest rain fell in a band to the northwest of Bertha's track over the Lower Hudson Valley.Serious widespread flooding was reported along the Brooklyn Queens Expressway in Kings County and along the Long Island Expressway in Nassau County.The Mahwah River at Suffern, NY in Rockland County rose above its' 4 foot flood stage from 11:30 am  EST on July 13th through 10:15 am on July 14th.  The crest stage was 5.75 feet at 1:15 pm on July 13th.  The Saw Mill River in Westchester County also flooded.Here are selected rainfall amounts:For Orange County:  from 3.26 inches at Ridgebury to 4.50 inches at Greenwood Lake.For Rockland County:  from 3.25 inches at West Nyack to 4.65 inches at Pomona.For Westchester County:  3.09 inches was measured at Ossining.For New York City:  from 1.40 inches at LaGuardia Airport  to 1.76 inches at Central Park.For Nassau County:  1.80 inches was measured at Lynbrook and 1.82 inches at Levittown.For Suffolk County:  from 0.76 inches at East Quogue to 1.90 inches at West Islip.No reports were available from Putnam County.The highest wind speeds were along the immediate coast.  Wind gusts measured from the local area airports ranged from 30 MPH at Farmingdale Airport to 44 MPH at LaGuardia Airport.  The highest  wind gusts reported by spotters were in Western Suffolk County, from 49 MPH at West Islip to 74 MPH at Babylon Village.  This narrow band of peak wind gusts was validated by the radar wind velocity data."
E19960731-2057027,,1996-07-31 10:10:00,1996-07-31 11:00:00,1996,flash-flooding,BK;QN;SI,0,2057027,0,0,ok,0,ok,0,ok,,missing,,missing,73.0,ok,64.9,ok,3.51,ok,0.0,ok,25.1,ok,,na,,na,,na,1462110,ok,167,ok,,na,,na,,na,,na,,na,6.07,0.7,The Battery,,"Clusters of thunderstorms developed north of an approaching warm front in a moist unstable airmass.As these thunderstorms moved northeast, they produced torrential rain.   The axis of heaviest rainfall extended from Northeast Middlesex County,  NJ northeast across Central Nassau County.  From 2 to 5 inches of rain fell across this area during 3 hours  from late morning through early afternoon.The hardest hit counties were Richmond, Kings,  Queens, Nassau, and Western Suffolk.At Richmondtown, several houses were damaged in mudslides.Across both Kings and Queens Counties, serious widespread flash flooding of roads occurred and numerous basements were flooded. In Kings County, street and basement flooding occurred on Bay 11th street at Bath Beach.   Water was up to the car doors along parts of the Belt Parkway at Sheepshead Bay.  Additional widespread street and basement flooding occurred at Graves End.In Nassau County, the same events occurred.  Water was up to 2 feet deep in several streets at Long Beach, where several basements flooded.  The Wantagh and Meadowbrook State Parkways were closed near East Meadow as well as Bellmore Ave.  Widespread street flooding was also reported in Wantagh.In Western Suffolk County, widespread street flooding was reported at Melville and West Islip.   Water was up to 3 feet deep along some of the low-lying streets in Melville.In Eastern Suffolk County, water was up to 2 feet deep along several streets in Southampton."
E19960804-2057037,,1996-08-04 16:30:00,1996-08-04 16:30:00,1996,thunderstorm,BX,0,2057037,0,0,ok,0,ok,0,ok,,missing,,missing,82.9,ok,64.9,ok,0.0,ok,0.0,ok,14.1,ok,,na,,na,,na,0,ok,0,ok,,na,,na,,na,,na,,na,,,,,Lightning struck the recreational pier at Tiffany Street in the South Bronx.  It started a fire that melted and destroyed about half the pier.
E19960809-2057034,,1996-08-09 13:00:00,1996-08-09 13:00:00,1996,thunderstorm,SI,0,2057034,0,0,ok,0,ok,0,ok,,missing,,missing,84.9,ok,66.0,ok,0.82,ok,0.0,ok,17.9,ok,,na,,na,,na,0,ok,0,ok,,na,,na,,na,,na,,na,,,,,A line of thunderstorms produced high winds that ripped off roofs from two houses and knocked down large tree limbs in Rosebank.
E19960908-2057039,,1996-09-08 15:00:00,1996-09-08 15:00:00,1996,flash-flooding;thunderstorm,BX;BK;SI,0,2057039,0,0,ok,0,ok,0,ok,,missing,,missing,84.0,ok,64.9,ok,1.23,ok,0.0,ok,42.9,ok,,na,,na,,na,5501,ok,1,ok,,na,,na,,na,,na,,na,5.4,1.02,The Battery,,"Thunderstorms produced torrential rain that caused significant flash flooding of low lying and poor drainage areas, including many streets.  A few thunderstorms produced high winds that knocked down trees in Port Jervis and power lines in Richmond."
E19960916-2057040,,1996-09-16 17:00:00,1996-09-18 19:00:00,1996,heavy-rain,BX;BK;MN;QN;SI,0,2057040,0,0,ok,0,ok,0,ok,,missing,,missing,73.9,ok,54.0,ok,2.57,ok,0.0,ok,34.0,ok,,na,,na,,na,1772,ok,2,ok,,na,,na,,na,,na,,na,,,,,"The remnants of Pacific Hurricane Fausto moved from Mexico northeast and reformed into a large coastal storm off the DelMarVa Coast on Tuesday morning, September 17th.  It moved slowly northeast and passed east of Cape Cod MA during Wednesday afternoon.This storm produced heavy rain, strong gusty winds, and minor to locally moderate coastal flooding.Rainfall amounts ranged from 2 to 4 inches over New York City, Long Island, and the Lower Hudson Valley.  Heavy rain caused street and poor drainage flooding along with significant within bank rises of local area rivers.  Here are selected rainfall amounts:o  For New York City:  from 2.16 inches at JFK Airport to 2.42 inches at Central Park.o  For Long Island:  from 2.94 inches at East Quogue to 4.27 inches at Bridgehampton.o  For the Lower Hudson Valley:  from 2.36 inches at West Nyack to 4.84 inches at Westchester County Airport.Winds that gusted from 40 to 50 MPH during Tuesday, September 17th caused tree limbs and branches to fall.  High winds also caused scattered power outages.Persistent strong east winds during Tuesday, September 17th (from 8 am to 4 pm) caused tides to average 2 to 3 feet above normal.  This caused mainly minor coastal flooding along the western shores of Long Island Sound."
E19961008-2057092,,1996-10-08 11:00:00,1996-10-09 01:00:00,1996,heavy-rain,BX;BK;MN;QN;SI,0,2057092,0,0,ok,0,ok,0,ok,,missing,,missing,69.1,ok,54.0,ok,2.22,ok,0.0,ok,38.0,ok,,na,,na,,na,0,ok,0,ok,,na,,na,,na,,na,,na,,,,,"The remnants of Tropical Storm Josephine moved rapidly northeast, off the Atlantic Coast during Tuesday, October 8th.  It passed east of Long Island just after midnight on October 9th.It produced 1 to 3 inches of rain that caused localized flooding of streets and poor drainage areas across the region.  This low also caused strong gusty winds.Here are selected rainfall amounts for:New York City:  from 1.61 inches at LaGuardia Airport to 2.18 inches at Kennedy Airport.  At Central Park, 1.90 inches was measured.Nassau County:  from 1.37 inches at Levittown to 2.60 inches at Lynbrook.Suffolk County:  from 2.32 inches at the National Weather Service Office in Upton to 2.83 inches at Bridgehampton.Westchester County:  1.94 inches at Westchester County Airport.Rockland County:  from 1.38 inches at West Nyack to 1.52 inches at Suffern.Orange County:  from 0.98 inches at Walden to 1.80 inches at Sterling Forest.Most wind gusts measured at the airports were from 40 to 50 mph.  However, a 58 mph wind gust was measured at Suffolk County Airport in Westhampton Beach."
E19961019-2057096,,1996-10-19 10:00:00,1996-10-19 21:00:00,1996,high-winds,BX;SI,0,2057096,0,0,ok,0,ok,0,ok,,missing,,missing,61.0,ok,46.9,ok,4.35,ok,0.0,ok,44.1,ok,,missing,,missing,,missing,2107776,ok,242,ok,,na,,na,,na,,na,,na,8.32,3.33,The Battery,1146,"On Friday October 18th, a strong low pressure system developed on a cold front over the DelMarVa Peninsula.  With a high pressure system in place across Northern New England, the low intensified as it moved slowly off the Southern New Jersey Coast on Saturday, the 19th.As the difference in pressures increased, strong gusty east winds developed across the region by Saturday morning.  High winds combined with torrential rain to down numerous trees and power lines.  In Nassau County, several trees were downed from high winds in Syosset.  In Staten Island, high winds downed power lines that trapped people in their cars.  In addition, Bayonne Bridge was closed due to high winds.  In the Bronx, high winds ripped off the surface of the roof on Building 13 in Co-op City.High winds that downed trees were directly responsible for 3 deaths:In Babylon (Southwest Suffolk County), a huge tree snapped in the wind and fell diagonally across a street.  The tree fell on and crushed a 12 year old boy.In Southern Westchester County:  In Hasting-On-Hudson, a man died when a tree fell onto his car while driving along Rte. 9.  In Hawthorne, another man died when a tree fell onto his car while driving on the Saw Mill Parkway.Here are selected peak wind gusts for:Northwest Suffolk County:  63 mph at Rocky Point.Southwest Suffolk County:  81 mph at Fire Island.Southeast Suffolk County:  92 mph at the United States Coast Guard Station at Shinnecock."
E19961019-2057105,,1996-10-19 10:00:00,1996-10-19 21:00:00,1996,high-winds,BK;MN;QN,0,2057105,0,0,ok,0,ok,0,ok,,missing,,missing,61.0,ok,46.9,ok,4.35,ok,0.0,ok,44.1,ok,,missing,,missing,,missing,2107776,ok,242,ok,,na,,na,,na,,na,,na,8.32,3.33,The Battery,1146,A Nor'Easter produced strong gusty east winds and heavy rain.  Peak wind gusts from 30 to around 55 mph combined with heavy rain to down numerous trees and power lines across the entire region.Here are selected peak wind gusts for:New York County:  34 mph at Central Park.Queens County:  from 46 mph at LaGuardia Airport to 56 mph at Kennedy Airport.Orange County:  32 mph at Sterling Forest.Rockland County:  45 mph at West Nyack.
E19961019-2057101,,1996-10-19 11:00:00,1996-10-19 17:30:00,1996,coastal-flooding,BX;MN;QN,0,2057101,0,0,ok,0,ok,0,ok,8500000,ok,17018281,ok,61.0,ok,46.9,ok,4.35,ok,0.0,ok,44.1,ok,,missing,,missing,,missing,2107776,ok,242,ok,,na,,na,,na,,na,,na,8.32,3.33,The Battery,1146,"On Friday October 18th, a strong low pressure system developed on a cold front over the DelMarVa Peninsula.  With a high pressure system in place across Northern New England, the low intensified and moved slowly off the Southern New Jersey Coast on Saturday, the 19th.East winds developed across the region during the 18th.  As the difference in pressure systems increased, east winds also increased.  Over the sea, sustained wind speeds reached gale force (34 knots) Friday night and continued through Saturday.  Strong east winds blowing over a long distance caused tides to average 3 to 6 feet above normal.  Tide anomalies were 5.49 feet above normal at Willets Point at 5 pm and 3.62 feet above normal at the Battery at 2:18 pm.  Widespread minor to major coastal flooding and beach erosion resulted during Saturday afternoon and evening high tides.In New York City, several hundred homes were damaged with close to $15 million in damages to public facilities.  The areas hardest hit were in Queens and Bronx Counties:In Queens, 300 homes were damaged in Bayside.In the Bronx, 239 homes were damaged on City Island. Damage included basement and first floor flooding in single and multiple family homes.  Many vehicles were damaged from being submerged in water.  Many public facilities including 10 waste-water treatment plants, hospitals, correctional facilities, schools, parks, and beaches were damaged.In Manhattan, up to 3 feet of water covered streets around the NY Post Building.  Water overflowed the seawall at the Battery and at South Street.In Bayville of Nassau County, up to 3 feet of water covered many streets.  More than 100 homes were damaged and dozens of cars were totally damaged in flood waters.  The hardest hit areas in East Bayville were on and around 5th, 6th, 7th, 1st, and 2nd Streets.  Water flooded the causeway to Centre Island, where major flooding also occurred.  The streets of many south shore communities like the village of Freeport were under up to 3 feet of water and over 1400 homes suffered damage.In Eatons Neck of Northwest Suffolk County, water breached Asharoken Ave., the only road connecting Eatons Neck and Asharoken to Long Island.  The road was closed to traffic about 3:30 pm, a couple of hours before high tide.In Northeast Suffolk County, coastal flooding and serious erosion caused major damage to the Orient Point State Park.  Tides were estimated up to 6 feet above normal.  South Jamesport experienced significant flooding and beach erosion.  Significant flooding occurred across Peconic Bay Blvd. and Peconic Avenue.In Westchester County, mostly minor coastal flooding occurred.  Up to 75 homes received only minor damage.The five boroughs of New York City, Nassau, and Suffolk Counties were declared Presidential Disaster Areas."
E19961019-2057098,,1996-10-19 12:30:00,1996-10-19 23:59:00,1996,flash-flooding,BX;BK;MN;QN;SI,0,2057098,0,0,ok,0,ok,0,ok,5100000,ok,10210968,ok,61.0,ok,46.9,ok,4.35,ok,0.0,ok,44.1,ok,,missing,,missing,,missing,2107776,ok,242,ok,,na,,na,,na,,na,,na,8.32,3.33,The Battery,1146,"On Friday October 18th, a strong low pressure system developed on a cold front over the DelMarVa Peninsula.  With a high pressure system in place across Northern New England, the low slowly intensified and moved slowly off the Southern New Jersey Coast during Saturday October 19th.The increasing difference in pressures caused strong and gusty east winds, which also transported abundant moisture from the Atlantic Ocean across the region.  Heavy flood producing rains along with minor to major coastal flooding occurred.Rain began during the early morning on the 19th and ended shortly after midnight on the 20th.  Three to five inches of rain fell, with isolated higher amounts.Heavy rain caused serious widespread street and poor drainage flooding:  Rte. 218 between Cornwall and Highland Falls (Orange County) was closed due to flooding.  In Westchester County, flooding caused the closures of the Hutchinson River Parkway between Wolfs Lane and East 3rd Street and the Bronx River Parkway between Sprain Brook Parkway and Scarsdale Road.  Serious street flooding was reported on many other roads including South Street (around the South Street Seaport) in Manhattan,  the Belt Parkway in Kings County and the Long Island Expressway along Nassau and Suffolk Counties.Heavy rain also caused river flooding:  The Mahwah River at Suffern was above its' 4 foot  flood stage from 8:30 pm on the 19th through 6:30 pm on the 20th.  Its' crest stage was 5.22 feet at 4:30 am on the 20th. In Queens, while a plane was landing in heavy rain and strong gusty winds, it hit some approach lights on the side of the runway.  After that, the nosegear collapsed and it started to skid and came to a stop at the east end of the airport.  Four of 63 people on Delta Flight 554 suffered minor injuries while they evacuated the plane.  Flushing and Springfield Gardens, two low-lying areas with inadequate drainage systems were particularly hit hard by heavy rains.  Serious flooding of basements and first floors caused damaged to 226 homes in Flushing and 70 homes in Springfield Gardens.  Numerous cars were also damaged in flood waters.Here are selected rainfall amounts for:New York City:  from 3.10 inches at Kennedy Airport to 4.78 inches in Northeast Flushing.  At Central Park, 4.35 inches was measured, which set a new daily record.Orange County:  from 2.07 inches at Walden to 3.52 inches at Port Jervis.Rockland County:  from 2.94 inches at West Nyack to 4.66 inches at Suffern.Westchester County:  from 2.37 inches at Ossining to 4.98 inches at Dobbs Ferry.Nassau County:  from 1.66 inches at Levittown to 4.90 inches at Lynbrook.Suffolk County:  from 2.10 inches at Farmingdale Airport to 5.86 inches at Riverhead."
E19961126-2057106,,1996-11-26 02:00:00,1996-11-26 11:30:00,1996,heavy-rain,BX;BK;MN;QN;SI,0,2057106,0,0,ok,0,ok,0,ok,,missing,,missing,57.9,ok,34.0,ok,1.98,ok,0.0,ok,34.0,ok,,na,,na,,na,0,ok,0,ok,,na,,na,,na,,na,,na,,,,,"A low pressure system over the southcentral United States on Monday, November 25th moved northeast and passed over the local region during Tuesday morning, November 26th.  It caused from 1 to just over 2 inches of rainfall across the area.The heavy rain caused some small stream, street, and poor drainage flooding.At Westchester County Airport in White Plains, 1.78 inches of rain was measured."
E19961201-2057111,,1996-12-01 00:00:00,1996-12-02 08:00:00,1996,heavy-rain,BX;BK;MN;QN;SI,0,2057111,0,0,ok,0,ok,0,ok,,missing,,missing,60.1,ok,35.1,ok,1.99,ok,0.0,ok,40.0,ok,,na,,na,,na,1960,ok,2,ok,,na,,na,,na,,na,,na,,,,,"A low pressure system over the Ohio Valley early Sunday morning on December 1st, intensified as it moved northeast across Eastern Canada during early Monday morning.  A strong cold front that extended southwest from this low, swept across the local region early Monday morning.Thunderstorms formed in the moist unstable airmass ahead of the cold front.  These storms produced  torrential rainfall that caused widespread small stream, street and poor drainage flooding.Occasional rain began across the region during Saturday afternoon, November 30th.Here are selected rainfall event totals for:New York City:  from 1.53 inches at JFK Airport to 2.43 inches at Jamaica Estates.Nassau County:  1.75 inches at Levittown.Suffolk County:  from 0.89 inches at East Quogue to 2.15 inches at Mt. Sinai.Westchester County:  from 1.59 inches at Ossining to 2.06 inches at Westchester County Airport.Orange County:  from 1.25 inches at Walden to 2.48 inches at Sterling Forest."
E19961206-2057114,,1996-12-06 04:00:00,1996-12-06 14:00:00,1996,coastal-flooding,BX;BK;MN;QN;SI,0,2057114,0,0,ok,0,ok,0,ok,,missing,,missing,46.0,ok,34.0,ok,1.24,ok,0.0,ok,42.9,ok,,na,,na,,na,3275,ok,3,ok,,na,,na,,na,,na,,na,7.09,4.03,The Battery,,"A strong low pressure system developed just off the DELMARVA Coast early Friday morning and moved slowly northeast.  It passed south of Long Island during the late morning before moving east of Long Island Friday afternoon.It produced heavy rain, strong gusty winds, and minor tidal flooding along the coast.  The storm also produced wet snow well inland, especially over higher terrain.Rainfall amounts ranged from 1 to 2 inches.  Snowfall amounts ranged from 0.5 inches at Suffern in Rockland County  to 3.0 inches at Mahopac in Putnam County.  Most peak wind gusts ranged from 40 to 54  MPH.  The highest peak gust was 58 MPH at Bridgehampton in Suffolk County.In Northern Westchester County, the combination of wet snow and strong gusty winds caused a tree to fall on a moving vehicle along the Sprain Brook Parkway.  A person was killed when the tree crushed his car.Here are selected rainfall amounts for:New York City:  1.16 inches at JFK Airport and 1.20 inches at Central Park.Nassau County:  1.36 inches at Farmingdale.Suffolk County:  from 1.20 inches at Westhampton to 1.81 inches at West Islip."
E19961207-2057118,,1996-12-07 17:00:00,1996-12-08 08:00:00,1996,coastal-flooding,BX;BK;MN;QN;SI,0,2057118,0,0,ok,0,ok,0,ok,,missing,,missing,46.9,ok,33.1,ok,1.8,ok,0.0,ok,21.9,ok,,na,,na,,na,3275,ok,2,ok,,na,,na,,na,,na,,na,6.31,2.59,The Battery,,"A second coastal storm formed in less than 24 hours off the Mid-Atlantic Coast.  As it moved northeast off the coast, it spread heavy precipitation across the local area.The precipitation began around 6 pm on December 7th in the form of rain along the coast, but was mixed with snow further inland.  Here are selected rainfall amounts for:New York City:  from 1.43 inches at Central Park and LaGuardia Airport to 2.21 inches at Jamaica Estates in Queens.Long Island (Nassau and Suffolk Counties):  from 1.56 inches at Levittown to 2.09 inches at Bridgehampton.Rockland County:  1.08 inches at Suffern.Westchester County:  0.85 inches at Ossining and 1.44 inches at Westchester County Airport.As the low moved east of the area, rain changed to snow everywhere.  Snowfall amounts ranged from a trace in New York City to 1.0 inches at Dix Hills  in Suffolk County to a few inches over the higher terrain across Rockland County."
E19961213-2057122,,1996-12-13 09:00:00,1996-12-13 16:00:00,1996,coastal-flooding,BX;BK;MN;QN;SI,0,2057122,0,0,ok,0,ok,0,ok,,missing,,missing,48.0,ok,39.0,ok,0.09,ok,0.0,ok,29.1,ok,,na,,na,,na,0,ok,0,ok,,na,,na,,na,,na,,na,7.54,2.34,The Battery,,"A low pressure system developed off the Virginia Coast during Friday, December 13th.  It rapidly intensified as it moved slowly east out to sea during Saturday, December 14th.Persistent Northeast Winds averaging 20 to 30 MPH combined with high astronomical tides and tide anomalies of  1 1/2  to 2 1/2 feet above normal caused minor to locally moderate coastal flooding along parts of the coastline.  Tidal flooding was reported in Freeport in Nassau County and also in both Babylon and Lindenhurst in Suffolk County.  It inundated parts of streets in the aforementioned and other areas."
E19961231-2057124,,1996-12-31 14:00:00,1996-12-31 17:00:00,1996,winter-storm,BK;QN,0,2057124,0,0,ok,0,ok,21,ok,,missing,,missing,36.0,ok,14.0,ok,0.02,ok,0.2,ok,25.1,ok,,na,,na,,na,0,ok,0,ok,,na,,na,,na,,na,,na,,,,,"A mixture of light freezing rain, sleet, and snow coated all major highways during the afternoon and evening of December 31st, 1996.  Roads quickly became treacherous.  Numerous accidents occurred.  A six car pile-up resulted in injuries on the Belt Parkway in kings County.  A fifteen car pile-up resulted in injuries on the Grand Central Parkway in Queens.  One fatality occurred in a two-car accident in Dix Hills on Northern State Parkway in Suffolk County at about 6:45 pm.  One driver lost control of her vehicle on icy roads and collided with a van.The timing (New Year's Eve) and type of mixed freezing precipitation proved to be a deadly combination."
E19970110-2067360,,1997-01-10 09:00:00,1997-01-10 11:00:00,1997,coastal-flooding,QN,0,2067360,0,0,ok,0,ok,0,ok,,missing,,missing,39.9,ok,30.0,ok,0.01,ok,0.0,ok,34.0,ok,,na,,na,,na,3705,ok,3,ok,,na,,na,,na,,na,,na,7.46,3.08,The Battery,,"A low pressure system intensified as it moved north along the coast.High astronomical tides combined with brief easterly gales that developed  in advance of the approaching low and caused water to pile-up along sections of the coast during Friday morning's high tide.Tidal flooding  submerged cars under 2 feet of water along Rockaway Blvd. in Brookville.  Moderate tidal flooding was also reported at Howard Beach in Queens.In Nassau County, moderate tidal flooding occurred in Freeport.In Suffolk County, moderate flooding caused some road closures in Southampton."
E19970227-2067364,,1997-02-27 08:00:00,1997-02-27 08:00:00,1997,fog,MN,0,2067364,0,1,ok,0,ok,10,ok,,missing,,missing,73.9,ok,43.0,ok,0.03,ok,0.0,ok,38.9,ok,,na,,na,,na,0,ok,0,ok,,na,,na,,na,,na,,na,,,,,Widespread dense fog along with rain-slicked roads caused a driver to lose control of the school minibus that he or she drove.  The accident occurred on Harlem River Drive at 155th Street around 8 am.  It resulted in 10 injuries and 1 death.
E19970306-2067368,,1997-03-06 07:20:00,1997-03-06 13:19:00,1997,high-winds,BX;BK;MN;QN;SI,0,2067368,0,4,ok,0,ok,8,ok,,missing,,missing,50.0,ok,36.0,ok,0.08,ok,0.0,ok,46.1,ok,,na,,na,,na,0,ok,0,ok,,na,,na,,na,,na,,na,6.17,1.64,The Battery,,"As a large and intense low pressure system moved from Kentucky east-northeast just north of New York City and across Eastern Massachusetts, it caused high winds.  Winds gusted over 60 MPH at many locations.  They knocked down trees and power lines on houses and streets.In Laurelton of Queens, a 75 foot tall maple tree fell on a small school bus carrying 10 children.  Four young girls died and the other six children were injured as the tree crushed the bus.In White Plains (Westchester County), a person was killed when a tree fell on their car.In New York (Manhattan),  one person was injured from flying debris while walking and another person was injured when he or she was hit by a coffee stand that blew down the street.In Dix Hills (Suffolk County), one person was seriously injured when a tree fell on a construction van.Here are selected highest wind gusts for:Queens:  60 MPH at both Kennedy Airport and Jamaica Estates.Kings:  62 MPH at Brooklyn.Long Island:  70 MPH at both Fire Island and Mt. Sinai.Lower Hudson Valley:  74 MPH at Ossining."
E19970331-2067372,,1997-03-31 06:00:00,1997-03-31 23:59:00,1997,coastal-flooding,BX;BK;MN;QN;SI,0,2067372,0,0,ok,0,ok,0,ok,,missing,,missing,55.9,ok,33.1,ok,2.39,ok,1.4,ok,40.9,ok,,na,,na,,na,0,ok,1,ok,,na,,na,,na,,na,,na,5.78,1.95,The Battery,,"An intense low pressure system developed off the DELMARVA Coast during Monday morning.  It moved slowly east-northeast, passing south of Long Island Monday afternoon and southeast of Cape Cod, MA during Tuesday morning, April 1st.Heavy rain developed Monday morning.  As winds increased, it became wind-swept.  Rain gradually mixed with sleet and snow before it changed to wet snow during Monday night.  Although most peak wind gusts ranged from 40 to 50 mph, a 53 mph gust was measured at Kennedy Airport in Queens.Here are selected rainfall amounts for:New York County:  1.39 inches at Central Park.Queens County:  from 1.17 inches at Kennedy Airport to 1.28 inches at LaGuardia Airport.Suffolk County:  from 1.64 inches at the National Weather Service (NWS) Office in Upton to 2.07 inches at Bridgehampton.Here are selected snowfall amounts for:New York City:  from a trace at Central Park to 1.7 inches at Kennedy Airport.Long Island:  from 0.5 inches at Plum Island to 4 inches at the NWS Upton Office.A woman died after being pulled from her car, which had flipped over in the Sheldrake River in New Rochelle."
E19970506-2067379,,1997-05-06 12:30:00,1997-05-06 13:21:00,1997,thunderstorm,BX;MN;QN;SI,0,2067379,0,0,ok,0,ok,1,ok,,missing,,missing,70.0,ok,48.0,ok,0.35,ok,0.0,ok,42.9,ok,,na,,na,,na,0,ok,0,ok,,na,,na,,na,,na,,na,,,,,"A line of severe thunderstorms raced across the area early Tuesday afternoon.  It produced high winds that caused scattered damage in several locations.  The heaviest damage occurred on Staten Island and in Jersey City, NJ.A survey was conducted on Staten Island later Tuesday afternoon.  It was determined that damage was caused by straight line winds.  A roof was blown off a two family house with damage occurring to several trees and a satellite dish.  Eyewitnesses stated that this damage occurred before the rain arrived from the thunderstorm.  A few eyewitnesses reported seeing funnel clouds.  It was determined that the damage was caused by a strong gust front about 10 miles in advance of the line of thunderstorms.  The funnel clouds reported were actually small vortices called ""gustnadoes.""  These vortices sometimes accompany strong gust fronts.Examples of damage include:For Staten Island:  The roof of a car dealership at 1590 Hyland Blvd. partially collapsed and caused damage to some vehicles in the back lot.For the Bronx:  A tree fell onto a house and utility cables at 5932 and 5934 Liebig Street.  The roof, windows, gutters, and sidewalks of both homes were damaged.For Manhattan:  The front support wall of a structure located at 327 West 112th Street collapsed.Two men were struck by lightning while on a roof in Yonkers (Westchester County).In other areas, thunderstorms produced high winds that downed trees and power lines."
E19970622-2067389,,1997-06-22 14:25:00,1997-06-22 14:25:00,1997,thunderstorm,QN,0,2067389,0,0,ok,0,ok,0,ok,,missing,,missing,93.9,ok,66.9,ok,0.13,ok,0.0,ok,32.0,ok,,na,,na,,na,0,ok,0,ok,,na,,na,,na,,na,,na,,,,,"Severe thunderstorms moved southeast over the area.  They caused high winds and frequent lightning.High winds in Queens downed more than 60 trees, which fell on cars, houses, and powerlines.  Three houses along 222nd Street suffered damage together with five cars.  Each car was crushed by fallen trees.  Three other cars were also damaged.High winds also downed trees, some of which fell on cars in Suffolk County.In Suffern, lightning struck the antennas on the roof of a two-family house on Ramapo Ave.  The fire was confined to the attic area and the damage was minimal.In Port Chester, lightning struck the roof of a three story apartment building.  The lightning caused severe damage to the top floor of this building located at 19-21 Parker Street.  It took more than 45 firefighters almost an hour to control the flames.  All of the building's 20 occupants were evacuated and taken to an emergency shelter."
E19970707-2067393,,1997-07-07 17:05:00,1997-07-07 17:15:00,1997,thunderstorm,QN,0,2067393,0,0,ok,0,ok,0,ok,,missing,,missing,86.0,ok,64.0,ok,1.17,ok,0.0,ok,38.0,ok,,na,,na,,na,591722,ok,2,ok,,na,,na,,na,,na,,na,,,,,"Scattered severe thunderstorms produced high winds and heavy rain.High winds downed trees and power lines in Unionville, Goshen, and New Windsor of Orange County and in Carmel of  Putnam County.  Car accidents caused by slippery pavement resulted in 7 injuries near Lake Carmel of Purnam County.High winds also downed a tree that fell on a multi-family house in Springfield Gardens.  Numerous families were displaced from the destroyed house.  Trees and powerlines were also downed in Woodmere."
E19970709-2067395,,1997-07-09 18:02:00,1997-07-09 18:02:00,1997,thunderstorm,SI,0,2067395,0,0,ok,0,ok,0,ok,,missing,,missing,93.9,ok,66.9,ok,1.18,ok,0.0,ok,34.0,ok,,na,,na,,na,0,ok,0,ok,,na,,na,,na,,na,,na,,,,,"A solid line of thunderstorms, some severe, developed in a warm, moist, unstable airmass ahead of a slow moving cold front.Thunderstorms produced high winds and heavy rains.High winds downed wires in Fostertown and trees fell on and downed powerlines in Middletown of Orange County.  A 58 mph peak wind gust was measured at Stewart Airport.Numerous trees fell on powerlines in Lake Carmel and Brewster of Putnam County.  A funnel cloud was also sighted in Putnam County.  Patterson and Putnam Lake were also hit hard.  The school, ""Green Chimneys Children's Services,"" on Putnam Lake Road in Brewster suffered about $30,000 in damages.In Westchester County, a spotter's wind equipment in Ossining measured an 88 mph gust.  Damage was severe as trees were downed and uprooted.  Along the Hudson River, masts were bent and docks were smashed.   High winds caused a tree to fall on and crush a car moving south on the Taconic State Parkway in Yorktown.  The tree crushed the roof and killed the driver.  Torrential rain caused widespread flash flooding of streets and small streams in Scarsdale.In Richmond County, high winds caused trees to fall on powerlines."
E19970715-2067396,,1997-07-15 17:43:00,1997-07-15 19:00:00,1997,thunderstorm;flash-flooding,BX;QN,0,2067396,0,0,ok,0,ok,0,ok,,missing,,missing,100.9,ok,73.0,ok,3.53,ok,0.0,ok,53.0,ok,,na,,na,,na,0,ok,0,ok,,na,,na,,na,,na,,na,,,,,"Clusters of slow moving thunderstorms, some severe, moved slowly east-southeast over the local area.They produced high winds and  torrential rain.In Westchester County, a microburst occurred.  Trees were downed in a circular pattern, about 1/4 mile in diameter around Corley Street.  High winds also caused a tree to fall through a skylight in Pleasantville.In Queens County, several wind gusts above 57 mph was measured at LaGuardia Airport.  The peak gust was 81 mph, recorded at 718pm.  A roof was blown off a house in East Queens at 19-32 43rd Street.  In addition, torrential rain caused widespread flash flooding.  At LaGuardia Airport, 2.44 inches of rain was measured in 1 hour with a total of 3.40 inches in less than 3 hours.  The airport was forced to close due to widespread flooding of its' runways.In Bronx County, high winds downed trees and powerlines at I-95 and Pelham Parkway.  Lightning struck Con Edison Transformers in East Tremont and at the intersection of Pennyfield and Harding Avenues."
E19970718-2067397,,1997-07-18 18:45:00,1997-07-18 19:10:00,1997,thunderstorm,BK;QN;SI,0,2067397,0,2,ok,0,ok,19,ok,,missing,,missing,96.1,ok,68.0,ok,0.49,ok,0.0,ok,51.0,ok,,na,,na,,na,544350,ok,2,ok,,na,,na,,na,,na,,na,,,,,"Two ""waves"" of severe thunderstorms moved southeast across the area:  The first line of thunderstorms moved across Nassau and Western Suffolk Counties during the early afternoon.  The second line of thunderstorms moved over the area during the evening.  For the day, these thunderstorms caused two deaths and 24 injuries.Both lines of severe thunderstorms produced high winds.  In addition, the first line produced large hail.Here are selected wind gusts from Western Suffolk County with the passage of the first line:o  60 mph at both Babylon and Farmingdale Airport.o  58 mph at Bohemia.Significant structural damage (several roofs were blown off businesses) resulted in five injuries in Deer Park.  A NWS Meteorologist investigated this damage and concluded that it was caused by a microburst.  At least 3 roofs were blown off:  the K-Lombardi Repair Shop and 2 businesses on Price Parkway.In addition to the 1 inch diameter hail observed at Babylon, 3/4-inch diameter hail occurred at Deer Park.With the passage of the second line, two male workers were hurled off a scaffold at Aviation High School in Sunnyside Queens.  Two other men that were on the scaffold were injured, as the scaffold collapsed.High winds caused two tents to collapse:  one in Queens causing 16 injuries and one in Brooklyn causing 3 injuries.Lightning struck a two-story facility at 188 Sullivan Place in Brooklyn.  It ignited a significant fire, that caused  1 death and 2 injuries."
E19970724-2067403,,1997-07-24 01:00:00,1997-07-25 11:00:00,1997,heavy-rain,BX;BK;MN;QN;SI,0,2067403,0,0,ok,0,ok,0,ok,,missing,,missing,82.9,ok,57.9,ok,4.95,ok,0.0,ok,31.1,ok,,na,,na,,na,14770,ok,6,ok,,na,,na,,na,,na,,na,,,,,"As a strong warm front moved slowly north toward the area, a long period of heavy rain occurred over the area.  In addition, the area was impacted by the fringe effects from Tropical Storm Danny.  Rain bands circulating around the northwest side of ""Danny"" provided the area with additional significant rainfall overnight.Heavy rainfall (from 3 to 5 inches) in New York City caused flooding of streets and poor drainage areas.  Lighter rainfall amounts elsewhere caused localized flooding of small rivers and streams, streets, and poor drainage areas.  Slippery road conditions resulted in 3 car accidents and 3 injuries in the vicinity of Woodmere in Nassau County.Here are selected total rainfall amounts for:New York City:  from 3.42 inches at Kennedy Airport to 4.63 inches at Central Park.Westchester County:  2.76 inches at Westchester County Airport.Rockland County:  1.53 inches at Suffern.Orange County:  1.51  inches at Sterling Forest.Nassau County:  1.20 inches at Levittown.Suffolk County:  1.32 inches at Rocky Point."
E19970805-2067409,,1997-08-05 17:30:00,1997-08-05 19:00:00,1997,thunderstorm,QN;SI,0,2067409,0,0,ok,0,ok,0,ok,,missing,,missing,81.0,ok,61.0,ok,0.73,ok,0.0,ok,19.9,ok,,na,,na,,na,22352,ok,2,ok,,na,,na,,na,,na,,na,,,,,"Scattered severe thunderstorms moved southeast across the area.  They produced large hail and heavy rain. Two severe thunderstorms produced high winds:  one across Richmond County and one over Queens County.  High winds downed power lines from New Dorp to Oakwood Beach in Richmond County.  In addition, high winds downed trees and power lines in Queens."
E19970816-2067414,,1997-08-16 16:33:00,1997-08-16 17:05:00,1997,thunderstorm,BX;MN;QN,0,2067414,0,1,ok,0,ok,2,ok,,missing,,missing,97.0,ok,72.0,ok,0.18,ok,0.0,ok,46.1,ok,,na,,na,,na,0,ok,0,ok,,na,,na,,na,,na,,na,,,,,"A line of severe thunderstorms moved rapidly east across the area.  Thunderstorms produced high winds that downed numerous trees and powerlines.  In addition to causing property damage, thunderstorms were directly responsible for the cause of 1 death and 6 injuries.In Orange County, high winds downed trees in Warwick and Middletown.  A 63 mph peak wind gust was recorded at Stewart Airport.In Rockland County, high winds downed numerous trees and power lines across the entire county.In Manhattan, a roof blew off and landed on train tracks at the 125th Street Broadway Subway Station.  A 58 mph peak wind gust was measured at Central Park.Across Westchester County, high winds downed numerous trees in Yorktown Heights and across several other locations countywide.In the Bronx, high winds downed a tree that crushed and killed a woman and seriously injured her two children.In Nassau County, high winds overturned a boat in Oyster Bay.  A man and woman fell overboard.  The man was injured, but later rescued.  Unfortunately, the woman was accidently run-over by a power boat and later died.  A 58 mph wind gust was reported in North Massapequa.  High winds downed numerous trees and powerlines in Garden City.Over Suffolk County,  a 60 mph wind gust was reported in North Babylon and a 65 mph gust was reported in Babylon."
E19970820-1045949,,1997-08-20 13:00:00,1997-08-21 05:00:00,1997,heavy-rain,BX;BK;MN;QN;SI,0,1045949,0,0,ok,0,ok,0,ok,,missing,,missing,75.9,ok,60.1,ok,3.12,ok,0.0,ok,25.9,ok,,na,,na,,na,0,ok,1,ok,,na,,na,,na,,na,,na,,,,,"A low pressure system developed over the lower Midwest on Wednesday, August 20th.  As it moved slowly east-northeast, it intensified.  It passed just south of Long Island during Thursday morning.The low produced heavy rain and strong gusty winds.Here are selected rainfall amounts for:New York City:  3.10 inches at Kennedy Airport in Queens and Graves End in Kings County.                             1.21 inches at Central Park in Manhattan.                             1.11 inches at LaGuardia Airport in Queens.                      Nassau County:  3.36 inches at Lynbrook and 2.88 inches at North Massapequa.Suffolk County:  1.63 inches at Islip Airport, 1.56 inches at Bridgehampton, and 1.14 inches at the NWS Upton Office.East to southeast winds averaged 15 to 25 mph with gusts over 30 mph."
E19971101-2071917,,1997-11-01 15:00:00,1997-11-01 15:00:00,1997,high-winds,BX;BK;MN;QN;SI,0,2071917,0,0,ok,0,ok,0,ok,,missing,,missing,64.0,ok,57.9,ok,0.93,ok,0.0,ok,36.9,ok,,na,,na,,na,72272,ok,6,ok,,na,,na,,na,,na,,na,,,,,"A coastal storm developed off the Carolina Coast during Saturday morning, November 1st.  It moved north and passed over the Delaware Coast around 3 pm and over the local area during the evening.The storm brought strong gusty winds and  rain to the area.East winds increased to 20 to 30 mph with gusts from 40 to around 50 mph during the afternoon.  The highest wind gusts were 55 mph at Fire Island and 51 mph at Orient Point (Suffolk County) and 47 mph at JFK Airport (Queens County). Strong gusty winds combined with rain and downed scattered tree limbs, trees, and power lines.  Rainfall amounts ranged from 0.67 inches at LaGuardia Airport  (Queens County) to 1.70 inches at Westhampton (Suffolk County)."
E19971102-2071921,,1997-11-02 07:30:00,1997-11-02 07:30:00,1997,high-winds,QN,0,2071921,0,0,ok,0,ok,0,ok,,missing,,missing,66.0,ok,44.1,ok,1.07,ok,0.0,ok,31.1,ok,,na,,na,,na,72272,ok,6,ok,,na,,na,,na,,na,,na,,,,,A 25 foot boat capsized less than 1 mile east of Breezy Point in Rockaway Inlet (Queens).  The Ambrose Light Tower Bouy reported wind speeds from 20 to 25 knots and areas of fog occurred.  The local USCG Staff rescued 4 fisherman.A small boat capsized near the New Rochelle (Westchester County) coast.  The Ambrose Light Tower Bouy reported wind gusts from 35 to 40 knots associated with a line of heavy showers around the time of the accident.  One man died and one man was seriously injured.
E19971102-2071920,,1997-11-02 14:00:00,1997-11-02 15:00:00,1997,flash-flooding,SI,0,2071920,0,0,ok,0,ok,0,ok,,missing,,missing,66.0,ok,44.1,ok,1.07,ok,0.0,ok,31.1,ok,,na,,na,,na,72272,ok,6,ok,,na,,na,,na,,na,,na,,,,,"A line of heavy showers with thunderstorms produced from 1 to 2 inches of rain in 1 hour. This rainfall was preceded by a 1 to 2 inch rainfall during the past 24 hours.Water rapidly accumulated to a depth up to 4 feet in low-lying and poor drainage areas, stranding many motorists and flooding basements.  Some people had to be rescued by police scuba divers using a rubber raft after the rain submerged half their car on Arthur Kill Road in Greenridge."
E19971104-2071922,,1997-11-04 12:45:00,1997-11-04 12:45:00,1997,hail,BX,0,2071922,0,0,ok,0,ok,0,ok,,missing,,missing,64.9,ok,41.0,ok,0.01,ok,0.0,ok,25.1,ok,,na,,na,,na,0,ok,0,ok,,na,,na,,na,,na,,na,,,,,"A line of scattered thunderstorms developed in a moist unstable airmass ahead of an approaching cold front.In addition to producing hail, these storms also produced gusty winds and locally heavy rain."
E19971107-1050809,,1997-11-07 19:00:00,1997-11-09 17:00:00,1997,heavy-rain,BX;BK;MN;QN;SI,0,1050809,0,0,ok,0,ok,0,ok,,missing,,missing,57.9,ok,45.0,ok,1.69,ok,0.0,ok,38.9,ok,,na,,na,,na,0,ok,0,ok,,na,,na,,na,,na,,na,,,,,"With a strong high pressure system extending from north of New England southwest across the Great Lakes, a low pressure system formed off the Southeast Coast during Thursday, November 6th.  The low slowly intensified as it moved very slowly north off the Mid-Atlantic Coast Friday and Saturday.  It did not pass north of the area until Sunday, November 9th.The heaviest rain fell during Saturday morning and afternoon on November 8th.  Generally 1 to 2 inches of rain fell across the area.  However, specific amounts ranged from 0.66 inches at Bridgehampton (Suffolk County) to 2.65 inches at Montgomery (Orange County). Minor flooding of low-lying poor drainage areas occurred where leafs clogged drains.Northeast gales developed over the coastal waters after 7 am Friday, November 7th and lasted until around 8 am on Saturday, November 8th.  Seas peaked at 12 to 15 feet from 10 am on Friday through 10 am on Saturday.Northeast winds gusted from 30 to 40 mph.  The highest peak gust was 44 mph at LaGuardia Airport on Friday, November 7th and 47 mph on Saturday, November 8th."
E19971114-2071926,,1997-11-14 07:00:00,1997-11-14 11:00:00,1997,coastal-flooding,QN,0,2071926,0,0,ok,0,ok,0,ok,,missing,,missing,39.0,ok,32.0,ok,0.66,ok,0.2,ok,33.1,ok,,na,,na,,na,10195,ok,3,ok,,na,,na,,na,,na,,na,,,,,"With a high pressure system extending from northwest of the Great Lakes east-southeast across Northern New England, a low pressure system developed off the Carolina Coast during Thursday evening on November 13th.  It slowly intensified as it moved northeast, passing south of Long Island during Friday afternoon before moving offshore during Friday evening.Northeast gales developed over the coastal waters around 2:00 am Friday morning and continued until around noon.  Sustained wind speeds reached 38 knots at the Ambrose Light Tower Bouy and 33 knots at Bouy 44025.  Significant wave heights rose sharply to around 11 ft at Ambrose and to around 17 ft at Bouy 44025 at noon Friday.A combination of strong northeast winds, high astronomical tides and high waves caused minor to moderate coastal flooding across the area.  The most significant flooding occurred across the shores of Nassau County.  Up to 2 feet of water was in several streets in Freeport, where some vehicles suffered water damage.  Water not only rose above the bulk head but also came up through the storm drains in Bayville, where several pumps were used to drain a four block area.  Street flooding along with moderate beach erosion was common along the shores."
E19971127-2071928,,1997-11-27 11:00:00,1997-11-27 11:00:00,1997,high-winds,MN,0,2071928,0,0,ok,0,ok,4,ok,,missing,,missing,50.0,ok,39.0,ok,0.0,ok,0.0,ok,44.1,ok,,na,,na,,na,0,ok,0,ok,,na,,na,,na,,na,,na,2.68,-0.57,The Battery,,"Strong and gusty northwest winds developed early Thanksgiving morning (after 2 am).  They developed in response to a low pressure system that intensified rapidly as it moved east of the Maine Coast and a high pressure system building toward the area.Northwest winds that averaged 25 to 35 mph with gusts around 50 mph caused balloon handlers to lose control of the Cat In The Hat Balloon in the Macy's Thanksgiving Day Parade.  The balloon collided with and caused the top of a lightpole to fall on 4 spectators, causing 1 serious and 3 less-serious injuries at 72nd Street and Central Park West.Strong gusty winds also caused scattered tree limbs to fall, downing power lines, and caused scattered power outages throughout the area."
E19971229-2071936,,1997-12-29 23:42:00,1997-12-29 23:42:00,1997,coastal-flooding,BX,0,2071936,0,0,ok,0,ok,0,ok,,missing,,missing,43.0,ok,26.1,ok,1.55,ok,0.0,ok,40.9,ok,,na,,na,,na,9186,ok,3,ok,,na,,na,,na,,na,,na,6.38,3.77,The Battery,,"A low pressure system developed off the Carolina Coast Monday morning, December 29th, while a high pressure system was northeast of the area.  As the low moved north along the coast, it rapidly intensified.  The low moved over New York City (Brooklyn) during the evening and passed over New England on Tuesday, December 30th.The low was preceded by high winds and heavy rain.  High astronomical tides combined with strong east to northeast winds caused moderate coastal flooding in the Bronx.  Water remained trapped in the inland bays and moderate coastal flooding occurred with the morning high tide across the Suffolk County mainland shores.Specifically:o  People in 6 houses at Edgewater (in the Bronx) were evacuated.o  In Mastic Beach, 45 people evacuated their homes in the vicinity of Riviera Drive.o  In Patchogue, about 25 people evacuated their homes.o  In other areas (West Hampton, Bayport, Bellport, and Blue Point), water rose up to about 2 feet in the streets.Widespread minor coastal flooding was reported across all remaining shores of Suffolk and Nassau County during Tuesday morning's high tides."
E19980123-1058345,,1998-01-23 17:30:00,1998-01-24 05:00:00,1998,inland-flooding,BX;BK;MN;QN;SI,0,1058345,0,0,ok,0,ok,0,ok,,missing,,missing,52.0,ok,32.0,ok,2.73,ok,0.2,ok,32.0,ok,,na,,na,,na,2770,ok,2,ok,,na,,na,,na,,na,,na,,,,,"With a weak low pressure system moving east across the Ohio Valley and a strong High sliding slowly southeast over Maine, a strong east wind flow developed across the region early Friday morning, January 23rd.  As the High moved southeast, the low over Ohio weakened as another low formed over the Southeast U.S.  This second low rapidly intensified as it moved northeast, passing over New York City (NYC)  late Friday evening.  With abundant moisture available, heavy precipitation, mainly heavy rain along with strong gusty winds occurred from Friday afternoon through early Saturday morning.Precipitation began in the form of snow flurries from 4 am to 7 am.  It quickly changed to sleet then rain before noon.  As the low moved toward NYC, heavy showers and thunderstorms formed and spread north across the region.  Heavy rainfall from 2 to just over 4 inches resulted in widespread flooding of low-lying and poor drainage areas.Here are selected rainfall amounts:o  For NYC, from 2.62 inches at LaGuardia Airport to 2.88 inches in Brooklyn.  At Central Park, 2.64 inches fell, which set a new daily record.o  For Nassau County, from 2.67 inches at Wantagh-Cedar Creek to 4.06 inches at Mineola.o  For Suffolk County, from 2.85 inches at Middle Island to 4.07 inches at Hauppauge."
E19980204-1058525,,1998-02-04 22:50:00,1998-02-04 22:50:00,1998,high-winds,MN,0,1058525,0,0,ok,0,ok,1,ok,,missing,,missing,43.0,ok,35.1,ok,0.29,ok,0.0,ok,36.0,ok,,na,,na,,na,0,ok,1,ok,,na,,na,,na,,na,,na,5.29,2.99,The Battery,,A Nor'Easter produced strong and gusty northeast winds that caused bricks to blow off a building in the upper-west side of Manhattan.  High winds also downed a large tree that took down power lines in the town of Greenburgh.
E19980205-2075303,,1998-02-05 01:00:00,1998-02-05 05:00:00,1998,coastal-flooding,SI,0,2075303,0,0,ok,0,ok,0,ok,,missing,,missing,39.0,ok,34.0,ok,1.07,ok,0.0,ok,36.9,ok,,na,,na,,na,5564,ok,2,ok,,na,,na,,na,,na,,na,7.21,3.05,The Battery,,"A low pressure system formed in the Gulf Of Mexico during Monday, February 2nd.  As it moved slowly northeast, it developed into a Nor'Easter, which passed off the Mid-Atlantic Coast (south of the region) during Thursday, February 5th.The Nor'Easter caused strong gusty northeast winds, high seas, heavy surf, moderate beach erosion, and minor to moderate coastal flooding for three successive high tides starting with the early morning high tides on February 5th.During the first high tides, water inundated streets, yards, and basements in Oakwood Beach and Crescent Beach in Staten Island.  Water also inundated streets in Mastic Beach (Southeast Suffolk) and in Freeport and Massapequa (Nassau County).Up to 1 foot of water inundated Woodcleft Ave. in Freeport (Nassau)  and in several streets in Babylon (Southwest Suffolk) during the afternoon high tides on February 5th.On February 6th, a state of emergency was declared in Ocean Beach (Southwest Suffolk) as half of the community was under two feet of water.  Seven separate areas on Fire Island also saw significant washovers.  Major beach erosion occurred at Smith Point County Park.  The most significant damage occurred in Southampton, where a $750k home was completely destroyed."
E19980309-2075309,,1998-03-09 01:00:00,1998-03-09 07:00:00,1998,inland-flooding,BX;BK;MN;QN;SI,0,2075309,0,0,ok,0,ok,0,ok,,missing,,missing,61.0,ok,39.9,ok,2.18,ok,0.0,ok,44.1,ok,,na,,na,,na,5256,ok,4,ok,,na,,na,,na,,na,,na,,,,,"Two low pressure systems formed along a front over the Southeast U.S.  One low formed over the Western Gulf of Mexico and another formed off the Southeast U.S. Coast.  As both lows moved north-northeast, they intensified.  A strong moist east wind flow developed ahead of the approaching strong warm front.This system produced widespread heavy rainfall including thunderstorms that caused widespread urban and small stream flooding across the region.  Many low-lying and poor drainage areas, including streets were flooded throughout the area.  For example, significant street flooding occurred on Wellwood Ave. in North Lindenhurst (Nassau County) and on Riverside Ave. in Amityville (Suffolk County).  Rainfall began around noon on March 8th and became heavy producing flooding by the times indicated above.This system also produced strong wind gusts from 40 to 50 mph that in combination with the heavy rain caused some tree limbs to fall along with scattered power outages.Here are selected rainfall amounts:o  For Rockland County, from 1.44 inches at Suffern to 2.38 inches at Nanuet.o  For New York City, from 2.30 inches at Central Park to 2.73 inches at LaGuardia Airport.  For March 9th at Central Park, a new daily rainfall record was set.  The new record is 1.82 inches and the old record was 1.70 inches (1983).o  For Nassau County, from 2.62 inches at Levitown to 3.04 inches at Sea Cliff.o  For Suffolk County, from 3.21 inches at Bridgehampton  to 4.49 inches at the NWS Office at Upton."
E19980409-2075378,,1998-04-09 20:45:00,1998-04-09 20:45:00,1998,thunderstorm,MN;SI,0,2075378,0,1,ok,0,ok,0,ok,,missing,,missing,51.1,ok,37.0,ok,1.86,ok,0.0,ok,38.9,ok,,na,,na,,na,0,ok,0,ok,,na,,na,,na,,na,,na,,,,,"As a low pressure system developed rapidly off the Virginia Coast and moved northeast, it produced heavy rain and scattered thunderstorms.  High winds associated with thunderstorms downed trees and electrical cables in Grymes Hills, Midland Beach and South Beach in Staten Island.  They also caused a brick facade to blow off from a building in Lower Manhattan.  Unfortunately, the bricks fell on a woman passing in front of the building and killed her.  Peak wind gusts of 51 mph were measured at both Central Park and LaGuardia Airport.  Rainfall amounts generally ranged from 1 1/2 to 2 1/2 inches."
E19980509-2081606,,1998-05-09 01:00:00,1998-05-10 22:30:00,1998,heavy-rain,BX;BK;MN;QN;SI,0,2081606,0,0,ok,0,ok,0,ok,,missing,,missing,62.1,ok,52.0,ok,3.36,ok,0.0,ok,31.1,ok,,na,,na,,na,4083,ok,3,ok,,na,,na,,na,,na,,na,,,,,"A slow moving storm moved south and east of the Mid-Atlantic Coast from Friday, May 8th through Monday, May 11th.Measurable rain developed across the region during Friday, May 8th.  Rain was occasionally heavy during both Saturday, May 9th and Sunday, May 10th and ended on Monday, May 11th.Heavy rain caused urban flooding of streets, poor drainage and low-lying areas.  Rainfall amounts generally ranged from 2 .50 to 5.50 inches.  Here are selected rainfall amounts for:o  New York City - from 3.22 inches at JFK Airport to 4.22 inches at Central Park.o  Long Island - from 4.22 inches at the NWS Office in Upton to 5.31 inches at Mt. Sinai in Suffolk County.o  Orange County - 3.79 inches was reported at Sterling Forest.o  Rockland County - 2.92 inches was reported at Suffern.o  Westchester County - 3.20 inches was reported at White Plains.Additionally, mostly minor coastal flooding was reported along the south shore of Long Island during high tides from Saturday, May 9th through Monday, May 11th.  Up to 8 inches of water inundated Woodcleft Ave. in Freeport (Nassau County) and several streets along the Fire Island Pines."
E19980520-1065436,,1998-05-20 17:30:00,1998-05-20 17:30:00,1998,hail,MN,0,1065436,0,0,ok,0,ok,0,ok,,missing,,missing,79.0,ok,57.0,ok,0.07,ok,0.0,ok,16.1,ok,,na,,na,,na,15577,ok,1,ok,,na,,na,,na,,na,,na,,,,,"Severe thunderstorms formed in a warm, moist, and unstable airmass ahead of an approaching cold front.  They produced damaging hail up to 1.75-inches in diameter in Cold Springs, on Canal Street in New York City, and in Franklin Square.  Other thunderstorms produced hail less than 0.75-inch in diameter in Kings County (Brooklyn) and in Wheatly Heights (Suffolk County).  In addition, thunderstorms caused localized street and poor drainage flooding in lower Manhattan."
E19980612-2082399,,1998-06-12 21:00:00,1998-06-14 18:00:00,1998,heavy-rain,BX;BK;MN;QN;SI,0,2082399,0,0,ok,0,ok,0,ok,,missing,,missing,73.9,ok,60.1,ok,3.64,ok,0.0,ok,23.9,ok,,na,,na,,na,596591,ok,7,ok,,na,,na,,na,,na,,na,,,,,"A low pressure system over the Great Lakes on Saturday, June 13th moved southeast and redeveloped just south of New York City Sunday morning, June 14th.  It then moved east of the area during Sunday.Rain began across the area at the start of midnight on Friday, June 12th and didn't end until just before midnight on Monday.  There were two to three bursts of heavy rain during this 3 day period, which saw rainfall amounts from 2 to just over 7 inches across the region.  On Saturday, one of these heavy rain bursts, which was associated with a line of thunderstorms, caused widespread flash flooding of streets, low-lying and poor drainage areas, and basements across the region (except for Rockland County).Here are selected rainfall amounts for:o  New York City - from 2.12 inches at LaGuardia Airport to 3.45 inches at Kennedy Airport.  At Central Park, 2.91 inches of rain fell.o  Nassau County - a spotter measured 4.40 inches at Syosset.o  Suffolk County - from 2.85 inches at Bridgehampton to 7.02 inches at Medford.  A spotter in Shoreham reported 7.00 inches.o  Rockland County - from 1.24 inches at Nanuet to 3.69 inches at Tappan.o  Westchester County - At White Plains, 3.10 inches was measured."
E19980613-2082396,,1998-06-13 10:45:00,1998-06-13 11:20:00,1998,flash-flooding,BX;BK;MN;SI,0,2082396,0,0,ok,0,ok,0,ok,,missing,,missing,73.0,ok,62.1,ok,1.57,ok,0.0,ok,23.9,ok,,na,,na,,na,596591,ok,7,ok,,na,,na,,na,,na,,na,5.24,0.99,The Battery,,"Preceded by a steady light to occasionally moderate rainfall, a line of thunderstorms developed and moved east over the area.  Thunderstorms produced torrential flash flooding rains and frequent lightning.Torrential rains resulted in widespread serious flooding of streets, poor drainage and low-lying areas, home basements, and small streams.  Lightning struck many homes and ignited fires that damaged them.In Suffolk County,  rivers of moving water formed rapidly on streets.  In Lindenhurst, waves were actually visible on Sunrise Highway.  Up to 3 feet of water also inundated streets in Babylon on Sunrise Highway.    In Mastic, water rapidly flowed from Montauk highway into a residential area and flooded basements and first floors of houses.  In Westchester County, small streams overflowed their banks and caused serious street flooding from Scarsdale to Mamaroneck.In Nassau County, lightning:o  Hit a drain pipe, igniting the vinyl siding behind the pipe at 961 Crestview Ave. in North Woodmere.  Another house was struck by lightning on Hook Street in North Woodmere.o  Struck an air conditioning unit in the roof above the front door of the extended wood home at 1725 Huntley Place in Hewlett.  The resulting flames spread throughout the home and seriously damaged all 7 rooms.o  Struck the slate roof of a residence at 98 Oxford Road in Lawrence.  Lightning caused a major fire in the attic, which devastated most of the home.o  Struck two houses in Long Beach.  One stroke knocked off a chunk of stucco and another hit the peak of the roof.  o  Hit several houses and caused significant damage in the Point-Lookout-Lido area.  At one house, the chimney was hit and it just exploded.o  Hit a house in Great Neck.In Suffolk County, lightning struck the television antenna and travelled to the attic where it ignited a fire at Zophar Mills Road in Wading River."
E19980630-2082409,,1998-06-30 19:02:00,1998-06-30 19:20:00,1998,thunderstorm;hail,BX;QN;SI,0,2082409,0,0,ok,0,ok,3,ok,,missing,,missing,84.9,ok,64.9,ok,1.6,ok,0.0,ok,42.9,ok,,na,,na,,na,0,ok,0,ok,,na,,na,,na,,na,,na,,,,,"On June 30th, two ""waves"" of severe weather occurred:  the first during the morning and the second during the evening.The first wave included an isolated severe thunderstorm that spawned two weak tornadoes, large hail, and damaging winds as it moved across Central Suffolk County.The first tornado (F1)  touched down along Lake Shore Road, south of Portion Road in Lake Ronkonkoma.  It downed several large trees and power lines.  Trees were blown into houses and caused structural damage.  This tornado then lifted and funnel clouds were observed before another touchdown (F0) occurred on the campus of Suffolk Community College in Selden.  Numerous trees were uprooted and fell on cars and wires on the campus.  More tree damage occurred along Middle Country Road and Mooney Pond Road in Selden.The first wave also included a line of thunderstorms that moved east across Orange County.  Thunderstorms produced high winds that downed trees in Goshen and Chester.  A funnel cloud was also observed between Goshen and Chester.The second wave included lines of severe thunderstorms that produced high winds, large hail, and frequent lightning.  This resulted in widespread damage across the region.In Orange County, high winds downed many trees and power lines.  Significant damage to trees and houses occurred in Monroe and Newburgh.  High winds also blew a trailer upside down on Bark Lane, off Big Island Road in Florida.  Four people were injured and required medical treatment at Arden Hill Hospital.  Lightning struck a house in Pine Bush, which ignited a fire and caused structural damage.In Rockland County, high winds downed power lines in New City and trees in Hillcrest and Stony Point.  A tree fell into a hospital in Stony Point.In Westchester County, high winds downed trees in Peekskill and Yorktown.In Bronx County, hail damaged windows.In Queens County, high winds downed tree limbs that struck and injured 3 girls.  One girl was seriously injured and required surgery.In Nassau County, 0.88-inch diameter hail fell in Jericho and 0.75-inch diameter hail fell in Oyster Bay.  High winds downed trees and power lines.  In Syosset, high winds blew off a roof from a house.In Suffolk County, an F1 tornado was confirmed in Mt. Sinai.  The damage path extended from 114 Hickory Street to the corner of Marcy Drive and Westcliff Drive,  then down Marcy Drive and across Chestnut Street.  Several large trees were uprooted and damage to house shingles and roofs occurred along the path.  Elsewhere in Suffolk County, high winds downed trees and power lines."
E19980817-2083240,,1998-08-17 14:00:00,1998-08-17 14:10:00,1998,flash-flooding,BX;MN;QN;SI,0,2083240,0,0,ok,0,ok,0,ok,,missing,,missing,84.9,ok,73.0,ok,3.54,ok,0.0,ok,17.9,ok,,na,,na,,na,0,ok,2,ok,,na,,na,,na,,na,,na,5.06,0.3,The Battery,,"As thunderstorms moved over the same area, they produced heavy rain for long periods of time.The heaviest rain, which fell in a band from Northern Richmond County northeast across New York County and extreme Southern Westchester County, caused widespread flooding of streets (such as the Hutchinson River Parkway in Westchester and Bronx Counties and FDR Drive in New York County),  low-lying, and poor drainage areas.Rain fell at rates up to around 2 inches per hour.  At LaGuardia Airport, 3.54 inches of rain fell and at Central Park, 2.38 inches was measured."
E19980824-2083245,,1998-08-24 16:00:00,1998-08-24 16:00:00,1998,coastal-hazard,QN,0,2083245,0,1,ok,0,ok,0,ok,,missing,,missing,93.0,ok,73.9,ok,0.0,ok,0.0,ok,29.1,ok,,na,,na,,na,0,ok,0,ok,,na,,na,,na,,na,,na,5.09,0.15,The Battery,,A 42 year old man died in heavy surf caused by distant Hurricane Bonnie off Rockaway Beach in Queens.
E19980907-2149216,,1998-09-07 13:17:00,1998-09-07 13:51:00,1998,thunderstorm;hail,BX;BK;MN;QN;SI,0,2149216,0,1,ok,0,ok,5,ok,,missing,,missing,91.0,ok,64.9,ok,2.37,ok,0.0,ok,51.0,ok,,na,,na,,na,1414,ok,14,ok,,na,,na,,na,,na,,na,,,,,"An intense line of severe thunderstorms oriented from north to south developed during Labor Day afternoon ahead of a strong approaching cold front.  As the storms moved east at 40 to 50 mph, they produced high winds, large hail, and an isolated tornado.  Wind gusts from 60 to 80 mph downed many trees and power lines throughout the area.  The cost estimates of damage included above are preliminary figures submitted by the Nassau County Office of Emergency Management.In Richmond County, the following peak wind gusts were reported:  80 mph at Great Kills, the Verranzano Bridge, and in Richmond.  High winds downed trees and caused a building to collapse in Richmond.  One tree fell on and injured a man in Richmond.In New York County (Manhattan), high winds caused a building to collapse.In the Bronx, high winds downed a tree that fell on 3 people resulting in 1 death and 2 injuries in the courtyard of the Edenwald Houses at 1135 East 229th Street.In Kings County (Brooklyn), high winds downed and uprooted several large trees.  One tree fell on and injured a person at East 229th Street.  Five to 6-foot diameter trees were uprooted east of Coney Island in the Gerritsen Beach Section, where 3 funnel clouds were also sighted and a firefighter was injured from large hail.  Large trees also fell on and damaged cars in Bensonhurst.In Queens County, a peak wind gust of 62 mph was measured at both LaGuardia Airport and at JFK Airport.In Nassau County, the following peak wind gusts were reported:  75 mph in Farmingdale, 60 mph in Port Washington and Mineola and 58 mph at Farmingdale Republic Airport.  High winds downed large tree limbs at Rockville Center, Baldwin, and Oceanside and downed trees in Long Beach, Massapequa, and Valley Stream.  One-inch diameter hail dented cars and covered the ground in Farmingdale.In Suffolk County, high winds overturned many boats in the Great South Bay, downed large trees in West Babylon and Rocky Point and downed large tree limbs in Wading River.  One person died when a thunderstorm wind gust capsized a 19 foot sail boat in Great South Bay near Copiague.  A Centerport woman, 36, and her daughter, 3, were injured when a tree fell on them in the parking lot of the Ground Round Restaurant and CVS on Fort Salonga Road.   The following peak wind gusts were reported:  72 mph in Babylon and 65 mph in Fire Island."
E19990103-1502938,,1999-01-03 10:55:00,1999-01-03 13:18:00,1999,heavy-rain;inland-flooding;flash-flooding,BX;BK;MN;QN;SI,0,1502938,0,0,ok,0,ok,0,ok,500000,ok,944184,ok,53.1,ok,24.1,ok,3.78,ok,0.0,ok,36.0,ok,,na,,na,,na,408381,ok,52,ok,,na,,na,,na,,na,,na,7.39,2.39,The Battery,,"With cold air in place along the surface, as a strong low pressure system moved northeast across the Great Lakes, a second low formed over the Mid-Atlantic States and moved northeast across Long Island during Sunday afternoon, January 3rd.A light intermittent mix of sleet and freezing rain began just after midnight on Sunday. As an icy coating developed on road surfaces below freezing, some significant traffic accidents occurred across the region from midnight through 3 am.However, as southeast winds increased, gusting from 45 to 50 mph, surface temperatures quickly rose above freezing from the immediate coast west during the night.  An intense narrow band of torrential rain developed within a large area of steady rain.  Rain fell on a frozen ground surface at rates as high as 3 inches per hour. This resulted in rapid runoff that caused widespread serious flooding of low-lying and poor drainage areas mainly from Kings County east across Central Suffolk County.  Life-threatening flash flooding occurred in a 30 block area of Springfield Gardens (Queens) where people required rescue from their flooded basement apartments.  Water rose to within 6 inches of the ceilings in several apartments.  Many locations along the Belt and Southern State Parkways, the Long Island Expressway, and Northern State Parkway were closed due to serious flooding.Here are selected rainfall amounts across the region:o  In Nassau County, from 3.69 inches at Sea Cliff to 5.02 inches at Merrick.o  In Western and Central Suffolk County, from 2.86 inches at Sayville to 4.51 inches at Farmingdale.o  In Queens County, from 2.53 inches at LaGuardia Airport to 3.78 inches at Kennedy Airport.o  In Manhattan, a new daily record of 2.42 inches was measured at Central Park.o  In Westchester County, from 1.67 inches at Yorktown Heights to 2.84 inches at White Plains.o  In Eastern Suffolk County, from 1.08 inches at Montauk to 2.38 inches at Westhampton.o  In Rockland County, 2.23 inches was measured in Suffern.  Rainfall rates of 2.44 inches per hour was    measured at the Clarkstown North HS Weather Station in New City and 2.28 inches per hour at the    Felix Festa MS Weather Station in West Nyack.Strong gusty winds combined with heavy rain caused scattered power outages as tree limbs fell mainly from Nassau County east across Central Suffolk County."
E19990115-1502823,,1999-01-15 09:15:00,1999-01-15 09:15:00,1999,flash-flooding,SI,0,1502823,0,0,ok,0,ok,0,ok,,missing,,missing,46.9,ok,21.9,ok,1.18,ok,0.0,ok,29.1,ok,,na,,na,,na,632,ok,2,ok,,na,,na,,na,,na,,na,6.17,1.72,The Battery,,"As heavy rain fell on a frozen ground surface with partially clogged storm drains, widespread flash flooding of low-lying and poor drainage areas occurred across the region.In Suffolk County,  up to 3 feet of water collected on low-lying roads from Lindenhurst to Bay Shore.In Nassau County, a portion of Valley Stream Blvd. north of Village Green was washed away.In Staten Island, up to 2 feet of water collected in many streets in South Beach.Rainfall amounts ranged from 1.16 inches at Westhampton to 1.74 inches at Farmingdale."
E19990118-1502940,,1999-01-18 15:15:00,1999-01-18 18:00:00,1999,thunderstorm,QN;SI,0,1502940,0,0,ok,0,ok,1,ok,,missing,,missing,57.0,ok,34.0,ok,0.97,ok,0.0,ok,44.1,ok,,na,,na,,na,480,ok,2,ok,,na,,na,,na,,na,,na,,,,,"Thunderstorms and heavy showers occurred ahead of an approaching cold front.In Oakwood, lightning struck the chimney of a house that ignited a fire.  Damage occurred to the chimney, kitchen, and living room.Thunderstorms produced a brief period of high winds and torrential rain across the region.In Queens, high winds caused a tree to fall on a car that injured a woman.In Bridgehampton, the National Weather Service confirmed that a strong microburst occurred near the intersection of Mecox Road and Horsemill Lane.  This microburst exploded a greenhouse and scattered the debris about 200 yards to the north.  In addition, a large tree, totally leafless, was uprooted right near the Greenhouse and several large trees and limbs were blown over in the immediate vicinity all falling in the same direction.  Elsewhere in Suffolk County, many trees were downed from Sayville east through Riverhead.A brief period of torrential rain caused minor flooding of low-lying and poor drainage areas, especially streets."
E19990318-2408178,,1999-03-18 13:15:00,1999-03-18 13:15:00,1999,high-winds,MN,0,2408178,0,0,ok,0,ok,3,ok,,missing,,missing,71.1,ok,39.9,ok,0.0,ok,0.0,ok,38.9,ok,,na,,na,,na,0,ok,0,ok,,na,,na,,na,,na,,na,5.79,0.61,The Battery,,Northwest winds gusted from 40 to 47 mph behind a strong cold front.  These winds caused a 15-foot metal rod to tumble 22 stories from the top of 1 Times Square that injured 3 women.
E19990704-2408194,,1999-07-04 15:30:00,1999-07-06 16:30:00,1999,extreme-heat,BX;BK;MN;QN;SI,0,2408194,0,31,ok,0,ok,0,ok,,missing,,missing,102.9,ok,75.9,ok,0.0,ok,0.0,ok,33.1,ok,,na,,na,,na,1541,ok,1,ok,,na,,na,,na,,na,,na,,,,,"An extremely hot and humid airmass covered the region from July 4th through July 6th.On Sunday July 4th, temperatures soared into the mid and upper 90s.  The combination of high temperatures and moderate humidity caused most heat indices to range from 100 to 105 degrees.  However, at Central Park, the Heat Index peaked at 110 degrees around 4 pm.On Monday July 5th, many new maximum temperature records were set.  At Islip McArthur Airport, the temperature reached 102 degrees, which set an all-time record high.  At Central Park, the temperature reached 101 degrees, which set a record high for July 5th.  High temperatures ranged from 96 degrees at Montauk Point to 102 degrees at Islip, Farmingdale, and JFK Airport.  Heat indices peaked from 110 to 115 degrees.  ""Rolling"" electrical blackouts occurred across the Metropolitan Region.On July 6th, new record high temperatures were set again.  At Central Park, the temperature reached 101 degrees for the second consecutive day, which set another new record.  At LaGuardia Airport, the temperature reached 101 degrees, which was the second consecutive day the temperature reached at least 100 degrees.  Heat indices peaked around 110 degrees.  Widespread blackouts occurred across the Metro area, including Westchester County's sound shore from Pelham Manor to Port Chester.This heat wave was directly responsible for killing 33 people in the NY Metro area:o  14 from Brooklyn (Kings County)o  13 from Manhattan (New York County)o    3 from Queens Countyo    2 from Pelham (Southern Westchester County).o    1 from Bronx County."
E19990724-2408895,,1999-07-24 17:10:00,1999-07-24 17:10:00,1999,thunderstorm,SI,0,2408895,0,0,ok,0,ok,0,ok,,missing,,missing,98.1,ok,73.0,ok,0.0,ok,0.0,ok,21.9,ok,,na,,na,,na,0,ok,0,ok,,na,,na,,na,,na,,na,,,,,"As a severe thunderstorm moved east across Richmond County, it produced high winds that uprooted trees in Richmond."
E19990805-2413584,,1999-08-05 13:45:00,1999-08-05 15:00:00,1999,thunderstorm;hail,BK;QN;SI,0,2413584,0,0,ok,0,ok,0,ok,,missing,,missing,90.0,ok,66.0,ok,0.64,ok,0.0,ok,31.1,ok,,na,,na,,na,1443,ok,1,ok,,na,,na,,na,,na,,na,,,,,"As scattered severe thunderstorms moved east-southeast across the region, they produced high winds that downed trees and power lines and produced hail at least 3/4-inch in diameter.The most significant damage occurred in Oyster Bay and Medford.  Several 3 to 4 foot diameter trees were downed in Oyster Bay.  A wind gust to 67 mph in Medford downed several large tree limbs and power lines and also caused a tent to collapse."
E19990811-2412802,,1999-08-11 15:59:00,1999-08-11 15:59:00,1999,hail,SI,0,2412802,0,0,ok,0,ok,0,ok,,missing,,missing,84.9,ok,69.1,ok,0.4,ok,0.0,ok,28.0,ok,,na,,na,,na,0,ok,0,ok,,na,,na,,na,,na,,na,,,,,"As a thunderstorm moved south-southeast across Eastern Rockland County, it ""pulsed"" and caused high winds that downed trees and power lines in Stony Point and Congers.As a thunderstorm moved southeast across Northern Richmond County, it ""pulsed"" and produced 1 inch diameter hail."
E19990813-2413586,,1999-08-13 14:25:00,1999-08-13 14:25:00,1999,thunderstorm,SI,0,2413586,0,0,ok,0,ok,0,ok,,missing,,missing,89.1,ok,73.0,ok,0.19,ok,0.0,ok,28.0,ok,,na,,na,,na,0,ok,0,ok,,na,,na,,na,,na,,na,,,,,"As a severe thunderstorm moved northeast, it produced high winds that downed trees across parts of Southern Richmond County."
E19990826-2412807,,1999-08-26 06:30:00,1999-08-26 08:30:00,1999,flash-flooding;inland-flooding,BX;MN;QN,0,2412807,0,0,ok,0,ok,0,ok,,missing,,missing,82.0,ok,69.1,ok,2.58,ok,0.0,ok,21.9,ok,,na,,na,,na,382311,ok,14,ok,,na,,na,,na,,na,,na,5.42,0.43,The Battery,,"Widespread rain developed just north of a warm front that remained nearly stationary just south of the area.  Scattered thunderstorms produced torrential rain that caused significant and serious urban flash flooding across New York, Bronx, and Southern Westchester Counties.  Less serious flooding occurred across Northwest Queens and Rockland Counties.  Flash flooding crippled mass transit at the height of the morning rush hour in the New York Metro area.During the afternoon, torrential rain caused urban flash flooding across parts of Western and Central Suffolk County.  Around 2 feet of water covered Main Street in Northport and up to 4 feet of water flooded many roads across Central Suffolk County , mainly in a band from Shirley north across Manorville to Wading River, where the heaviest rain fell.In New York County, parts of many roads such as FDR Drive, Harlem River Drive,Henry Hudson Parkway, 12th Ave. and West Side Highway were forced to close.  Subway service was severely disrupted as 3 to 5 feet of water collected at subway station locations.  Fifty-two inches of water was measured at the 6 line station at Cypress Ave.  A 10 to 20 foot section of the northbound platform on the 6 line at 28th street crumbled and washed away.In Bronx County, in addition to many road closures, the Metro-North Railroad system was forced to close in Mott Haven, South Bronx, which went under water.  Ten trains carrying thousands of passengers were stranded.In Southern Westchester County, parts of many roads such as Bronx River Parkway, Hutchinson River Parkway, and Saw Mill River Parkway were forced to close. Here are selected rainfall amounts for:Queens County:  2.64 inches of rain was measured at LaGuardia Airport.  Some less serious flooding of roads and subway stations occurred across parts of Northwest Queens.Westchester County:  2.30 inches was measured at White Plains.Rockland County:  from 3.16 inches at Nanuet to 3.31 inches at New City.Suffolk County:  6.10 inches at Manorville, 4.03 inches at South Setauket, 3.76 inches at the NWS Office in Upton and 3.48 inches in Riverhead."
E19990916-2414117,,1999-09-16 11:08:00,1999-09-16 19:00:00,1999,flash-flooding,BX;BK;MN;QN;SI,0,2414117,0,0,ok,0,ok,0,ok,,missing,,missing,75.9,ok,57.9,ok,6.22,ok,0.0,ok,44.1,ok,,na,,na,,na,96579,ok,42,ok,,na,,na,,na,,na,,na,6.25,3.59,The Battery,,"Torrential record rainfall, which caused serious widespread urban, small stream, and river flooding, preceded the remnants of Hurricane Floyd, which passed over Western Suffolk County of Long Island from 7 pm to 9 pm on September 16th.Death:  In Rockland County, a 53-year old man died around midnight on the 17th when he was swept into the Pearl River while walking in Orangetown.Property Damage:  Orange, Putnam, Rockland, and Westchester Counties were declared disaster areas.  For these 4 counties, the initial cost estimates were $14.6 million dollars.  These figures represents ""eligible"" costs for disaster payments, and were provided by the New York State Emergency Management Office.  They represent a ""fraction"" of the costs that were actually incurred.Urban Flooding:  Serious widespread flooding of low-lying and poor drainage areas resulted in the closure of many roads and basement flooding across the entire region.Stream and River Flooding:In Rockland County, the Mahwah River at Suffern was above its' flood stage of 4 ft. from 1:30 pm on the 16th until 3 am on the 18th.  The crest stage was about 9.7 feet.In Westchester and Bronx Counties, the Saw Mill and Bronx Rivers overflowed their banks and caused serious widespread urban flooding.Rainfall Amounts:  The axis of heaviest rain was oriented from southwest to northeast and extended from Central NJ northeast across the Lower Hudson Valley of Southeast NY and Southwest CT.  Maximum rainfall rates from 1 to around 2 inches per hour lasted for at least 3 consecutive hours across parts of  the Lower Hudson Valley from 2 pm until 6 pm on the 16th.Here are selected rainfall amounts for:Putnam County:  from 11.73 inches at the George Fischer M.S. Weather Station in Carmel to 13.70 inches at Brewster. Rockland County:  from 7.85 inches at Pomona to 10.17 inches at Congers.Westchester County:  from 5.03 inches at Tuckahoe to 12.55 inches at Granite Springs.  At Westchester County Airport, 6.26 inches was measured.Orange County:  from 4.46 inches at Middletown to 8.25 inches at West Point.Bronx County:  7.51 inches was measured by the Fordham Prep School Weather Station.New York (Manhattan) County:  from 4.06 inches at the Saint Rose of Lima Weather Station to 5.02 inches at Central Park.Richmond (Staten Island:) County:  No reports were available.Kings (Brooklyn) County:  from 3.83 inches at Graves End to 5.53 inches at the Bishop Kearney H.S. Weather Station.Queens County:  from 3.27 inches at JFK Airport to 4.94 inches at LaGuardia Airport.Nassau County:  from 3.67 inches at Wantagh to 4.12 inches at Mineola.Suffolk County:  from 2.67 inches at Bridgehampton to 4.88 inches at Sea Cliff.Winds:  Strong and gusty winds combined with torrential rain downed many trees, tree limbs, and power lines across the area.  Significant power outages resulted.  Most wind gusts were from 50 to 60 mph from around 1:30 pm on the 16th to around 2 am on the 17th."
E20000117-1090039,,2000-01-17 02:00:00,2000-01-18 10:00:00,2000,extreme-cold,BX;BK;MN;QN;SI,0,1090039,0,3,ok,0,ok,0,ok,,missing,,missing,23.0,ok,3.0,ok,0.0,ok,0.0,ok,40.0,ok,,na,,na,,na,0,ok,1,ok,,na,,na,,na,,na,,na,,,,,"An arctic cold front swept across the region during Sunday afternoon, January 16th.  Strong and gusty northwest winds combined with well below normal temperatures and produced extremely low wind chill values mainly from midnight to 10 am on January 17th and from 1 am to noon on January 18th.On January 17th, wind speeds from 15 to 20 mph combined with temperatures from 5 to 10 degrees above 0, produced wind chill values from 15 to around 20 degrees below 0 in New York City and from 20 to 30 degrees below 0 across the Lower Hudson Valley.On January 18th, wind speeds averaging 15 mph combined with temperatures from 0 to 5 above zero, produced wind chill values from 20 degrees below 0 at Central Park to 30 degrees below 0 at LaGuardia Airport.  Wind chills across the Lower Hudson Valley were 30 to 35 degrees below 0.All 3 people in New York City died from exposure to extremely low wind chill values and extremely cold temperatures, as follows:o	A homeless man from Sheepshead Bay in Brooklyn was found dead outdoors. o	A homeless man from Queens was found dead in a car.o	A woman was found dead on the roof of a hospital.	She wandered outdoors and was found near a door which led to the roof."
E20000121-2414736,,2000-01-21 14:00:00,2000-01-21 20:00:00,2000,extreme-cold,BX;BK;MN;QN;SI,0,2414736,0,0,ok,0,ok,0,ok,,missing,,missing,26.1,ok,9.0,ok,0.0,ok,0.0,ok,38.9,ok,,na,,na,,na,0,ok,0,ok,,na,,na,,na,,na,,na,,,,,"The combination of a quickly intensifying low pressure system off the New England Coast and a strong high pressure system west of the Great Lakes caused strong and gusty northwest winds.  Northwest winds averaged 25 to 35 mph with gusts from 38 mph at Montgomery Airport in Orange County to 52 mph at LaGuardia Airport from around 2 pm to 8 pm.  As temperatures fell to around 10 degrees, wind chill values plummeted from 20 to 30 degrees below zero along the coast and to 25 to 35 degrees below zero inland."
E20000125-2414730,,2000-01-25 09:45:00,2000-01-25 19:45:00,2000,winter-storm,BX;BK;MN;QN;SI,0,2414730,0,0,ok,0,ok,0,ok,,missing,,missing,33.1,ok,24.1,ok,0.83,ok,7.0,ok,36.0,ok,,na,,na,,na,6634,ok,1,ok,,na,,na,,na,,na,,na,,,,,"A strong low pressure system (Nor'easter) moved north to northeast, passing just east of Montauk Point before Midnight on January 25th.Snow developed between 4 and 5 am along the immediate coast and spread rapidly north during the morning rush hour.  Snowfall rates up to 2 inches per hour occurred during the peak of the morning rush hour.  White-out conditions caused massive traffic interruptions.  Snowfall during the morning commute ranged from less than 2 inches at Montauk Point to around 6 inches across parts of Manhattan and Brooklyn.  As warm air in the lower levels wrapped around this storm, snow changed to freezing rain and sleet.  From mid-morning through late afternoon, light freezing rain fell along the coast with a mixture of freezing rain and sleet inland, except for just snow across Western Orange County.  As the low approached Long Island, bands of moderate to heavy precipitation rotated northwest around the low.  Around 1/4-inch thick ice coated trees, which caused limbs to snap off from Eastern Nassau County east across all of Suffolk County.  Bands of heavy snow fell across the Lower Hudson Valley, New York City, and Western Nassau County during the evening.Here are selected snowfall amounts from this storm for:Manhattan:  from 5.5 inches at Central Park to 6 inches at Columbia University.Bronx:  around 6 inches county-wide.Staten Island:  around 6 inches at Richmond.Brooklyn:  from 5.6 inches at Graves End to 6 inches at Bayridge.Queens:  from 6 inches at LaGuardia Airport to 6.4 inches at JFK Airport.Orange County:  from 8 inches at Gardinerville to 12 inches at both Port Jervis and Chester.Putnam County:  from 7 inches at Croton Falls to 8 inches at both Carmel and Brewster.Rockland County:  6 inches was measured at Pomona.Westchester County:  from 5.5 inches at Yorktown Heights to 8 inches at White Plains.Nassau County:  from 5.3 inches at Valley Stream to 6.8 inches at Merrick.Suffolk County:  from 3 inches at Islip Airport and Rocky Point to 7 inches at Huntington and Centerport (plus 1/4-inch thick ice).This low was preceded by strong northeast winds that gusted from 40 to 45 mph.  In addition, minor tidal flooding occurred across Broad Channel in Queens and in Long Beach and Freeport in Nassau Counties around the times of high tides from 11 am to noon."
E20000127-1090042,,2000-01-27 23:00:00,2000-01-28 10:00:00,2000,extreme-cold,BX;BK;MN;QN;SI,0,1090042,0,0,ok,0,ok,0,ok,,missing,,missing,25.0,ok,9.0,ok,0.0,ok,0.0,ok,32.0,ok,,na,,na,,na,0,ok,0,ok,,na,,na,,na,,na,,na,,,,,"Strong and gusty northwest winds combined with well below normal temperatures and produced extremely low wind chill values.Across the Lower Hudson Valley, wind chill values ranged from 25 to 35 degrees below zero, as follows:At Stewart Airport in Newburgh, the lowest wind chill of 35 degrees below zero occurred around 10 am on the 28th when the temperature was 5 degrees above zero and the wind speed was 23 mph.At Westchester County Airport in White Plains, the lowest wind chill of 26 degrees below zero occurred around 4 am on the 28th when the temperature was 9 degrees above zero and the wind speed was 21 mph.Across New York City and Long Island, wind chill values ranged from 20 to 30 degrees below zero, as follows:At JFK Airport in Queens, the lowest wind chill of 30 degrees below zero occurred around 8 am on the 28th when the temperature was 9 degrees above zero and the wind speed was 24 mph.  At LaGuardia Airport, a wind chill of 28 degrees below zero was measured.Across Suffolk County, wind chills ranged from 23 degrees below zero at Farmingdale to 29 degrees below zero at Islip.  At Montauk Pt., a wind chill of 24 degrees below zero occurred."
E20000219-1090091,,2000-02-19 03:38:00,2000-02-19 04:00:00,2000,winter-storm,MN;QN,0,1090091,0,0,ok,0,ok,0,ok,,missing,,missing,35.1,ok,28.9,ok,0.39,ok,0.0,ok,17.0,ok,,na,,na,,na,0,ok,0,ok,,na,,na,,na,,na,,na,,,,,"With cold air in place, as a warm front approached from the south and a weak low pressure system moved northeast along the coast, light snow developed from around 6:40 am at Westchester County Airport to 10:45 am at Westhampton Beach (in Suffolk County).  Snowfall became heavy, falling at the rate of at least 1 inch per hour from around 10 am across the entire area until around 4 pm across Orange and Putnam Counties. Snow changed to freezing rain from around 2:30 pm along the south shore of Long Island to around 7 pm across Orange County.Snowfall amounts ranged from 1 to 2 inches along the south shores of Long Island, 3 to 4 inches across the north shores of Long Island and New York City to 6 inches across the Lower Hudson Valley.  This first round of heavy precipitation was followed by up to a 1/8th-inch thick ice coating, which caused serious and widespread traffic disruptions.Here are selected snowfall amounts:For Orange County:  from 5.5 inches at Middletown, Walden, and Greenwood Lake to 6.5 inches at Montgomery.For Putnam County:  from 3 inches at Lake Carmel to 6 inches at Croton Falls.For Westchester County:  from 2 inches at Yonkers to 6 inches at White Plains.For New York (Manhattan) County:  from 3 inches at Central Park to 3.8 inches at Columbia University.For Queens County:  from 2 inches at JFK Airport to 3 inches at LGA Airport.A second low pressure system moved east from Pennsylvania, and passed ""just"" south of Long Island overnight.  This low produced freezing rain across the region.  At both JFK Airport and LGA Airport, 0.25 and 0.26 inches of freezing rain was measured as temperatures hovered from 30 to 31 degrees.  At Central Park, 0.23 inches of freezing rain was measured.  Significant icing of roads occurred, which forced the closure of many metro roads overnight.  Numerous traffic accidents occurred on ice-covered roads.  A woman died when her car spun out of control on ice-covered streets in Centereach (Suffolk County) early Saturday morning."
E20000311-1093244,,2000-03-11 14:00:00,2000-03-11 22:00:00,2000,heavy-rain,QN,0,1093244,0,0,ok,0,ok,0,ok,,missing,,missing,45.0,ok,37.9,ok,1.73,ok,0.0,ok,29.1,ok,,na,,na,,na,0,ok,0,ok,,na,,na,,na,,na,,na,,,,,"On Saturday, March 11th, as a high pressure system moved east of New England, a low pressure system developed over the Southeast United States.  Rain developed between 7 am and 8 am and spread rapidly northeast across the region.  Although a few brief periods of heavy rain fell during the morning, a steady moderate to heavy rainfall occurred during the afternoon and evening.  Heavy rain ended just before midnight.  The low passed over the New York City Metro Area on Sunday morning, March 12th.A 2 to 3 inch rainfall caused ponding of water in low lying and poor drainage areas.Here are selected rainfall amounts for:Queens County:  from 1.97 inches at JFK Airport to 2.34 inches in Queens Village.Nassau County:  from 2.24 inches at South Massapequa to 3.01 inches in Oceanside.Suffolk County:  from 2.32 inches at Mattituck to 3.16 inches at the NWS Upton, NY Office."
E20000513-1093224,,2000-05-13 20:30:00,2000-05-13 20:30:00,2000,thunderstorm,BK,0,1093224,0,0,ok,0,ok,0,ok,,missing,,missing,73.9,ok,54.0,ok,0.71,ok,0.0,ok,31.1,ok,,na,,na,,na,0,ok,0,ok,,na,,na,,na,,na,,na,,,,,"As a severe thunderstorm moved east, it produced high winds that downed trees in Suffern.Lightning struck and damaged a building in Brooklyn.  Lightning struck several homes in Peekskill.  The amount of property damage was unknown.  Earlier during the morning, lightning struck and destroyed a home in Valhalla."
E20000518-1093218,,2000-05-18 18:04:00,2000-05-18 18:20:00,2000,thunderstorm;hail,BX;BK;QN;SI,0,1093218,0,0,ok,0,ok,0,ok,,missing,,missing,82.9,ok,57.9,ok,1.6,ok,0.0,ok,36.9,ok,,na,,na,,na,0,ok,1,ok,,na,,na,,na,,na,,na,,,,,"As a line containing severe thunderstorms swept southeast across the region, it produced damaging wind gusts, large hail (from 0.75 to 1.00 inch in diameter), heavy rain and lightning ""mainly"" from New York City north and west.In Orange County, on Highland Ave. in Middletown, a tree crashed onto a car.  On Route 211 in the Town of Walkill, the entire roof blew off a deli.  Emergency workers closed Route 211 from Certified Drive to Stratton Ave. as bits of shredded roof material littered the roadway.  Wind gusts in these areas were estimated near 80 mph.  Spotters reported hail from 0.75 inches at Huguenot to 0.88 inches in diameter at Maybrook.  Trees were downed in Greenwood Lake.In Westchester County, spotters reported trees down in Yorktown Heights and tree limbs down in White Plains.  Hail also occurred at Westchester County Airport.In Southern Rockland County, tree limbs were downed.In New York City, a spotter reported downed trees in the Bronx.  A large awning was blown off a building in Brooklyn.  Hail up to 1.00 inch in diameter was reported near Woodside in Maspeth, Queens.In Suffolk County, high winds downed large tree limbs at Wading River Elementary School."
E20000602-1098927,,2000-06-02 18:50:00,2000-06-02 19:40:00,2000,thunderstorm,BX;BK;MN;QN,0,1098927,0,0,ok,0,ok,8,ok,,missing,,missing,93.0,ok,63.0,ok,0.16,ok,0.0,ok,36.9,ok,,na,,na,,na,0,ok,0,ok,,na,,na,,na,,na,,na,,,,,"Lines of severe thunderstorms swept southeast across the region.  They produced one F1 tornado, one funnel cloud, and high winds that downed many trees and power lines and caused at least 11 injuries, 8 of which were in New York City.Based on a storm survey performed by NWS staff, an F1 tornado occurred around 7:05 pm EDT in the continental village region of the town of Cortlandt, about 3 miles north of Peekskill on the Westchester and Putnam Counties border.  The tornado was classified as an F1 based on tree damage and their associated patterns.  Touch down was on the southwest corner of the intersection of Highland Drive and Heath Terrace.  The tornado moved northeast along the southeast shore of Cortlandt Lake in a counter-clockwise arched pattern lifting just south of the intersection of Schuyler Lane and Putnam Road.  The Path Length was about 0.3 miles and Path Width averaged 33 yards.  In the vicinity of Tyron Circle and Putnam Road, the tornado was at its' widest and strongest.  Damage occurred to about 20 houses, with 7 houses incurring moderate damage.  The tornado apparently reformed in 2 other locations as the severe thunderstorm moved east:  Sprout Brook Road (Path Length about 0.15 miles) and Lakeview Road (Path Length just less than 0.1 miles).  Numerous trees of 1 1/2 to 2 feet in diameter were snapped, mainly about 20 to 25 feet above the ground.  Three telephone poles were snapped in the middle.  Meteorologically, this tornado formed on the roll of a gust front that moved nearly 50 mph across the region and was likely on the ground for less than 1 minute.Here's a brief summary of damage reports received:In Orange County, a 60 mph wind gust was reported at the Plattekill Service Area along the NYS Thruway, just north of Leptondale.  There were numerous reports of wires down, trees down on houses and cars and trees blocking roads in the vicinity of Wawayanda, Middletown, Cornwall, Goshen, Chester, and Newburgh.In Rockland County, a tree fell on and damaged a house on Mountain Avenue in Hillburn.  Trees were also downed in New City.  A large tree fell on a car in Haverstraw.In Putnam County, several trees and power lines were downed in Carmel and Brewster.In Westchester County, numerous trees were downed at Croton On Hudson, numerous trees and power lines were downed at Ossining, a tree fell on a house at Yonkers, and trees were downed in Valhalla.In Bronx County, numerous trees were downed countywide.In Kings County, one person was injured when a large store sign fell on top of people.  A large inflatable structure was blown over.  Lightning struck a tent at Old Fulton and Everett Streets around 8:40 pm EDT, which caused 5 injuries.In New York County, a scaffold collapsed on 7 cars at 94th Street and Second Avenue at 7:55 pm EDT.  Debris blew off a scaffold and fell on and injured one person at 84th Street and Broadway around 8:00 pm.  A tree fell on and injured one child at 214th Street and Indian Road around 8:00 pm.  At Central Park, a peak wind gust of 38 mph occurred from the north at 7:38 pm.In Queens County, a spotter estimated a wind gust to 80 mph that caused a building collapse in Rockaway Beach.  Numerous trees were downed in Queens Village.  At JFK Airport, a peak wind gust of 45 mph occurred from the northwest at 7:59 pm EDT.  At LaGuardia Airport, a peak wind gust of 44 mph occurred from the northwest at 7:42 pm.In Nassau County, a 60 mph wind gust caused wind damage in Levittown.In Suffolk County, high winds downed trees in Stony Brook and Setauket.  One tree fell onto a car that injured a passenger on Lower Sheep Pasture Road around 8:03 pm EDT.  An airplane pilot saw a funnel cloud and reported 0.75-inch diameter hail in Smithtown around 8:12 pm.  A large tree was downed in Wading River around 8:17 pm."
E20000606-1098924,,2000-06-06 05:00:00,2000-06-07 01:00:00,2000,heavy-rain,BX;BK;MN;QN,0,1098924,0,0,ok,0,ok,0,ok,,missing,,missing,75.9,ok,48.9,ok,2.82,ok,0.0,ok,29.1,ok,,na,,na,,na,1213,ok,4,ok,,na,,na,,na,,na,,na,,,,,"As a low pressure system moved northeast along the Mid-Atlantic coast, bands of heavy rain developed and spread north across the area, mainly over the coast.  As this low moved east of the New England coast, bands of heavy rain developed and ""wrapped-around"" this low across the Lower Hudson Valley and parts of Northern New York City.  Heavy rain caused some flooding of low-lying and poor drainage areas.Rain spread north across the area from 5 am to 6 am EDT on June 6th and ended across Long Island's Twin Forks by 10 am EDT on June 7th.   The heaviest rain fell from Southwest Suffolk County northwest across Bronx, South Westchester, Southwest Rockland, and Southwest Orange Counties.Rainfall  amounts ranged from 2.23 inches in Corona, Queens to 5.52 inches at Holbrook in Suffolk County.  (Less than 2 inches occurred in Richmond County.)  Here are specific rainfall amounts for:Orange County:  from 2.63 inches at Montgomery to 3.55 inches at Middletown.Putnam County:  2.96 inches was measured at Carmel.Rockland County:  from 2.29 inches at West Nyack to 3.31 inches at Suffern.Westchester County:  from 2.55 inches at Hasting-On-The-Hudson to 3.69 inches at Katonah.New York City:  from 2.23 inches at Corona to 3.06 inches at Fresh Meadows.  At Central Park, 2.83 inches was measured.  At LaGuardia Airport, 2.74 inches was measured and at JFK Airport, 2.69 inches was observed.Nassau County:  from 2.75 inches at Jones Beach to 2.85 inches at Wantagh.Suffolk County:  from 2.88 inches at Fisher Island to 5.52 inches at Holbrook.  At Bridgehampton, 3.07 inches was observed.  At Islip Airport, 5.31 inches occurred."
E20000703-1100597,,2000-07-03 17:05:00,2000-07-03 18:00:00,2000,flash-flooding,BK;QN;SI,0,1100597,0,0,ok,0,ok,0,ok,,missing,,missing,90.0,ok,68.0,ok,0.53,ok,0.0,ok,34.0,ok,,na,,na,,na,0,ok,0,ok,,na,,na,,na,,na,,na,5.44,0.31,The Battery,,"Thunderstorms produced rainfall rates estimated by radar at up to 4 inches per hour for less than 1 hour across Northeast Richmond (Staten Island), Southwest Kings (Brooklyn) and Northern Queens Counties.  These excessive rainfall rates were confirmed by two weather stations in Kings County (Brooklyn).  The Bishop Kearney High School Weather Station measured a maximum rainfall rate of 4.48 inches per hour and the P.S. 170 Weather Station measured a maximum rainfall rate of 4.20 inches per hour.In Richmond County, significant ponding of water trapped people in two cars near the Verranzano Bridge.In Kings County, significant low-lying and poor drainage flooding occurred along the Belt Parkway in Bay Ridge.In Queens County, the New York City Office of Emergency Management reported significant low-lying and poor drainage flooding on the Cross Island Parkway near the Whitestone Bridge."
E20000726-1100605,,2000-07-26 07:00:00,2000-07-26 19:00:00,2000,heavy-rain,BX;BK;MN;QN;SI,0,1100605,0,0,ok,0,ok,0,ok,,missing,,missing,71.1,ok,63.0,ok,3.24,ok,0.0,ok,23.0,ok,,na,,na,,na,1495,ok,4,ok,,na,,na,,na,,na,,na,,,,,"As a low pressure system moved north along the Mid-Atlantic Coast, periods of heavy rain occurred across the region.  Rain developed between 1 am and 2 am EDT along the immediate coast on July 26th, spread rapidly north and ended by 9 am on July 27th.  The heaviest rain occurred from around 8 am to 8 pm on the 26th.  Rainfall amounts ranged from around 3 to around 4 inches.Here are selected rainfall amounts for:Westchester County:  from 2.20 inches at Yorktown Heights to 3.80 inches at Mamaroneck.New York County (Manhattan):  4.21 inches occurred at Central Park.Kings County (Brooklyn):  3.64 inches was measured by a Cooperative Observer at Gravesend.Queens County:  from 3.38 inches at JFK Airport to 3.73 inches at LaGuardia Airport.Nassau County:  from 2.96 inches at Wantagh to 4.33 inches at Valley Stream.Suffolk County:  from 2.12 inches at Riverhead to 3.60 inches at Setauket."
E20000811-1101398,,2000-08-11 18:10:00,2000-08-12 06:12:00,2000,flash-flooding,BX;QN,0,1101398,0,0,ok,0,ok,0,ok,,missing,,missing,82.0,ok,63.0,ok,2.48,ok,0.0,ok,29.1,ok,,na,,na,,na,616514,ok,2,ok,,na,,na,,na,,na,,na,5.12,0.65,The Battery,,"Slow moving thunderstorms produced rainfall rates estimated at around 2 inches per hour, which caused significant flooding of low-lying and poor drainage areas.In Huntington, significant flooding occurred along parts of Route 25 and Melville Road.In Yorktown Heights, serious flooding was reported on Commerce Street and Route 118.In Putnam Valley, flooding occurred on Peekskill Hollow Road.In Rockland County, significant flooding caused the closure of many roads in several locations throughout the county.In Pelham Manor, flooding occurred along parts of the Hutchinson River Parkway near Lincoln Avenue.In the Bronx, cars were submerged in rising water and trapped many people.In Bayville, water quickly ponded and rose up to 3 feet, which caused a road closure near the Tide Motel.  Nassau County Police reported severe flooding near the town beach.  NWS radar estimated a 2 to 3 inch rainfall from 2:30 am to 3:30 am, with up to 5 inches during the preceding 24 hours.In Howard Beach (just west of JFK Airport), water quickly ponded and rose up to 2 feet on Cross Bay Blvd. at the Belt Parkway.  The Automated Surface Observing System at JFK Airport measured 1.53 inches."
E20000827-1101396,,2000-08-27 20:35:00,2000-08-27 21:05:00,2000,flash-flooding,SI,0,1101396,0,0,ok,0,ok,0,ok,,missing,,missing,84.9,ok,64.0,ok,0.12,ok,0.0,ok,16.1,ok,,na,,na,,na,4111,ok,3,ok,,na,,na,,na,,na,,na,5.9,0.31,The Battery,,Heavy showers moved very slowly east across Northern Richmond County (Staten Island).  National Weather Service (NWS) radar estimated rainfall rates of 1.5 to 2 inches per hour for at least 2 consecutive hours through 9:35 pm EDT.  Estimated rainfall amounts of 3.5 to 4 inches resulted in serious widespread flooding of low lying and poor drainage areas.  NWS Skywarn Spotters reported widespread flooding with cars trapped and submerged in water.
E20000828-1101397,,2000-08-28 13:20:00,2000-08-28 13:20:00,2000,flash-flooding,QN,0,1101397,0,0,ok,0,ok,0,ok,,missing,,missing,80.1,ok,70.0,ok,1.06,ok,0.0,ok,19.9,ok,,na,,na,,na,4606,ok,2,ok,,na,,na,,na,,na,,na,5.42,0.23,The Battery,,"Heavy rain along with embedded thunderstorms drifted very slowly north across Northeastern Queens and Northwestern NassauCounties.  National Weather Service radar estimated rainfall rates from 1.5 to 2 inches per hour with a Storm Total Precipitation amount from 3.5 to 4 inches across this area.  Emergency managers reported numerous roads and stores flooded in Great Neck.  They also reported serious widespread flooding on the Cross Island Parkway in Whitestone, with up to 5 feet of water ponded on streets in Bay Terrace."
E20000903-1102812,,2000-09-03 13:30:00,2000-09-03 13:50:00,2000,flash-flooding,QN,0,1102812,0,0,ok,0,ok,0,ok,,missing,,missing,86.0,ok,73.0,ok,1.1,ok,0.0,ok,17.9,ok,,na,,na,,na,0,ok,1,ok,,na,,na,,na,,na,,na,5.69,0.5,The Battery,,"Nearly stationary thunderstorms produced torrential rain that caused significant flash flooding of low-lying and poor drainage areas across parts of Nassau, Western Suffolk and Northeastern Queens Counties.  Radar estimated up to 3 inches of rainfall that caused flash flooding of many streets across the area, including Hempstead Turnpike in Levittown, Merrit Street in North Amityville and parts of the Cross Island Parkway, Whitestone Expressway and Northern Blvd. in Northeastern Queens.  People had to be rescued from their cars on Northern Blvd. as water quickly accumulated and submerged the cars.  Additionally, several residential basements in poor drainage areas were also flooded."
E20001110-1104220,,2000-11-10 03:00:00,2000-11-10 08:00:00,2000,heavy-rain,QN,0,1104220,0,0,ok,0,ok,0,ok,,missing,,missing,63.0,ok,52.0,ok,2.33,ok,0.0,ok,25.1,ok,,na,,na,,na,0,ok,1,ok,,na,,na,,na,,na,,na,,,,,"As a low pressure system moved northeast toward the Eastern Great Lakes on Thursday, November 9th, a front that extended southeast from the low, approached the region.  A secondary low formed just north of New York City during Friday morning November 10th.Light rain spread northeast across the area around 9:00 pm EST Thursday evening.  Bands of heavy rain developed ahead of the frontal system by around 3 am EST Friday, which lasted until around 9 am EST.  The axis of heaviest rain extended northeast across Central Nassau County and the extreme northwest corner of Suffolk County.  Rainfall amounts generally ranged from 2 to around 3 inches.  Minor flooding of low-lying and poor drainage areas occurred.Here are selected rainfall amounts for:Queens County:  from 2.49 inches measured by the Automated Surface Observing System at JFK Airport to 2.82 inches at Queens Village.Nassau County:  from 2.37 inches at Wantagh and Hicksville to 3.35 inches at Albertson.Suffolk County:  2.77 inches was measured at Centerport."
E20001212-1105302,,2000-12-12 08:45:00,2000-12-12 09:00:00,2000,high-winds,BX;BK;MN;QN;SI,0,1105302,0,0,ok,0,ok,3,ok,,missing,,missing,53.1,ok,25.0,ok,0.02,ok,0.0,ok,49.0,ok,,na,,na,,na,0,ok,0,ok,,na,,na,,na,,na,,na,6.38,1.51,The Battery,,"High winds developed rapidly in an unstable air mass following the passage of a strong cold front across the area.  Several measured peak wind gusts were at least 58 mph.  They were responsible for causing 1 death and at least 6 injuries, as follows:  At 9:05 am, a tree fell through a car wind shield and injured 1 person in Islip (Suffolk County).At 9:30 am, a street sign struck and injured 2 pedestrians in Kings County (Brooklyn).At 9:40 am, a sign struck and injured 1 person in Flatbush (Brooklyn) and a tree fell on and injured 1 person in Great Neck (Nassau County).At 10:30 am, a sign struck a police car, which caused injury to 1 person in Patchogue (Suffolk County).At 1:00 pm, a man was crushed by a tree while trying to remove a branch that dangled over the driveway of a house at 135 Heatherdell Road in Ardsley (Westchester County).High winds downed many trees onto houses, cars, power lines, and streets.  In urban areas, high winds downed signs, collapsed scaffolds, and caused five partial building collapses.  They caused significant property damage and power outages.  On the Throgs Neck Bridge in Queens, 2 tractor trailers flipped with unknown additional injuries.  In Brooklyn, high winds combined with high astronomical tides drove water from New York Harbor over retaining walls that flooded parts of the Belt Parkway near the Verrazano Bridge.  In Rockland County, wind blew off part of the roof at Suffern Middle School.Here are selected specific peak wind gusts for:Orange County - The peak measured wind gust reported by a spotter in Warwick was 64 mph.  Peak wind gusts measured by the Automated Surface Observing Systems at Stewart Field Airport in Newburgh was 53 mph at 8:45 am and at Montgomery Airport was 50 mph at 9:58 am.Queens County - Peak wind gusts measured by the Automated Surface Observing System at JFK Airport was 60 mph at 9:46 am and at LaGuardia Airport was 54 mph at 8:59 am.Suffolk County - Peak wind gusts measured by the Automated Surface Observing System at:Gabreski Airport in Westhampton Beach was 58 mph at 10:24 am.Brookhaven Calabro Airport in Shirley and Islip MacArthur Airport was 54 mph at 10:08 am and 10:19 am respectively.Republic Airport in Farmingdale was 53 mph at 9:35 am."
E20001217-1105310,,2000-12-17 12:35:00,2000-12-17 12:35:00,2000,thunderstorm,QN,0,1105310,0,0,ok,0,ok,0,ok,,missing,,missing,66.0,ok,30.9,ok,1.29,ok,0.0,ok,47.0,ok,,na,,na,,na,0,ok,0,ok,,na,,na,,na,,na,,na,,,,,"A low pressure system rapidly intensified as it moved northeast across the Great Lakes as a strong high pressure system northeast of New England moved slowly northeast during Sunday, December 17th.  The difference in pressure between these systems caused increasing south winds.  As an intensifying cold front trailing from the low approached the area with abundant low level moisture in place, widespread rain with embedded thunderstorms occurred.  Heavy rain caused significant flooding in Orange and Rockland Counties.  It also caused localized flooding of low-lying and poor drainage areas.  Heavy showers, some associated with severe thunderstorms, produced wind damage at several locations.Here are selected wind damage reports and measured peak wind gusts:In Putnam County, high winds downed several trees and power lines throughout the county.  Large trees fell across Route 6N in Mahopac Falls, which caused a partial road closure.In Rockland County, high winds downed trees and power lines at several locations.In Westchester County, high winds downed trees and power lines at several locations including Sleepy Hollow, Ossining, Rye, Yorktown, and Lewisboro.In Queens County, high winds downed trees onto buildings and lifted sidewalks as they uprooted.  The peak wind gust measured by the Automated Surface Observing System at John F. Kennedy Airport was 54 mph at 8:32 pm.In Nassau County, high winds downed trees that fell onto and downed power lines at the corner of Muttontown's Mill Neck Road and Upper Brookville's Juniper Lane in Oyster Bay.In Suffolk County, high winds downed trees onto cars and power lines at Huntington Station and toppled signs at the 7-11 store in Greenport within Southold Town.  Trees and power lines were downed throughout the town of Southold.  Trees were also downed in Sag Harbor.  The peak wind gust measured by the Automated Surface Observing System at Farmingdale Republic Airport was 56 mph at 1:47 pm.The heaviest rain occurred in two bands oriented from southwest to northeast ahead of the approaching cold front.  The axis of the heaviest rain extended from Western New Jersey northeast across Orange County, where 3 to 4 inches of rain fell, mainly across Western and Northern Orange County.  The second band of heavy rain extended from Eastern New Jersey northeast across Western Rockland County, where 2 to 2 1/2 inches of rain fell with isolated amounts up to 3 inches.  Widespread flash flooding of low lying and poor drainage areas occurred at several locations throughout Orange County.  Both small stream and urban flooding occurred across Western Rockland County.Here are selected rainfall amounts and flood damage reports:In Orange County, rainfall amounts from available locations ranged from 2.11 inches at Gardnerville to 2.80 inches at Sterling Forest.  In Pine Bush, 15 cars had to be moved when the back parking lot of the Schuyler Crossing Senior Citizen Complex flooded.  In Port Jervis, flooding caused the closure of Jersey Avenue between Owen and Cole Streets.  Serious flooding occurred in parts of Mountain Lodge Park in Blooming Grove, where some trails partially washed away.In Rockland County, rainfall amounts ranged from 1.89 inches at Nanuet to 2.09 inches at Suffern.  The Mahwah River at Suffern rose above its' flood stage of 4.0 feet at 1:00 pm.  Its' crest stage was 4.98 feet at 4:45 pm.In Westchester County, rainfall amounts ranged from 1.78 inches at Dobbs Ferry to 2.38 inches at White Plains."
E20001230-1105306,,2000-12-30 08:00:00,2000-12-30 09:00:00,2000,heavy-snow,BX;BK;MN;QN;SI,0,1105306,0,0,ok,0,ok,0,ok,,missing,,missing,32.0,ok,23.0,ok,1.01,ok,13.9,ok,30.0,ok,,na,,na,,na,0,ok,0,ok,,na,,na,,na,,na,,na,,,,,"A low pressure system rapidly intensified and moved north along the mid Atlantic coast during Saturday December 30th. This produced a wide swath of heavy snow to the northwest of the storm track. Snowfall began between 5 and 7 AM across the area, and fell at intense rates right from the start. Snowfall rates of one to two inches per hour were common. There were also numerous reports of thunder and lightning accompanying the most intense snow bands. Winds also began to increase later Saturday morning, causing some blowing and drifting of snow, which reduced visibilities significantly, and created near blizzard conditions at times in some areas. As the low pressure center approached the south shore of Suffolk county early Saturday afternoon, milder air from the Atlantic Ocean wrapped into the storm system, and changed the heavy snow to a mixture of sleet and rain across eastern Suffolk county. This limited snowfall amounts somewhat across eastern Suffolk County.The low pressure center crossed central Suffolk County during mid afternoon on Saturday, before moving northeast into southern New England later that evening. As the low moved away, the precipitation tapered off across the area. Subfreezing temperatures and gusty winds lingered behind the storm system.Here are some specific snowfall totals from this storm system:Orange County: 14 inches at Harriman, to 21 inches at Warwick and Rock Tavern.Putnam County: 13 inches at Carmel and Brewster.Rockland County: 15 inches at Airmont, to 18 inches at Suffern.Westchester County: 13 inches at Mount Kisco, to 16.5 inches at Mamaroneck.Bronx County: 11 inches.New York County (Manhattan): 12 inches at Central Park.Kings County: 12.7 inches at Gravesend.Queens County: 10 inches at John F. Kennedy International Airport, to 13 inches at LaGuardia Airport and Middle Village.Richmond County: 12.5 inches at Grymes Hill.Nassau County: 11 inches at Lynbrook, to 15.6 inches at Oceanside.Suffolk County: 2.7 inches at Bridgehampton, to 12 inches at Huntington Station, East Northport, and North Lindenhurst."
E20010121-1110093,,2001-01-21 07:00:00,2001-01-21 07:00:00,2001,winter-storm,BX;BK;MN;QN;SI,0,1110093,0,0,ok,0,ok,0,ok,,missing,,missing,35.1,ok,21.9,ok,0.46,ok,6.0,ok,30.0,ok,,na,,na,,na,0,ok,0,ok,,na,,na,,na,,na,,na,,,,,"A low pressure system developed off the mid Atlantic coast Saturday afternoon and moved northeast, passing east of Long Island early Sunday.  With abundant low level moisture and cold air in place, light intermittent precipitation occurred Saturday.  As the low intensified, heavy precipitation developed and moved northeast across the area. Heavy snow occurred across Orange, Putnam, Rockland, and northern Westchester counties. In the New York City area, southern Westchester County, and across Nassau County, a period of sleet and freezing rain occurred Saturday night, producing ice accumulations of up to 0.20 inches.  This buildup of ice on major highways and bridges produced hazardous travel conditions Saturday night, and contributed to an airplane skidding off the runway at JFK Airport Sunday morning. The sleet and freezing rain changed to heavy snow early Sunday morning.  Across Suffolk County, a significant period of sleet and freezing rain occurred Saturday night, before changing to heavy snow early Sunday morning.  Ice accumulations ranged from 0.25 to 0.50 inches.  This accretion of ice on tree limbs caused some tree branches to fall, and led to power outages. Here are some specific snowfall and ice amounts for:Orange County:  from 5 inches at Newburgh to 7 inches measured at Chester.Putnam County:  8.1 inches measured at Fahnestock State Park.Rockland County:  6 inches measured at Pomona.Westchester County:  from 5 inches at Yorktown Heights to 7.3 inches measured at White Plains.New York City: Manhattan - up to 0.10 inches of ice followed by 6 inches of snow at Central Park.Brooklyn - up to 0.10 inches of ice followed by 7 inches of snow.Queens - 0.11 inches of ice followed by 6 inches of snow at John F. Kennedy International Airport.Nassau County:  0.20 inches of ice followed by 7 inches of snow at Bayville.Suffolk County:Upton National Weather Service Office:  0.43 inches of ice followed by 6 inches of snow.Islip McArthur Airport:  0.33 inches of ice followed by 4 inches of snow."
E20010222-1111341,,2001-02-22 22:30:00,2001-02-22 22:30:00,2001,heavy-snow,BX;BK;MN;QN;SI,0,1111341,0,0,ok,0,ok,0,ok,,missing,,missing,25.0,ok,17.1,ok,0.31,ok,6.0,ok,28.0,ok,,na,,na,,na,0,ok,0,ok,,na,,na,,na,,na,,na,,,,,"On Thursday February 22, a low pressure system over the southeast U. S. quickly moved northeast off the mid Atlantic coast by Thursday evening. Well north of this storm system, an overrunning pattern of mild, moist air over a pre-existing cold air mass allowed for a large area of moderate snow to develop and spread northeast into southeast New York during the afternoon hours. Although the event was relatively brief in duration, snowfall rates of one to two inches per hour were common. This created hazardous traveling conditions for the Thursday evening commute across the New York City metropolitan area and Long Island, resulting in numerous minor traffic accidents.As the low pressure system continued moving out to sea, the snow tapered off from west to east during Thursday night.Here are some specific snowfall amounts for this snow event:For Orange County: 3 inches at Middletown, to 6.5 inches at Rock Tavern.For Westchester County: 2.5 inches at Yorktown Heights, to 6 inches at Yonkers.For New York County (Manhattan): 6 inches at Central Park.For Queens County: 4 inches at John F. Kennedy International Airport, to 6 inches at Fresh Meadows.For Nassau County: 3.9 inches at Hicksville, to 6 inches at West Hempstead."
E20010306-1112426,,2001-03-06 12:00:00,2001-03-06 17:00:00,2001,winter-storm,BX;MN;QN,0,1112426,0,0,ok,0,ok,0,ok,,missing,,missing,37.0,ok,25.0,ok,0.37,ok,4.4,ok,31.1,ok,,na,,na,,na,0,ok,0,ok,,na,,na,,na,,na,,na,,,,,"A complex and slow-moving coastal storm affected much of southeast New York and Long Island from Sunday March 4th through the early morning hours of Wednesday March 7th. This storm was accompanied by a mixture of snow, sleet, freezing rain and rain through the early portion of the event, and mainly heavy snow for the remainder of the event. Gusty winds and minor to moderate coastal flooding and beach erosion also occurred along coastal portions of Long Island.On Sunday March 4th, a strong low pressure system moved east across the Tennessee Valley, while a new low slowly developed off the Mid Atlantic coast. The precipitation shield accompanying this complex storm system moved north and reached southeast New York in the form of spotty light snow and sleet by Sunday afternoon. The precipitation intensified Sunday night and early Monday, but as warmer air moved into the region aloft, the snow changed to a mixture of sleet, freezing rain and rain by Monday morning along coastal sections. Some portions of interior southeast New York received several inches of snow from this initial surge of precipitation.During Monday March 5th, the new low pressure system off the Mid Atlantic coast began to intensify rapidly. This spread heavy precipitation across eastern Long Island from the east by Monday afternoon and evening. As colder air was drawn into the storm's circulation, the precipitation changed to heavy wet snow by Monday evening across eastern Long Island. Snowfall rates of two to three inches per hour for at least 3 hours were common across most of Suffolk County through the early portion of Monday night. This heavier snow also began to move west, spreading across western Long Island and the New York City area later Monday night into Tuesday.Bands of moderate to heavy wet snow continued into Tuesday across much of southeast New York, extending back into interior sections as the low slowly drifted north off the eastern end of Long Island. This coastal low then became nearly stationary during Tuesday, and even retrograded slightly to the southwest during Tuesday afternoon. This prolonged the  periods of moderate to heavy wet snow across most of southeast New York into the late afternoon hours on Tuesday. The storm finally began to retreat east off the New Jersey coast Tuesday night and Wednesday, allowing the snow to taper off and end by early Wednesday morning on March 7th.The combination of very heavy wet snow and strong winds with this prolonged coastal storm produced scattered power outages across southeast New York, primarily across Suffolk County. In addition, many schools and businesses were closed for several days due to the hazardous nature of this storm. Here are some storm total snowfall amounts:For Orange County: 6 inches at Middletown, to 13 inches at Monroe and Tuxedo Park.For Putnam County: 6 inches at Carmel, to 14 inches at Mahopac.For Rockland County: 4.5 inches at Valley Cottage, to 7.6 inches at Stony Point.For Westchester County: 5.5 inches at New Rochelle, to 9.5 inches at Yonkers.For New York County (Manhattan): 3.5 inches at Central Park, to 6 inches at Columbia University.For Bronx County: 4 inches to 6.7 inches.For Kings County (Brooklyn): 2.5 inches at Bay Ridge, to 4.2 inches at Gravesend.For Richmond County (Staten Island): 3 inches at New Dorp, to 3.8 inches at Grasmere.For Queens County: 3.7 inches at John F. Kennedy International Airport, to 6.0 inches at La Guardia Airport.For Nassau County: 4 inches at Sea Cliff, to 7.4 inches at Hicksville.For Suffolk County: 5.6 inches at Montauk Point, to 16.0 inches at East Setauket and Huntington."
E20010321-1112430,,2001-03-21 18:00:00,2001-03-22 18:00:00,2001,heavy-rain;high-winds,BK;MN;SI,0,1112430,0,0,ok,0,ok,0,ok,,missing,,missing,46.9,ok,37.9,ok,2.31,ok,0.0,ok,42.9,ok,,na,,na,,na,3432,ok,7,ok,,na,,na,,na,,na,,na,,,,,"A strong and slow-moving coastal storm produced widespread heavy rain and strong gusty winds throughout southeast New York from Wednesday March 21st through Thursday March 22nd. A tight pressure gradient between the intensifying low pressure system off the mid Atlantic coast and a strong high pressure system over the Canadian Maritimes produced wind gusts between 40 and 50 mph from Wednesday afternoon into early Thursday morning. These strong wind gusts caused several buildings in Manhattan to lose scaffolding and broke some windows. On Long Island and other portions of southeast New York, strong winds combined with nearly saturated ground from heavy rainfall, caused trees to fall onto power lines, and resulted in scattered power outages.  In addition to the strong gusty winds, heavy rainfall also occurred during this storm. Across the lower Hudson Valley, one to two inches of rain were common. Two to three inches of rain were common with this storm across New York City and Long Island, with some localized amounts reaching 4 inches. This triggered urban flooding in several areas, and created hazardous driving conditions for the Wednesday evening commute and the Thursday morning commute across the New York City metropolitan area.Here are some storm total rainfall amounts:For New York County (Manhattan): 2.31 inches at Central Park.For Queens County: 1.91 inches at La Guardia Airport, to 2.25 inches at John F. Kennedy International Airport.For Kings County (Brooklyn): 4.16 inches at Gravesend.For Richmond County (Staten Island): 3 inches at Annadale.For Nassau County: 1.48 inches at Hicksville, to 2.65 inches at Lido Beach.For Suffolk County: 2.02 inches at St. James, to 3.08 inches at Upton."
E20010330-1112431,,2001-03-30 09:45:00,2001-03-30 10:00:00,2001,inland-flooding,BX;BK;MN;QN;SI,0,1112431,0,0,ok,0,ok,0,ok,,missing,,missing,44.1,ok,37.0,ok,2.23,ok,0.0,ok,40.9,ok,,na,,na,,na,1404,ok,6,ok,,na,,na,,na,,na,,na,,,,,"A low pressure system moved northeast along the mid Atlantic coast and produced widespread heavy rain across the New York City metropolitan area and Long Island beginning late Thursday night March 29th and ending by Friday evening March 30th. The low developed over the southeast states Thursday afternoon, and moved northeast to a position near Washington D.C. by early Friday morning. The low then continued moving northeast, passing across eastern Long Island early Friday afternoon, and off the New England coast by late Friday night. Strong ""overrunning"" of warm, moist air over a pre-existing colder airmass, combined with a strong easterly wind flow of moisture-laden air off the Atlantic Ocean, produced very heavy rainfall across New York City and Long Island during the daytime hours on Friday. Two to three inches of rain were common across much of southeast New York, with some localized amounts up to four inches, particularly across portions of Nassau and Suffolk counties. This created widespread urban and highway flooding during the Friday morning commute, which continued into the early afternoon hours. The rain finally tapered to showers later Friday afternoon, and ended by Friday night as the low departed off the New England coast.Here are some storm total rainfall amounts:For Westchester County: 2.24 inches at White Plains (Westchester County Airport).For Bronx County: 2.90 inches.For New York County (Manhattan): 2.37 inches at Central Park.For Kings County (Brooklyn): 2.70 inches at Gravesend.For Queens County: 1.99 inches at La Guardia Airport, to 2.41 inches at John F. Kennedy International Airport.For Nassau County: 2.70 inches at Plainview, to 3.60 inches at Lynbrook.For Suffolk County: 2.65 inches at Port Jefferson Station, to 3.50 inches at Sag Harbor."
E20010529-1114921,,2001-05-29 14:55:00,2001-05-29 18:20:00,2001,hail;thunderstorm,BK;QN,0,1114921,0,0,ok,0,ok,0,ok,,missing,,missing,77.0,ok,55.0,ok,0.43,ok,0.0,ok,38.0,ok,,na,,na,,na,0,ok,0,ok,,na,,na,,na,,na,,na,,,,,"Scattered severe thunderstorms developed in a humid unstable air mass ahead of an approaching cold front from the northwest.  As they moved east at about 40 mph, they generated high winds that downed numerous trees and power lines from College Point through Whitestone in Queens, and generated  3/4-inch diameter hail at College Point and in Brooklyn.  People from at least 19 houses in northern Queens reported downed trees and power lines."
E20010617-1116569,,2001-06-17 10:00:00,2001-06-17 13:15:00,2001,inland-flooding;flash-flooding,BX;BK;MN;QN,0,1116569,0,0,ok,0,ok,0,ok,,missing,,missing,81.0,ok,64.9,ok,2.36,ok,0.0,ok,23.9,ok,,na,,na,,na,0,ok,3,ok,,na,,na,,na,,na,,na,4.44,0.32,The Battery,,"On Sunday, June 17th, abundant moisture from the remnants of tropical storm Allison, combined with a cold front approaching from the west, produced extremely heavy rainfall across much of southeast New York during the early morning hours.  Rainfall rates of up to 3 inches per hour produced widespread street and highway flooding, in addition to some flash flooding of small streams.  Some rivers approached or even slightly exceeded flood stage during this heavy rain event.Heavy rain first affected portions of Rockland and Westchester Counties between 3:30 AM and 6 AM EDT.  The area of heavy rain then slowly shifted east, across New York City around mid morning through midday, Nassau and western Suffolk Counties from late morning through early afternoon, and across central and eastern Suffolk County during the early to mid afternoon hours.  In Rockland County, the Mahwah River at Suffern crested at 3.79 feet at 10:15 AM EDT, remaining just below its' flood stage of 4.0 feet. However, widespread flooding of streets occurred during the morning hours in Rockland County, closing several major roads which became impassable due to the excessive rainfall.  Several houses were also evacuated due to flooding conditions, particularly near Valley Cottage.Excessive rainfall also led to severe flooding conditions across portions of Westchester County.  In Greenburgh, 23 residential structures experienced basement flooding, causing thousands of dollars of property damage in the Babbitt Court area.  In Ossining, the Sparta Brook overflowed its' banks around 5 AM EDT, washing away a backyard and flooding an adjoining basement and garage.  Flooding also was reported in Mt. Kisco, particularly near Shoppers Park, where several stores reported damage from the flooding.  Damage to several municipal buildings was also reported in other portions of downtown Mt. Kisco.   There were also numerous reports of street and highway flooding in the New York City area, as well as Nassau and Suffolk Counties on Long Island, which led to several major road and highway closings.Here are some rainfall totals for this event:In Rockland County: 1.65 inches at Suffern.In Westchester County: From 2.69 inches at Westchester County Airport in White Plains, to 5.73 inches in Granite Springs.In the New York City area: From 1.37 inches in Brooklyn, to 2.36 inches at John F. Kennedy International Airport in Queens.  In addition, a daily record amount of 1.55 inches occurred at Central Park.In Nassau County: From 2.51 inches at Wantagh, to 5 inches at Lido Beach.In Suffolk County: From 2.27 inches at Copiague, to 4.35 inches at Patchogue."
E20010623-1116564,,2001-06-23 13:00:00,2001-06-23 13:00:00,2001,inland-flooding,MN;SI,0,1116564,0,0,ok,0,ok,0,ok,,missing,,missing,79.0,ok,69.1,ok,1.64,ok,0.0,ok,25.9,ok,,na,,na,,na,23292,ok,4,ok,,na,,na,,na,,na,,na,,,,,"A severe thunderstorm produced high winds and torrential rain as it passed over Larchmont.  High winds downed many trees, which fell on  houses, uprooted sidewalks, and downed power lines in a 15 to 20 block area.  This storm also downed trees and power lines in Mamaroneck. Torrential rain also caused flooding of low-lying and poor drainage areas.Heavy rains caused widespread significant ponding of water in poor drainage and low-lying areas in the New York City area.  In Staten Island, several cars became inundated with water and stalled.  Several people required rescue from their cars.  In Manhattan, flooding caused the closure of a large segment of West Side highway between 100th and 120th Streets.These heavy rains also led to rises in area rivers and streams. In Rockland County, the Mahwah River at Suffern was above its' flood stage of 4.0 ft. from 4:56 PM EDT on June 23rd until 3:42 AM EDT on June 24th. The crest stage was 5.8 ft. at 7:00 PM on June 23rd.  Also, in Stony Point, a 17 year old male was swept into floodwaters at a culvert on Willow Grove Drive.  He was rescued, and suffered only minor injuries. Frequent cloud to ground lightning also accompanied some of these thunderstorms. Lightning struck a house at 29 Captain Shankey Drive in Haverstraw at 2:56 pm EDT and struck a person at 1 Lyle Terrace at 3:15 pm EDT. In Westchester County, lightning struck a utility pole in Yorktown, causing hot electrical wires to fall on an occupied Sports Utility Vehicle.  The occupant was briefly trapped in the vehicle, but was uninjured."
E20010723-1119680,,2001-07-23 08:00:00,2001-07-23 08:00:00,2001,coastal-hazard,QN,0,1119680,0,3,ok,0,ok,0,ok,,missing,,missing,93.0,ok,66.9,ok,0.0,ok,0.0,ok,25.1,ok,,na,,na,,na,0,ok,0,ok,,na,,na,,na,,na,,na,6.13,0.32,The Battery,,"Three girls were playing in knee-deep surf near Beach 17th street on Rockaway Beach around 9 am EDT, when they were swept away by rip currents.  The inlet between Rockaway and Atlantic Beach was dredged to accommodate boat travel.  The steep slope of the Continental Shelf, coupled with the tides, created a dangerous funnel effect."
E20010808-1121914,,2001-08-08 16:00:00,2001-08-10 14:00:00,2001,extreme-heat,BX;BK;MN;QN;SI,0,1121914,0,4,ok,0,ok,0,ok,,missing,,missing,105.1,ok,73.9,ok,0.46,ok,0.0,ok,30.0,ok,,na,,na,,na,0,ok,1,ok,,na,,na,,na,,na,,na,,,,,"A Bermuda high pressure system ""pumped"" hot temperatures and high humidities across the region.The 6 day heat wave began on Sunday, August 5th, when temperatures first reached 90 degrees at Central Park.  Record high temperatures at Central Park were broken on two consecutive days, August 8th and 9th.  High temperatures at Central Park reached 103 degrees on the 9th and 99 degrees on the 7th and 8th.  Heat indices peaked across the entire region on Thursday, August 9th to between 105 and 110 degrees.  Heat indices were also quite high on Friday, August 10th, reaching 105 to 110 degrees, as humidity levels increased, despite slightly lower temperatures.On Monday, August 6th, high temperatures ranged from 90 degrees at White Plains to 94 at Central Park.  Heat indices in urban areas ranged from 95 to 100 degrees.  On Tuesday, August 7th, high temperatures ranged from 91 degrees at Montauk Point to 99 at Central Park.  Most temperatures were from the mid to upper 90s.  Heat indices in urban and inland areas ranged from 98 to 103 degrees.  On Wednesday, August 8th, high temperatures ranged from 92 degrees at Westhampton Beach to a record breaking 99 degrees at Central Park.  Heat indices ranged from 100 to 105 degrees across the entire area.  On Thursday, August 9th, high temperatures in urban and inland areas  ranged from 100 to 105 degrees with heat indices near 105 degrees. On Friday, August 10th, high temperatures ranged from 91 degrees at Farmingdale, to 97 degrees at Central Park. Despite slightly lower temperatures, increased humidity levels led to heat indices ranging from 105 to 110 degrees in highly urban and inland areas.As temperatures rose higher each day, demand for electricity increased.  Scattered power outages first occurred in urban areas on August 7th, then spread across the suburbs on the 8th and became more widespread on August 9th and 10th.  Excessive heat caused a portion of Sunrise Highway at Exit 40 (near Route 231) to ""buckle,"" which caused road closure.  During August 7th and 8th, the Long Island Power Authority reported about 21,000 outages which were scattered across Nassau and Suffolk Counties.  The Mayor's Office of Emergency Management in NYC opened ""cooling centers"" throughout the city on Tuesday, August 7th.There were also 4 deaths attributed to the excessive heat.  Three individuals from Manhattan - two women and one man, and another woman from Brooklyn perished.  Their ages ranged from 57 to 82.  Two of the victims died in their homes, while the other two perished while hospitalized.In Suffolk County, a male in Wyandanch was found in his apartment in critical condition with a high fever.  There was no air conditioning in his apartment. Farmers, particularly in eastern Suffolk County on Long Island, reported moderate crop damage due to the excessive heat. Leafy vegetable and potato crops suffered the greatest damage from the extreme heat."
E20010813-1121919,,2001-08-13 12:30:00,2001-08-13 12:30:00,2001,flash-flooding,QN,0,1121919,0,0,ok,0,ok,0,ok,,missing,,missing,87.1,ok,71.1,ok,0.93,ok,0.0,ok,23.9,ok,,na,,na,,na,24075,ok,8,ok,,na,,na,,na,,na,,na,4.56,0.09,The Battery,,"On Monday, August 13th, a weak cold front approached southeast New York from the west.  In advance of the front, a warm, moist, and very unstable air mass was in place.  As a weak sea breeze developed within this air mass, showers and thunderstorms developed.  With abundant moisture in place, very heavy rainfall accompanied these thunderstorms, with rainfall rates in excess of 2 inches per hour occurring across portions of northern Queens County and northern Nassau County.  In addition, with weak steering winds in place, these showers and thunderstorms moved very slowly, producing highly localized rainfall amounts of 5 inches or more.  Consequently, flooding of roadways and highways occurred in highly localized portions of northern Queens and northern Nassau Counties.  In northern Queens County, isolated severe flooding occurred along the Cross Island Parkway and Whitestone Expressway, leading to eventual shutdown of these major arterial highways.  Victims were stranded in vehicles on these highways and on other local roads in northern Queens.  In addition, several health care facilities were flooded, including one area hospital and seven area nursing homes.In Nassau County, heavy rains and flooding washed out several hundred feet of track bed on the Long Island Railroad's Port Jefferson branch, causing derailment of a non-passenger equipment train and stranding thousands of evening rush-hour commuters in Hicksville.  The accident was attributed to the overflowing of a recharge basin in Syosset, which created a 15 foot-deep hole under the track bed.In Suffolk County, localized flooding was reported in Huntington.  On Main Street, several businesses reported basement flooding as heavy rains, combined with a broken sidewalk, led to the penetration of water into basements.  Up to 3 feet of water were reported in some basements."
E20010814-1121921,,2001-08-14 18:45:00,2001-08-14 19:00:00,2001,inland-flooding,BK;MN;QN,0,1121921,0,0,ok,0,ok,0,ok,,missing,,missing,86.0,ok,66.0,ok,0.39,ok,0.0,ok,23.0,ok,,na,,na,,na,0,ok,1,ok,,na,,na,,na,,na,,na,,,,,"On Tuesday, August 14th, a strong upper atmospheric disturbance approached southeast New York from the northwest.  As it approached, locally strong thunderstorms developed and moved southeast. These thunderstorms produced torrential rainfall, and led to localized flooding of roadways and highways in the New York City area, and Nassau County on Long Island.  In Queens County, flooding was reported in central and eastern portions of the County, particularly along the Cross Island Parkway near Bell Boulevard.  In Kings County, flooding was reported along portions of the Belt Parkway.  A cooperative observer from Gravesend recorded 1.75 inches of rainfall in 25 minutes, indicative of the torrential nature of the rainfall.  Isolated flooding was also reported in sections of Manhattan.In Nassau County, manhole covers were lifted in Manhasset due to excessive runoff from the rainfall.  In Westchester County, several homes reported flooding in the vicinity of Yonkers."
E20020101-1130178,,2002-01-01 00:00:00,2002-01-31 23:59:00,2002,drought,BX;BK;MN;QN;SI,0,1130178,0,0,ok,0,ok,0,ok,,missing,,missing,70.0,ok,19.0,ok,2.04,ok,4.1,ok,38.0,ok,,na,,na,,na,0,ok,0,ok,,na,,na,,na,,na,,na,,,,,"Dry mild weather continued for the fourth consecutive month across the region.  The total average rainfall for January was 1.75 inches, or 50 percent of normal.  Rainfall was below average for the last seven consecutive months, yielding an average deficit of 12.13 inches.The combined storage in the New York City water supply reservoir system at the end of the month was at 41.3 percent capacity, which was 40.1 percent below normal.  Capacities in the individual reservoirs at the end of the month were:Croton System		77.5% (Percent capacity)Roundout Reservoir		87.5%Ashokan Reservoir		32.2%Schoharie Reservoir		20.8%Cannonsville Reservoir	14.9%Pepcaton Reservoir		33.3%Neversink Reservoir		33.7%The combined storage in the Upper Delaware River Basin at the Neversink, Pepcaton, and Cannonsville Reservoirs was 26.3 percent capacity (approximately 70 billion gallons).  This was over 136 billion gallons below normal, or 66.3 percent below normal levels.Streamflows in southeast New York remained below normal throughout January.  As a consequence of declining water levels, the New York State Department of Environmental Conservation (NYCDEC) declared a drought watch for the five boroughs of New York City and for Long Island on January 18th. A drought warning remained in effect for Orange, Putnam, Rockland, and Westchester counties in southeast New York."
E20020326-1132547,,2002-03-26 10:20:00,2002-03-26 10:20:00,2002,thunderstorm,,1,1132547,0,0,ok,0,ok,0,ok,,missing,,missing,50.0,ok,37.9,ok,0.33,ok,0.0,ok,40.0,ok,,na,,na,,na,0,ok,0,ok,,na,,na,,na,,na,,na,,,,,
E20020401-1130915,,2002-04-01 00:00:00,2002-04-30 23:59:00,2002,drought,BX;BK;MN;QN;SI,0,1130915,0,0,ok,0,ok,0,ok,,missing,,missing,97.0,ok,28.0,ok,3.98,ok,0.0,ok,55.0,ok,,na,,na,,na,0,ok,1,ok,,na,,na,,na,,na,,na,,,,,"A wetter pattern developed during late March that lasted through April.  Although April precipitation amounts rebounded, they still remained slightly below normal.  April was the tenth consecutive month of below normal precipitation across the region.  Sixteen of the past 19 months, since October 2000, have been below normal.  The total precipitation deficit during the past 19 months was 18.56 inches.  The total deficit during the past 10 months was 15.11 inches.  The region averaged 3.81 inches for April, which was 93 percent of normal.  Precipitation averaged 74 percent of normal during the past 19 months and 60 percent of normal during the past 10 months.The combined storage in the New York City reservoir system at the end of the month was at 64.5 percent capacity, which was 34.0 percent below normal.  Capacities in the individual reservoirs at the end of the month were: Croton System		79.6% (Percent capacity)Roundout Reservoir		94.6%Ashokan Reservoir		53.4%Schoharie Reservoir		62.5%Cannonsville Reservoir	60.4%Pepcaton Reservoir		58.9%Neversink Reservoir		57.6%The combined storage in the Upper Delaware River Basin at the Neversink, Pepcaton and Cannonsville Reservoirs was 59.3 percent capacity (approximately 160.5 billion gallons).  This was 107.7 billion gallons below normal, or 40.2 percent below normal levels.Although streamflows remained below normal during April, there was some improvement during the wetter pattern.  Flows in the less than 10 percent range on April 23rd included the Delaware River at Port Jervis and the Mahwah River at Suffern.Ground-water levels continued at or near record lows.Water conservation declarations were upgraded across the region, consistent with the persistent drought conditions.On the 11th, the New York State Department of Environmental Conservation's (NYSDEC) upgraded the Drought Watch to a Drought Warning for Nassau and Suffolk Counties, bringing all counties in extreme Southeast NY from Orange and Putnam Counties south, including NYC, under a Drought Warning."
E20020419-1132656,,2002-04-19 17:00:00,2002-04-19 17:15:00,2002,thunderstorm,BK;MN;QN;SI,0,1132656,0,1,ok,0,ok,2,ok,,missing,,missing,91.0,ok,57.0,ok,1.1,ok,0.0,ok,55.0,ok,,na,,na,,na,0,ok,0,ok,,na,,na,,na,,na,,na,,,,,"Severe thunderstorms produced large hail in Orange County and damaging winds and frequent lightning across parts of the NYC Metropolitan Area.Here are selected reports of hail from NWS Skywarn Spotters: Orange County -- 0.88-inch diameter hail in Gardnerville (Central Portion of Orange County), 0.75-inch diameter hail in Chester, and 0.88-inch diameter hail in Blooming Grove.Here are selected reports of damaging winds:Richmond County (Staten Island) - High winds downed trees.New York County (Manhattan) - High winds caused debris to blow off buildings, which resulted in 2 injuries near the intersection of Whitehall and Water Streets.  They also caused a scaffold collapse and snapped off a construction sign at its' base near the front of 520 First Avenue.Kings County (Brooklyn) - High winds caused a 15 foot tall cinderblock (freestanding) wall to fall on and kill 1 man that was walking in front of it on 78 Ingram Street.  They also caused a partial building collapse, which trapped, but did not injure construction workers.Queens County - Spotters reported downed trees in Bayside and College Point.  The NWS ASOS System at LaGuardia Airport reported a peak wind gust to 69 MPH at 6:08 pm EDT.Nassau County - Spotters reported that high winds downed trees across the Long Island Railroad tracks in Garden City."
E20020419-1132658,,2002-04-19 17:12:00,2002-04-19 17:12:00,2002,thunderstorm,,1,1132658,0,0,ok,0,ok,0,ok,,missing,,missing,91.0,ok,57.0,ok,1.1,ok,0.0,ok,55.0,ok,,na,,na,,na,0,ok,0,ok,,na,,na,,na,,na,,na,,,,,"As a line of severe thunderstorms swept east across the area, the wind sensor at the NOS PORTS Tide Gage in Sandy Hook, NJ recorded a peak wind gust to 35 knots at 6:12 pm EDT and to 52 knots at 6:18 pm EDT.  The NWS ASOS System at John F. Kennedy Airport measured a peak wind gust of 46 knots."
E20020501-1134887,,2002-05-01 00:00:00,2002-05-31 23:59:00,2002,drought,BX;BK;MN;QN;SI,0,1134887,0,0,ok,0,ok,0,ok,,missing,,missing,90.0,ok,39.0,ok,3.89,ok,0.0,ok,44.1,ok,,na,,na,,na,10938,ok,3,ok,,na,,na,,na,,na,,na,,,,,"A wetter pattern developed during late March that lasted through May.  The tri-state region saw drought conditions relax a bit due to some very beneficial rains and some diligent water use restrictions and conservation measures.  May broke a string of 10 consecutive months of below normal precipitation.  The Hydrologic Service Area (HSA) received 4.77 inches for the month, which was 122 percent of normal or 0.85 inches above normal.  Sixteen of the past 20 months, dating back to October 2000, were below normal.  The total precipitation deficit during the past 20 months was 17.71 inches; and during the past 11 months was 14.26 inches.Despite the recent rainfall, ground water levels were similar to levels during the 1965-66 drought.  Ground water storage was much less than in normal years.  However, surface water storage did improve.The combined storage in the New York City reservoir system at the end of May was 77.0 percent capacity, which was 20.0 percent below normal.  Capacities in the individual reservoirs at the end of May were: Croton System		89.3% (Percent capacity)Roundout Reservoir		97.2%Ashokan Reservoir		69.6%Schoharie Reservoir		79.3%Cannonsville Reservoir	81.7%Pepcaton Reservoir		73.2%Neversink Reservoir		74.4%The combined storage in the Upper Delaware River Basin at the Neversink, Pepcaton and Cannonsville Reservoirs was 77.0 percent capacity (approximately 270.2 billion gallons).  This was 61.6 billion gallons below normal, or 22.8 percent below normal levels.The New York State Department of Environmental Conservation extended the Drought Warning for the Lower Hudson Valley, New York City, and Long Island through May 31st."
E20020531-1134891,,2002-05-31 18:30:00,2002-05-31 19:49:00,2002,thunderstorm,BX;BK,0,1134891,0,0,ok,0,ok,0,ok,,missing,,missing,90.0,ok,63.0,ok,0.56,ok,0.0,ok,44.1,ok,,na,,na,,na,10658,ok,1,ok,,na,,na,,na,,na,,na,,,,,
E20020601-1141282,,2002-06-01 00:00:00,2002-06-30 23:59:00,2002,drought,BX;BK;MN;QN;SI,0,1141282,0,0,ok,0,ok,0,ok,,missing,,missing,96.1,ok,51.1,ok,5.88,ok,0.0,ok,33.1,ok,,na,,na,,na,10658,ok,1,ok,,na,,na,,na,,na,,na,,,,,"Diligent water conservation practices and a wetter pattern helped ease drought conditions during June, which marked the second consecutive month of above normal precipitation across the region.  The lower Hudson River Valley and the Catskill Region received an average of 5.45 inches of rain, which was 147 percent of normal.At the end of June, a majority of the streams monitored in real time by the U. S. Geological Survey in New York, were classified as having streamflows in the 25 to 74 percentile.  Ground water storage was much below normal capacity.  On the other hand, lake and reservoir storage continued to improve.The combined storage in the New York City reservoir system on June 30th was 88.3 percent capacity, which was 7.8 percent below normal.  Capacities in the individual reservoirs on June 30th were: Croton System		95.4% (Percent capacity)Roundout Reservoir		95.4%Ashokan Reservoir		80.1%Schoharie Reservoir		78.1%Cannonsville Reservoir	90.8%Pepcaton Reservoir		88.2%Neversink Reservoir		87.7%The New York State Department of Environmental Conservation extended the Drought Warning for Long Island, New York City, Rockland and Westchester Counties through June 30th.  The Drought Warning for Orange and Putnam Counties was downgraded to a Drought Watch."
E20020611-1137401,,2002-06-11 19:06:00,2002-06-11 19:06:00,2002,thunderstorm,,1,1137401,0,0,ok,0,ok,0,ok,,missing,,missing,91.9,ok,62.1,ok,0.0,ok,0.0,ok,21.9,ok,,na,,na,,na,0,ok,0,ok,,na,,na,,na,,na,,na,,,,,"As a line of thunderstorms swept east at 30 knots, it produced a wind gust to 35 knots at the NOS Sandy Hook Tide Gage and a gust to 40 knots at Buoy ALSN6 (Ambrose Light Tower)."
E20020612-1137402,,2002-06-12 15:06:00,2002-06-12 15:06:00,2002,thunderstorm,,1,1137402,0,0,ok,0,ok,0,ok,,missing,,missing,90.0,ok,59.0,ok,0.56,ok,0.0,ok,29.1,ok,,na,,na,,na,0,ok,0,ok,,na,,na,,na,,na,,na,,,,,"As strong thunderstorms moved east at 30 knots, they produced a peak wind gust of 36 knots at the NOS Sandy Hook Tide Gage.  Additionally, the NWS ASOS Systems at Newark NJ measured a peak wind gust of 30 knots at 3:43 pm EDT and at John F. Kennedy Airport measured a peak wind gust of 33 knots at 4:18 pm EDT."
E20020626-1141277,,2002-06-26 13:05:00,2002-06-26 16:35:00,2002,thunderstorm;flash-flooding,BX;MN,0,1141277,0,0,ok,0,ok,0,ok,,missing,,missing,96.1,ok,71.1,ok,0.36,ok,0.0,ok,23.9,ok,,na,,na,,na,0,ok,0,ok,,na,,na,,na,,na,,na,4.51,0.09,The Battery,,"As severe thunderstorms moved across the region, they produced high winds and heavy rain.  High winds downed many trees and power lines across the region.  Heavy rain produced flash floods in the Bronx."
E20020701-1143500,,2002-07-01 00:00:00,2002-07-31 23:59:00,2002,drought,BX;BK;MN;QN;SI,0,1143500,0,0,ok,0,ok,0,ok,,missing,,missing,100.0,ok,60.1,ok,1.47,ok,0.0,ok,34.9,ok,,na,,na,,na,0,ok,0,ok,,na,,na,,na,,na,,na,,,,,"After an encouraging 4 month period of increased rainfall and improved drought conditions, the region experienced a disappointing setback during July.  Rainfall during July was well below normal.  The Brookhaven Hydrologic Service Area (HSA) received 1.62 inches of rain, which was 41 percent of normal or 2.33 inches below normal.  If there was a ""bright"" spot, rainfall was slightly higher across New York City's Croton and Catskill Watersheds, which averaged 60 to 70 percent of normal.At the end of July, a majority of the streams monitored in real time by the U. S. Geological Survey in New York, were classified as having streamflows below normal.The combined storage in the New York City reservoir system on July 31st was 80.2 percent capacity, which was 10.3 percent below normal.  Capacities in the individual reservoirs on July 31st were: Croton System		89.1% (Percent capacity)Roundout Reservoir		97.3%Ashokan Reservoir		76.9%Schoharie Reservoir		53.9%Cannonsville Reservoir	75.0%Pepcaton Reservoir		79.5%Neversink Reservoir		76.4%The New York State Department of Environmental Conservation extended the Drought Warning for Long Island, New York City, Rockland and Westchester Counties through July 31st.  The Drought Watch for Orange and Putnam Counties was also extended through July 31st."
E20020702-1137414,,2002-07-02 12:00:00,2002-07-04 17:00:00,2002,extreme-heat,BX;BK;MN;QN;SI,0,1137414,0,0,ok,0,ok,0,ok,,missing,,missing,100.0,ok,71.1,ok,0.0,ok,0.0,ok,21.0,ok,,na,,na,,na,0,ok,0,ok,,na,,na,,na,,na,,na,,,,,"Temperatures rose into the mid and upper 90s across the region.  Overnight low temperatures remained in the lower 80s on the third and fourth in highly urbanized areas throughout the New York City Metropolitan Area.  Overall, temperatures averaged 10 to 15 degrees above normal.  On July 4th, the temperature reached 98 degrees at LaGuardia Airport, which set a new record high temperature.  High temperatures and humidities combined to produce heat indices from 100 to 105 degrees throughout the region.  Many cooling centers were opened across the city.  On July 4th, the New York Times reported, ""Hospital emergency rooms reported some heat exhaustion cases and other heat-related ailments.  Small power failures throughout the day left as many as 20,000 homes without electricity.""  Brownouts occurred throughout the New York City Metropolitan Area, which included New Rochelle, where over 3,300 city residents lost power.  Other areas affected included Eastchester, Tuckahoe, and Bronxville, where power outages developed around 1:30 pm on July 2nd.  The Long Island Power Authority (LIPA) also reported scattered power outages that affected about 2700 customers throughout Long Island on July fourth."
E20020729-1137415,,2002-07-29 12:00:00,2002-07-31 23:59:00,2002,extreme-heat,BX;BK;MN;QN;SI,0,1137415,0,0,ok,0,ok,0,ok,,missing,,missing,99.0,ok,73.9,ok,0.0,ok,0.0,ok,25.1,ok,,na,,na,,na,0,ok,0,ok,,na,,na,,na,,na,,na,,,,,"An eight day ""heat wave"" began on July 29th and extended through August 5th across the region.  High temperatures rose into the mid and upper 90s from July 29th through the 31st.  These temperatures combined with humidity produced heat indices from 100 to 105 degrees on the 29th and from around 95 to 100 on the 30th and 31st."
E20020801-1144334,,2002-08-01 00:00:00,2002-08-31 23:59:00,2002,drought,BX;BK;MN;QN;SI,0,1144334,0,0,ok,0,ok,0,ok,,missing,,missing,100.0,ok,60.1,ok,7.07,ok,0.0,ok,44.1,ok,,na,,na,,na,57734,ok,15,ok,,na,,na,,na,,na,,na,,,,,"The Brookhaven Hydrologic Service Area (HSA) received 4.09 inches of rain during August, which was 95 percent of normal or just 0.19 inches below normal.  Because most rainfall was produced by convection, amounts were ""variable"" across the region.  For example, Nassau County received 6.47 inches for the month, which was 151 percent of normal.  Most of this rainfall was attributed to 2 heavy rainfall events that occurred on August 16th and 29th.At the end of August, a majority of the streams monitored in real time by the U. S. Geological Survey in New York, were classified as having streamflows in the 10 to 24 percentile, which was well below normal.  Numerous new record low flows for the day were established throughout August.The combined storage in the New York City reservoir system on August 31st was 65.5 percent capacity, which was 13.4 percent below normal.  Capacities in the individual reservoirs on August 31st were: Croton System		81.7% (Percent capacity)Roundout Reservoir		95.5%Ashokan Reservoir		69.7%Schoharie Reservoir		26.3%Cannonsville Reservoir	39.5%Pepcaton Reservoir		65.3%Neversink Reservoir		59.5%The New York State Department of Environmental Conservation extended the Drought Warning for Long Island, New York City, Rockland and Westchester Counties through August 31st.  The Drought Watch for Orange and Putnam Counties was also extended through August 31st."
E20020802-1142030,,2002-08-02 18:10:00,2002-08-02 19:45:00,2002,thunderstorm;hail,BX;MN;SI,0,1142030,0,1,ok,0,ok,1,ok,,missing,,missing,97.0,ok,70.0,ok,1.19,ok,0.0,ok,44.1,ok,,na,,na,,na,45312,ok,6,ok,,na,,na,,na,,na,,na,,,,,
E20020810-1142037,,2002-08-10 17:15:00,2002-08-10 17:15:00,2002,coastal-hazard,QN,0,1142037,0,1,ok,0,ok,0,ok,,missing,,missing,90.0,ok,64.0,ok,0.0,ok,0.0,ok,21.9,ok,,na,,na,,na,0,ok,0,ok,,na,,na,,na,,na,,na,5.23,0.16,The Battery,,"A large high pressure system covered the area.  The surface ridge axis extended northeast off the Mid Atlantic Coast, south of the coastal waters.  An extratropical system (former Tropical Storm Cristobal) was southeast of the offshore waters over the high seas.Southeast swells with a period from 8 to 10 seconds arrived across the east end of Long Island during Friday morning, August 9th and moved west across the south shore of Long Island Friday afternoon.  Southwest winds circulating around the high were enhanced by developing sea breezes Saturday afternoon, August 10th.  Wind speeds increased to 15 to 20 knots, which resulted in southwest wind waves.  Significant wave heights built to 3 to 4 feet.The combination of these events led to the development of rip currents across the east end and south shores of Long Island and Queens.Three people died:An 18 year old male drowned around 3:00 pm EDT in Montauk, off the Atlantic Ocean Beach.A 17 year old male drowned around 5:45 pm EDT about 2 miles east of the East Moriches Inlet.  ""He was knocked over by a wave and sucked under the surf.""  The location was Cupsogue Beach on Dune Road.A 69 year old male drowned around 6:15 pm EDT in Rockaway Inlet."
E20020816-1142034,,2002-08-16 13:45:00,2002-08-16 16:05:00,2002,thunderstorm;flash-flooding,BX;MN;QN,0,1142034,0,0,ok,0,ok,0,ok,,missing,,missing,93.0,ok,73.0,ok,1.23,ok,0.0,ok,21.9,ok,,na,,na,,na,0,ok,0,ok,,na,,na,,na,,na,,na,4.99,-0.21,The Battery,,
E20020901-1144338,,2002-09-01 00:00:00,2002-09-30 23:59:00,2002,drought,BX;BK;MN;QN;SI,0,1144338,0,0,ok,0,ok,0,ok,,missing,,missing,91.0,ok,53.1,ok,6.4,ok,0.0,ok,46.1,ok,,na,,na,,na,10175,ok,8,ok,,na,,na,,na,,na,,na,,,,,"The wetter trend continued during September with above normal rainfall.  Near normal to above normal precipitation occurred in 6 of the past 7 months (March through September).  This wetter trend followed a stretch of 8 consecutive months of below normal precipitation (July 2001 through February 2002).The Brookhaven Hydrologic Service Area (HSA) received an average of 4.72 inches of rain during September, which was 119 percent of normal or 0.73 inches above normal.  Significant rainfall was attributed to a slow moving coastal storm during September 2nd and the remnants of tropical systems Hanna and Isidore, during September 15th and 26th.  Because some rainfall was produced by convection, amounts were ""variable"" across the region.  Rainfall amounts across Long Island were 165 percent of normal and across New York City was 150 percent of normal.  However, rainfall amounts across Orange and Putnam Counties were only 86 percent of normal.The combined storage in the New York City reservoir system on September 30th was 60.0 percent capacity, which was 13.4 percent below normal.  Capacities in the individual reservoirs on September 30th were: Croton System		78.1% (Percent capacity)Roundout Reservoir		92.3%Ashokan Reservoir		65.1%Schoharie Reservoir		14.6%Cannonsville Reservoir	35.6%Pepcaton Reservoir		57.0%Neversink Reservoir		53.0%The New York State Department of Environmental Conservation extended the Drought Warning for Long Island, New York City, Rockland and Westchester Counties through September 30th.  The Drought Watch for Orange and Putnam Counties was also extended through September 30th."
E20020902-1143494,,2002-09-02 08:00:00,2002-09-02 08:30:00,2002,flash-flooding,BK;QN,0,1143494,0,0,ok,0,ok,0,ok,,missing,,missing,69.1,ok,61.0,ok,2.88,ok,0.0,ok,29.1,ok,,na,,na,,na,8049,ok,5,ok,,na,,na,,na,,na,,na,4.3,0.75,The Battery,,
E20020911-1143496,,2002-09-11 09:30:00,2002-09-11 15:30:00,2002,high-winds,BX;BK;MN;QN;SI,0,1143496,0,1,ok,0,ok,7,ok,,missing,,missing,80.1,ok,62.1,ok,0.0,ok,0.0,ok,46.1,ok,,na,,na,,na,0,ok,0,ok,,na,,na,,na,,na,,na,5.75,0.73,The Battery,,"A strong pressure gradient developed between Hurricane Gustav, which intensified as it moved offshore, and a high pressure system, which built southeast.  High winds quickly developed behind a strong cold front that trailed from a low pressure system over Northeast New England around 10:00 am EDT.Wind speeds were sustained from 25 to 35 mph with peak gusts from 45 to 55 mph.  The highest wind gust measured by the Automated Surface Observing System at JFK Airport in Queens at 60 miles per hour at 2:27 pm EDT.  These winds, which lasted at least 6 hours, resulted in 1 death, 4 injuries, and widespread power outages caused by down trees mainly across Long Island.A 66 year old man drowned when his small boat capsized in rough seas off City Island in Western Long Island Sound.  Three other passengers sustained minor injuries.In Manhattan, 4 injuries occurred.  A construction worker was critically injured when gusting winds blew a piece of plywood off the AOL Time Warner Center ""under construction"" in Columbus Circle around 1 pm.  The plywood struck his head.  Two women passers-by suffered minor injuries; a minor leg injury and shock.  In midtown Manhattan, debris fell to the ground from a building construction site, which injured a passenger in a taxi.The Long Island Power Authority (LIPA) reported 93,000 power outages, which began around 11 am and peaked during the afternoon."
E20020926-1143491,,2002-09-26 09:00:00,2002-09-28 09:00:00,2002,heavy-rain,BX;BK;MN;QN;SI,0,1143491,0,0,ok,0,ok,0,ok,,missing,,missing,77.0,ok,55.9,ok,2.28,ok,0.0,ok,32.0,ok,,na,,na,,na,0,ok,0,ok,,na,,na,,na,,na,,na,,,,,"The remnants of Hurricane Isidore passed just to the west and northwest of the New York Metropolitan area. The result was a widespread significant rainfall event that began on Thursday morning September 26th and tapered off early Saturday morning September 28th. During this two day period, Westchester County and the Lower Hudson Valley received between one and a half and two inches of rain. During the same time period, New York City and Long Island received between two and two and a half inches of rain. The rain was also accompanied by strong and persistent winds between 20 and 30 MPH sustained along with gusts around 40 MPH that resulted in numerous downed tree branches and even knocked down a few larger tree limbs."
E20021001-1144335,,2002-10-01 00:00:00,2002-10-31 23:59:00,2002,drought,BX;BK;MN;QN;SI,0,1144335,0,0,ok,0,ok,0,ok,,missing,,missing,87.1,ok,35.1,ok,7.2,ok,0.0,ok,36.9,ok,,na,,na,,na,20027,ok,16,ok,,na,,na,,na,,na,,na,,,,,"The wet pattern continued during October with well above normal rainfall.  With the exception of July, near normal to above normal precipitation occurred in 7 of the past 8 months (March through October).  This wetter trend followed a stretch of 8 consecutive months of below normal precipitation (July 2001 through February 2002).  This nearly signals an end to the hydrologic drought that has gripped the region since late summer 2001.The Brookhaven Hydrologic Service Area (HSA) received an average of 5.54 inches of rain during October, which was 154 percent of normal.  The five boroughs of New York City received an average of over 7 inches, which was greater than 200 percent of normal.  Significant rainfall was attributed to the remnants of Tropical Storm Kyle, which produced 2 to 4 inches of rain on the 11th and 12th, and from a Nor'Easter on the 16th that produced an additional 2 inches of rain.The combined storage in the New York City reservoir system on October 31st was 68.6 percent capacity, which was only 0.5 percent below normal.  Capacities in the individual reservoirs on October 31st were: Croton System		76.9% (Percent capacity)Roundout Reservoir		89.6%Ashokan Reservoir		75.3%Schoharie Reservoir		79.6%Cannonsville Reservoir	48.1%Pepcaton Reservoir		63.2%Neversink Reservoir		66.6%The New York State Department of Environmental Conservation extended the Drought Warning for Long Island, New York City, Rockland and Westchester Counties through October 31st.  The Drought Watch for Orange and Putnam Counties was also extended through October 31st."
E20021011-1144342,,2002-10-11 18:00:00,2002-10-12 18:00:00,2002,heavy-rain,BX;BK;MN;QN;SI,0,1144342,0,0,ok,0,ok,0,ok,,missing,,missing,64.9,ok,54.0,ok,4.34,ok,0.0,ok,25.9,ok,,na,,na,,na,3147,ok,4,ok,,na,,na,,na,,na,,na,,,,,"The combination of a storm system that developed over the southern plains and moved northeast across the Mid-Atlantic states and southern New England, and tropical moisture associated with the remnants of Tropical Depression Kyle produced a widespread significant rainfall event over southeastern New York.  Light rain began to fall across the area Thursday afternoon, October 10th.  Then a steady light rain fell from Thursday evening...through the night until shortly after daybreak Friday morning. During the day on Friday, October 11th, a steady moderate to occasionally heavy rain fell across the area. This period of steadier and heavier rain resulted in widespread ponding of water on area roadways, and some minor local nuisance flooding in low lying and poor drainage areas. The steady moderate to heavy rain began to taper off to a light rain during Friday evening, and to a mainly light to occasionally moderate rain around midnight Friday night. This continued into the afternoon of Saturday October 12th, when the rain tapered off and came to an end. Total rainfall amounts reported by National Weather Service Official Observations and trained spotters ranged from 3 to 5 inches across Southeastern New York, New York City, and Long Island. This included 4.52 inches in Central Park, 4.00 inches at LaGuardia Airport (LGA), 4.67 inches in Lynbrook (Nassau County) and 3.50 inches in Middletown (Orange County)."
E20021205-1146452,,2002-12-05 16:30:00,2002-12-05 17:30:00,2002,heavy-snow,BX;BK;MN;QN;SI,0,1146452,0,0,ok,0,ok,0,ok,,missing,,missing,34.0,ok,26.1,ok,0.66,ok,7.3,ok,21.9,ok,,na,,na,,na,0,ok,0,ok,,na,,na,,na,,na,,na,,,,,"On Wednesday, December 4th, an area of low pressure started to develop along an old frontal boundary that snaked across the northwest Gulf of Mexico and the Gulf coast states.  Meanwhile, high pressure stretched from the northern plains, across the Great Lakes, to the Mid-Atlantic coast.  This high pressure locked in the cold air across the northeast United States.  That night, the developing storm moved across the southeastern states to the North Carolina coast.  Shortly after daybreak on the morning of Thursday, December 5th, as the storm started to move off the coast near Cape Hatteras, flurries and light snow started to move into New York City and the lower Hudson Valley. By 9 am, snow had started to fall across western Long Island and Westchester County, and bands of moderate to heavy snow had started to move into New York City and the lower Hudson Valley. An hour later, snow began to fall across the eastern end of Long Island, and the snow had become heavy over the western end of Long Island and Westchester.  By 11 am, a moderate to, at times, heavy snow had spread across the entire region. This steady, moderate to heavy snow continued through most of the afternoon, falling at times at rates over an inch per hour.  As the storm sped off toward the North Atlantic waters, the heavy snow began to taper off to light snow between 4 pm and 5:30 pm.  By this time, an average of 5 to 7 inches had fallen across the New York Metropolitan area,  Long Island and most of the lower Hudson Valley and as much as 6 to 9 inches in Orange county.  As moisture continued to ""wrap around"" the storm, light snow continued to fall through the evening rush hour commute before tapering off to flurries and finally ending between 8 pm and 9 pm in New York City, Westchester, the lower Hudson Valley and western Long Island.  Across the east end of Long Island, light snow lingered until shortly before midnight. Final snowfall accumulations ranged from 6 to 8 inches in New York City, Long Island and the nearby northern suburbs. Further north, in portions of Orange and northwest Putnam counties, where heavier snow bands had moved across, final snowfall totals ranged from 7 to 10 inches."
E20021225-1146456,,2002-12-25 19:30:00,2002-12-26 00:00:00,2002,heavy-snow,BX;QN,0,1146456,0,0,ok,0,ok,0,ok,,missing,,missing,39.0,ok,28.9,ok,1.33,ok,6.3,ok,36.9,ok,,na,,na,,na,12202,ok,1,ok,,na,,na,,na,,na,,na,,,,,"On Tuesday, December 24th, an area of low pressure began to develop over the Gulf coast states.  That night, the storm intensified as it moved northeast, reaching the Virginia coastline by daybreak on December 25th.  Around this time, spotty drizzle and light rain began to overspread the New York Metropolitan area and Long Island, while light freezing rain and freezing drizzle started to fall across the lower Hudson Valley.  As the morning progressed, the center of low pressure started to track northeast over the Atlantic along a path that hugged the coast.  As a result, a steady rain developed over New York City and Long Island, while freezing rain began to mix with sleet and snow in the lower Hudson Valley.  As the storm started to move east of the tri-state area, winds shifted from the east and northeast to the north or northwest. This allowed colder air to slowly infiltrate southeastern New York.  The wintry mix changed to snow in the lower Hudson Valley during the early afternoon, and the rain changed to snow during the mid afternoon in New York City and during the late afternoon across all of Long Island except for the twin forks region where the rain did not change to snow until that evening.  During the late afternoon and early evening, narrow bands of heavy snow developed and moved over parts of the region, which resulted in large ranges of snowfall with this storm.  As the center of the storm continued to move northeast away from the area, the snow then tapered off to light snow and flurries overnight, ending shortly after midnight in the lower Hudson Valley and New York City, and from west to east between about 2 am and 4 am across Long Island.  Snowfall amounts in Orange and Putnam counties ranged from 10 to 20 inches, 6 to 12 inches fell in Rockland and Westchester counties, and 3 to 6 inches in New York City, except for an area across the eastern Bronx and northeastern Queens, where 6 to 10 inches fell.  On Long Island, 6 to 12 inches fell in Nassau and Western Suffolk counties, while across eastern Suffolk amounts ranged from less than an inch across the twin forks to 2 to 4 inches just west of Riverhead. The wide ranges of snowfall were generally due to narrow banding of heavy snow, but across Long Island the timing of the change from rain to snow also accounted for the pronounced differential of snow received."
E20030207-1147977,,2003-02-07 12:30:00,2003-02-07 15:00:00,2003,heavy-snow,BX;QN,0,1147977,0,0,ok,0,ok,0,ok,,missing,,missing,34.0,ok,23.0,ok,0.54,ok,5.7,ok,25.1,ok,,na,,na,,na,0,ok,0,ok,,na,,na,,na,,na,,na,,,,,"As a low pressure system developed off the Mid Atlantic Coast, heavy snow occurred throughout the region.Most snowfall amounts ranged from around 5 to 9 inches.  Here are selected specific snowfall amounts for:Orange County:  from 5.0 inches at Circleville and Walden to 8.5 inches in Chester.Putnam County:  from 6.0 inches in Patterson and Mahopac to 8.0 inches in Lake Carmel.Rockland County:  from 5.8 inches in Sparkill to 8.0 inches in New City and Spring Valley.Westchester County:  from 6.4 inches in Yonkers to 9.0 inches in Valhalla.New York City:  from 4.8 inches at JFK Airport to 7.5 inches in Riverdale.  At both Central Park Zoo and LaGuardia Airport, 5.3 inches was measured. Nassau County:  from 5.0 inches at Baldwin to 7.5 inches at Wantagh.Suffolk County:  from 5.2 inches at Flanders to 8.2 inches at Baiting Hollow.  At the National Weather Service Office, 7.4 inches was measured."
E20030217-1147980,,2003-02-17 01:00:00,2003-02-17 20:00:00,2003,heavy-snow,BX;BK;MN;QN;SI,0,1147980,0,0,ok,0,ok,0,ok,20000000,ok,33793986,ok,27.0,ok,12.9,ok,1.49,ok,21.6,ok,40.0,ok,3754519,ok,6344008,ok,,missing,0,ok,0,ok,,na,,na,,na,,na,,na,,,,3184,"With an exceptionally strong high pressure system over New England, a low pressure system developed off the Mid Atlantic Coast.  Periods of light snow developed as northeast winds increased to around 15 mph across the NYC Metro area Sunday afternoon, February 16th.  Snow became widespread and heavy, falling at rates up to 2 to 3 inches per hour Sunday night and Monday, February 17th.  Heavy snow blown by northeast winds 20 to 30 mph caused near blizzard conditions throughout the area.  Record heavy snowfalls crippled mass transit.  These extremely hazardous weather conditions led to local emergency declarations throughout the region.  In New York City, the cost estimate for total snowfall operations was around 20 million dollars.  In addition, widespread moderate beach erosion and minor tidal flooding accompanied this system.Storm Total Snowfall ranged from around 14 to 28 inches.Here are selected specific snowfall amounts for:Orange County:  from 14.0 inches at Port Jervis to 28.0 inches at Tuxedo.Putnam County:  from 15.5 inches at West Mahopac to 20.0 inches at Carmel.Rockland County:  from 18.0 inches at Nyack to 24.3 inches at Sparkill.Westchester County:  from 14.5 inches at Croton On Hudson to 26.0 inches at Thornwood.New York City:  from 15.5 inches at Marine Park in Brooklyn to 25.6 inches at JFK Airport.  At the Central Park Zoo, 19.8 inches was measured.  At LaGuardia Airport, 16.5 inches was measured.Nassau County:  from 14.1 inches at Valley Stream to 23.5 inches at Farmingdale.Suffolk County:  from 14.0 inches at Islip and Manorville to 24.0 inches at Bohemia and Bridgehampton.  At the National Weather Service Office in Upton, 21.1 inches was measured."
E20030321-1148808,,2003-03-21 19:00:00,2003-03-21 19:00:00,2003,hail,QN,0,1148808,0,0,ok,0,ok,0,ok,,missing,,missing,66.0,ok,45.0,ok,0.68,ok,0.0,ok,28.0,ok,,na,,na,,na,0,ok,0,ok,,na,,na,,na,,na,,na,,,,,
E20030407-1150135,,2003-04-07 16:00:00,2003-04-07 17:00:00,2003,heavy-snow,BX;BK;MN;QN;SI,0,1150135,0,0,ok,0,ok,0,ok,,missing,,missing,37.9,ok,30.0,ok,0.69,ok,5.6,ok,29.1,ok,,na,,na,,na,0,ok,0,ok,,na,,na,,na,,na,,na,,,,,"This late season snowstorm produced widespread snowfall amounts of 4 to 7 inches in New York City and Long Island. This included about a 4 hour period on the afternoon of Monday, April 7th during which heavy snow fell at rates of an inch or more per hour. Local impacts from the storm included over 300 cancelled flights at LaGuardia and Kennedy Airports, a crippled mass transit system, numerous traffic accidents on area roadways and downed tree limbs in the vicinity of Peter Cooper Village in Manhattan."
E20030614-1156617,,2003-06-14 15:30:00,2003-06-14 15:30:00,2003,thunderstorm,QN,0,1156617,0,0,ok,0,ok,0,ok,,missing,,missing,84.9,ok,57.9,ok,0.69,ok,0.0,ok,29.1,ok,,na,,na,,na,3748,ok,2,ok,,na,,na,,na,,na,,na,,,,,"As a cluster of severe thunderstorms moved southeast, they produced damaging wind gusts, small hail, and torrential rain.In Nassau County, high wind gusts downed a power line in Lattingtown and trees in Syosset, which were reported by local law enforcement.In Queens, the NYC Office of Emergency Management reported numerous trees down in Jamaica and Briarwood.In Suffolk County, a trained spotter reported numerous trees downed, small hail, and localized street flooding."
E20030722-1159585,,2003-07-22 13:40:00,2003-07-22 16:28:00,2003,hail;thunderstorm;flash-flooding,BK;MN;QN;SI,0,1159585,0,1,ok,0,ok,0,ok,,missing,,missing,87.1,ok,66.9,ok,3.02,ok,0.0,ok,25.9,ok,,na,,na,,na,7222,ok,6,ok,,na,,na,,na,,na,,na,4.71,0.61,The Battery,,
E20030804-1162176,,2003-08-04 15:22:00,2003-08-04 16:45:00,2003,flash-flooding,BK;MN;QN;SI,0,1162176,0,0,ok,0,ok,0,ok,,missing,,missing,86.0,ok,72.0,ok,2.78,ok,0.0,ok,25.1,ok,,na,,na,,na,19154,ok,12,ok,,na,,na,,na,,na,,na,5.56,0.41,The Battery,,"As a cold front moved slowly east and displaced warm, moist, and unstable air; lines of heavy showers and thunderstorms occurred.Torrential rain resulted in widespread flash flooding of streets, low lying and poor drainage areas, mainly in 2 lines:  one line extending  across Western Staten Island northeast across Hudson County, NJ and another line extending from the Eastern Shores of Staten Island northeast across Western Brooklyn, Southern Manhattan, and Northwest Queens.  The highest rainfall rates were between 2 and 3 inches per hour.  The Storm Total Rainfall at LaGuardia Airport was 2.78 inches and at Central Park was 1.98 inches. The New York City Office of Emergency Management reported flooding of several main roads which resulted in partial closures of the FDR Drive at 116th Street in Manhattan, Sections of the Belt Parkway in Brooklyn, and Sections of the Brooklyn Queens Expressway in Queens along with the N and R Subway Tunnels flooded.  People waded through knee deep water near Carroll Street and Fourth Ave., which also flooded basements in Brooklyn.  Spotters reported significant street flooding in Annadale, where sewers and septics also backed up onto the streets.  In Rockland County, significant street flooding occurred on Route 59, west of Route 303 in West Nyack."
E20030817-1162197,,2003-08-17 18:22:00,2003-08-17 19:22:00,2003,flash-flooding,BK,0,1162197,0,0,ok,0,ok,0,ok,,missing,,missing,84.0,ok,64.0,ok,0.76,ok,0.0,ok,21.9,ok,,na,,na,,na,6475,ok,1,ok,,na,,na,,na,,na,,na,5.26,0.7,The Battery,,"As a mid and upper level disturbance swung through the area, a line of heavy showers and thunderstorms developed and moved east across Southeastern New York, New York City and Long Island. Widespread rainfall amounts were between one and two inches, while isolated locations received as much as three to four inches of rain in as little as two hours. The New York City Office of Emergency Management reported water levels up to car doors on the Belt Parkway near Pennsylvania Avenue in Brooklyn, local police reported significant widespread street flooding in the town of New Castle in Westchester County and on Route 25 between Peconic and Greenport in Suffolk County, and a trained spotter reported significant street flooding in Mattituck in Suffolk County."
E20030918-1163161,,2003-09-18 12:00:00,2003-09-19 05:00:00,2003,high-winds;tropical-cyclone,BX;BK;QN;SI,0,1163161,0,0,ok,0,ok,1,ok,,missing,,missing,82.9,ok,64.0,ok,0.66,ok,0.0,ok,40.0,ok,,na,,na,,na,2897,ok,1,ok,,na,,na,,na,,na,,na,5.56,2.01,The Battery,,"As Hurricane Isabel moved northwest toward the southern Mid Atlantic States, a strong high pressure system built over Northern New England.  As the pressure gradient increased, strong northeast winds developed across the region Thursday, September 18th.  Hurricane Isabel made landfall near Drum Inlet, North Carolina at 1 pm on the eighteenth. As Isabel accelerated toward the north northwest, tropical storm force winds rapidly expanded north.  Tropical storm force winds of 39 miles per hour (mph) occurred across parts of Nassau County, Queens, Brooklyn, and Staten Island from Thursday evening through Thursday night. Across Rockland, Westchester, and Suffolk Counties, east winds were sustained between 25 and 35 mph with peak gusts between 35 and 45 mph. When strong winds were accompanied by bands of heavy showers, many trees, tree limbs, and power lines were downed across the region.  The greatest damage occurred from Nassau County west across Staten Island. These strong winds resulted in 1 death and 2 injuries:A 42 year old male police officer drowned while body surfing in high surf off Long Beach in Nassau County around 6 pm on the 18th.A large tree limb fell through the driver's car door and speared a man while driving through Great Neck Estates at the Intersection of Bayview Ave. and Glenview Drive in Nassau County.  This resulted in a critical injury.A 47 year old male was struck in the head by a fallen tree branch at the intersection of Andrews Ave. and University Ave. in the Bronx around 9 pm on the 18th.  This resulted in a serious head injury.The New York City Department of Parks and Recreation provided this information:In Queens, 259 trees were downed and 350 tree limbs were downed.In Brooklyn, 197 trees were downed and 268 tree limbs were downed.In Staten Island, 97 trees were downed and 74 tree limbs were downed.In the Bronx, 54 trees were downed and 64 tree limbs were downed.In Manhattan, 33 trees were downed and 45 tree limbs were downed.Here are selected wind velocity measurements across the region:In Queens, the Automated Surface Observing Systems at:LaGuardia Airport measured a sustained 2 minute wind velocity of 40 mph from 120 degrees at 2:36 am EDT on the 19th with a peak gust to 51 mph from 120 degrees at 1:20 am EDT on the 19th.JFK Airport measured a sustained 2 minute wind velocity of 40 mph from 100 degrees at 4:02 am EDT on the 19th with a peak gust to 49 mph from 80 degrees at 12:05 am on the 19th.At the Ambrose Light C-MAN Station, the highest wind velocity measured at a height of 29 meters was a sustained 39 knot speed at 7 pm on the 18th with a peak gust to 44 knots.In Nassau County, sustained wind speeds were measured at 10 pm EDT by an Automated Weather Station at 38 mph with a peak gust to 50 mph at Long Beach High School.  The Long Island Power Authority reported 41,599 power outages across Nassau County.In Brooklyn, a peak wind gust to 47 mph was measured by an Automated Weather Station at the New Utrecht High School.  Three sides of a brick facade blew out along an exterior wall at Cinema World Studios in Green Point.In Manhattan, a peak wind gust to 46 mph was measured by an Automated Weather Station at the Manhattan Center for Science and Math."
E20030923-1163171,,2003-09-23 09:15:00,2003-09-23 10:00:00,2003,flash-flooding,BX;BK;MN;QN,0,1163171,0,0,ok,0,ok,0,ok,,missing,,missing,75.9,ok,60.1,ok,1.45,ok,0.0,ok,32.0,ok,,na,,na,,na,0,ok,0,ok,,na,,na,,na,,na,,na,5.41,1.1,The Battery,,"Showers and thunderstorms developed ahead of an approaching cold front on the morning of Tuesday, September 23rd. These storms produced areas of heavy rain that resulted in widespread rainfall amounts of between 1 and 1.5 inches with isolated locales receiving around 2 inches of rain. This created flooding problems across the lower Hudson Valley and in New York City. Several roads became impassable due to flooding and had to be at least partially closed. These included: the Pine Island Turnpike in Orange County, which was partially washed out near Goshen and Florida; several lanes on the FDR and Harlem River Drives in Manhattan; the Van Wyck Expressway in Queens, Ocean Parkway in Brooklyn and several local streets in Riverdale in the Bronx."
E20031015-1163401,,2003-10-15 00:00:00,2003-10-15 23:59:00,2003,high-winds,QN,0,1163401,0,0,ok,0,ok,0,ok,100000,ok,168970,ok,66.0,ok,50.0,ok,0.25,ok,0.0,ok,45.0,ok,,na,,na,,na,0,ok,1,ok,,na,,na,,na,,na,,na,5.89,2.93,The Battery,,"As a strong area of low pressure moved along the Saint Lawrence River Valley, its' associated cold front traversed Southeast New York early on the morning of Wednesday, October 15th. This system strengthened during the day as it moved across Southeast Canada. Meanwhile, high pressure moved from the Southern Plains across to the Southeast and Mid-Atlantic states as the day progressed. The difference in pressure between the departing low and the approaching high resulted in a persistent strong wind that reached 45 MPH sustained at 115 pm and gusted as high as 54 MPH at 220 pm at John F. Kennedy International Airport. In addition, a 54 MPH gust was recorded at 217 pm at Farmingdale Republic Airport; a 49 MPH gust was recorded at LaGuardia Airport at 807 pm, and a 47 MPH gust was recorded at Westchester County Airport at 1255 pm.There were widespread reports of damage from these winds that were obtained primarily from the print media as well as from Skywarn spotters.  Here are selected wind damage reports:A 75 foot tall Maple Tree fell onto and destroyed the 52 by 52 foot deck of a house on Tadler Drive in Mahopac.In Smithtown, a tree along the Long Island Railroad tracks on Redwood Lane tore down power lines and destroyed a utility pole as it fell. This resulted in the loss of power for 2300 customers as well as the closure of Landing Avenue from Bridlepath Road to Blydenburgh Avenue. A large tree and a number of utility lines were knocked down and blocked Broadway in Dobbs Ferry.Several roads had to be closed due to downed trees between Suffern and Pomona in Rockland County.Numerous trees and large branches were downed in West Islip, including a large tree that fell across Sylvia Drive.Several trees were snapped in half, and numerous branches and tree limbs were downed in Howard Beach. In addition, some telephone lines snapped and were hanging off the utility poles.Estimated damage costs were at least $100 thousand dollars."
E20031027-1163396,,2003-10-27 16:20:00,2003-10-27 16:20:00,2003,tornado,SI,0,1163396,0,0,ok,0,ok,0,ok,,missing,,missing,66.0,ok,51.1,ok,1.88,ok,0.0,ok,40.0,ok,,na,,na,,na,0,ok,0,ok,,na,,na,,na,,na,,na,,,,,
E20031027-1163397,,2003-10-27 16:28:00,2003-10-27 16:28:00,2003,thunderstorm,SI,0,1163397,0,0,ok,0,ok,0,ok,,missing,,missing,66.0,ok,51.1,ok,1.88,ok,0.0,ok,40.0,ok,,na,,na,,na,0,ok,0,ok,,na,,na,,na,,na,,na,,,,,"As a cold front approached the East coast, scattered showers and isolated thunderstorms developed just out ahead of the frontal boundary. Aided by a 50 to 60 knot jet located just above the boundary layer, a few thunderstorms became severe by mixing down these winds to the surface. The strong vertical wind profile also created enough shear to produce a weak tornado, as well as a gustnado in Staten Island during the late afternoon."
E20031113-1164506,,2003-11-13 08:25:00,2003-11-13 23:00:00,2003,high-winds,BX;BK;MN;QN;SI,0,1164506,0,0,ok,0,ok,0,ok,,missing,,missing,61.0,ok,37.9,ok,0.08,ok,0.0,ok,49.0,ok,,na,,na,,na,0,ok,0,ok,,na,,na,,na,,na,,na,4.75,1.2,The Battery,,"As a rapidly intensifying low pressure system moved northeast, its' associated strong cold front swept east of the area between 4 am and 7 am. With high pressure building east behind this front, strong and gusty west winds occurred.  The highest winds occurred behind this front, mainly during the morning and early afternoon.  After a brief ""lull,"" west winds peaked once again during Thursday evening, November 13th.  High winds downed numerous trees and power lines, which resulted in widespread power outages throughout the area.  Thousands of power outages were confirmed by local utility companies.Here are selected high wind measurements and damage reports from across the region.In Orange County, ""Montgomery police said a 46-year-old Newburgh man was killed after being blown off the roof of a makeshift, canvas-covered garage he was working on about 1:30 pm.""  Police stated that he fell 20 feet to the ground and suffered massive head trauma.  Schools in Goshen, along with the Orange County Government Center and 400 nearby homes and businesses were without power for 2 hours, after a falling tree severed power lines on Scotchtown Road.  At Montgomery Airport, the highest sustained wind speed was 48 MPH and the highest gust was 58 MPH, which occurred at 1:01 pm.In Bergen County, high winds downed trees onto power lines, which resulted in a partial closure of Rosalie and Hopper Roads at 7:20 am.  Spotters also reported numerous trees and power lines downed, which resulted in partial road closures in North Arlington.  At Teterboro Airport, the highest sustained wind speed was 37 MPH at 7:41 am and the highest wind gust was 47 MPH at 1:31 pm.In Rockland County, a spotter's wind system in Pomona measured a wind gust to 56 MPH at 9:50 pm.In Westchester County, the highest sustained wind speed at Westchester County Airport was 38 MPH at 9:56 pm and the highest gust was 53 MPH at 9:26 pm.  Emergency managers reported numerous trees and wires down, mainly after 4:00 pm in these Northern Westchester County communities:  Bedford, Golden's Bridge, Pound Ridge, and Lewis.  The NY State Electric and Gas Corporation reported 5000 customers without power in these areas.  In Southern Westchester County, Con Edison reported about 2500 outages in Yonkers, New Rochelle, Mt. Vernon, Greenburgh, Mount Pleasant, and Ossining.  There were reports of trees down on houses in Scarsdale, Hastings-on-Hudson, and Mount Pleasant.In the Bronx, the broadcast media reported downed trees and power lines.  The wind system at the Bronx HS of Science measured a wind gust to 52 MPH.In Manhattan, the broadcast media reported fallen construction debris and fallen scaffolding.  At Central Park, the highest sustained wind speed was 32 MPH at 9:08 pm and the highest gust was 47 MPH at 9:07 pm.In Staten Island, the broadcast media reported downed trees and power lines.In Brooklyn, the broadcast media reported downed tree limbs.  The highest wind gusts measured by School Weathernet Stations ranged from 58 MPH at Saint Edmund Prep H.S. to 66 MPH at New Ultrecht High School.In Queens, the highest sustained winds at LaGuardia Airport was 47 MPH and the highest gust was 62 MPH, which occurred at 8:40 pm.  At John F. Kennedy Airport, the highest sustained wind was 49 MPH at 12:32 pm and the highest gust was 56 MPH at 12:31 pm.  Spotters reported that a 50 foot tree was blown down on Thornhill Road in Douglaston and a tree was downed on Hill Side Ave. and 243rd Street in Queens Village.In Nassau County, a spotter reported at least 5 trees downed in Garden City.  At Farmingdale Airport, the highest sustained wind speed was 39 MPH at 10:42 am and the highest gust was 52 MPH at 8:18 am.In Suffolk County, the Shinnecock Inlet wind system measured a wind gust to 64 MPH at 11:40 am.  A wind gust to 58 MPH was measured at Smiths Point at 9:50 am.  At Islip Airport, the highest sustained wind speed was 41 MPH at 10:38 am and the highest gust was 51 MPH at 10:37 am.  At the Westhampton Beach Airport, the highest sustained wind speed was 40 MPH at 11:15 am and the highest gust was 49 MPH at 8:32 am."
E20031205-1165251,,2003-12-05 17:00:00,2003-12-07 01:00:00,2003,heavy-snow;winter-storm,BX;BK;MN;QN;SI,0,1165251,0,0,ok,0,ok,0,ok,,missing,,missing,37.0,ok,21.0,ok,1.06,ok,16.6,ok,36.0,ok,,na,,na,,na,791,ok,2,ok,,na,,na,,na,,na,,na,,,,,"As a cold high pressure system settled over New England, a series of low pressure systems developed off the Mid Atlantic Coast during Friday, December 5th and Saturday, December 6th.The first low pressure system developed along the North Carolina Coast during Friday morning.  As this low moved northeast, it intensified.  Light snow developed and quickly spread northeast across the area during the morning.  Snowfall became heavy across the NYC Metro Area, Long Island, and Southern Westchester County during the afternoon. Between 7 and 10 pm that evening, a 6 to 10 inch snowfall occurred across this area.  There were major impacts to mass transit operations during the evening's ""rush"" hours.  As this low moved southeast of Long Island, snowfall intensity decreased and became light across the region.The second low pressure system developed further north and west along the DELMARVA Coast during Saturday morning.  As this low rapidly intensified, it moved slowly northeast.  Light snow became heavy across the entire region by early afternoon.  Blizzard conditions developed from Queens County east across Suffolk County between 1 pm and 6 pm.  Wind gusts of at least 35 mph combined with heavy falling snow created ""white out"" conditions that reduced visibility to less than 1/4 mile.  Major widespread impacts to mass transit occurred across the entire region.Storm Total Snowfall amounts for this 2 day episode ranged from 6 to 25 inches.  Most snowfall accumulations were between 10 and 15 inches.  Here are selected snowfall amounts for:New York County - from 14.0 inches at Central Park Zoo to 17.8 inches at Bryant Park.Bronx County - 15.9 inches was measured at ParkchesterQueens County - from 11 inches at Richmond Hill to 13.1 inches at LaGuardia Airport.  At John F. Kennedy Airport, 12.7 inches was measured.Kings County - from 10.0 inches at Downtown Water Street to 10.7 inches at Graves End.Richmond County - 12.0 inches was measured in Staten Island.Nassau County - from 12.0 inches at Rockville Center to 16.6 inches at Bethpage.Suffolk County - from 11.0 inches at Rocky Point and Wading River to 20.5 inches in Centereach.  At the NWS Upton Office, 19.8 inches was measured.Rockland County - from 7.0 inches at Sparkill to 11.0 inches at New City.Westchester County - from 11.0 inches at Armonk to 16.0 inches at Yorktown.Orange County - from 6.0 inches at Port Jervis to 25.0 inches at Chester.Putnam County - from 8.3 inches at Pearl River to 15.0 inches at Kent."
E20040115-1165465,,2004-01-15 07:00:00,2004-01-15 07:00:00,2004,heavy-snow,BX;BK;QN;SI,0,1165465,0,0,ok,0,ok,0,ok,,missing,,missing,19.9,ok,1.0,ok,0.18,ok,5.8,ok,38.9,ok,,na,,na,,na,0,ok,0,ok,0,ok,1,ok,0,ok,,na,,na,,,,,"With an arctic air mass in place, as a strong Alberta clipper moved south of Long Island, heavy snow occurred across parts of the region.  Light snow developed during Wednesday evening, January 14th.  It became heavy at times, mainly between midnight and 8 am on Thursday, January 15th.  The Storm Total Snowfall amounts ranged from around 6 to 8 inches, as follows:In Orange County, amounts ranged from 5.0 inches at Montgomery, Cornwall-On-The-Hudson, and New Windsor to 7.4 inches at Chester.In the Bronx, 7.0 inches was measured at Riverdale.  In extreme Southern Westchester County, snowfall ranged from 6.0 inches at Bronxville to 6.5 inches at Yonkers.In Manhattan, snowfall amounts ranged from 5.2 inches at Bryant Park to 5.7 inches at the Central Park Zoo.In Staten Island, snowfall amounts ranged from 5.8 inches at Grasmere to 6.4 inches at Eltingville.In Brooklyn, snowfall amounts ranged from 5.7 inches at Graves End to 6.3 inches at Brooklyn.In Queens, amounts ranged from 5.8 inches at John F. Kennedy Airport to 7.0 inches at Far Rockaway.  At LaGuardia Airport, 6.8 inches was measured.In Nassau County, amounts ranged from 5.5 inches at Lynbrook to 7.0 inches at Farmingdale and West Hempstead.In Suffolk County, most snowfall amounts ranged from 5.0 inches at Islip Airport, Islip Hamlet, and Manorville to 8.1 inches at Selden."
E20040115-1165469,,2004-01-15 20:00:00,2004-01-16 04:00:00,2004,extreme-cold,BX;BK;MN;QN;SI,0,1165469,0,0,ok,0,ok,0,ok,,missing,,missing,26.1,ok,-0.0,ok,0.18,ok,5.8,ok,38.9,ok,,na,,na,,na,0,ok,1,ok,0,ok,2,ok,0,ok,,na,,na,,,,,"An arctic cold front swept southeast across the region during Tuesday afternoon, January 13th.  Extremely cold air followed this front through Wednesday, January 14th.As an Alberta Clipper passed south of Long Island Wednesday night, it rapidly intensified as it moved northeast of Long Island Thursday.  The large difference in pressure between a strong low pressure system northeast of New England and a strong arctic high pressure system in Southeast Canada resulted in the combination of extremely low temperatures, high winds, and extremely low wind chill index values from sunset Thursday evening through sunrise Friday morning, January 16th.Record low temperatures were set and tied on the following dates:On January 15th:A record low temperature of 2 degrees above 0 was set at John F. Kennedy Airport.A record low temperature of 1 degree above 0 was set at Islip Airport.On January 16th:A record low temperature of 1 degree above 0 was set at John F. Kennedy Airport.A record low temperature of 2 degrees above 0 was set at Islip Airport.A record low temperature of 1 degree above 0 was tied at Central Park in New York City.On January 16th, low temperatures ranged from 3 degrees below zero at Montgomery County Airport to 4 degrees above zero at Montauk Airport.  The lowest Wind Chill Index temperature values ranged from 19 degrees below 0 at Montauk Airport with a sustained wind speed of 26 mph to 26 degrees below 0 at Westchester County Airport with a sustained wind speed of 30 mph.  Peak wind gusts were between 30 and 40 mph."
E20040128-1165472,,2004-01-28 00:00:00,2004-01-28 02:00:00,2004,winter-storm,BX;BK;MN;QN;SI,0,1165472,0,0,ok,0,ok,0,ok,,missing,,missing,30.0,ok,19.0,ok,0.27,ok,4.3,ok,30.0,ok,,na,,na,,na,1141,ok,1,ok,0,ok,3,ok,0,ok,,na,,na,,,,,"A cold high pressure ridge extended southeast from James Bay across New England.  As the primary low moved northeast toward the Eastern Great Lakes, a secondary low developed off the Mid Atlantic Coast during Tuesday morning, January 27th.  This secondary low rapidly intensified as it moved northeast.A light mixture of snow, sleet, and freezing rain spread north across the area during Tuesday afternoon.  A light coating of ice on area roads made traveling extremely hazardous toward evening.  Many traffic accidents occurred across the NYC Metropolitan Area during this time.  As the precipitation rate increased during the evening, the mixture changed to a steady snow, which became heavy at times.  Most Storm Total Snowfall amounts ranged from around 6 to 12 inches.  There were isolated lower amounts across the twin forks of Long Island, where more mixing occurred.Here are selected snowfall amounts for:Orange County - from 7.8 inches at Middletown to 10.6 inches at New Windsor.Putnam County - from 7.0 inches at Carmel to 8.0 inches at Patterson.Rockland County - from 6.0 inches at New City to 9.0 inches at Suffern.Westchester County - from 8.0 inches at Ossining and Yorktown Heights to 10.0 inches at Thornwood and Hasting-On-Hudson.Bronx - 10.4 inches at Parkchester.Manhattan - 10.3 inches at Central Park.Staten Island - from 5.5 inches at Westerleigh to 7.0 inches.Brooklyn - from 7.5 inches at Sheepshead Bay to 8.3 inches at Graves End.Queens - from 6.2 inches at JFK Airport to 10.5 inches at Far Rockaway.Nassau County - from 6.5 inches at Lynbrook to 11.5 inches at Bellmore.Western and Central Suffolk County - from 6.4 inches at East Setauket to 14.6 inches at Dix Hills.Eastern Suffolk County - from 4.1 inches at Southampton to 6.0 inches at East Quogue."
E20040617-1176213,,2004-06-17 15:40:00,2004-06-17 20:00:00,2004,flash-flooding,BX;BK;MN;QN,0,1176213,0,0,ok,0,ok,0,ok,,missing,,missing,91.9,ok,69.1,ok,1.26,ok,0.0,ok,21.9,ok,,missing,,missing,,missing,1653,ok,1,ok,0,ok,2453,ok,0,ok,,na,,na,5.02,0.3,The Battery,1534,June 17th featured a nearly stationary warm front that was draped just north of the Tri-State area. The air just south of this front was very moist...with dewpoints in the 70s. During the afternoon...thunderstorms developed near this warm front and moved southeast at a slow rate of speed. These storms passed over portions of New York City and Long Island and produced torrential downpours. This caused flash flooding at several locations.
E20040625-1176212,,2004-06-25 17:33:00,2004-06-25 18:15:00,2004,flash-flooding,QN;SI,0,1176212,0,0,ok,0,ok,0,ok,,missing,,missing,82.9,ok,64.9,ok,1.39,ok,0.0,ok,25.9,ok,,na,,na,,na,0,ok,1,ok,0,ok,1217,ok,0,ok,,na,,na,4.67,0.11,The Battery,,A strong cold front crossed the tri-state area on this day. Fairly strong winds were present in the upper levels as well. This set the stage for the development of severe thunderstorms in the afternoon hours over the Lower Hudson Valley. These thunderstorms produced large hail and strong wind gusts. The thunderstorms moved east-southeast...and eventually produced flash flooding in New York City.
E20040702-1176216,,2004-07-02 18:15:00,2004-07-02 18:45:00,2004,flash-flooding,BX;QN,0,1176216,0,0,ok,0,ok,0,ok,,missing,,missing,91.0,ok,66.9,ok,0.06,ok,0.0,ok,19.9,ok,,na,,na,,na,0,ok,0,ok,0,ok,956,ok,0,ok,,na,,na,5.91,0.2,The Battery,,"Thunderstorms developed in advance of a strong cold front on this day. The thunderstorms produced large hail as they moved through Southern New England. As they moved southeastward into the New York City area, the primary threat was very heavy rain, which caused flash flooding."
E20040705-1176222,,2004-07-05 14:00:00,2004-07-05 14:00:00,2004,thunderstorm,BK,0,1176222,0,0,ok,0,ok,0,ok,,missing,,missing,91.0,ok,70.0,ok,1.07,ok,0.0,ok,21.0,ok,,na,,na,,na,0,ok,0,ok,0,ok,1524,ok,0,ok,,na,,na,,,,,
E20040714-1176223,,2004-07-14 17:45:00,2004-07-14 17:45:00,2004,thunderstorm,MN,0,1176223,0,0,ok,0,ok,0,ok,,missing,,missing,80.1,ok,66.0,ok,0.77,ok,0.0,ok,21.0,ok,,na,,na,,na,2500,ok,1,ok,0,ok,1321,ok,0,ok,,na,,na,,,,,
E20040723-1176220,,2004-07-23 20:00:00,2004-07-23 21:00:00,2004,heavy-rain,QN,0,1176220,0,0,ok,0,ok,1,ok,,missing,,missing,80.1,ok,71.1,ok,3.51,ok,0.0,ok,21.0,ok,,na,,na,,na,0,ok,1,ok,0,ok,1148,ok,0,ok,,na,,na,,,,,
E20040811-1178433,,2004-08-11 13:55:00,2004-08-11 17:20:00,2004,hail;thunderstorm;flash-flooding,BX;QN,0,1178433,0,2,ok,0,ok,2,ok,,missing,,missing,84.9,ok,68.0,ok,4.1,ok,0.0,ok,28.0,ok,,na,,na,,na,248783,ok,41,ok,0,ok,3461,ok,0,ok,,na,,na,4.9,0.32,The Battery,,"A cold front moved into a humid airmass over the tri-state area on August 11th.  Thunderstorms developed along this cold front during the afternoon.  Due to the moist airmass in place over the region, the thunderstorms became quite strong to severe.  They produced flash flooding, wind damage, and large hail."
E20040821-1178438,,2004-08-21 14:15:00,2004-08-21 14:15:00,2004,hail,QN,0,1178438,0,0,ok,0,ok,0,ok,,missing,,missing,86.0,ok,64.0,ok,0.85,ok,0.0,ok,36.9,ok,,na,,na,,na,0,ok,0,ok,0,ok,577,ok,0,ok,,na,,na,,,,,"A stationary front was situated just west of the Lower Hudson Valley and Southern New England on August 21st.  The airmass to the east of this front was very moist and unstable, with surface dewpoints in the lower 70s.  Showers and thunderstorms developed near the front and moved east during the afternoon and evening hours.  In addition to the moist atmosphere, wind speeds aloft were quite strong, which aided in the development of a few severe thunderstorms across the region."
E20040908-1180022,,2004-09-08 05:30:00,2004-09-08 08:45:00,2004,flash-flooding,BX;BK;MN;QN,0,1180022,0,0,ok,0,ok,0,ok,,missing,,missing,75.9,ok,68.0,ok,3.85,ok,0.0,ok,25.9,ok,,na,,na,,na,189312,ok,9,ok,0,ok,2410,ok,0,ok,,na,,na,3.73,0.31,The Battery,,"The remnants of Hurricane Frances produced torrential rainfall across Southeastern New York on September 8th. Rainfall amounts ranging from an inch to up to 6 inches were common across the area. This caused extensive flash flooding across the region, resulting in rescues of people from homes and cars."
E20040918-1180026,,2004-09-18 08:00:00,2004-09-18 09:55:00,2004,flash-flooding,BX;BK;MN;QN;SI,0,1180026,0,0,ok,0,ok,0,ok,,missing,,missing,79.0,ok,55.0,ok,2.19,ok,0.0,ok,44.1,ok,,na,,na,,na,0,ok,0,ok,0,ok,1259,ok,0,ok,,na,,na,5.71,1.01,The Battery,,"The remnants of Hurricane Ivan produced torrential rains across Southeast New York. Storm total rainfall reports added up to over 5 inches in some areas. This caused extensive flash flooding of roads and highways across the region. Thunderstorms intensified across the North Fork of Long Island, which produced wind damage in Mattituck."
E20040928-1180030,,2004-09-28 16:30:00,2004-09-28 22:15:00,2004,flash-flooding,BX;BK;MN;QN;SI,0,1180030,0,0,ok,0,ok,0,ok,,missing,,missing,73.9,ok,63.0,ok,3.84,ok,0.0,ok,31.1,ok,,na,,na,,na,68399,ok,11,ok,0,ok,1986,ok,137,ok,,na,,na,6.06,0.75,The Battery,,The remnants of Hurricane Jeane dropped anywhere between 3 and 6 inches across Southeastern New York State on September 28th. This resulted in numerous occurences of flash flooding across the area.
E20041201-1182722,,2004-12-01 14:54:00,2004-12-01 14:54:00,2004,high-winds,BK,0,1182722,0,0,ok,0,ok,0,ok,,missing,,missing,57.9,ok,42.1,ok,1.17,ok,0.0,ok,48.1,ok,,na,,na,,na,0,ok,0,ok,0,ok,978,ok,118,ok,,na,,na,5.91,1.46,The Battery,,"As a low pressure system moved northeast across New York State and New England, it intensified.  A cold front, which extended southwest from this low, swept east across the region, causing wind gusts between 55 and 65 mph.  High winds downed tree limbs and power lines.  The Long Island Power Authority reported approximately 38,000 outages during the day from Brooklyn east throughout Suffolk County.  The peak wind gust listed above is from an Automated Weather Station that measure instantaneous values.  The Automated Surface Observing Systems (ASOS) at:LaGuardia Airport measured a peak wind gust of 52 mph at 2:51 pm.John F. Kennedy Airport measured a peak wind gust of 55 mph at 3:21 pm.Republic Airport in Farmingdale measured a peak wind gust of 54 mph at 12:45 pm.Gabresky Airport in Westhampton Beach measured a peak wind gust of 51 mph at 12:42 pm.ASOS measures a 5 second average of the highest wind."
E20041223-1182721,,2004-12-23 15:50:00,2004-12-23 15:50:00,2004,high-winds,QN,0,1182721,0,1,ok,0,ok,0,ok,,missing,,missing,61.0,ok,39.0,ok,0.73,ok,0.0,ok,44.1,ok,,na,,na,,na,0,ok,0,ok,0,ok,667,ok,23,ok,,na,,na,5.22,1.49,The Battery,,Strong winds downed a tree onto a car traveling south along the Cross Island Parkway near the Grand Central Parkway in Queens.  The tree crushed the driver to death.  Peak wind gusts were measured at 47 mph at LaGuardia Airport and 45 mph at Kennedy Airport.
E20041223-1182720,,2004-12-23 16:44:00,2004-12-23 16:44:00,2004,thunderstorm,,1,1182720,0,0,ok,0,ok,0,ok,,missing,,missing,61.0,ok,39.0,ok,0.73,ok,0.0,ok,44.1,ok,,na,,na,,na,0,ok,0,ok,0,ok,667,ok,23,ok,,na,,na,,,,,"As a strong cold front moved east, it produced a line of heavy showers along with wind gusts measured from 36 knots at the Central Long Island Sound Buoy (Station 44039) and at the Buoy 33 NM south of Islip, NY (Station 44025) to 46 knots at the Western Long Island Sound Buoy (Station 44040)."
E20050122-1183728,,2005-01-22 17:30:00,2005-01-22 20:00:00,2005,heavy-snow,BX;BK;MN;QN;SI,0,1183728,0,0,ok,0,ok,0,ok,,missing,,missing,28.9,ok,3.9,ok,0.93,ok,10.0,ok,32.0,ok,,na,,na,,na,0,ok,0,ok,0,ok,592,ok,4,ok,,na,,na,,,,,"With cold air in place, as an Alberta Clipper moved southeast across the Ohio Valley, it weakened and redeveloped off the DELMARVA Coast during Saturday, January 22nd.  This low rapidly intensified as it moved south of Long Island Saturday night and offshore Sunday.  These systems produced near blizzard conditions with heavy snow, strong and gusty winds, blowing snow, and drifting snow.  Widespread moderate beach erosion and minor tidal flooding occurred across the Atlantic Ocean shores and east end from Saturday afternoon through Sunday morning, January 23rd.Light snow spread northeast across the region between 11 am and 1 pm, although patches of light snow occurred across the twin forks of Long Island between 9 am and 10 am.  It quickly became heavy, falling at a rate of at least 1 inch per hour, between 1 pm and 3 pm and lasted until between 7 pm and 11 pm.  Across the Lower Hudson Valley, temperatures rose from the single digits into the teens as northeast winds increased up to 15 to 25 mph during this time.  Across New York City and Long Island, temperatures rose from the teens into the 20s as northeast winds increased up to 20 to 30 mph during this time.  Driving was hazardous and there were widespread impacts to mass transit.  As the snowfall intensity decreased during Saturday night, north winds increased to 20 to 30 mph with gusts between 35 and 50 mph.  A few peak gusts near 65 mph occurred across the twin forks of Long Island.  Peak gusts at Shinnecock Inlet and Orient Point were measured at 64 and 63 mph, respectively.  This caused blowing and drifting snow through Sunday, January 23rd.Storm total snowfalls ranged from around 7 to 20 inches across the region.  Most locations measured between 8 and 16 inches.  Here are selected snowfall amounts for:Orange County - from 8.0 inches at Campbell Hall to 15.0 inches at Highland Mills.Putnam County - from 8.0 inches at Kent Cliffs to 12.0 inches at Mahopac.Rockland County - from 8.5 inches at Monsey to 10.8 inches at New City.Westchester County - from 8.0 inches at Port Chester, Eastchester, and Ardsley to 15.0 inches at Pound Ridge.Bronx County - from 6.5 inches at Throgs Neck to 11.6 inches at Parkchester.New York County (Manhattan) - from 13.0 inches at Chinatown to 13.8 inches at Central Park.Richmond County (Staten Island) - from 16.0 inches at Eltingville to 17.0 inches at Dongan Hills.Kings County (Brooklyn) - from 15.1 inches at Brooklyn to 17.5 inches at Sheepshead Bay.Queens County - from 11.1 inches at LaGuardia Airport to 15.5 inches at Fresh Meadows.  At John F. Kennedy Airport, 11.8 inches of snow was measured.Nassau County - from 11.3 inches at Great Neck to 16.5 inches at Farmingdale.Suffolk County - from 10.4 inches at Shirley to 19.5 inches at Baiting Hollow and Lake Ronkonkoma.  The NWS Upton Office measured 17.5 inches.  At Islip Airport, 15.1 inches of snow was measured.Concerning coastal flooding, pockets of moderate flooding occurred across Eastern Long Island.  The Southampton Town Office of Emergency Management reported moderate flooding in Flanders along the south side of Flanders Bay during Sunday morning's high tide around 10 am.  Two families evacuated their homes up to 2 blocks inland along Pine Road, where 2 to 3 feet of water surged inland.  Moderate tidal flooding occurred along Dune Road near Mermaid Lane in Southampton, where up to 3 to 4 feet of water covered the area during Sunday morning's high tide between 6:30 am and 8:30 am.  In Bayville, waves broke over barriers and encased lamp posts and wires in sheets of ice."
E20050221-1185029,,2005-02-21 07:00:00,2005-02-21 07:00:00,2005,heavy-snow,BX;MN,0,1185029,0,0,ok,0,ok,0,ok,,missing,,missing,37.0,ok,28.0,ok,0.43,ok,3.9,ok,23.9,ok,,na,,na,,na,0,ok,0,ok,0,ok,768,ok,31,ok,,na,,na,,,,,"As a cold Canadian air mass moved slowly east off the New England Coast, a weak wave of low pressure moved east toward New York State.  A warm front extended southeast from this low, south of Long Island, where a second weak wave of low pressure developed.Bands of moderate to heavy snow developed between 10 pm and midnight and moved slowly northeast across the region, before dissipating around 7 am. The broadcast media reported numerous traffic accidents during this entire event.Storm Total Snowfall amounts ranged from 5 to 8 inches, as follows:Orange County - from 5.0 inches at Newburgh to 8.0 inches at Montgomery.Putnam County - from 7.3 inches at Kent Hill to 8.0 inches at Patterson.Rockland County - from 6.8 inches at Sparkill to 7.5 inches at Stony Point.Westchester County - from 6.0 inches at Yorktown Heights to 8.4 inches at White Plains.Bronx County - from 6.0 inches at Pelham Parkway to 7.0 inches at Riverdale.New York County (Manhattan) - from 5.0 inches at the Central Park Zoo to 6.0 inches on the Upper West Side near Washington Heights.Suffolk County - from 5.1 inches at Mastic to 6.8 inches at Setauket."
E20050225-1185035,,2005-02-25 03:00:00,2005-02-25 03:00:00,2005,heavy-snow,BX;BK;MN;QN;SI,0,1185035,0,0,ok,0,ok,0,ok,,missing,,missing,36.0,ok,21.0,ok,0.19,ok,2.4,ok,19.9,ok,,na,,na,,na,0,ok,0,ok,0,ok,590,ok,7,ok,,na,,na,,,,,"With a cold high pressure system north of the region, a low pressure system developed off the North Carolina coast during Thursday, February 24th.  This low intensified as it moved northeast, passing across the offshore waters southeast of Long Island during Thursday night.Light snow developed across the region between 2 pm and 5 pm Thursday afternoon, February 24th.  Widespread moderate to heavy snow fell between 5 pm and 4:30 am, ending from northwest to southeast.  Storm total snowfall amounts ranged from 5 to 9 inches.  Here are selected snowfall amounts for:Southern Westchester County - from 5.5 inches at White Plains to 5.8 inches at Yonkers and Bronxville.New York County (Manhattan) - 6.0 inches was measured at the Central Park Zoo.Richmond County (Staten Island) - 6.0 inches was measured at Grasmere.Kings County (Brooklyn) - 6.0 inches was measured at Sheepshead Bay.Queens County - from 5.0 inches at JFK Airport to 6.0 inches at LaGuardia Airport.Nassau County - from 5.0 inches at Merrick and Lynbrook to 6.8 inches at Bellmore.Suffolk County - from 5.5 inches at Bayshore and Bridgehampton to 9.4 inches at Shoreham.  At the NWS Office in Upton, 8.7 inches was measured.  At Islip Airport, 5.8 inches was measured."
E20050301-1186713,,2005-03-01 06:00:00,2005-03-01 06:30:00,2005,heavy-snow,BK;MN;QN;SI,0,1186713,0,0,ok,0,ok,0,ok,,missing,,missing,42.1,ok,28.0,ok,0.36,ok,3.6,ok,28.0,ok,,na,,na,,na,0,ok,0,ok,1,ok,818,ok,31,ok,,na,,na,,,,,"A weak high pressure ridge extended southwest across the region from New England as a low pressure system intensified and moved northeast.  This strong low passed south of Long Island Monday night and east of the New England coast during Tuesday.Light snow developed northeast across the region between 1 and 4 pm Monday afternoon.  As the low rapidly intensified and moved closer to the region, narrow bands of heavy snow swept northeast across the region.  The last band of heavy snow swept northeast across the region between 7:30 am and 8:30 am Tuesday morning, March 1st.  Storm Total Snowfall amounts ranged from 5 to 9 inches.Here are selected snowfall totals for:Rockland County - from 7.2 inches at New City to 8.0 inches at Sloatsburg.Westchester County - from 5.0 inches at Scarsdale to 8.0 inches at Yorktown Heights.Putnam County - from 6.5 inches at Lake Peekskill to 8.5 inches at Lake Carmel.New York (Manhattan) - 7.5 inches was measured at the Central Park Zoo.Richmond (Staten Island) - from 6.1 inches at Bulls Head to 6.5 inches at New Dorf.Kings (Brooklyn) - from 5.0 inches at Graves End to 6.0 inches at Sheepshead Bay.Queens County - from 5.0 inches at JFK Airport to 7.0 inches at LaGuardia Airport.Suffolk County - from 5.5 inches at the NWS Office in Upton, Sag Harbor, Patchogue, and Deer Park to 7.2 inches in Smithtown.  At Islip Airport, 6.6 inches was measured."
E20050308-1186719,,2005-03-08 14:30:00,2005-03-08 19:10:00,2005,winter-storm;high-winds,BX;BK;MN;QN;SI,0,1186719,0,0,ok,0,ok,0,ok,,missing,,missing,57.0,ok,17.1,ok,0.43,ok,3.0,ok,47.0,ok,,na,,na,,na,0,ok,0,ok,0,ok,815,ok,47,ok,,na,,na,6.15,1.1,The Battery,,"A strong arctic cold front intensified as it swept southeast across the region.  This caused rain to change to snow, temperatures to fall from the 40s into the 20s, and northwest winds that gusted between 40 and 55 mph.  A peak isolated wind gust to 58 mph was measured by the Automated Surface Observing System at JFK Airport.  Near blizzard conditions occurred for a short time.  Storm total snowfalls ranged from around 2 to 4 inches.Wet and mild antecedent conditions were followed by more than a 20 degree drop in temperature in 3 hours with strong gusty winds.  This resulted in a ""flash"" freeze across roads that resulted in hundreds of vehicle accidents."
E20050328-1187233,,2005-03-28 12:00:00,2005-03-28 23:30:00,2005,heavy-rain,BX;BK;MN;QN;SI,0,1187233,0,0,ok,0,ok,0,ok,,missing,,missing,53.1,ok,37.0,ok,2.98,ok,0.0,ok,28.0,ok,,na,,na,,na,14743,ok,1,ok,0,ok,2329,ok,47,ok,,na,,na,,,,,"A strong low pressure system developed across the Southeast U.S. and moved slowly north to northeast along the eastern seaboard to a position just south of Long Island during Saturday morning, March 29th.Heavy rain developed and spread northeast across the region.  It resulted in widespread urban flooding.  Sections of many streets were flooded.  The Mahwah River at Suffern reached its' flood stage of 4.0 feet at 7:15 pm on March 28th and crested around 9:30 pm at 4.5 feet.  Many small rivers and streams experienced significant within bank rises.  Storm Total Rainfall amounts ranged from around 2.0 to 3.0 inches.  Here are selected rainfall amounts for:Orange County - from 1.61 inches at Montgomery Airport to 2.83 inches at Middletown.Putnam County - 2.24 inches was measured at Carmel.Rockland County  - 2.48 inches was measured at Suffern.Westchester County - from 2.72 inches at White Plains to 3.00 inches at Armonk.  At Westchester County Airport, 1.97 inches was measured.New York City - from 2.50 inches at Sheepshead Bay in Brooklyn to 3.15 inches at Middle Village in Queens.  At Central Park, 3.02 inches was measured.  At LaGuardia Airport, 2.87 inches was measured and at JFK Airport, 2.59 inches was measured.Nassau County - from 2.25 inches at Lynbrook to 3.36 inches at Hicksville.Suffolk County - from 0.94 inches at West Hampton Beach to 2.47 inches at Nesconset.  At the NWS Upton Office, 2.01 inches was measured.  At Islip McArthur Airport, 1.29 inches was measured."
E20050402-1187241,,2005-04-02 09:00:00,2005-04-02 10:00:00,2005,heavy-rain,BX;BK;MN;QN;SI,0,1187241,0,0,ok,0,ok,0,ok,,missing,,missing,59.0,ok,39.9,ok,1.8,ok,0.0,ok,44.1,ok,,na,,na,,na,45457,ok,3,ok,0,ok,914,ok,45,ok,,na,,na,,,,,"A low pressure system developed in the Gulf Of Mexico and rapidly intensified as it moved north to northeast.  The low passed over the Appalachian Mountains and moved slowly west of the local area during Saturday and Sunday, April 2nd and 3rd.  Widespread heavy rain along with embedded heavy showers and thunderstorms occurred with this system.  Storm Total Rainfall amounts ranged from around 1.00 inch on parts of Long Island to nearly 4.00 inches across parts of the Lower Hudson Valley. During March 28th and 29th, only 3 to 5 days earlier, another low dumped 2.00 to 3.00 inches of rain across the region as it moved north to northeast along the eastern seaboard.  These wet antecedent conditions primed the local area for additional widespread urban flooding with 3 to 7 inches of rain occurring in less than 5 days.Heavy rain caused widespread urban flooding.  Most small streams and rivers overflowed their banks.  In addition, high wind gusts from 46 to 57 mph, associated with heavier showers, downed trees.The Delaware River overflowed its' banks across the Port Jervis-Deer Park area of extreme Western Orange County during Sunday, April 3rd.  It rose above its' flood stage of 18.0 feet around 2:30 am.  The river crested at 20.53 feet at 12:15 pm, then receded below its' flood stage between 9:15 pm and 9:30 pm on April 3rd.  The Orange County Office of Emergency Management reported 100 basements flooded ($1 M) in Port Jervis and 160 houses damaged ($16 M) in Deer Park.  Port Jervis officials issued a mandatory evacuation for people living along the Delaware River.  The town of Deer Park was placed under a State of Emergency.The Wallkill River at Gardiner reached its' flood stage of 13.0 feet at 3:00 am on April 3rd.  It crested at 13.77 feet at 10:00 am, then receded below flood stage during the afternoon.The Mahwah River at Suffern reached its' flood stage of 4.0 feet by 3:15 pm and crested at 5.99 feet at 9:15 pm on April 2nd.  It gradually receded below flood stage by 10:45 pm on April 3rd.Here are selected rainfall amounts for:Orange County - from 2.00 inches at Blooming Grove to 3.80 inches at Monroe.  At Port Jervis, the cooperative weather observer measured 3.24 inches.  A spotter reported flooding of several streets in Greenwood Lake.  A spotter reported Moodna creek overflowing its' banks in New Windsor at 2:10 pm on April 2nd.Putnam County - 1.97 inches was measured at Carmel.Rockland County - from 2.37 inches at Orangeburg to 3.37 inches at Stony Point.Westchester County - from 2.25 inches at Armonk to 3.52 inches at Yorktown Heights.New York City - from 1.24 inches at JFK Airport in Queens to 2.08 inches at Parkchester in the Bronx.  At Central Park, 1.80 inches was measured.  At LaGuardia Airport, 1.67 inches was measured.Nassau County - from 1.15 inches at Lido Beach to 1.67 inches at Lynbrook.Suffolk County - from 1.00 inch at Dix Hills to 1.64 inches at Shirley.  At Islip McArthur Airport, 1.29 inches was measured.Here are selected peak wind gusts for:Orange County - from 36 mph at Montgomery Airport on April 3rd to 44 mph at Stewart Airport in Newburgh on April 2nd.Putnam County - 30 mph at Carmel on April 2nd.Rockland County - from 35 mph at Stony Point to 53 mph at Blauvelt on April 2nd at 11:25 pm.Westchester County - 40 mph wind gust at Westchester County Airport in White Plains on April 2nd.New York City - from 48 mph at Central Park at 7:42 pm to 58 mph at LaGuardia Airport at 8:36 pm on April 2nd.  At JFK Airport, a 49 mph wind gust was measured at 8:44 pm on April 2nd.  A spotter reported downed power lines in Far Rockaway.Nassau County - from 38 mph at Great Neck at 7:30 pm to 44 mph at Levittown at 11:00 pm on April 2nd.Suffolk County - from 44 mph at Islip and Riverhead between 10:00 pm and 11:00 pm to 56 mph at Kings Park and Stony Brook at 11:00  pm on April 2nd."
E20050402-1187242,,2005-04-02 19:36:00,2005-04-02 19:36:00,2005,high-winds,QN,0,1187242,0,0,ok,0,ok,0,ok,,missing,,missing,59.0,ok,39.9,ok,1.8,ok,0.0,ok,44.1,ok,,na,,na,,na,45457,ok,3,ok,0,ok,914,ok,45,ok,,na,,na,5.74,3.05,The Battery,,"As a strong low pressure system moved west of the area, the Automated Surface Observing System at LaGuardia Airport measured a peak wind gust to 58 mph.  Scattered power outages resulted from downed tree limbs and power lines."
E20050428-1187235,,2005-04-28 15:05:00,2005-04-28 15:05:00,2005,thunderstorm,,1,1187235,0,0,ok,0,ok,0,ok,,missing,,missing,66.9,ok,46.9,ok,0.0,ok,0.0,ok,46.1,ok,,na,,na,,na,0,ok,0,ok,0,ok,788,ok,121,ok,,na,,na,,,,,"As a line of showers moved quickly east, it produced wind gusts from 35 knots at Westport Connecticut to 49 knots at the NOS PORTS Bergen Point wind system.  Trained spotters reported that high winds over turned 2 boats in the Great South Bay."
E20050428-1187237,,2005-04-28 15:15:00,2005-04-28 15:15:00,2005,high-winds,MN,0,1187237,0,0,ok,0,ok,2,ok,,missing,,missing,66.9,ok,46.9,ok,0.0,ok,0.0,ok,46.1,ok,,na,,na,,na,0,ok,0,ok,0,ok,788,ok,121,ok,,na,,na,4.91,0.86,The Battery,,"As a shower moved east across the area, it produced a peak wind gust to 36 mph at Central Park.  Two injuries resulted.  A pedestrian was struck by a table blown off a roof 2 miles east of Central Park.  A man was struck by debris blown off a roof 1 mile east of Central Park."
E20050528-1189486,,2005-05-28 17:00:00,2005-05-28 17:00:00,2005,thunderstorm,,1,1189486,0,0,ok,0,ok,0,ok,,missing,,missing,80.1,ok,55.0,ok,0.15,ok,0.0,ok,36.9,ok,,na,,na,,na,0,ok,0,ok,0,ok,362,ok,69,ok,,na,,na,,,,,"As a band of heavy showers and thunderstorms moved northeast across the region, the NOS PORTS Weather Station at Robbins Reef measured a peak wind gust to 38 knots."
E20050528-1189485,,2005-05-28 17:30:00,2005-05-28 17:30:00,2005,thunderstorm,QN,0,1189485,0,0,ok,0,ok,0,ok,,missing,,missing,80.1,ok,55.0,ok,0.15,ok,0.0,ok,36.9,ok,,na,,na,,na,0,ok,0,ok,0,ok,362,ok,69,ok,,na,,na,,,,,"As a band of heavy showers and thunderstorms moved northeast, they produced high winds and heavy rain that downed several trees throughout Queens."
E20050605-1191045,,2005-06-05 17:30:00,2005-06-05 17:30:00,2005,coastal-hazard,BK,0,1191045,0,2,ok,0,ok,0,ok,,missing,,missing,91.0,ok,63.0,ok,0.0,ok,0.0,ok,17.0,ok,,na,,na,,na,0,ok,0,ok,0,ok,1076,ok,144,ok,,na,,na,5.4,0.66,The Battery,,
E20050622-1191055,,2005-06-22 14:36:00,2005-06-22 14:36:00,2005,thunderstorm,,1,1191055,0,0,ok,0,ok,0,ok,,missing,,missing,84.0,ok,60.1,ok,0.66,ok,0.0,ok,48.1,ok,,na,,na,,na,0,ok,0,ok,0,ok,1163,ok,225,ok,,na,,na,,,,,
E20050622-1191051,,2005-06-22 14:45:00,2005-06-22 14:45:00,2005,thunderstorm,SI,0,1191051,0,0,ok,0,ok,0,ok,,missing,,missing,84.0,ok,60.1,ok,0.66,ok,0.0,ok,48.1,ok,,na,,na,,na,0,ok,0,ok,0,ok,1163,ok,225,ok,,na,,na,,,,,Showers and thunderstorms developed along a southward moving cold front on the afternoon of June 22nd. Some of the storms became severe as they headed in a general southward direction. They produced both large hail and very strong wind gusts.
E20050706-1195421,,2005-07-06 18:30:00,2005-07-06 18:40:00,2005,flash-flooding,BK,0,1195421,0,0,ok,0,ok,0,ok,,missing,,missing,82.9,ok,70.0,ok,1.52,ok,0.0,ok,21.0,ok,,na,,na,,na,0,ok,0,ok,0,ok,1494,ok,221,ok,,na,,na,5.61,0.57,The Battery,,Slow moving thunderstorms containing hourly rainfall rates of around 2 inches per hour caused flash flooding of streets in parts of New York City.
E20050709-1195422,,2005-07-09 14:33:00,2005-07-09 14:33:00,2005,thunderstorm,,1,1195422,0,0,ok,0,ok,0,ok,,missing,,missing,84.0,ok,61.0,ok,0.15,ok,0.0,ok,32.0,ok,,na,,na,,na,0,ok,0,ok,0,ok,783,ok,83,ok,,na,,na,,,,,"A line of strong thunderstorms developed over New York City and Northeastern New Jersey on the afternoon of July 9. Conditions were quite favorable for strong wind gusts. Several observation sites in and around the Long Island and New York City waters recorded winds of between 35 and 45 knots, causing very rough and choppy seas."
E20050727-1195432,,2005-07-27 17:00:00,2005-07-27 17:00:00,2005,thunderstorm,,1,1195432,0,0,ok,0,ok,0,ok,,missing,,missing,100.9,ok,73.0,ok,0.11,ok,0.0,ok,36.9,ok,,na,,na,,na,0,ok,0,ok,0,ok,1184,ok,256,ok,,na,,na,,,,,
E20050804-1197527,,2005-08-04 14:13:00,2005-08-04 14:25:00,2005,thunderstorm,BX;MN,0,1197527,0,0,ok,0,ok,0,ok,,missing,,missing,95.0,ok,73.9,ok,0.2,ok,0.0,ok,34.9,ok,,na,,na,,na,0,ok,0,ok,0,ok,1292,ok,210,ok,,na,,na,,,,,
E20050814-1197524,,2005-08-14 15:38:00,2005-08-14 15:45:00,2005,thunderstorm,BK;QN,0,1197524,0,0,ok,0,ok,0,ok,,missing,,missing,98.1,ok,72.0,ok,3.51,ok,0.0,ok,33.1,ok,,na,,na,,na,0,ok,1,ok,0,ok,1520,ok,153,ok,,na,,na,,,,,Severe thunderstorms formed in a very unstable airmass in the afternoon of August 14th ahead of an advancing cold front.
E20050814-1197526,,2005-08-14 18:00:00,2005-08-14 18:00:00,2005,thunderstorm,,1,1197526,0,0,ok,0,ok,0,ok,,missing,,missing,98.1,ok,72.0,ok,3.51,ok,0.0,ok,33.1,ok,,na,,na,,na,0,ok,1,ok,0,ok,1520,ok,153,ok,,na,,na,,,,,Strong to severe thunderstorms produced outflow boundaries that produced wind gusts in excess of 35 kt. These thunderstorms formed in a highly unstable airmass ahead of an advancing cold front.
E20051008-1201184,,2005-10-08 09:00:00,2005-10-08 15:00:00,2005,inland-flooding,BX;BK;MN;QN;SI,0,1201184,0,0,ok,0,ok,0,ok,,missing,,missing,75.0,ok,53.1,ok,4.26,ok,0.0,ok,36.0,ok,,na,,na,,na,63134,ok,8,ok,0,ok,846,ok,107,ok,,na,,na,,,,,"As a cold front moved slowly east, a wave of low pressure developed along the Southeast U.S. Coast and moved slowly north as a large area of high pressure off the New England Coast remained nearly stationary.  Abundant moisture from the remnants of tropical system Tammy over the Southeast also interacted with and converged north along this front.Rain moved north and developed across the region during Friday afternoon, October 7th.  As the wave of low pressure moved north along the front, periods of heavy rain spread north across the region Friday night through Saturday, October 8th.  Rain ended from west to east during Sunday, October 9th as the low moved northeast of the region.The heaviest rain fell north of New York City across the Lower Hudson Valley.  Heavy rain resulted in significant flooding on some rivers, most small brooks and streams, and throughout urban areas in low lying and poor drainage areas.  Rainfall amounts ranged from 1.10 inch at Westhampton Beach in Suffolk County to 12.05 inches at New Windsor in Orange County.Here are selected rainfall amounts in hundredths of an inch for:Orange County - from 5.58 inches at Gardnerville to 12.05 inches at New Windsor.Rockland County - 8.63 inches was measured at Pomona.Westchester County - from 5.25 inches at Westchester County Airport in White Plains to 6.28 inches at Yorktown Heights.Bronx County - 4.16 inches was measured at Parkchester.New York County - 4.50 inches was measured at Central Park.Kings County - from 2.20 inches at Avenue V in Brooklyn to 2.70 inches at Sheepshead Bay.Queens County - from 1.84 inches at John F. Kennedy Airport to 4.01 inches at LaGuardia Airport.Nassau County - from 1.69 inches at Cedar Creek in Wantagh to 3.00 inches at Plainview.Suffolk County - from 1.10 inches at Westhampton Beach to 3.14 inches at Centerport.Maximum hourly rainfall rates ranged from 0.61 at Montgomery Airport to 0.89 at Central Park.Trained spotters reported widespread flooding of low lying and poor drainage areas.  Spotters reported flash flooding of many roads throughout Orange County.  A state of emergency was declared for Highland Town, where up to 4 feet of water covered Routes 293 and 9W.  Significant flooding was reported in Cold Springs (Putnam County), in Nanuet along Interstate-87 (Rockland County) and in Yorktown (Westchester County).The Mahwah River at Suffern was above its' flood stage of 4.0 feet from 7:30 pm EDT on October 8th through 8:45 pm EDT on October 9th.  The river crested at 7.11 feet at 11:30 pm EDT on October 8th.  Other rivers and streams, such as the Wallkill River at Gardiner, experienced significant within bank rises.  Spotters from Orange County reported that many small streams and creeks overflowed their banks.  The Westchester County Office of Emergency Management reported significant flooding and road closures along the Saw Mill River and adjacent parkway."
E20051012-1201190,,2005-10-12 10:53:00,2005-10-12 20:49:00,2005,inland-flooding,BX;BK;MN;QN;SI,0,1201190,0,0,ok,0,ok,0,ok,,missing,,missing,60.1,ok,52.0,ok,4.39,ok,0.0,ok,36.0,ok,,na,,na,,na,287784,ok,60,ok,0,ok,3235,ok,196,ok,,na,,na,,,,,"Periods of heavy rain caused flooding of low lying and poor drainage areas, including many streets.  An emergency manager reported cars submerged on the Grand Central Parkway.  The broadcast media reported street flooding in Manhattan along the West Side Highway and Hudson Parkway and in Brooklyn along the Belt Parkway.  Trained spotters reported flooding of many area local streets."
E20051012-1201198,,2005-10-12 14:00:00,2005-10-12 16:00:00,2005,coastal-flooding,QN,0,1201198,0,0,ok,0,ok,0,ok,,missing,,missing,60.1,ok,52.0,ok,4.39,ok,0.0,ok,36.0,ok,,na,,na,,na,287784,ok,60,ok,0,ok,3235,ok,196,ok,,na,,na,7.45,2.66,The Battery,,"A strong high pressure system moved very slowly east to southeast across Northern New England while a low pressure trough extended northwest from a subtropical low near Bermuda.  The trough extended from south of Long Island across North Central Pennsylvania.  Waves of low pressure developed and moved northwest along this boundary.This system produced northeast gales from October 12th through the 14th with waves up to 15 feet that broke on shore.  Moderate to severe beach erosion occurred along with widespread moderate tidal flooding.  Many sections of Long Island's south shore and east end beaches were washed out.  Widespread significant damage occurred to dunes and bluffs.  Severe erosion was reported at Robert Moses State Park, Captree State Park, Hecksher State Park, and along the Montauk shores.Tidal flooding occurred starting with the October 12th afternoon high tide cycle and lasted in some areas until the afternoon high tide cycle on October 14th.Minor tidal flooding was indicated by the USGS Tidal Gage at Rockaway Inlet near Floyd Bennet Field, which measured a water level around 5.8 feet above NGVD.Moderate tidal flooding occurred across the inland bays and the Atlantic shores of Nassau County.  Here are selected water level measurements from USGS tidal gages:The East Rockaway Inlet Tidal Gage at Atlantic Beach measured a water level around 5.5 feet above NGVD, which indicated moderate tidal flooding.The Jamaica Bay Tidal Gage at Inwood measured a water level of 5.9 feet above NGVD, which indicated minor tidal flooding.  In Woodmere, water accumulated up to 2 feet in the streets.The Reynolds Channel Tidal Gage at Point Lookout measured a water level near 5.5 feet above NGVD, which indicated moderate tidal flooding.The Hudson Bay Tidal Gage at Freeport measured a water level around 5.2 feet above NGVD, which indicated moderate tidal flooding.  In Freeport, water rose over the bulk head and flooded at least 3 buildings.  Because of tidal piling, subsequent high tides through October 14th resulted in the accumulation of 1 to 3 feet of water in the streets.Moderate tidal flooding occurred across the inland bays and Atlantic facing shores of Suffolk County.The USGS Great South Bay tidal gage at Lindenhurst measured a water level of around 4.2 feet above NGVD, which indicated moderate tidal flooding.  Because of tidal piling, subsequent high tides through October 14th resulted in the accumulation of 1 to 3 feet of water in the streets from Amityville east to Babylon, including Lindenhurst."
E20051014-1201191,,2005-10-14 16:00:00,2005-10-14 17:00:00,2005,flash-flooding,BK;QN,0,1201191,0,0,ok,0,ok,0,ok,,missing,,missing,64.9,ok,57.9,ok,4.66,ok,0.0,ok,32.0,ok,,na,,na,,na,1026066,ok,179,ok,0,ok,1988,ok,122,ok,,na,,na,6.94,2.35,The Battery,,"Periods of heavy rain continued throughout the day.  Bands of torrential rain produced widespread and significant flash flooding of low lying and poor drainage areas, including streets, basements, roofs, and ceilings, as well as small creeks throughout Nassau and Suffolk Counties.  Trained spotters reported up to 6 feet of water in basements throughout Massapequa.  They reported serious flooding along Ocean Parkway in Brooklyn, where cars were submerged, and the Grand Central Parkway in Queens.  Several trees and power poles were leaning from soggy ground.  Preliminary damage cost estimates were $22 million for Long Island."
E20051016-1201192,,2005-10-16 11:30:00,2005-10-16 15:10:00,2005,high-winds,BK;MN;QN;SI,0,1201192,0,0,ok,0,ok,0,ok,16000,ok,25139,ok,66.0,ok,52.0,ok,0.0,ok,0.0,ok,36.0,ok,,na,,na,,na,28395,ok,8,ok,0,ok,952,ok,276,ok,,na,,na,5.44,0.57,The Battery,,"A strong west pressure gradient developed as an intensifying low pressure system moved north across Northern New England as a ridge of high pressure extended south across the Western Great Lakes.  With very wet antecedent conditions and most trees with full leaf canopies, many trees were downed in saturated ground as peak west winds gusted from 36 to 46 mph.An off duty NWS employee reported a tree down on a house in Hampton Bays.  The NYC Office of Emergency Management reported trees down at many locations throughout Staten Island, Brooklyn, and Queens.  They also reported that a window on the 17th floor at Seventh Avenue and Forty Ninth Street in Manhattan was blown out as glass shattered in the streets.  A tree fell on a moving car on Jackie Robinson Parkway in Flushing Queens.  Injuries were unknown.  A tree fell on a person in Clove Lakes Park, about 1 mile north of Todt Hill in Staten Island.  Injury was unknown."
E20051025-1201195,,2005-10-25 07:10:00,2005-10-25 07:10:00,2005,high-winds,BX;BK;MN;QN;SI,0,1201195,0,0,ok,0,ok,0,ok,34000,ok,53421,ok,54.0,ok,39.0,ok,1.26,ok,0.0,ok,40.0,ok,,na,,na,,na,10554,ok,4,ok,0,ok,1395,ok,268,ok,,na,,na,6.43,3.66,The Battery,,"With wet antecedent conditions and many trees still with nearly full leaf canopies, strong northeast winds and heavy rain caused by a coastal storm downed many trees across the region.  Peak wind gusts were between 40 and 50 mph.The NYC Parks Department reported 169 downed trees in Queens, 98 downed trees in Brooklyn, 27 downed trees in Staten Island, 22 downed trees in Manhattan, and 19 downed trees in the Bronx.  The NYC Office of Emergency Management logged 335 telephone calls in response to downed trees, downed limbs, and hanging limbs across the 5 boroughs of New York City.A trained spotter in Suffolk County reported several downed tree limbs along with a utility pole snapped in half just west of the Route 25A and Edwards Avenue intersection in Baiting Hollow."
E20051124-1201204,,2005-11-24 11:30:00,2005-11-24 11:30:00,2005,high-winds,MN,0,1201204,0,0,ok,0,ok,2,ok,,missing,,missing,51.1,ok,24.1,ok,0.1,ok,0.0,ok,38.0,ok,,na,,na,,na,0,ok,0,ok,0,ok,546,ok,24,ok,,na,,na,4.57,1.01,The Battery,,"During the annual Macy's Thanksgiving Day Parade, strong west wind gusts between 35 and 45 mph caused the M and M Balloon to hit a lamppost, which resulted in a 30 pound light falling into a crowd.  Two women suffered cuts and bruises to their heads in Times Square near Broadway and 44th Street in Manhattan."
E20051209-1202599,,2005-12-09 09:00:00,2005-12-09 09:30:00,2005,heavy-snow,BX;MN,0,1202599,0,0,ok,0,ok,0,ok,,missing,,missing,39.9,ok,26.1,ok,0.74,ok,6.0,ok,33.1,ok,,na,,na,,na,0,ok,0,ok,0,ok,610,ok,15,ok,,na,,na,,,,,A vigorous upper level disturbance tracked across the Great Lakes during the evening hours of December 8th with snows breaking out across the area during the early morning hours on the 9th.  A secondary low developed off the Mid Atlantic coast and was located near the northern Delmarva region at 7 am.  The snow was the heaviest through mid morning and ended by early afternoon.  The low rapidly deepened as it tracked to the northeast of the area.Snowfall amounts ranged from 6 inches in Manhattan to just over a foot in northern portions of the Lower Hudson Valley.Selected snowfall amounts include:5.8 inches at the Central Park Zoo6.0 inches in the Bronx8.0 inches at White Plains8.5 inches at Nyack10.0 inches at Newburgh12.0 inches at Port Jervis13.0 inches at Hamptonburgh
E20060115-1203758,,2006-01-15 12:35:00,2006-01-15 12:35:00,2006,high-winds,QN,0,1203758,0,0,ok,0,ok,1,ok,,missing,,missing,34.0,ok,14.0,ok,0.22,ok,2.9,ok,38.0,ok,,na,,na,,na,0,ok,0,ok,0,ok,468,ok,38,ok,,na,,na,4.35,0.84,The Battery,,"A strong frontal wave developed over the northern Middle Atlantic States during the morning of Saturday, January 14. The system continued to deepen as it tracked over the New York City Metro area to just east of Long Island during the evening hours.  By Sunday evening, Janaury 15, the deep low center was located near Nova Scotia.Strong winds developed on the backside of the deepening low with winds meeting high wind warning criteria during the early morning hours Sunday. Strong winds continued through much of the day. An AWS site at Jamaica High School in Jamaica, Queens,  reported a wind gust to 63 mph (55 kt) at 12:35 AM.  There was also an injury as a tree and live wires came down on a car. The ASOS at the White Plains Airport in Westchester County reported a wind gust to 62 mph (54 kt) at 1:22 AM."
E20060118-1203762,,2006-01-18 07:30:00,2006-01-18 07:35:00,2006,high-winds,BX;MN;SI,0,1203762,0,0,ok,0,ok,0,ok,,missing,,missing,62.1,ok,36.0,ok,0.61,ok,0.0,ok,40.9,ok,,na,,na,,na,0,ok,1,ok,0,ok,888,ok,175,ok,,na,,na,5.84,2.25,The Battery,,"High winds developed after 6 AM on the morning of Wednesday, January 18th, and lasted until around noon as a cold front approached the region.  Wind gusts approaching 70 mph (61 kt) downed many trees and power lines, which caused widespread power outages.There was one fatality in New Rochelle in Westchester County.  A 52-year-old man died when a tree fell on his car as he was pulling out of his driveway. There were also 2 injuries on the Bronx River Parkway as a falling tree went through the roof of a minivan."
E20060118-1203763,,2006-01-18 07:30:00,2006-01-18 07:35:00,2006,high-winds,BK;QN,0,1203763,0,0,ok,0,ok,0,ok,,missing,,missing,62.1,ok,36.0,ok,0.61,ok,0.0,ok,40.9,ok,,na,,na,,na,0,ok,1,ok,0,ok,888,ok,175,ok,,na,,na,5.84,2.25,The Battery,,"High winds developed after 6 AM on the morning of Wednesday, January 18th, and lasted until around noon as a cold front approached the region.  Wind gusts approaching 70 mph (61 kt) downed many trees and power lines, which caused widespread power outages."
E20060212-1204309,,2006-02-12 05:00:00,2006-02-12 06:00:00,2006,heavy-snow,BX;BK;MN;QN;SI,0,1204309,0,0,ok,0,ok,0,ok,,missing,,missing,30.0,ok,23.0,ok,1.66,ok,24.1,ok,36.9,ok,,na,,na,,na,0,ok,0,ok,0,ok,498,ok,10,ok,,na,,na,,,,,"An area of low pressure developed along the Gulf Coast states on Friday, February 10th, and began moving northeast toward the North Carolina coast during Saturday.  The storm rapidly intensified as it moved northeastward just off the New England coast.  Snow spread north across the area on Saturday from early to late afternoon.  The snow fell steadily and heavily at times in many areas overnight Saturday and into Sunday morning, until the last band of heavy snow swept east of Long Island late Sunday afternoon.During the event, many areas experienced very heavy snowfall rates, up to 3 to 4 inches per hour.  As the strongest band of snow moved through the lower Hudson Valley and New York City, reports of ""thundersnow"" were received, which supported the very intense snowfall rates.  The highest snowfall amounts fell across New York City and Westchester County with 15 to 27 inches.  Elsewhere, 10 to 20 inches of snowfall was common.Winds ranged from 20 to 30 mph with gusts over 50 mph along the coast.  Snow and blowing snow created near blizzard conditions with very hazardous driving conditions due to poor visibilities in many areas.The following are select snowfall amounts across coastal southeast New York:Westchester CountyRange: 16 to 25 inchesNew Rochelle  - 24.5 inchesWhite Plains - 21.5 inchesNew York County (Manhattan)Range: 25 to 27 inchesCentral Park  - 26.9 inches (All-Time Record)Bronx CountyRange: 17 to 25 inchesRichmond County (Staten Island)Range: 15 to 22 inchesClove Lakes Park - 22 inchesKings County (Brooklyn)Range: 17 to 20 inchesBrooklyn Marine Park 19.5 inchesQueens CountyRange: 17 to 26 inchesAstoria - 26 inchesLa Guardia Airport - 25.4 inchesJFK Airport - 16.7 inchesNassau CountyRange: 10 to 24 inchesGreat Neck - 23.6 inchesFarmingdale - 17.5 inchesSuffolk CountyRange: 9 to 20 inchesIslip - 20 inches"
E20060217-1204312,,2006-02-17 11:36:00,2006-02-17 11:48:00,2006,high-winds,BK;QN;SI,0,1204312,0,0,ok,0,ok,0,ok,,missing,,missing,60.1,ok,32.0,ok,0.08,ok,0.0,ok,42.9,ok,,na,,na,,na,0,ok,0,ok,0,ok,819,ok,72,ok,,na,,na,4.36,0.6,The Battery,,"A strong cold front moved through southeast New York during the late morning hours on Friday, February 17th.  Southwest winds of 20 to 25 mph with gusts up to 30 mph ahead of the cold front were then followed by a period of very strong post-frontal westerly winds with gusts up to 65 mph during the early afternoon hours.High wind gusts downed several trees, power lines, and wires across the region.  A large roof peeled off a business in Montgomery (Orange County).  A roof was torn off from a building and another building partially collapses in Brewster (Putnam County)."
E20060519-1209568,,2006-05-19 09:30:00,2006-05-19 09:33:00,2006,tornado,,1,1209568,0,0,ok,0,ok,0,ok,,missing,,missing,64.9,ok,50.0,ok,1.47,ok,0.0,ok,38.9,ok,,na,,na,,na,0,ok,0,ok,0,ok,970,ok,186,ok,,na,,na,,,,,
E20060529-1209572,,2006-05-29 18:15:00,2006-05-29 18:15:00,2006,thunderstorm,BK,0,1209572,0,0,ok,0,ok,0,ok,,missing,,missing,93.9,ok,59.0,ok,0.2,ok,0.0,ok,17.9,ok,,na,,na,,na,0,ok,0,ok,0,ok,1450,ok,224,ok,,na,,na,,,,,
E20060601-1212708,,2006-06-01 19:00:00,2006-06-01 20:00:00,2006,flash-flooding,SI,0,1212708,0,0,ok,0,ok,0,ok,,missing,,missing,93.0,ok,62.1,ok,1.03,ok,0.0,ok,28.0,ok,,na,,na,,na,93383,ok,9,ok,0,ok,2550,ok,336,ok,,na,,na,4.04,0.2,The Battery,,"Thunderstorms developed in a moist and unstable atmosphere on June 1st. Not only did the storms produce very heavy rain and strong winds, they were also prolific lightning producers."
E20060601-1212709,,2006-06-01 20:00:00,2006-06-01 20:00:00,2006,thunderstorm,SI,0,1212709,0,0,ok,0,ok,0,ok,,missing,,missing,93.0,ok,62.1,ok,1.03,ok,0.0,ok,28.0,ok,,na,,na,,na,93383,ok,9,ok,0,ok,2550,ok,336,ok,,na,,na,,,,,
E20060602-1212711,,2006-06-02 15:30:00,2006-06-02 17:00:00,2006,flash-flooding,MN;QN;SI,0,1212711,0,0,ok,0,ok,0,ok,,missing,,missing,82.9,ok,66.0,ok,2.79,ok,0.0,ok,23.0,ok,,na,,na,,na,82700,ok,8,ok,0,ok,2242,ok,277,ok,,na,,na,4.32,0.29,The Battery,,Anywhere between 2 and 4 inches of rain fell across New York City from late afternoon into the evening hours on June 2nd due to thunderstorms that tapped a very moist and unstable airmass.  Central Park recorded 3.53 inches of rainfall.
E20060629-1212716,,2006-06-29 17:45:00,2006-06-29 19:00:00,2006,thunderstorm;hail;flash-flooding,MN;QN;SI,0,1212716,0,0,ok,0,ok,0,ok,,missing,,missing,87.1,ok,64.9,ok,0.71,ok,0.0,ok,33.1,ok,,na,,na,,na,62154,ok,3,ok,0,ok,1564,ok,381,ok,,na,,na,4.64,0.51,The Battery,,"Slow moving thunderstorms produced a wide array of severe weather. Flash flooding, large hail, and damaging winds were all experienced when thunderstorms ignited in a very moist and unstable airmass during the afternoon and evening of June 29th."
E20060629-1212719,,2006-06-29 17:55:00,2006-06-29 17:55:00,2006,thunderstorm,,1,1212719,0,0,ok,0,ok,0,ok,,missing,,missing,87.1,ok,64.9,ok,0.71,ok,0.0,ok,33.1,ok,,na,,na,,na,62154,ok,3,ok,0,ok,1564,ok,381,ok,,na,,na,,,,,
E20060629-1212717,,2006-06-29 18:15:00,2006-06-29 18:15:00,2006,thunderstorm,BX,0,1212717,0,0,ok,0,ok,1,ok,,missing,,missing,87.1,ok,64.9,ok,0.71,ok,0.0,ok,33.1,ok,,na,,na,,na,62154,ok,3,ok,0,ok,1564,ok,381,ok,,na,,na,,,,,
E20060702-1218220,,2006-07-02 18:25:00,2006-07-02 18:25:00,2006,thunderstorm,,1,1218220,0,0,ok,0,ok,0,ok,,missing,,missing,91.9,ok,69.1,ok,0.13,ok,0.0,ok,38.9,ok,,na,,na,,na,0,ok,0,ok,0,ok,1213,ok,250,ok,,na,,na,,,,,"As a line of strong to severe thunderstorms moved east across the region, it produced high winds.At New Utrecht High School in Brooklyn, the Automated Weather Station measured a peak gust from the west at 43 mph or 37 knots.At John F. Kennedy Airport, the Automated Surface Observing System measured a peak wind gust from the west at 47 mph or 41 knots.  At the Ambrose Light Tower Buoy, a peak wind gust of 53 knots was measured."
E20060704-1218210,,2006-07-04 15:28:00,2006-07-04 15:41:00,2006,thunderstorm,BK;QN,0,1218210,0,0,ok,0,ok,0,ok,,missing,,missing,91.9,ok,71.1,ok,0.65,ok,0.0,ok,29.1,ok,,na,,na,,na,15788,ok,3,ok,0,ok,2035,ok,320,ok,,na,,na,,,,,
E20060704-1218223,,2006-07-04 15:30:00,2006-07-04 15:30:00,2006,thunderstorm,,1,1218223,0,0,ok,0,ok,0,ok,,missing,,missing,91.9,ok,71.1,ok,0.65,ok,0.0,ok,29.1,ok,,na,,na,,na,15788,ok,3,ok,0,ok,2035,ok,320,ok,,na,,na,,,,,"As a line of strong to severe thunderstorms moved east, it produced a 38 knot wind gust at the NOS gage at Robbins Reef and a 51 knot wind gust at the Ambrose Light Tower Buoy."
E20060712-1218230,,2006-07-12 16:12:00,2006-07-12 22:05:00,2006,thunderstorm;flash-flooding,BK;MN;QN;SI,0,1218230,0,0,ok,0,ok,0,ok,,missing,,missing,86.0,ok,71.1,ok,1.84,ok,0.0,ok,42.9,ok,,na,,na,,na,0,ok,0,ok,0,ok,1748,ok,480,ok,,na,,na,5.74,-0.04,The Battery,,"Two severe weather episodes occurred during July 12th:  the first occurred during the afternoon from around 2:30 pm until 6:30 pm, the second from around 11 pm until 1:30 am on the 13th.Both severe weather episodes brought damaging winds, including a tornado that developed in Grandview On Hudson in Rockland County and tracked east to northeast across Central Westchester County as an F2 tornado before it dissipated east of North Greenwich in Fairfield County, Connecticut.  Thunderstorms also produced torrential rain that caused flash flooding of the FDR service road at 34th Street in the Murray Hill Section of Manhattan.During the second episode, emergency managers reported a wall collapse in Washington Heights between 10th and 11th Avenues.  A trained spotter reported downed trees in Syosset.  Law enforcement reported downed trees and power lines in Huntington, Dix Hills, Commack, and Greenlawn.  Thunderstorms produced flash flooding in East Meadow and Nesconset, which resulted in road closures."
E20060712-1218233,,2006-07-12 21:45:00,2006-07-12 21:45:00,2006,thunderstorm,,1,1218233,0,0,ok,0,ok,0,ok,,missing,,missing,86.0,ok,71.1,ok,1.84,ok,0.0,ok,42.9,ok,,na,,na,,na,0,ok,0,ok,0,ok,1748,ok,480,ok,,na,,na,,,,,
E20060721-1218217,,2006-07-21 09:06:00,2006-07-21 16:51:00,2006,thunderstorm;flash-flooding,BK;MN;QN;SI,0,1218217,0,0,ok,0,ok,2,ok,,missing,,missing,91.9,ok,70.0,ok,3.23,ok,0.0,ok,34.9,ok,,na,,na,,na,9190,ok,2,ok,0,ok,2080,ok,324,ok,,na,,na,5.27,0.6,The Battery,,"Severe thunderstorms produced high wind gusts estimated at 60 mph two miles west of Huguenot in Staten Island and in Brooklyn Heights.Thunderstorms produced torrential rain that caused flash flooding of low lying and poor drainage areas.  Flash flooding caused partial road closures on the Staten Island Expressway, the Belt Parkway and the Brooklyn Queens Expressway, and the Grand Central Parkway and Van Wyck Expressway in Queens.  All lanes were closed on the Grand Central Parkway at 75th Street at 5:10 pm EDT and near the intersection of the Grand Central and Van Wyck at 5:20 pm EDT.  Flooding also occurred along the Van Wyck in Kew Gardens around 5:30 pm.  In Manhattan, subway service was suspended in both directions on the R and W lines between Whitehall Street in Manhattan and Ditmars Blvd. in Queens.  In Southern Westchester County, flash flooding caused closure of the Hutchinson River Parkway at East Lincoln Ave. and a mud slide closed part of the Saw Mill River Parkway in Yonkers.Lightning struck and injured a 36 year old male in Glen Oaks near the intersection of 255th Street and 25th Avenue around 10:06 am EDT in Queens.Lightning struck and injured a male in East Manhattan on East 99th Street around 3:10 pm EDT."
E20060727-1218215,,2006-07-27 20:15:00,2006-07-27 20:15:00,2006,thunderstorm,SI,0,1218215,0,0,ok,0,ok,0,ok,,missing,,missing,93.0,ok,72.0,ok,0.17,ok,0.0,ok,25.1,ok,,na,,na,,na,0,ok,0,ok,0,ok,1950,ok,333,ok,,na,,na,,,,,"Frequent lightning strikes downed numerous primary power lines throughout central Staten Island, centered around Elingtonville."
E20060728-1218212,,2006-07-28 15:13:00,2006-07-28 15:25:00,2006,thunderstorm,BK;QN;SI,0,1218212,0,0,ok,0,ok,0,ok,,missing,,missing,93.9,ok,73.0,ok,0.31,ok,0.0,ok,30.0,ok,,na,,na,,na,0,ok,0,ok,0,ok,1607,ok,274,ok,,na,,na,,,,,"Severe thunderstorms produced high winds that downed many trees and power lines throughout Putnam County, about 5 miles northeast of Jamaica, Queens, in Tottenville on Staten Island, and in Bay Ridge in Brooklyn."
E20060728-1218214,,2006-07-28 15:18:00,2006-07-28 15:18:00,2006,thunderstorm,,1,1218214,0,0,ok,0,ok,0,ok,,missing,,missing,93.9,ok,73.0,ok,0.31,ok,0.0,ok,30.0,ok,,na,,na,,na,0,ok,0,ok,0,ok,1607,ok,274,ok,,na,,na,,,,,
E20060801-1220620,,2006-08-01 11:00:00,2006-08-03 17:00:00,2006,extreme-heat,BX;BK;MN;QN;SI,0,1220620,0,40,ok,0,ok,0,ok,,missing,,missing,102.0,ok,75.9,ok,0.17,ok,0.0,ok,31.1,ok,,na,,na,,na,0,ok,0,ok,0,ok,2731,ok,490,ok,,na,,na,,,,,"An oppressive air mass moved slowly east across the region from August 1 to August 3.  This was preceded by a hot dry air mass, when temperatures reached at least 90 degrees for 5 consecutive days at LaGuardia Airport, from July 27 to July 31.Excessive heat occurred mainly from noon to midnight each day for 3 consecutive days.  High temperatures ranged mainly from the upper 90s to around 100 degrees.  With surface dew point temperatures in the mid 70s, heat indices ranged from 105 to 115 degrees.Excessive heat resulted in 42 deaths and scattered power outages that lead to business losses.In Southeast NY, excessive heat was responsible for 42 deaths; 40 in New York City; as follows:  14 in Queens, 14 in Brooklyn, 9 in Manhattan, and 3 in the Bronx.  This information was provided by the NYC Office of Chief Medical Examiner.  The NYC Office of Emergency Management opened 383 cooling centers that served 25,000 people per day.  They also opened 6000 pools and extended their routine hours of operation.Here are selected max temperatures, in degrees Fahrenheit:August 1:LaGuardia Airport:  100 (new record)John F. Kennedy Airport:  97 (record tied)Central Park:  95Islip McArthur Airport:  95 (record tied)August 2:LaGuardia Airport:  102 (new record)John F. Kennedy Airport:  97 (new record)Central Park:  97Islip McArthur Airport:  98 (new record)August 3:LaGuardia Airport:  100 (new record)John F. Kennedy Airport:  99 (new record)Central Park:  96Islip McArthur Airport:  98 (new record)"
E20060810-1220628,,2006-08-10 15:40:00,2006-08-10 15:40:00,2006,thunderstorm,SI,0,1220628,0,0,ok,0,ok,0,ok,,missing,,missing,86.0,ok,66.0,ok,2.51,ok,0.0,ok,31.1,ok,,na,,na,,na,0,ok,0,ok,0,ok,1798,ok,222,ok,,na,,na,,,,,
E20060810-1220630,,2006-08-10 19:00:00,2006-08-10 19:30:00,2006,flash-flooding,MN;QN,0,1220630,0,0,ok,0,ok,0,ok,,missing,,missing,86.0,ok,66.0,ok,2.51,ok,0.0,ok,31.1,ok,,na,,na,,na,0,ok,0,ok,0,ok,1798,ok,222,ok,,na,,na,6.04,0.55,The Battery,,"An area of heavy showers and thunderstorms produced flash flooding across portions of New York City.  Flash flooding forced closure of subway lines 1, 2, 3, and 6."
E20060825-1220635,,2006-08-25 10:17:00,2006-08-25 10:40:00,2006,flash-flooding,BX;QN,0,1220635,0,0,ok,0,ok,0,ok,,missing,,missing,81.0,ok,66.0,ok,0.23,ok,0.0,ok,28.0,ok,,na,,na,,na,0,ok,0,ok,0,ok,941,ok,154,ok,,na,,na,5.28,0.51,The Battery,,"Heavy showers and thunderstorms produced flash flooding along many major roads, which resulted in road closures.  The most significant flooding occurred along the Deegan and Cross Bronx Expressways, about 2 miles west of East Tremont in the Bronx; along Northern Blvd. of Jackson Heights in Queens; and along the railroad train tracks, Wantagh Ave. and North Jerusalem Road in Wantagh, where up to 3 feet of water submerged cars.  Significant flooding, which resulted in road closures, also occurred in Yaphank.  Up to 2.20 inches of rain was measured in Lake Grove.A severe thunderstorm produced a weak F0 tornado as it moved across extreme southeast Nassau County and extreme southwest Suffolk County between 12 Noon and 12:15 pm EDT.  This was confirmed by a NWS Storm Survey team.  The tornado's path length was only about one quarter mile long and its' maximum path width was around 150 yards.  There was significant tree damage along its' path.  Rotation was evident in the tops of many trees.  The most damage occurred in East Massapequa between  Merrick Road and Route 27A, Old Sunrise Highway.  It was concentrated around Clocks Blvd. southeast across Melrose Ave. and County Line Road, then across Amityville's Old Fields and Homestead Avenues.  The tornado lifted into the parent cloud before reaching South Ketcham Avenue.This severe thunderstorm produced damaging winds, large hail, and torrential rain along its' path.  Large tree branches were downed in Wantagh.  Quarter size hail was reported in Farmingdale.  Flash flooding also occurred along its' path."
E20060902-1221076,,2006-09-02 09:00:00,2006-09-02 21:00:00,2006,heavy-rain,BK;QN;SI,0,1221076,0,0,ok,0,ok,0,ok,,missing,,missing,69.1,ok,59.0,ok,1.24,ok,0.0,ok,40.0,ok,,na,,na,,na,2718,ok,2,ok,0,ok,433,ok,875,ok,,na,,na,,,,,"Remnants of Tropical Storm Ernesto brought heavy rain and gusty winds of 40 TO 57 MPH across Long Island and Southeast New York, east of the Hudson River, including most of New York City.  This resulted in numerous trees and power lines down with hundreds of thousands of power outages reported.  Specifics by county:COUNTY NAME		RAINFALL	WIND GUSTS		DAMAGEWestchester		0.5"" - 2""		48 MPH			Numerous trees and power lines downKings			0.5"" - 1""		52 MPH			Numerous trees and power lines downQueens			0.5"" - 1""		46-51 MPH		Numerous trees and power lines downRichmond			0.5"" - 1""		49 MPH			Numerous trees and power lines downNassau			0.5"" - 0.75""	41-57 MPH		Numerous trees and power lines downSuffolk			0.5"" - 0.75""	40-55 MPH		Numerous trees and power lines down"
E20060929-1221080,,2006-09-29 00:15:00,2006-09-29 00:15:00,2006,thunderstorm,QN,0,1221080,0,0,ok,0,ok,0,ok,,missing,,missing,69.1,ok,50.0,ok,0.11,ok,0.0,ok,23.9,ok,,na,,na,,na,0,ok,0,ok,0,ok,584,ok,118,ok,,na,,na,,,,,"An isolated small downburst downed a tree, toppled street lights, and downed wires along Hillside Avenue and 121st Street in Richmond Hill."
E20061020-896,,2006-10-20 13:30:00,2006-10-20 13:42:00,2006,high-winds,SI,0,896,0,0,ok,0,ok,0,ok,0,ok,0,ok,69.1,ok,46.0,ok,0.45,ok,0.0,ok,40.9,ok,,na,,na,,na,0,ok,0,ok,0,ok,564,ok,392,ok,,na,,na,5.77,1.21,The Battery,,"As a fast moving cold front approached the region, high winds downed numerous trees and power poles in the Pleasant Plains area of Staten Island.  A maximum wind gust of 49 mph was measured in the vicinity at 2:30 pm EDT."
E20061028-899,,2006-10-28 12:50:00,2006-10-28 13:05:00,2006,flash-flooding,BX,0,899,0,0,ok,0,ok,0,ok,0,ok,0,ok,69.1,ok,45.0,ok,2.22,ok,0.0,ok,38.9,ok,,na,,na,,na,0,ok,0,ok,0,ok,604,ok,524,ok,,na,,na,6.83,2.48,The Battery,,"Heavy rain caused flash flooding of many urban areas where poor drainage occurs.|Radar showed two areas of heavy rainfall; one area extending northeast  across northern portions of NYC, Eastern Rockland, Westchester, and Eastern Putnam Counties; the other area across Suffolk County.  From 8 am until 2 pm during Saturday, October 28th, from 1.0 to 1.5 inches of rain fell across parts of Suffolk County.|Storm Total Rainfall amounts for:|Kings County - 1.60 inches was measured at Sheepshead Bay.|Nassau County - from 1.27 inches at Bellmore to 2.75 inches at Plainview.|New York County - 2.54 inches was measured at Central Park.|Orange County - from 1.75 inches at Westtown to 2.60 inches at Middletown.|Putnam County - 1.50 inches was measured at Mahopac.|Queens County - from 1.41 inches at JFK Airport to 2.03 inches at LaGuardia Airport.|Suffolk County - from 2.08 inches at Montauk to 3.39 inches at Nesconset.|Westchester County - 3.21 inches was measured at White Plains."
E20061108-1128,,2006-11-08 14:00:00,2006-11-08 18:00:00,2006,flash-flooding,SI,0,1128,0,0,ok,0,ok,0,ok,0,ok,0,ok,64.0,ok,55.9,ok,4.34,ok,0.0,ok,25.1,ok,,na,,na,,na,36329,ok,3,ok,0,ok,2007,ok,115,ok,,na,,na,6.58,1.34,The Battery,,An area of low pressure moved from Cape Hatteras to south of Long Island on the 8th.  It produced heavy rainfall and caused areas of flash flooding and some small streams and creeks to exceed their banks.  Rainfall amounts ranged from 1.5 to 3.5 inches over the Lower Hudson Valley and New York City Metro area.
E20070120-2750,,2007-01-20 09:00:00,2007-01-20 16:00:00,2007,high-winds,MN,0,2750,0,0,ok,0,ok,1,ok,0,ok,0,ok,35.1,ok,21.0,ok,0.03,ok,0.7,ok,38.9,ok,,na,,na,,na,0,ok,0,ok,0,ok,421,ok,16,ok,,na,,na,4.08,-0.66,The Battery,,"As a low pressure system moved northeast across Southeast Canada, a high pressure system built southeast across the Ohio Valley.  This resulted in a strong northwest pressure gradient that caused winds to gust to 47 mph at JFK Airport and to 46 mph at Westchester County Airport and in Lindenhurst."
E20070204-2751,,2007-02-04 00:00:00,2007-02-08 23:59:00,2007,extreme-cold,BX;BK;MN;QN,0,2751,0,11,ok,0,ok,0,ok,0,ok,0,ok,30.9,ok,8.1,ok,0.0,ok,0.0,ok,33.1,ok,,na,,na,,na,0,ok,0,ok,0,ok,3155,ok,91,ok,,na,,na,,,,,"An arctic air mass caused subfreezing temperatures across the local area for 5 consecutive days; from February 4th through February 8th.|During this time, the daily mean temperature averaged nearly 15 degrees below normal.|Based on a report by the NYC Medical Examiner's Office, hypothermia, was a direct cause of at least 11 fatalities during and after this period of extreme cold in New York City."
E20070213-3273,,2007-02-13 19:00:00,2007-02-14 17:00:00,2007,winter-storm,BX;BK;MN;QN,0,3273,0,0,ok,0,ok,0,ok,0,ok,0,ok,34.0,ok,16.0,ok,0.97,ok,3.4,ok,38.9,ok,,na,,na,,na,0,ok,1,ok,0,ok,1122,ok,27,ok,,na,,na,,,,,"As a ridge of high pressure extending from north of the Great Lakes southeast across southern New England moved slowly northeast, a low pressure system developed off the Carolina coast.  As this low moved north to northeast just off the mid Atlantic coast, it rapidly intensified during Wednesday morning.  This low moved across eastern Long Island during the early afternoon hours. |These systems produced snow, sleet, freezing rain, rain, strong gusty winds, and minor tidal flooding across the region. |Light snow developed from southwest to northeast during Tuesday evening between 5 p.m. and 10 p.m.  It mixed with sleet and freezing rain, first across eastern Long Island between midnight and 3 a.m. and then across the remainder of the area between 3 a.m. and 6 a.m.  By 6 a.m., a mixed bag of sleet and freezing rain occurred everywhere with temperatures ranging from the lower 30s across eastern Long Island, to 10 degrees in the Lower Hudson Valley, to 19 degrees at Central Park. |As the deepening low moved more to the northeast, cold air was locked in west of the storm track, prompting the issuance of Ice Storm Warnings for Brooklyn, Queens, Nassau, and NW Suffolk between 10 a.m. and 10:15 a.m.  Six hour precipitation totals between 7 a.m. and 1 p.m. were between 0.50 and 0.75 inches.  This fell as mainly plain rain across the twin forks, and much of Suffolk County; a combo of sleet and freezing rain fell across Nassau; and mainly sleet with some freezing rain elsewhere including NYC."
E20070306-3487,,2007-03-06 00:00:00,2007-03-09 23:59:00,2007,extreme-cold,BX,0,3487,0,1,ok,0,ok,0,ok,0,ok,0,ok,37.0,ok,10.9,ok,0.1,ok,1.9,ok,45.0,ok,,na,,na,,na,3990,ok,2,ok,0,ok,2241,ok,91,ok,,na,,na,,,,,"An arctic air mass produced average daily temperatures up to 19 degrees below normal from March 6th through the 9th.|Based on a report from the NYC Office of the Chief Medical Examiner, a 45 year old man died in the Bronx on March 8, 2007."
E20070316-4074,,2007-03-16 08:00:00,2007-03-17 10:00:00,2007,winter-storm,BX;BK;MN;QN,0,4074,0,0,ok,0,ok,0,ok,0,ok,0,ok,42.1,ok,25.0,ok,2.06,ok,6.0,ok,32.0,ok,,na,,na,,na,0,ok,0,ok,0,ok,860,ok,19,ok,,na,,na,,,,,"A cold front slipped south of the tri-state area during the day on Thursday, March 15.  This allowed colder air to work into the region after several days of anomalously warm temperatures.  Farther to the south, along the Gulf Coast, low pressure developed and deepened as it tracked northeast along the boundary.  The deepening low tracked to near the Mid Atlantic coast Friday evening, March 16, to just east of Montauk Point Saturday morning, March 17. |Initially, the precipitation started off as a light mix of snow, sleet, and rain during the early morning hours, but, as the colder air continued to deepen, the preciptation fell primarily as a mix of snow and sleet during the daytime hours, falling moderate to occasionally heavy at times. The precipitation fell primariliy as snow across the Lower Hudson Valley, while New York City and Long Island were primarily a mix of sleet and snow.  During the evening hours, inland areas began to mix more with sleet, while at the coast some areas changed over to plain rain. |Snow and sleet totals ranged from 8 to 13 inches in the Lower Hudson Valley, to 3 to 6 inches in New York City and 2 to 7 inches across Long Island.  At Central Park, 5.5 inches was measured; 4.5 inches at LaGuardia Airport; 2.7 inches at JFK Airport, and 3.3 inches at Islip Airport.|In addition, there were major impacts on mass transit with high winds and heavy wintry precipitation during the evening rush-hour traffic. Hundreds of flights were cancelled at the metropolitan airports with many planes stuck on the tarmac."
E20070415-5088,,2007-04-15 07:25:00,2007-04-15 21:15:00,2007,inland-flooding,BX;BK;MN;QN;SI,0,5088,0,0,ok,0,ok,0,ok,0,ok,0,ok,55.9,ok,39.9,ok,7.57,ok,0.0,ok,36.0,ok,425298,ok,626326,ok,1612032,ok,1904485,ok,282,ok,0,ok,4038,ok,44,ok,,na,,na,,,,1692,"A Nor���Easter occurred during Sunday and Monday, April 15th and 16th.  It brought heavy rain and high winds that caused widespread and significant river, stream, and urban flooding of low lying and poor drainage areas.  High winds downed many trees and power lines across Eastern Suffolk County.  The combination of high winds, heavy rain, and high water tables produced widespread moderate tidal flooding across parts of the New York City and Long Island Sound shores through Thursday, April 19th.  Significant river flooding lasted through April 17th.|Storm Total Rainfall amounts ranged from 1.47 inches at Lindenhurst to 8.41 inches at Central Park:|Nassau County rainfall ranged from 1.54 inches at Oceanside to 3.60 inches at East Meadow.|New York City rainfall ranged from 2.70 inches at JFK Airport to 8.41 inches at Central Park.  At LaGuardia Airport, 7.00 inches was measured.|Orange County rainfall ranged from 4.26 inches in Westtown to 8.00 inches at Cornwall.|Suffolk County rainfall ranged from 1.47 inches at Lindenhurst to 5.41 inches at Greenlawn.|Westchester County rainfall ranged from 5.85 inches in Yorktown Heights to 8.22 inches in East White Plains.|Flooding from Rainfall:|Many small rivers, streams, and brooks rose over their banks within 12 hours of the heavy rainfall during Sunday, April 15th.  The Wallkill River rose over its' banks the following day, on Monday, April 16th.|The Orange County Department of Emergency Services reported emergency declarations in the towns of Deerpark and Blooming Grove and in the villages of Washingtonville, Greenwood Lake, and South Blooming Grove.  Many road closures were reported in the towns of Newburgh, Blooming Grove, Cornwall, Crawford, Deerpark, Walkill, and many other towns and villages throughout the county.  Evacuations occurred in the towns of Woodbury, Tuxedo, Deerpark, and Washingtonville.|River Flood Observations include:|In Orange County, the Wallkill River at Gardiner rose to its' flood stage of 13 feet at 8:15 am on April 16th, crested at 14.9 feet at 7:08 pm on April 16th, then fell below flood stage at noon on April 17th.|Urban Flood Observations include:|Brooklyn - Street flooding was reported along the Belt Parkway.|Manhattan - Street flooding was reported along the FDR Drive.|Orange County - Moodna Creek flooded at Washingtonville.  Houses were flooded.|Putnam County - The Taconic State Parkway and I-84 intersection near Miller Hill Road was flooded.|Queens - A partial road closure was reported along the Van Wyck Expressway at Jewel Avenue.|Rockland County - The south bound lanes closed near the intersection of Route 9 and Broadway.|Westchester County - NY State Police reported flooding closures at Exit 7 of I 287, Exits 18A, 18B, and 22 of I 95, and I 95 south bound between exits 19 and 17.  A spotter reported a partial road closure along the Hutchinson River Parkway at Linden Avenue in Harrison.  The Bronx River Parkway was closed in White Plains.|High Wind Observations include:|East winds increased during the day, Sunday as the low approached.  Wind speeds gusted from 35 to 55 mph.  As the low moved toward Long Island, another period of high winds occurred during Sunday night with peak wind speeds from 45 to 55 mph.|Peak wind gusts in mph on April 15th included:|Bronx County - |47 mph at Maritime College NERON site at 1:41 pm|Queens County - |48 mph from the east at JFK Airport|Nassau County - |45 mph from the east at Farmingdale Republic Airport|41 mph at Merrick at 5:59 pm|Suffolk County - |61 mph from the east at 1:45 pm at Shinnecock Inlet|56 mph at 9:25 pm at Baiting Hollow|56 mph around 9 pm at Brookhaven National Lab|51 mph from the east at Islip McArthur Airport|50 mph at Fire Island NERON site|Tidal Flood Observations include:|Widespread moderate to major beach erosion occurred across the south and east shores of Long Island.  Moderate coastal flooding occurred along the Atlantic and Long Island Sound shores of New York City and Long Island around the times of high tide starting Sunday evening, and lasting through Thursday, April 19th.  The highest surges of 3 to 4 feet occurred across the Atlantic shores of Suffolk County during Sunday evening.  Because of the new moon on April 17th, the highest water levels (and highest tidal departures) occurred during Tuesday, April 17th.  Water slowly receded during the remainder of the week, when mainly minor tidal flooding occurred during Wednesday and Thursday."
E20070415-8019,,2007-04-15 19:00:00,2007-04-16 07:30:00,2007,coastal-flooding,BX;BK;QN;SI,0,8019,0,0,ok,0,ok,0,ok,0,ok,0,ok,55.9,ok,37.9,ok,8.47,ok,0.0,ok,36.0,ok,425298,ok,626326,ok,1612032,ok,1957294,ok,293,ok,0,ok,4753,ok,75,ok,,na,,na,7.64,3.34,The Battery,1692,"A strong late season Nor'easter impacted the region with a prolonged period of moderate coastal flooding.  The low orignated over the southern plains on Friday, April 13, and then reached the mid Atlantic coast Sunday morning, April 15.  From there, it underwent rapid deepening and tracked northeast, reaching the waters off southern New England Sunday night.  The combination of a strong high off the New England coast and a period of higher than normal spring tides resulted in several days of tidal piling across Atlantic facing beaches and Long Island Sound. The slow eastward movement of the low in the following days resulted in a prolonged period of long fetch easterly flow.||Tidal departures were highest on both the Atlantic back bays of western Long Island and western Long Island Sound from Sunday evening through Monday morning, ranging from 2.5 to 3.5 feet. Thereafter, there were fewer, more isolated flooding episodes through Thursday, April 19.||The moderarte coastal flooding at Kings Point, New York, resulted in a tide level of 11.57 feet (MLLW) at 10:36 p.m. on Sunday, April 15. This was comparable to tide levels during Hurricanes Gloria and Donna.||The storm caused over $26 million in damage in Suffolk County, including significant beach erosion, flooding, and harm to homes, businesses, and infrastructure.||Several days prior to this event, model storm surge forecasts were as high as 4.5 feet.  For Atlantic facing shores, this would have been comparable to the October 1996 and the Halloween 1991 Nor'easters. For Long Island Sound, such a surge would have produced flooding approaching the level of the December 1992 Nor'easter. While these levels were not realized due to changes in the forecast track, this storm resulted in considerable damage to property with estimates into the millions of dollars."
E20070427-5136,,2007-04-27 08:23:00,2007-04-27 10:00:00,2007,flash-flooding,BX;MN;QN,0,5136,0,0,ok,0,ok,0,ok,0,ok,0,ok,57.9,ok,46.9,ok,2.36,ok,0.0,ok,17.9,ok,,na,,na,,na,0,ok,1,ok,0,ok,1345,ok,70,ok,,na,,na,4.57,0.69,The Battery,,"A low pressure system moved northeast from the Mid Atlantic States across Northeast New Jersey and Eastern Connecticut on the 27th.  A band of heavy rain occurred across Northeast New Jersey northeast across Southern Westchester County, mainly south of I-287, then across Southern Fairfield and New Haven Counties in Connecticut.  Storm total rainfall amounts ranged from 2 to 3 inches, which resulted in flash flooding across parts of the region.|Storm total rainfall amounts for:|Southern Westchester County - 2.71 inches was measured at Westchester County Airport.|New York City - 2.04 inches was measured at Central Park.|The broadcast media reported flash flooding of the:|Jackie Robinson Parkway west bound at Forest Park in Queens at 10:09 am.|West Side Highway north bound between 79th Street West and 125th Street West in Manhattan at 10:10 am.|Cross County Parkway in both directions at the Bronx River Parkway on ramp and the Hutchinson River Parkway in both directions at Lincoln Avenue in Mount Vernon at 12:24 pm, and the Sprain Brook Parkway south bound after Route 100 in Yonkers at 12:24 pm."
E20070516-6413,,2007-05-16 14:58:00,2007-05-16 15:03:00,2007,thunderstorm,BK;SI,0,6413,0,0,ok,0,ok,0,ok,0,ok,0,ok,89.1,ok,59.0,ok,0.83,ok,0.0,ok,49.0,ok,,na,,na,,na,0,ok,0,ok,0,ok,1220,ok,426,ok,,na,,na,,,,,"Thunderstorms developed ahead of a cold front the afternoon of the 16th...with 2 particularly potent bow echoes. The first moved through Rockland and Westchester counties, producing extensive damage across south central portions with a microburst associated with a bookend vortex on the left hand side of the bow. The second bow echo moved through Staten Island (Richmond) and Brooklyn (Kings), producing a Gustnado in Brooklyn."
E20070516-6419,,2007-05-16 15:18:00,2007-05-17 15:00:00,2007,thunderstorm,,1,6419,0,0,ok,0,ok,0,ok,0,ok,0,ok,89.1,ok,53.1,ok,0.83,ok,0.0,ok,49.0,ok,,na,,na,,na,0,ok,0,ok,1,ok,1576,ok,594,ok,,na,,na,,,,,"Thunderstorms crossed New York Harbor, the Atlantic Coastal Waters South of Long Island, and Long Island Sound on the afternoon of the 16th, some of which produced wind gusts of 35-63kt."
E20070520-6462,,2007-05-20 16:50:00,2007-05-20 16:50:00,2007,thunderstorm,,1,6462,0,0,ok,0,ok,0,ok,0,ok,0,ok,78.1,ok,51.1,ok,0.04,ok,0.0,ok,31.1,ok,,na,,na,,na,0,ok,0,ok,0,ok,660,ok,230,ok,,na,,na,,,,,Thunderstorms developed ahead of cold front in the afternoon of the 20th causing gusts to gale force across New York harbor and adjacent coastal waters.
E20070604-7548,,2007-06-04 08:25:00,2007-06-04 10:56:00,2007,flash-flooding,BX;BK;MN;QN,0,7548,0,0,ok,0,ok,0,ok,0,ok,0,ok,71.1,ok,60.1,ok,2.29,ok,0.0,ok,28.0,ok,,na,,na,,na,15458,ok,3,ok,0,ok,1600,ok,588,ok,,na,,na,6.42,1.67,The Battery,,Heavy rain from the remnants of Tropical Storm Barry caused flash flooding in parts of Southeast New York.  Rainfall amounts ranged from just under 4 inches in Central Park to just under an inch at Montauk Point...with most locations across Southeast New York receiving between 1.5 and 3 inches of rainfall. Wind gusts if 30-40 mph produced sporadic instances of minor tree damage.
E20070621-7433,,2007-06-21 17:30:00,2007-06-21 17:56:00,2007,thunderstorm,,1,7433,0,0,ok,0,ok,0,ok,0,ok,0,ok,84.9,ok,60.1,ok,0.64,ok,0.0,ok,40.9,ok,,na,,na,,na,0,ok,0,ok,0,ok,1141,ok,372,ok,,na,,na,,,,,Thunderstorms produced wind gusts of at least 34 knots across parts of the local coastal waters.
E20070627-7501,,2007-06-27 17:30:00,2007-06-27 21:30:00,2007,thunderstorm;flash-flooding,BX;QN,0,7501,0,0,ok,0,ok,0,ok,0,ok,0,ok,96.1,ok,70.0,ok,1.74,ok,0.0,ok,33.1,ok,,na,,na,,na,23207,ok,5,ok,0,ok,1605,ok,465,ok,,na,,na,4.84,-0.11,The Battery,,"Severe thunderstorms produced flash flooding, hail, and high winds across parts of the region."
E20070711-8750,,2007-07-11 17:10:00,2007-07-11 17:45:00,2007,flash-flooding,MN,0,8750,0,0,ok,0,ok,0,ok,0,ok,0,ok,88.0,ok,70.0,ok,1.63,ok,0.0,ok,25.1,ok,,na,,na,,na,0,ok,0,ok,0,ok,1894,ok,397,ok,,na,,na,6.0,0.51,The Battery,,"A passing cold front produced showers and thunderstorms ahead of it, producing heavy rainfall across New York City. Rainfall amounts ranged around 1 inch, producing areas of flash flooding."
E20070718-9275,,2007-07-18 06:39:00,2007-07-18 10:03:00,2007,flash-flooding,BK;MN;QN,0,9275,0,0,ok,0,ok,0,ok,0,ok,0,ok,80.1,ok,69.1,ok,2.67,ok,0.0,ok,17.9,ok,,na,,na,,na,407983,ok,41,ok,0,ok,4705,ok,352,ok,,na,,na,5.15,0.52,The Battery,,"A cluster of heavy thunderstorms produced torrential rain that resulted in widespread and significant flash flooding across the region.  Maximum 1 hour rainfall rates were estimated at 2 to 3 inches.  The storm total rainfall for this event ranged from around 3 to 6 inches.  Nassau Community College measured 5.18 inches.  Other amounts included 4.20 inches in Holtsville and 3.35 inches in Fresh Meadows.||Thunderstorms produced many frequent and intense lightning strikes that resulted in more than 20,000 customers without power across portions of Long Island, as reported by the Long Island Power Authority.||A severe thunderstorm produced an EF1 tornado in East Islip Terrace."
E20070804-10503,,2007-08-04 01:46:00,2007-08-04 01:46:00,2007,thunderstorm,,1,10503,0,0,ok,0,ok,0,ok,0,ok,0,ok,91.9,ok,69.1,ok,0.51,ok,0.0,ok,31.1,ok,,na,,na,,na,0,ok,0,ok,0,ok,433,ok,175,ok,,na,,na,,,,,"As a line of strong thunderstorms moved east, it produced a wind gust to 39 knots at Annadale across southeast Staten Island."
E20070808-10328,,2007-08-08 04:49:00,2007-08-08 07:30:00,2007,heavy-rain;tornado;thunderstorm;flash-flooding,BX;BK;MN;QN;SI,0,10328,0,0,ok,0,ok,9,ok,0,ok,0,ok,95.0,ok,73.0,ok,3.47,ok,0.0,ok,31.1,ok,,missing,,missing,5099617,ok,1107911,ok,70,ok,0,ok,3977,ok,778,ok,,na,,na,4.54,0.52,The Battery,1724,"An approaching cold font, interacting with energy aloft, produced numerous thunderstorms, including one which produced two tornadoes across Southern New York City, and later produced wind damage in Nassau County. In addition, the storms produced copious amounts of rainfall which caused widespread significant flash flooding in New York City, including several subway lines, and Long Island."
E20070808-10350,,2007-08-08 05:32:00,2007-08-08 05:32:00,2007,thunderstorm,,1,10350,0,0,ok,0,ok,0,ok,0,ok,0,ok,95.0,ok,73.0,ok,3.47,ok,0.0,ok,31.1,ok,,missing,,missing,5099617,ok,1107911,ok,70,ok,0,ok,3977,ok,778,ok,,na,,na,,,,1724,An approaching cold front produced numerous thunderstorms producing strong gusty winds over the waters around Long Island.
E20070817-10371,,2007-08-17 15:50:00,2007-08-17 15:50:00,2007,thunderstorm,,1,10371,0,0,ok,0,ok,0,ok,0,ok,0,ok,87.1,ok,62.1,ok,0.79,ok,0.0,ok,32.0,ok,,na,,na,,na,0,ok,0,ok,0,ok,941,ok,308,ok,,na,,na,,,,,A passing cold front produced thunderstorms with gusts to at least gale force over the waters near Long Island.
E20071011-10901,,2007-10-11 17:14:00,2007-10-11 19:05:00,2007,flash-flooding,BX;BK;MN;QN,0,10901,0,0,ok,0,ok,0,ok,0,ok,0,ok,70.0,ok,54.0,ok,1.71,ok,0.0,ok,30.0,ok,,na,,na,,na,55280,ok,2,ok,0,ok,2231,ok,618,ok,,na,,na,6.34,1.58,The Battery,,"A low pressure system slowly moved north from the Mid-Atlantic coast across New England and produced flash flooding across parts of the New York City Metropolitan Area and isolated severe weather in Nassau and Suffolk Counties.  Rainfall amounts ranged from around 1.25 to just under 4.5 inches, with most locations receiving from 1.5 to 2.75 inches of rain."
E20071019-11124,,2007-10-19 22:54:00,2007-10-19 22:54:00,2007,thunderstorm,,1,11124,0,0,ok,0,ok,0,ok,0,ok,0,ok,75.0,ok,63.0,ok,1.86,ok,0.0,ok,31.1,ok,,na,,na,,na,0,ok,0,ok,0,ok,839,ok,309,ok,,na,,na,,,,,An approaching cold front produced thunderstorms with gusts to gale force for portions of the waters around Long Island.
E20071019-10922,,2007-10-19 23:00:00,2007-10-19 23:00:00,2007,thunderstorm,BK,0,10922,0,0,ok,0,ok,0,ok,0,ok,0,ok,75.0,ok,63.0,ok,1.86,ok,0.0,ok,31.1,ok,,na,,na,,na,0,ok,0,ok,0,ok,839,ok,309,ok,,na,,na,,,,,"As a cold front moved east toward the region, it produced heavy rain that resulted in flash flooding and isolated severe weather across portions of Long Island.||A narrow band of heavy showers and thunderstorms was oriented from south southwest to north northeast across Nassau and extreme Western Suffolk Counties.  Maximum radar estimated rainfall rates were 1.5 to 2.0 inches per hour.  Storm total rainfalls ranged from 2.08 inches at Garden City to 2.93 inches in Hicksville."
E20080109-13955,,2008-01-09 13:00:00,2008-01-09 13:00:00,2008,high-winds,MN,0,13955,0,0,ok,0,ok,0,ok,5000,ok,7087,ok,66.0,ok,44.1,ok,0.03,ok,0.0,ok,38.9,ok,,na,,na,,na,0,ok,0,ok,0,ok,858,ok,147,ok,,na,,na,5.71,0.93,The Battery,,Gusty west to northwest winds behind a cold front blew out isolated windows in high rise buildings in New York City.
E20080111-14024,,2008-01-11 19:00:00,2008-01-11 19:00:00,2008,thunderstorm,,1,14024,0,0,ok,0,ok,0,ok,0,ok,0,ok,57.0,ok,39.9,ok,1.34,ok,0.0,ok,25.9,ok,,na,,na,,na,0,ok,0,ok,0,ok,1077,ok,82,ok,,na,,na,,,,,"As a line of heavy thunderstorms raced northeast, wind gusts up to 35 knots was measured by the Robins Reef tidal gauge and up to 37 knots by the Ambrose Light Tower buoy."
E20080130-13951,,2008-01-30 10:00:00,2008-01-30 14:39:00,2008,high-winds,BK;QN,0,13951,0,1,ok,0,ok,1,ok,9500,ok,13466,ok,50.0,ok,32.0,ok,0.1,ok,0.0,ok,44.1,ok,,na,,na,,na,0,ok,0,ok,0,ok,673,ok,247,ok,,na,,na,5.35,1.41,The Battery,,"Gusty west to northwest winds behind a cold front downed isolated trees, over turned a tractor trailer, and caused scaffolding to collapse, killing one person and injuring another in New York City."
E20080222-14735,,2008-02-22 07:00:00,2008-02-22 19:00:00,2008,heavy-snow,BX;BK;MN;QN;SI,0,14735,0,0,ok,0,ok,0,ok,0,ok,0,ok,34.0,ok,24.1,ok,0.71,ok,6.9,ok,23.0,ok,,na,,na,,na,0,ok,0,ok,1,ok,402,ok,45,ok,,na,,na,,,,,"Polar high pressure over the northeast and low pressure developing on a coastal front along the southeast coast provided the ideal scenario for widespread heavy snowfall. This was the biggest event for the tri-state area during the 2007-2008 winter season. The low developed along the South Carolina coast Friday morning, February 22, and then tracked northeast. The storm took a track to approximately 125 miles southeast of Montauk Point, New York, in the evening.  While the low only dropped to 1002 mb late Friday night, the 1030 mb high over the Northeast the prior evening provided an ideal overrunning surface. Snow developed around daybreak Friday morning, moderate to heavy at times, before ending in the evening. Along the coast, the snow changed over to light rain as the precipitation tapered off. Some of the inland locations ended with a period of light freezing rain. Snowfall amounts generally ranged from 5 to 8 inches with a few higher spots. Monroe in Orange County received 10 inches."
E20080305-15732,,2008-03-05 04:06:00,2008-03-05 04:45:00,2008,thunderstorm,BK;QN,0,15732,0,0,ok,0,ok,0,ok,0,ok,0,ok,59.0,ok,37.0,ok,0.39,ok,0.0,ok,49.0,ok,,na,,na,,na,0,ok,0,ok,1,ok,973,ok,910,ok,,na,,na,,,,,Severe thunderstorms moved across Southeast New York ahead of a cold front the morning of March 5th.
E20080308-15735,,2008-03-08 13:30:00,2008-03-08 19:30:00,2008,high-winds,BX;BK;MN,0,15735,0,0,ok,0,ok,0,ok,15000,ok,21262,ok,62.1,ok,36.0,ok,0.99,ok,0.0,ok,53.0,ok,,na,,na,,na,0,ok,0,ok,0,ok,707,ok,459,ok,,na,,na,6.28,1.76,The Battery,,"A powerful low tracked across the Tri-State on the 8th, producing damaging winds across portions of the Lower Hudson Valley and New York City."
E20080610-19179,,2008-06-10 20:20:00,2008-06-10 21:00:00,2008,thunderstorm,BX;MN;QN,0,19179,0,0,ok,0,ok,0,ok,70000,ok,99221,ok,100.0,ok,69.1,ok,0.19,ok,0.0,ok,44.1,ok,,na,,na,,na,10237,ok,1,ok,2,ok,1882,ok,2108,ok,,na,,na,,,,,A strong cold front moved across Southeast New York the evening of Tuesday June 10th causing multiple severe thunderstorms across the region.
E20080610-19205,,2008-06-10 20:40:00,2008-06-10 20:40:00,2008,thunderstorm,,1,19205,0,0,ok,0,ok,0,ok,0,ok,0,ok,100.0,ok,69.1,ok,0.19,ok,0.0,ok,44.1,ok,,na,,na,,na,10237,ok,1,ok,2,ok,1882,ok,2108,ok,,na,,na,,,,,"A strong cold front moved across the waters surrounding Long Island on the evening of Tuesday June 10th causing strong thunderstorms, with one to severe levels, over Long Island Sound and New York Harbor and its adjacent Atlantic Coastal Waters."
E20080614-19225,,2008-06-14 18:17:00,2008-06-14 18:30:00,2008,thunderstorm,QN,0,19225,0,0,ok,0,ok,0,ok,18000,ok,25514,ok,91.9,ok,66.9,ok,2.16,ok,0.0,ok,29.1,ok,,na,,na,,na,180795,ok,16,ok,0,ok,1825,ok,589,ok,,na,,na,,,,,"A cold front crossed Southeast New York on the 14th, causing severe thunderstorms across the Lower Hudson Valley and New York City."
E20080614-18713,,2008-06-14 18:48:00,2008-06-14 20:56:00,2008,flash-flooding,QN,0,18713,0,0,ok,0,ok,0,ok,0,ok,0,ok,91.9,ok,66.9,ok,2.16,ok,0.0,ok,29.1,ok,,na,,na,,na,180795,ok,16,ok,0,ok,1825,ok,589,ok,,na,,na,5.43,0.6,The Battery,,"A cold front moved across the area on June 14, 2008 which produced widespread flash flooding across portions of the Lower Hudson Valley and New York City."
E20080616-19295,,2008-06-16 18:04:00,2008-06-16 18:04:00,2008,thunderstorm,QN;SI,0,19295,0,0,ok,0,ok,0,ok,14500,ok,20553,ok,82.9,ok,61.0,ok,0.21,ok,0.0,ok,36.9,ok,,na,,na,,na,0,ok,0,ok,0,ok,1503,ok,1246,ok,,na,,na,,,,,"An approaching cold front across central New York state triggered numerous severe thunderstorms across the region. Damaging winds and large hail impacted many areas, from the interior to the coast. In addition to the wind and hail, a tornado produced damage in and near Newburgh, New York."
E20080616-20303,,2008-06-16 18:05:00,2008-06-16 18:06:00,2008,thunderstorm,,1,20303,0,0,ok,0,ok,0,ok,0,ok,0,ok,82.9,ok,61.0,ok,0.21,ok,0.0,ok,36.9,ok,,na,,na,,na,0,ok,0,ok,0,ok,1503,ok,1246,ok,,na,,na,,,,,An approaching cold front across central New York state triggered numerous strong to severe thunderstorm across the region. Damaging winds impacted large portions of the coastal waters.
E20080622-19858,,2008-06-22 13:53:00,2008-06-22 13:53:00,2008,hail,BX,0,19858,0,0,ok,0,ok,0,ok,0,ok,0,ok,82.0,ok,66.9,ok,0.62,ok,0.0,ok,31.1,ok,,na,,na,,na,0,ok,0,ok,0,ok,784,ok,373,ok,,na,,na,,,,,"A passing upper level disturbance interacted with warm, humid air, at the surface to create Severe Thunderstorms across the Lower Hudson Valley from the afternoon and into the evening of the 22nd."
E20080622-19723,,2008-06-22 14:30:00,2008-06-22 14:45:00,2008,flash-flooding,BX,0,19723,0,0,ok,0,ok,0,ok,0,ok,0,ok,82.0,ok,66.9,ok,0.62,ok,0.0,ok,31.1,ok,,na,,na,,na,0,ok,0,ok,0,ok,784,ok,373,ok,,na,,na,4.71,0.6,The Battery,,Thunderstorms produced heavy rain which caused localized Flash Flooding in the Bronx.
E20080628-20274,,2008-06-28 17:08:00,2008-06-28 17:08:00,2008,thunderstorm,,1,20274,0,0,ok,0,ok,0,ok,0,ok,0,ok,93.0,ok,70.0,ok,0.47,ok,0.0,ok,25.9,ok,,na,,na,,na,9824,ok,2,ok,0,ok,1177,ok,255,ok,,na,,na,,,,,An approaching trough of low pressure over the lee of the Appalachians produced an isolated strong thunderstorm over New York Harbor late in the afternoon of the 28th.
E20080629-20285,,2008-06-29 13:01:00,2008-06-29 13:01:00,2008,thunderstorm,,1,20285,0,0,ok,0,ok,0,ok,0,ok,0,ok,90.0,ok,70.0,ok,1.3,ok,0.0,ok,21.0,ok,,na,,na,,na,0,ok,1,ok,1,ok,1286,ok,430,ok,,na,,na,,,,,"A trough of low pressure moving east from the Appalachians during the afternoon, followed by a cold front approaching from the west at night, triggered isolated strong thunderstorms over the waters along and South of Long Island from the afternoon of the 29th into the early morning hours of the 30th."
E20080629-20279,,2008-06-29 13:02:00,2008-06-29 13:02:00,2008,hail,SI,0,20279,0,0,ok,0,ok,0,ok,500,ok,709,ok,90.0,ok,70.0,ok,1.3,ok,0.0,ok,21.0,ok,,na,,na,,na,0,ok,1,ok,1,ok,1286,ok,430,ok,,na,,na,,,,,"A trough of low pressure moving east from the Appalachians during the afternoon, followed by a cold front approaching from the west at night, triggered isolated severe thunderstorms over Staten Island and Suffolk County from the afternoon of the 29th into the early morning hours of the 30th."
E20080706-21263,,2008-07-06 14:00:00,2008-07-06 14:00:00,2008,thunderstorm,BK,0,21263,0,0,ok,0,ok,0,ok,5000,ok,7087,ok,79.0,ok,68.0,ok,0.0,ok,0.0,ok,13.0,ok,,na,,na,,na,0,ok,0,ok,0,ok,764,ok,289,ok,,na,,na,,,,,"With a stationary front parked south of Long Island, an unstable airmass produced thunderstorms in the New York City metropolitan area. Lightning struck a building in Bay Ridge and caused structural damage."
E20080725-24090,,2008-07-25 20:00:00,2008-07-25 20:00:00,2008,coastal-hazard,QN,0,24090,0,1,ok,0,ok,0,ok,0,ok,0,ok,88.0,ok,64.9,ok,0.0,ok,0.0,ok,21.9,ok,,na,,na,,na,0,ok,0,ok,1,ok,727,ok,336,ok,,na,,na,5.09,0.15,The Battery,,A retreating offshore high pressure system and an approaching cold front produced a long south fetch with brisk south winds.||Strong rip currents led to the deaths of 4 people.  The first male death occurred at Sand Bar Beach in Southampton at 1:27 pm EDT.  Two male teenagers playing football in about 5 feet of water were swept out to sea from Long Beach at around 6:30 pm EDT.  A 23 year old man drowned from strong rip currents off Jacob Riis Park in Queens around 9:30 pm.
E20080726-24089,,2008-07-26 16:27:00,2008-07-26 16:27:00,2008,coastal-hazard,BK,0,24089,0,1,ok,0,ok,0,ok,0,ok,0,ok,89.1,ok,66.9,ok,0.0,ok,0.0,ok,25.9,ok,,na,,na,,na,0,ok,0,ok,0,ok,528,ok,202,ok,,na,,na,5.42,0.28,The Battery,,"As a cold front approached, south winds increased across the region.||Strong rip currents caused the death of one 10 year old girl at Coney Island Beach and the death of one 29 year old man in Long Beach.||At Coney Island Beach, lifeguards responded, saved a 10 year old boy, but, were unable to save the 10 year old girl.||In Long Beach, a 29 year old man was spotted struggling about 150 feet from shore.  Off duty lifeguards rushed to the beach and reached the victum within minutes.  However, he was unconscious and rescuers were unable to revive him."
E20080727-21730,,2008-07-27 13:43:00,2008-07-27 13:43:00,2008,hail,SI,0,21730,0,0,ok,0,ok,0,ok,,missing,,missing,82.9,ok,66.9,ok,0.63,ok,0.0,ok,34.9,ok,,na,,na,,na,0,ok,0,ok,0,ok,824,ok,377,ok,,na,,na,,,,,A powerful cold front triggered numerous severe thunderstorms from Staten Island eastward across Long Island.
E20080727-21274,,2008-07-27 19:03:00,2008-07-27 19:15:00,2008,flash-flooding,SI,0,21274,0,0,ok,0,ok,0,ok,0,ok,0,ok,82.9,ok,66.9,ok,0.63,ok,0.0,ok,34.9,ok,,na,,na,,na,0,ok,0,ok,0,ok,824,ok,377,ok,,na,,na,5.9,0.5,The Battery,,A cold front moved across the area on July 27 which produced thunderstorms with torrential downpours and led to flash flooding across Long Island and portions of New York City and the Lower Hudson Valley.
E20080802-22350,,2008-08-02 11:36:00,2008-08-02 11:36:00,2008,thunderstorm,,1,22350,0,0,ok,0,ok,0,ok,0,ok,0,ok,82.9,ok,66.9,ok,0.71,ok,0.0,ok,36.0,ok,,na,,na,,na,10784,ok,1,ok,0,ok,690,ok,154,ok,,na,,na,,,,,A wave of low pressure moving along a stationary front located over the Tri-State triggered some strong thunderstorms across the coastal waters around Long Island.
E20080808-22397,,2008-08-08 14:54:00,2008-08-08 15:12:00,2008,thunderstorm,,1,22397,0,0,ok,0,ok,0,ok,0,ok,0,ok,82.0,ok,64.0,ok,0.17,ok,0.0,ok,29.1,ok,,na,,na,,na,0,ok,0,ok,0,ok,729,ok,258,ok,,na,,na,,,,,An upper level low provided sufficient instability to cause isolated strong thunderstorms across the coastal waters along the south shore of Long Island and New York Harbor on the 8th.
E20080811-22223,,2008-08-11 09:45:00,2008-08-11 10:54:00,2008,flash-flooding,MN;QN,0,22223,0,0,ok,0,ok,0,ok,0,ok,0,ok,75.9,ok,59.0,ok,1.64,ok,0.0,ok,40.9,ok,,na,,na,,na,359806,ok,6,ok,0,ok,1074,ok,388,ok,,na,,na,4.22,0.68,The Battery,,"An anomolous low pressure system over southeast New York produced numerous thunderstorms with torrential rainfall which led to flash flooding in portions of New York City, Long Island and the Lower Hudson Valley."
E20080811-22766,,2008-08-11 09:45:00,2008-08-11 10:50:00,2008,hail;thunderstorm,BX;MN;QN,0,22766,0,0,ok,0,ok,0,ok,23250,ok,32956,ok,75.9,ok,59.0,ok,1.64,ok,0.0,ok,40.9,ok,,na,,na,,na,359806,ok,6,ok,0,ok,1074,ok,388,ok,,na,,na,,,,,"A strong upper level low pressure system spawned numerous severe thunderstorms over the Lower Hudson Valley, New York City Metro, and Long Island."
E20080811-22770,,2008-08-11 09:48:00,2008-08-11 09:48:00,2008,thunderstorm,,1,22770,0,0,ok,0,ok,0,ok,0,ok,0,ok,75.9,ok,59.0,ok,1.64,ok,0.0,ok,40.9,ok,,na,,na,,na,359806,ok,6,ok,0,ok,1074,ok,388,ok,,na,,na,,,,,"A strong upper level low pressure system spawned strong thunderstorms over the waters around Long Island, some of these produced waterspouts."
E20080814-22304,,2008-08-14 16:12:00,2008-08-14 16:27:00,2008,flash-flooding,QN,0,22304,0,0,ok,0,ok,0,ok,0,ok,0,ok,86.0,ok,64.0,ok,0.96,ok,0.0,ok,25.9,ok,,na,,na,,na,44755,ok,3,ok,0,ok,1265,ok,485,ok,,na,,na,5.25,0.67,The Battery,,An anomolous slow moving upper level low pressure system triggered thunderstorms producing torrential rainfall which led to flash flooding in Queens and Nassau County.
E20080814-22670,,2008-08-14 16:24:00,2008-08-14 16:24:00,2008,thunderstorm,,1,22670,0,0,ok,0,ok,0,ok,,missing,,missing,86.0,ok,64.0,ok,0.96,ok,0.0,ok,25.9,ok,,na,,na,,na,44755,ok,3,ok,0,ok,1265,ok,485,ok,,na,,na,,,,,A trough of low pressure at the surface coupled with a passing upper level disturbance triggered a round of strong thunderstorms producing penny to quarter size hail and gusty winds across the waters around Long Island on the 14th.
E20080814-22661,,2008-08-14 16:29:00,2008-08-14 16:36:00,2008,hail,QN,0,22661,0,0,ok,0,ok,0,ok,,missing,,missing,86.0,ok,64.0,ok,0.96,ok,0.0,ok,25.9,ok,,na,,na,,na,44755,ok,3,ok,0,ok,1265,ok,485,ok,,na,,na,,,,,"A trough of low pressure at the surface coupled with a passing upper level disturbance triggered a round of Severe Thunderstorms producing penny to quarter size hail across the Lower Hudson Valley, Long Island, and parts of New York City on the 14th."
E20080815-22774,,2008-08-15 16:42:00,2008-08-15 16:50:00,2008,thunderstorm,BX,0,22774,0,0,ok,0,ok,0,ok,1500,ok,2126,ok,81.0,ok,64.0,ok,1.02,ok,0.0,ok,23.0,ok,,na,,na,,na,19734,ok,2,ok,0,ok,834,ok,462,ok,,na,,na,,,,,"A slow moving cold front that crossed the Tri-State on the 15th, produced some severe thunderstorms across portions of the New York City Metro Area, Long Island, and the Lower Hudson Valley, including a microburst in Southern Westchester County."
E20080815-22308,,2008-08-15 17:00:00,2008-08-15 18:56:00,2008,flash-flooding,BX;MN,0,22308,0,0,ok,0,ok,0,ok,0,ok,0,ok,81.0,ok,64.0,ok,1.02,ok,0.0,ok,23.0,ok,,na,,na,,na,19734,ok,2,ok,0,ok,834,ok,462,ok,,na,,na,5.62,0.71,The Battery,,An anomolous slow moving upper level low pressure system in combination with a weak surface cold front and local seabreezes triggered thunderstorms producing torrential rainfall which led to flash flooding on Long Island and in portions of New York City and the Lower Hudson Valley.
E20080815-22775,,2008-08-15 18:12:00,2008-08-15 18:12:00,2008,thunderstorm,,1,22775,0,0,ok,0,ok,0,ok,,missing,,missing,81.0,ok,64.0,ok,1.02,ok,0.0,ok,23.0,ok,,na,,na,,na,19734,ok,2,ok,0,ok,834,ok,462,ok,,na,,na,,,,,"A slow moving cold front that crossed the Tri-State on the 15th, produced some strong thunderstorms across the waters around Long Island, including a waterspout, during the afternoon and early evening hours."
E20080906-23184,,2008-09-06 13:00:00,2008-09-07 04:00:00,2008,tropical-cyclone,BX;BK;MN;QN;SI,0,23184,0,0,ok,0,ok,0,ok,20000,ok,28349,ok,82.9,ok,66.9,ok,3.64,ok,0.0,ok,38.9,ok,,na,,na,,na,35047,ok,8,ok,0,ok,1461,ok,827,ok,,na,,na,5.29,1.93,The Battery,,"Tropical Storm Hanna impacted Southeast New York, making landfall near the Nassau/Suffolk County border around 10:35 pm on the 6th.  Storm total rainfall ranged from 1.66 inches at Port Jervis to 5.92 inches at New City.  The highest sustained wind of 33 knots (38 mph) with a peak gust of 45 knots (52 mph) was recorded at Shinnecock Inlet.  The lowest sea-level pressure was 996 mb. at Shirley/Brookhaven Airport, Westhampton Beach, and Montauk Airport.  Coastal storm tides of 2 feet or less above astronomical tide levels were common, with only minor|beach erosion reported.  Near the coast, as well as inland, only scattered trees were reported down due to the wind, except along the south shore of Long Island where numerous trees were downed, causing minor property damage.  No fatalities or injuries were attributed to the winds.  All of the associated effects of Hanna resulted in estimated property damage of just under $70,000 and a minimal amount of crop damage."
E20080906-23289,,2008-09-06 17:10:00,2008-09-06 20:15:00,2008,flash-flooding,BX;BK;QN;SI,0,23289,0,0,ok,0,ok,0,ok,0,ok,0,ok,82.9,ok,70.0,ok,3.64,ok,0.0,ok,38.9,ok,,na,,na,,na,35047,ok,8,ok,0,ok,1028,ok,500,ok,,na,,na,5.29,1.93,The Battery,,"Tropical Storm Hanna impacted Southeast New York, making landfall near the Nassau/Suffolk County border around 10:35 pm on the 6th. Storm total rainfall ranged from 1.66 inches at Port Jervis to 5.92 inches at New City. Periods of torrential rain from heavy showers and thunderstorms caused flash flooding in many locations, which included urban, small stream and river flooding."
E20081025-23901,,2008-10-25 15:00:00,2008-10-25 19:00:00,2008,high-winds,BX,0,23901,0,0,ok,0,ok,0,ok,5000,ok,7087,ok,66.9,ok,50.0,ok,0.94,ok,0.0,ok,36.0,ok,,na,,na,,na,0,ok,0,ok,0,ok,464,ok,859,ok,,na,,na,6.35,1.67,The Battery,,A strong south pressure gradient between a strong offshore high pressure system and an approaching cold front caused south winds to gust from 45 to 55 mph.  Strong winds downed trees and power lines across parts of Southeast New York.
E20081219-25283,,2008-12-19 11:00:00,2008-12-19 20:00:00,2008,heavy-snow,BX,0,25283,0,0,ok,0,ok,0,ok,,missing,,missing,41.0,ok,28.9,ok,0.93,ok,4.8,ok,25.9,ok,,na,,na,,na,25000,ok,1,ok,0,ok,416,ok,29,ok,,na,,na,,,,,"A weak surface low tracked from the Midwest during the morning of December 19, to off the southern New Jersey coast in the evening. At the same time, a large, sprawling high over eastern Canada estimated at 1035 mb nosed southward along the lee of the Appalachians. The combination of the two features provided a strong overrunning event with widespread snowfall across southeast New York.  ||Snowfall amounts averaged between 6 and 10 inches, with the highest amounts occurring across northern portions of Orange county. The following are snowfall ranges across the area: Bronx County, 6.0 inches in the Bronx to 7.0 inches in Pelham Bay Park; Orange County, 4.3 inches in New Milford to 10.0 inches in Monroe, Newburgh, Highland Mills and Fort Montgomery; Putnam County, 8.5 inches in Mahopac; Rockland County, 5.0 inches in Nyack to 7.1 inches in Piermont; and Westchester County, 4.0 inches in Rye Brook to 8.0 inches in Croton-on-Hudson."
E20090212-26180,,2009-02-12 07:00:00,2009-02-12 15:00:00,2009,high-winds,BX;BK;MN;QN;SI,0,26180,0,1,ok,0,ok,2,ok,,missing,,missing,57.0,ok,44.1,ok,0.12,ok,0.0,ok,49.0,ok,,na,,na,,na,0,ok,0,ok,1,ok,792,ok,1056,ok,,na,,na,5.91,1.33,The Battery,,"An intense area of low pressure over the Eastern Great Lakes on the morning of February 12, tracked northeast and up into the Canadian Maritimes by evening. High winds developed near daybreak, right behind the cold front, and continued through the day. The strongest winds occurred during the morning and appeared to be associated with sharp pressure rises right behind the cold front. ||There were several thousand power outages across southeast New York, a death of a construction worker, and delays of up to 3 hours at the metropolitan area airports. ||The death occurred at approximately 0832EST at a construction site in the Rosebank section of Staten Island. High winds knocked down a cinder block wall on top of a 59-year-old male construction worker.||The following are some peak wind gusts across southeast New York: Bronx County, Bronx at 59 mph; Kings County, Brooklyn at 65 mph, Queens County, 55 mph at JFK airport and 56 mph at LaGuardia airport; Nassau County, 56 mph at Massapequa; Suffolk County, 60 mph at Islip; Westchester County, 55 mph at White Plains; and Orange County, 58 mph at Warwick."
E20090301-27666,,2009-03-01 20:00:00,2009-03-02 15:00:00,2009,heavy-snow,BX;BK;MN;QN;SI,0,27666,0,0,ok,0,ok,0,ok,,missing,,missing,37.9,ok,16.0,ok,0.64,ok,8.3,ok,36.9,ok,,na,,na,,na,0,ok,0,ok,0,ok,537,ok,83,ok,,na,,na,,,,,"A coastal low pressure system along the Outer Banks of North Carolina Sunday evening, March 1, tracked northeast, to east of Long Island by Monday afternoon, March 2.  At the same time, arctic high pressure, from the upper midwest to James Bay, was gradually building east.  The two combined to produce a heavy snowfall event across the tri-state area with snowfall rates of 2 to 3 inches an hour during the pre-dawn hours of March 2. This was the biggest snowfall event of the winter season.||Snowfall amounts across southeast New York generally ranged from 7 to 12 inches, but as high as 16 inches across Suffolk county on eastern Long Island.  The following are selected snowfall amounts across the area:  11.2 inches at Tuxedo in the Lower Hudson Valley, 13.0 inches at Great Kills on Staten Island, 8.0 incheas at the Central Park Zoo in Manhattan, and 15.7 inches at Mastic on eastern Long Island."
E20090329-27454,,2009-03-29 19:15:00,2009-03-29 19:30:00,2009,hail,BK;SI,0,27454,0,0,ok,0,ok,0,ok,,missing,,missing,57.0,ok,42.1,ok,0.55,ok,0.0,ok,25.9,ok,,na,,na,,na,0,ok,0,ok,1,ok,461,ok,108,ok,,na,,na,,,,,A strong upper level system initiated a line of hail producing thunderstorms across the New York Metropolitan area.
E20090613-30619,,2009-06-13 07:15:00,2009-06-13 07:15:00,2009,coastal-hazard,QN,0,30619,0,1,ok,0,ok,0,ok,,missing,,missing,75.9,ok,61.0,ok,0.19,ok,0.0,ok,17.9,ok,,na,,na,,na,0,ok,0,ok,0,ok,382,ok,159,ok,,na,,na,5.29,0.75,The Battery,,A 35 year old man died 300 yards offshore in Far Rockway in East Rockaway Inlet.
E20090626-30617,,2009-06-26 17:25:00,2009-06-26 17:49:00,2009,thunderstorm,,1,30617,0,0,ok,0,ok,0,ok,,missing,,missing,89.1,ok,64.0,ok,0.73,ok,0.0,ok,36.9,ok,,na,,na,,na,0,ok,0,ok,3,ok,490,ok,421,ok,,na,,na,,,,,A shortwave rotating around a deep upper trough over New England acted on warm humid air in place at the surface to allow for supercell thunderstorms to form and track across the waters around Long Island.
E20090725-32350,,2009-07-25 13:35:00,2009-07-25 13:35:00,2009,thunderstorm,,1,32350,0,0,ok,0,ok,0,ok,0,ok,0,ok,86.0,ok,64.0,ok,0.07,ok,0.0,ok,23.0,ok,,na,,na,,na,4948,ok,1,ok,0,ok,535,ok,410,ok,,na,,na,,,,,A pre-frontal trough triggered a strong thunderstorm which impacted the waters near the mouth of New York Harbor.
E20090726-32366,,2009-07-26 15:07:00,2009-07-26 22:30:00,2009,thunderstorm;hail;flash-flooding,BX;BK;MN;QN,0,32366,0,0,ok,0,ok,2,ok,17500,ok,24696,ok,87.1,ok,66.9,ok,1.42,ok,0.0,ok,36.0,ok,,na,,na,,na,0,ok,0,ok,0,ok,895,ok,922,ok,,na,,na,5.86,0.81,The Battery,,A pre-frontal trough followed by a potent cold front caused multiple severe thunderstorms and isolated flash flooding in portions of Southeast New York.
E20090726-32385,,2009-07-26 18:42:00,2009-07-26 20:00:00,2009,thunderstorm,,1,32385,0,0,ok,0,ok,0,ok,0,ok,0,ok,87.1,ok,66.9,ok,1.42,ok,0.0,ok,36.0,ok,,na,,na,,na,0,ok,0,ok,0,ok,895,ok,922,ok,,na,,na,,,,,A pre-frontal trough followed by a potent cold front caused multiple severe thunderstorms across the waters near New York Harbor.
E20090729-32395,,2009-07-29 13:38:00,2009-07-29 15:43:00,2009,thunderstorm;hail;flash-flooding,BX;BK;MN;QN;SI,0,32395,0,0,ok,0,ok,1,ok,3500,ok,4939,ok,84.9,ok,70.0,ok,2.97,ok,0.0,ok,40.0,ok,,na,,na,,na,0,ok,1,ok,0,ok,1096,ok,794,ok,,na,,na,5.49,0.39,The Battery,,"A pre-frontal trough caused scattered severe thunderstorms to develop across Southeast New York, including a tornado in Orange County. Some of the storms produced very heavy rain which led to flash flooding in New York City."
E20090729-32457,,2009-07-29 13:50:00,2009-07-29 18:55:00,2009,thunderstorm,,1,32457,0,0,ok,0,ok,0,ok,0,ok,0,ok,84.9,ok,70.0,ok,2.97,ok,0.0,ok,40.0,ok,,na,,na,,na,0,ok,1,ok,0,ok,1096,ok,794,ok,,na,,na,,,,,A pre-frontal trough caused scattered strong to severe thunderstorms to develop across the waters around Long Island.
E20090731-32408,,2009-07-31 14:48:00,2009-07-31 14:48:00,2009,thunderstorm,,1,32408,0,0,ok,0,ok,0,ok,0,ok,0,ok,89.1,ok,66.9,ok,0.77,ok,0.0,ok,32.0,ok,,na,,na,,na,0,ok,0,ok,0,ok,930,ok,478,ok,,na,,na,,,,,A cold front transiting the Tri-State triggered multiple strong storms across the waters around Long Island.
E20090731-32400,,2009-07-31 19:00:00,2009-07-31 19:00:00,2009,coastal-hazard,QN,0,32400,0,1,ok,0,ok,0,ok,0,ok,0,ok,89.1,ok,66.9,ok,0.77,ok,0.0,ok,32.0,ok,,na,,na,,na,0,ok,0,ok,0,ok,930,ok,478,ok,,na,,na,4.86,0.47,The Battery,,Strong onshore flow and southerly swells combined to produce conditions favorable for dangerous rip currents.  One such rip current caused a young man to drown off the coast of Queens.
E20090801-33501,,2009-08-01 14:00:00,2009-08-01 14:00:00,2009,coastal-hazard,QN,0,33501,0,1,ok,0,ok,0,ok,0,ok,0,ok,84.9,ok,64.9,ok,0.0,ok,0.0,ok,14.1,ok,,na,,na,,na,0,ok,0,ok,1,ok,666,ok,246,ok,,na,,na,4.26,0.3,The Battery,,Persistent onshore wind flow and long period swells produced dangerous rip currents at area beaches.  A teenage male died due to strong rip currents off the 25th Street Beach in the Rockaways.
E20090803-33502,,2009-08-03 19:00:00,2009-08-03 19:00:00,2009,coastal-hazard,QN,0,33502,0,1,ok,0,ok,0,ok,0,ok,0,ok,87.1,ok,69.1,ok,0.0,ok,0.0,ok,17.9,ok,,na,,na,,na,0,ok,0,ok,0,ok,949,ok,583,ok,,na,,na,5.35,0.56,The Battery,,Persistent onshore wind flow and long period swells produced dangerous rip currents at area beaches.  These strong rip currents caused a young man's death off Jacob Riis Park in Queens and another man's death off Jones Beach in Nassau County.
E20090818-33586,,2009-08-18 20:25:00,2009-08-18 20:48:00,2009,thunderstorm,,1,33586,0,0,ok,0,ok,0,ok,,missing,,missing,91.9,ok,68.0,ok,0.64,ok,0.0,ok,45.0,ok,,na,,na,,na,0,ok,1,ok,1,ok,1957,ok,1315,ok,,na,,na,,,,,A passing upper level short wave spawned severe thunderstorms which moved across New York Harbor and Western Long Island Sound.
E20090818-33584,,2009-08-18 21:03:00,2009-08-18 21:27:00,2009,thunderstorm;hail,BX;MN;QN,0,33584,0,0,ok,0,ok,0,ok,600000,ok,846724,ok,91.9,ok,68.0,ok,0.64,ok,0.0,ok,45.0,ok,,na,,na,,na,0,ok,1,ok,1,ok,1957,ok,1315,ok,,na,,na,,,,,"A passing upper level short wave spawned an isolated severe thunderstorm which brought down hundreds of trees in New York City, and also impacted Northern Nassau County."
E20090821-33590,,2009-08-21 15:18:00,2009-08-21 15:18:00,2009,thunderstorm,,1,33590,0,0,ok,0,ok,0,ok,,missing,,missing,93.9,ok,72.0,ok,0.54,ok,0.0,ok,36.0,ok,,na,,na,,na,0,ok,0,ok,0,ok,924,ok,646,ok,,na,,na,,,,,An approaching pre-frontal trough along with a passing upper level disturbance caused a squall line to form and move across New York Harbor and Long Island Sound.
E20090928-34176,,2009-09-28 17:26:00,2009-09-28 17:26:00,2009,thunderstorm,,1,34176,0,0,ok,0,ok,0,ok,0,ok,0,ok,77.0,ok,55.9,ok,0.51,ok,0.0,ok,33.1,ok,,na,,na,,na,0,ok,0,ok,1,ok,550,ok,610,ok,,na,,na,,,,,A strong cold front produced thunderstorms over Long Island and the adjacent coastal waters. Strong winds were produced by these storms.
E20091007-34873,,2009-10-07 11:18:00,2009-10-07 13:00:00,2009,high-winds,BX;BK;QN;SI,0,34873,0,0,ok,0,ok,1,ok,15000,ok,21168,ok,73.0,ok,57.0,ok,0.16,ok,0.0,ok,42.9,ok,,na,,na,,na,0,ok,1,ok,0,ok,572,ok,2216,ok,,na,,na,5.9,0.91,The Battery,,"Following the passage of a strong cold front, strong west winds developed.  Peak gusts ranged from around 45 mph to 55 mph and caused scattered power outages."
E20091024-34831,,2009-10-24 21:00:00,2009-10-24 21:15:00,2009,inland-flooding,SI,0,34831,0,0,ok,0,ok,0,ok,0,ok,0,ok,72.0,ok,53.1,ok,1.83,ok,0.0,ok,25.9,ok,,na,,na,,na,0,ok,1,ok,0,ok,392,ok,149,ok,,na,,na,,,,,"A frontal system associated with low pressure moving through the Great Lakes region, produced rainfall over a period of 18 to 24 hours which caused isolated flooding on Staten Island and in Westchester County."
E20091024-34842,,2009-10-24 21:08:00,2009-10-24 21:08:00,2009,thunderstorm,,1,34842,0,0,ok,0,ok,0,ok,0,ok,0,ok,72.0,ok,53.1,ok,1.83,ok,0.0,ok,25.9,ok,,na,,na,,na,0,ok,1,ok,0,ok,392,ok,149,ok,,na,,na,,,,,Strong thunderstorms developed overnight in the warm sector of a low pressure system. The storms created strong winds over the coastal waters.
E20091113-35045,,2009-11-13 10:20:00,2009-11-13 10:20:00,2009,coastal-hazard,QN,0,35045,0,1,ok,0,ok,0,ok,0,ok,0,ok,55.9,ok,48.0,ok,0.1,ok,0.0,ok,36.9,ok,,na,,na,,na,5696,ok,3,ok,1,ok,415,ok,374,ok,,na,,na,7.44,2.5,The Battery,,"A strong and persistent east northeast wind gradient existed over the region between strong low pressure off the Carolinas (remnants of Ida) and a strong high pressure system located over Eastern Canada between November 11th and the 14th. The tidal piling over several tidal cycles caused widespread moderate coastal flooding along the south shore back bays of Queens, Brooklyn and Long Island and the eastern bays of Long Island. Minor to locally moderate coastal flooding occurred along New York Harbor and Western Long Island Sound. High seas and long period easterly swells also caused significant beach erosion along Atlantic Ocean facing beaches."
E20091219-35979,,2009-12-19 13:00:00,2009-12-20 11:00:00,2009,heavy-snow,BX;BK;MN;QN;SI,0,35979,0,0,ok,0,ok,0,ok,0,ok,0,ok,35.1,ok,21.0,ok,1.0,ok,14.5,ok,32.0,ok,,na,,na,,na,0,ok,0,ok,3,ok,543,ok,72,ok,,na,,na,,,,,Coastal low pressure rapidly intensified Saturday night as it tracked northeast from off the Delmarva Coast...just southeast of the 40N/70W benchmark���and to southeast of Cape Cod by Sunday morning. This was in response to a powerful upper low approaching and then crossing south of the area. The track of low pressure to the southeast of the region and stubborn placement of arctic high pressure over the Northern US Plains and Southern Canadian Plains...ridging eastward...made for the ideal setup for heavy snow across most of the region. The rapid intensification of low pressure created blizzard or near blizzard conditions over Long Island for several hours with northeast winds of 15 to 25 mph and gusts 35 to 45 mph���and visibilities below �� mile. Near whiteout conds were experienced across Suffolk County during the height of the storm. Snowfall rates of 2 to 4 inches per hour occurred with an intense mesoscale band that developed S of the region���pivoted northwest into West/Central Long Island���and then slowly pulled east through the overnight. Snow totals increased rapidly from northwest to southeast across the region...with 3 to 6 inches across Orange County���around 1 ft across the NYC metro���and around 2 ft across Suffolk County.
E20100103-36548,,2010-01-03 08:00:00,2010-01-03 13:00:00,2010,high-winds,BK,0,36548,0,0,ok,0,ok,0,ok,5000,ok,6938,ok,25.0,ok,17.1,ok,0.0,ok,0.1,ok,40.9,ok,,na,,na,,na,6267,ok,1,ok,0,ok,465,ok,84,ok,,na,,na,4.46,-0.11,The Battery,,Deep low pressure over the western Atlantic Ocean resulted in a prolonged period of strong northwest winds.
E20100125-36551,,2010-01-25 06:00:00,2010-01-25 12:00:00,2010,high-winds,BX,0,36551,0,0,ok,0,ok,1,ok,1000,ok,1388,ok,59.0,ok,45.0,ok,1.25,ok,0.0,ok,40.9,ok,,na,,na,,na,0,ok,1,ok,1,ok,794,ok,660,ok,,na,,na,5.69,2.81,The Battery,,A tight pressure gradient ahead of a cold front produced strong southerly winds.
E20100125-36827,,2010-01-25 06:00:00,2010-01-25 11:00:00,2010,high-winds,MN,0,36827,0,0,ok,0,ok,0,ok,25000,ok,34689,ok,59.0,ok,45.0,ok,1.25,ok,0.0,ok,40.9,ok,,na,,na,,na,0,ok,1,ok,1,ok,794,ok,660,ok,,na,,na,5.69,2.81,The Battery,,A tight pressure gradient ahead of a cold front produced strong southerly winds.
E20100125-36556,,2010-01-25 09:00:00,2010-01-25 15:00:00,2010,high-winds,QN,0,36556,0,0,ok,0,ok,0,ok,10000,ok,13875,ok,59.0,ok,45.0,ok,1.25,ok,0.0,ok,40.9,ok,,na,,na,,na,0,ok,1,ok,1,ok,794,ok,660,ok,,na,,na,5.69,2.81,The Battery,,A tight pressure gradient ahead of a cold front produced strong southerly winds.
E20100209-37383,,2010-02-09 21:00:00,2010-02-11 01:00:00,2010,heavy-snow,BX;BK;MN;QN;SI,0,37383,0,0,ok,0,ok,0,ok,0,ok,0,ok,44.1,ok,24.1,ok,1.33,ok,13.2,ok,33.1,ok,,na,,na,,na,0,ok,0,ok,1,ok,777,ok,782,ok,,na,,na,,,,,"Rapidly deepening low pressure tracked slowly northeast from the North Carolina coast during the day Wednesday to southeast of Long Island by Wednesday evening. This brought periods of heavy snow to the region late Tuesday night into Wednesday evening. In addition, strong northeasterly winds occurred across NYC and Long Island during the peak of the event Wednesday afternoon, which caused blowing and drifting of snow. Between ten to sixteen inches of snow fell across NYC and Long Island, with six to twelve inches across the Lower Hudson Valley."
E20100225-37422,,2010-02-25 07:00:00,2010-02-26 19:00:00,2010,heavy-snow,BX;BK;MN;QN;SI,0,37422,0,1,ok,0,ok,0,ok,0,ok,0,ok,39.0,ok,25.0,ok,3.17,ok,20.9,ok,36.9,ok,,na,,na,,na,24043,ok,4,ok,1,ok,824,ok,396,ok,,na,,na,,,,,"Low pressure rapidly deepened as it tracked north from the North Carolina coast Thursday morning the 25th of February to over the Tri-State area by Thursday evening. This was in response to a powerful upper level disturbance approaching the Eastern U.S coast. The low presure area then rotated over the region through Friday afternoon before finally lifting out on Saturday. This low brought a combination of heavy snow, heavy rain, coastal flooding and strong winds to the region Wednesday Night through Friday. Up to 3 feet of snow fell across interior portions of the Lower Hudson Valley, one to two feet across the NYC metropolitan region and six to twelve inches of snow across eastern Long Island."
E20100313-38336,,2010-03-13 00:00:00,2010-03-14 00:00:00,2010,heavy-rain,MN;QN,0,38336,0,0,ok,0,ok,0,ok,0,ok,0,ok,52.0,ok,37.9,ok,4.57,ok,0.0,ok,51.9,ok,2900212,ok,4024167,ok,,missing,2377958,ok,276,ok,4,ok,1113,ok,3979,ok,,na,,na,,,,1899,A Nor'easter developed off the Delmarva peninsula which produced an extended period of heavy rainfall across the area as it tracked very slowly to the northeast. This caused widespread flooding across portions of southeast New York.
E20100313-37294,,2010-03-13 16:00:00,2010-03-13 22:00:00,2010,high-winds,SI,0,37294,0,0,ok,0,ok,0,ok,100000,ok,138754,ok,52.0,ok,37.9,ok,3.99,ok,0.0,ok,51.9,ok,2900212,ok,4024167,ok,,missing,2313394,ok,268,ok,1,ok,733,ok,2739,ok,,na,,na,8.84,4.43,The Battery,1899,High winds occurred across the area as deep low pressure settled just south and strong high pressure remained to the north.
E20100313-37982,,2010-03-13 17:12:00,2010-03-13 23:18:00,2010,coastal-flooding;coastal-hazard,BX;BK;MN;QN;SI,0,37982,0,0,ok,0,ok,0,ok,0,ok,0,ok,52.0,ok,37.9,ok,3.99,ok,0.0,ok,51.9,ok,2900212,ok,4024167,ok,,missing,2313394,ok,268,ok,1,ok,733,ok,2739,ok,,na,,na,8.84,4.43,The Battery,1899,"The combination of strong high pressure over Southeast Canada and intensifying low pressure tracking slowly northeast from the Mid-Atlantic States created a prolonged period of strong east winds across the region March 12th through the 14th. The highest winds and resultant tidal rises occurred on March 13th with widespread moderate coastal flooding occurring.  Positive tidal departures of 3 to 5 feet were recorded, with many places seeing water levels reaching their highest levels in almost 20 years.  In addition, the prolonged east winds generated high surf that battered the Atlantic facing shoreline for several days, which caused severe beach erosion."
E20100313-37306,,2010-03-13 21:00:00,2010-03-13 21:00:00,2010,high-winds,BK,0,37306,0,0,ok,0,ok,0,ok,100000,ok,138754,ok,52.0,ok,37.9,ok,3.99,ok,0.0,ok,51.9,ok,2900212,ok,4024167,ok,,missing,2313394,ok,268,ok,1,ok,733,ok,2739,ok,,na,,na,8.84,4.43,The Battery,1899,High winds occurred across the area as deep low pressure settled just south and strong high pressure remained to the north.
E20100328-37981,,2010-03-28 18:00:00,2010-03-31 07:00:00,2010,heavy-rain;inland-flooding,BX;MN;QN,0,37981,0,0,ok,0,ok,0,ok,0,ok,0,ok,61.0,ok,33.1,ok,4.52,ok,0.0,ok,36.0,ok,2900212,ok,4024167,ok,,missing,272889,ok,78,ok,9,ok,2416,ok,670,ok,,na,,na,,,,1899,"A Nor'easter centered off the Delmarva coast produced an extended period of heavy rainfall across the area as it tracked very slowly to the northeast. This caused widespread flooding across portions of the Lower Hudson Valley, New York City and Long Island."
E20100504-39576,,2010-05-04 16:30:00,2010-05-04 17:00:00,2010,thunderstorm,,1,39576,0,0,ok,0,ok,0,ok,0,ok,0,ok,82.9,ok,57.9,ok,0.02,ok,0.0,ok,34.9,ok,,na,,na,,na,0,ok,0,ok,0,ok,528,ok,772,ok,,na,,na,,,,,An upper level disturbance produced scattered strong thunderstorms across the region.
E20100508-39310,,2010-05-08 12:00:00,2010-05-08 19:00:00,2010,high-winds,QN,0,39310,0,0,ok,0,ok,0,ok,200000,ok,277508,ok,80.1,ok,48.9,ok,0.06,ok,0.0,ok,42.9,ok,,na,,na,,na,0,ok,0,ok,2,ok,245,ok,1674,ok,,na,,na,4.51,1.0,The Battery,,An area of low pressure moved to the north dragging a cold front through on May 8th 2010. The pressure gradient tightened considerably behind this front as the low moved to the northeast of the area.
E20100601-41273,,2010-06-01 16:12:00,2010-06-01 16:12:00,2010,thunderstorm,,1,41273,0,0,ok,0,ok,0,ok,,missing,,missing,88.0,ok,64.9,ok,0.18,ok,0.0,ok,25.9,ok,,na,,na,,na,0,ok,0,ok,0,ok,781,ok,555,ok,,na,,na,,,,,An approaching cold front sparked scattered strong thunderstorms over portions of the coastal waters.
E20100606-42028,,2010-06-06 15:40:00,2010-06-06 15:40:00,2010,high-winds,QN,0,42028,0,0,ok,0,ok,0,ok,6000,ok,8325,ok,93.9,ok,61.0,ok,0.04,ok,0.0,ok,36.0,ok,,na,,na,,na,0,ok,0,ok,0,ok,753,ok,723,ok,,na,,na,4.99,0.86,The Battery,,Gusty winds were mixed down to the surface behind a strong cold frontal passage.
E20100624-41524,,2010-06-24 13:39:00,2010-06-24 13:45:00,2010,thunderstorm;hail,BX;QN,0,41524,0,0,ok,0,ok,0,ok,109500,ok,151936,ok,97.0,ok,75.9,ok,0.05,ok,0.0,ok,40.0,ok,,na,,na,,na,0,ok,0,ok,0,ok,1332,ok,874,ok,,na,,na,,,,,"A cold front and strong upper level trough moved across the Tri-State, triggering severe thunderstorms across Southeast New York during the afternoon.  This included both supercells and squall lines, producing severe winds and hail across the Lower Hudson Valley, New York City, and Long Island."
E20100629-41624,,2010-06-29 18:00:00,2010-06-29 18:00:00,2010,coastal-hazard,QN,0,41624,0,1,ok,0,ok,0,ok,0,ok,0,ok,93.0,ok,70.0,ok,0.0,ok,0.0,ok,23.9,ok,,na,,na,,na,0,ok,0,ok,0,ok,1257,ok,629,ok,,na,,na,4.75,0.54,The Battery,,Strong southerly winds developed ahead of an approaching cold front which trailed a low pressure system tracking through Central New England. Rough surf and strong rip currents developed along the Atlantic Ocean Facing beaches as a result.
E20100704-42875,,2010-07-04 00:00:00,2010-07-07 23:00:00,2010,extreme-heat,MN;QN;SI,0,42875,0,8,ok,0,ok,0,ok,0,ok,0,ok,102.9,ok,66.9,ok,0.0,ok,0.0,ok,21.9,ok,,na,,na,,na,0,ok,0,ok,0,ok,6766,ok,1024,ok,,na,,na,,,,,"With high pressure firmly in control, high temperatures reached into the 90s for several days, reaching or eclipsing 100 degrees at several locations during this time."
E20100719-42881,,2010-07-19 18:55:00,2010-07-19 18:55:00,2010,thunderstorm,,1,42881,0,0,ok,0,ok,0,ok,,missing,,missing,96.1,ok,72.0,ok,0.58,ok,0.0,ok,36.0,ok,,na,,na,,na,15795,ok,1,ok,0,ok,1426,ok,691,ok,,na,,na,,,,,A potent cold front crossing the Tri-State spawned multiple strong to severe thunderstorms across the waters around Long Island.
E20100723-42930,,2010-07-23 19:53:00,2010-07-23 20:04:00,2010,thunderstorm,BX;BK;QN,0,42930,0,0,ok,0,ok,2,ok,5000,ok,6938,ok,93.0,ok,73.0,ok,0.7,ok,0.0,ok,40.9,ok,,na,,na,,na,0,ok,0,ok,0,ok,1240,ok,424,ok,,na,,na,,,,,"Severe storms, associated with a warm front just to the north of the Tri-State, moved southeast into the region. A couple of these storms impacted parts of the Lower Hudson Valley and New York City."
E20100724-42880,,2010-07-24 00:00:00,2010-07-25 23:00:00,2010,extreme-heat,BK,0,42880,0,2,ok,0,ok,0,ok,0,ok,0,ok,99.0,ok,70.0,ok,0.35,ok,0.0,ok,36.9,ok,,na,,na,,na,7980,ok,2,ok,0,ok,1924,ok,1184,ok,,na,,na,,,,,"A Bermuda high pressure system resulted in hot temperatures and high humidity, which began July 24th and continued through July 25th."
E20100725-43551,,2010-07-25 13:55:00,2010-07-25 14:07:00,2010,tornado;thunderstorm,BX,0,43551,0,0,ok,0,ok,7,ok,154000,ok,213682,ok,95.0,ok,70.0,ok,0.35,ok,0.0,ok,36.9,ok,,na,,na,,na,7980,ok,2,ok,0,ok,1166,ok,1018,ok,,na,,na,,,,,"A strong cold front tracking through the region produced severe thunderstorms across the region, including a tornado in the Bronx."
E20100822-44442,,2010-08-22 16:15:00,2010-08-22 16:15:00,2010,high-winds,QN,0,44442,0,0,ok,0,ok,0,ok,10000,ok,13875,ok,84.0,ok,69.1,ok,1.77,ok,0.0,ok,29.1,ok,,na,,na,,na,108968,ok,8,ok,0,ok,832,ok,605,ok,,na,,na,5.66,1.1,The Battery,,"A developing coastal storm off of Long Island created strong winds and heavy rains, which were sufficient to bring down large branches and power lines in Queens."
E20100822-44211,,2010-08-22 21:25:00,2010-08-22 22:32:00,2010,flash-flooding,QN,0,44211,0,0,ok,0,ok,0,ok,30000,ok,41626,ok,84.0,ok,69.1,ok,1.77,ok,0.0,ok,29.1,ok,,na,,na,,na,108968,ok,8,ok,0,ok,832,ok,605,ok,,na,,na,6.1,1.25,The Battery,,"A warm front extending through the Tri-State Area from a low pressure system moving across the northern Mid-Atlantic States acted as the focus for heavy rain and training thunderstorms in Queens and Nassau Counties.  Slow moving showers with embedded thunderstorms produced heavy rain which led to flash flooding on Long Island.  In addition, a woman driving in Orange County lost control of her car in a heavy shower, killing both herself and her unborn child."
E20100916-45248,,2010-09-16 16:20:00,2010-09-16 16:48:00,2010,thunderstorm,,1,45248,0,0,ok,0,ok,0,ok,0,ok,0,ok,75.0,ok,53.1,ok,0.82,ok,0.0,ok,38.9,ok,11193727,ok,15531770,ok,,missing,0,ok,2,ok,0,ok,661,ok,5280,ok,,na,,na,,,,1943,"A warm front in conjunction with strong upper level winds produced numerous severe thunderstorms, including tornadic cells, across the Tri-State region."
E20100916-45251,,2010-09-16 16:21:00,2010-09-16 16:50:00,2010,thunderstorm;tornado,BK;QN;SI,0,45251,0,1,ok,1,ok,2,ok,27400000,ok,38018660,ok,75.0,ok,53.1,ok,0.82,ok,0.0,ok,38.9,ok,11193727,ok,15531770,ok,,missing,0,ok,2,ok,0,ok,661,ok,5280,ok,,na,,na,,,,1943,"A warm front in conjunction with strong upper level winds produced numerous severe thunderstorms, including tornadic cells, across the New York City Metropolitan Area."
E20100922-45031,,2010-09-22 19:15:00,2010-09-22 19:15:00,2010,thunderstorm,,1,45031,0,0,ok,0,ok,0,ok,,missing,,missing,90.0,ok,62.1,ok,0.36,ok,0.0,ok,29.1,ok,,na,,na,,na,0,ok,0,ok,2,ok,539,ok,1087,ok,,na,,na,,,,,An approaching cold front triggered isolated strong thunderstorms across Western Long Island Sound and New York Harbor.
E20100922-45026,,2010-09-22 19:30:00,2010-09-22 19:54:00,2010,thunderstorm,QN;SI,0,45026,0,0,ok,0,ok,0,ok,7000,ok,9713,ok,90.0,ok,62.1,ok,0.36,ok,0.0,ok,29.1,ok,,na,,na,,na,0,ok,0,ok,2,ok,539,ok,1087,ok,,na,,na,,,,,"An approaching cold front triggered severe thunderstorms across Southeast New York, from the Lower Hudson Valley to Long Island."
E20101001-45598,,2010-10-01 04:00:00,2010-10-01 07:00:00,2010,high-winds,QN,0,45598,0,0,ok,0,ok,0,ok,20000,ok,27751,ok,75.9,ok,57.0,ok,2.46,ok,0.0,ok,34.9,ok,,na,,na,,na,14825,ok,6,ok,0,ok,1051,ok,1000,ok,,na,,na,5.26,1.8,The Battery,,A strong low pressure system approached from the south and caused strong wind gusts ranging from around 40 to 55 mph across the area.
E20101001-44969,,2010-10-01 05:00:00,2010-10-01 07:15:00,2010,flash-flooding;inland-flooding,BX;BK;MN;QN,0,44969,0,0,ok,0,ok,0,ok,0,ok,0,ok,75.9,ok,57.0,ok,2.46,ok,0.0,ok,34.9,ok,,na,,na,,na,14825,ok,6,ok,0,ok,1051,ok,1000,ok,,na,,na,5.26,1.8,The Battery,,"Low pressure tracked up the east coast and interacted with a stalled frontal boundary and approaching upper level low pressure system.  Strong southerly flow allowed for the transport of tropical moisture, including the remnants of Tropical Storm Nicole, up the coast which resulted in heavy rain and flooding in portions of New York City, Nassau and Rockland Counties."
E20101004-45855,,2010-10-04 17:30:00,2010-10-04 18:00:00,2010,coastal-flooding,QN,0,45855,0,0,ok,0,ok,0,ok,0,ok,0,ok,57.9,ok,52.0,ok,0.47,ok,0.0,ok,25.9,ok,,na,,na,,na,0,ok,0,ok,0,ok,508,ok,573,ok,,na,,na,7.28,2.19,The Battery,,"A two day period of strong northeast winds developed across the region between strong high pressure to the northwest of the area and weak low pressure tracking up the coast.  The resultant tidal piling caused widespread minor and isolated moderate coastal flooding along Western Long Island Sound, New York Harbor, and the south shore bays of Nassau and Queens Counties."
E20101011-45875,,2010-10-11 19:45:00,2010-10-11 20:00:00,2010,flash-flooding,BK,0,45875,0,0,ok,0,ok,0,ok,0,ok,0,ok,79.0,ok,52.0,ok,1.13,ok,0.0,ok,25.9,ok,,na,,na,,na,0,ok,0,ok,1,ok,607,ok,497,ok,,na,,na,6.11,0.74,The Battery,,"A wave of low pressure developed along a cold front moving through the area, which caused heavy rain and flash flooding in Kings (Brooklyn) County."
E20101117-46519,,2010-11-17 04:20:00,2010-11-17 04:30:00,2010,thunderstorm,,1,46519,0,0,ok,0,ok,0,ok,,missing,,missing,62.1,ok,51.1,ok,0.43,ok,0.0,ok,40.0,ok,,na,,na,,na,0,ok,0,ok,3,ok,566,ok,461,ok,,na,,na,,,,,"Isolated strong thunderstorms, that developed ahead of an approaching cold front early on the morning of the 17th, impacted New York Harbor and the Coastal Waters South of Western Long Island."
E20101117-46522,,2010-11-17 14:00:00,2010-11-17 16:00:00,2010,high-winds,BK,0,46522,0,0,ok,0,ok,1,ok,750,ok,1041,ok,62.1,ok,51.1,ok,0.43,ok,0.0,ok,40.0,ok,,na,,na,,na,0,ok,0,ok,3,ok,566,ok,461,ok,,na,,na,5.99,1.46,The Battery,,"As a strong cold front moved east of the area, strong northwest winds developed.  Peak wind gusts ranged from around 40 to 55 mph."
E20101226-47091,,2010-12-26 11:00:00,2010-12-27 07:00:00,2010,winter-storm,BX;BK;MN;QN;SI,0,47091,0,0,ok,0,ok,0,ok,0,ok,0,ok,32.0,ok,19.9,ok,1.61,ok,24.2,ok,48.1,ok,11052568,ok,15335906,ok,,missing,23558,ok,4,ok,7,ok,256,ok,141,ok,,na,,na,,,,1957,"A rapidly intensifying low pressure system tracked from off the Southeast US coast on Christmas Day and then past the Mid Atlantic Coast on Sunday December 26th to just east of Long Island by early Monday morning December 27th. This intense low pressure system spread snowfall into the region Sunday morning, with bands of heavy snow plus embedded thunderstorms and very strong winds affecting the region Sunday afternoon through Sunday night. The powerful blizzard (defined when sustained winds or frequent gusts greater than or equal to 35 mph accompanied by falling and/or blowing snow, frequently reducing visibility to less than 1/4 mile for three hours or more) brought a widespread area of 20 to 30 inches of snow across the NYC metro and Lower Hudson Valley, with 10 to 20 inches across Long Island. The heavy snow was accompanied by area wide winds of 25 to 40 mph and gusts in excess of 60 mph Sunday afternoon into Sunday night, resulting in near whiteout conditions with blowing and drifting snow and making all forms of travel extremely difficult to nearly impossible. In fact, all three major New York Airports were closed during and for a period after the storm. Bus service was severely hampered, and all service on the LIRR and several lines of MTA North, MTA subway, and PATH were suspended Sunday night into Monday morning due to high snow drifts. New York City struggled with snow removal due to the overwhelming blowing and drifting snow and stranded or abandoned buses and cars littering the streets, which severely hampered emergency services response times. In addition, 8000 customers lost power in New York City and Southern Westchester Counties, 8500 in Putnam and Northern Westchester, and 12,000 on Long Island during the height of the storm."
E20110111-47978,,2011-01-11 20:00:00,2011-01-12 07:00:00,2011,heavy-snow,BX;BK;MN;QN;SI,0,47978,0,0,ok,0,ok,0,ok,0,ok,0,ok,34.0,ok,21.0,ok,0.86,ok,9.1,ok,33.1,ok,,na,,na,,na,0,ok,0,ok,1,ok,714,ok,75,ok,,na,,na,,,,,"Southeast New York recieved a heavy snowfall on the 11th and 12th of January from surface low pressure tracking up the Atlantic seaboard and then rapidly intensifying as it tracked just southeast of Long Island in response to an intense upper level disturbance. ||Light snow overspread the region Tuesday evening ahead of low pressure and then became heavy with embedded thunderstorms Tuesday night as low pressure rapidly intensified. Some sleet and rain mixed in across eastern Long Island. As the upper level disturbance worked over the region late Tuesday night a semi-stationary north to south band of very heavy snow developed just east of the Hudson River into the New York City metropolitan area, gradually pivoting east Wednesday morning through early Wednesday afternoon. This band was responsible for snowfall rates of 3 to 4 inches per hour.||In total, Eastern Long Island received 10 to 18 inches, with a few lower amounts across coastal Nassau County. New York City received 7 to 12 inches and the Lower Hudson Valley received 8 to 16 inches. ||In New York City, the snow arrived shortly before 9:00 pm Tuesday January 11, 2011, and heavy snow fell throughout the night. At Central Park, 9.1 inches of snow fell for the event, which ended early Wednesday January 12, 2010. Mayor Michael Bloomberg said that New York City's response to the latest bout of snow was very different than during the blizzard a few weeks ago. Bloomberg indicated the city's goal was the most effective snow response ever. A ���Weather Emergency��� was declared by the New York City Mayor's Office around 6:00 pm Tuesday evening. He declared the snow response a success in a news conference and credited the emergency declaration for helping to keep cars off the street. Regarding area airports, hundreds of international and domestic flights were cancelled and postponed, but delays were not as bad as during |the Holiday Blizzard."
E20110126-48153,,2011-01-26 07:30:00,2011-01-27 05:30:00,2011,heavy-snow,BX;BK;MN;QN;SI,0,48153,0,0,ok,0,ok,0,ok,0,ok,0,ok,39.0,ok,25.0,ok,2.06,ok,19.0,ok,40.9,ok,,na,,na,,na,0,ok,2,ok,7,ok,612,ok,257,ok,,na,,na,,,,,"A period of moderate to heavy snow overspread the region Wednesday morning into Wednesday afternoon on January 26th in response to a subtropical moisture feed ahead of a Mid Atlantic low pressure system. This bout of snow produced 2 to 5 inches across the region. The snow tapered to a light wintry mix late Wednesday afternoon into early evening, before a second heavier round of precipitation with convection worked into the region Wednesday evening. This was in response to a strong upper level disturbance working towards the region and rapidly intensifying coastal low pressure southeast of the region throwing moisture back over the area. A very heavy snow band developed over the NYC Metro, Southern and Eastern Portions of the Lower Hudson Valley and Northern and Western Long Island Wednesday evening, which gradually moved northeast late Wednesday night. This band was responsible for snowfall rates of 3 to 4 inches per hour over a 4 to 6 hr period,  raising snow totals to 15-20 inches across much of the region. Lower snowfall amounts of 8-12 inches were experienced over Eastern Long Island due to sleet mixing in with the snow for a time Wednesday night.||Over 19 inches of snow accumulated in Central Park. Mayor Michael Bloomberg declared a weather emergency for New York City. Bloomberg announced the closure of all non-emergency city government offices and New York City Schools were closed. The storm broke New York���s record for January snowfall. A total of 36 inches had fallen in Central Park this month compared with 27.4 inches in 1925.||Snow accumulations caused massive transportation delays including over a thousand airline cancellations at all of the major New York airports. John F. Kennedy International airport was closed until 10:30 a.m., according to the Federal Aviation Administration. Amtrak suspended its passenger rail service from New York to Boston and cut service between New York and Albany."
E20110201-49067,,2011-02-01 01:00:00,2011-02-02 11:00:00,2011,freezing-precipitation,BX;MN;QN,0,49067,0,0,ok,0,ok,0,ok,0,ok,0,ok,41.0,ok,25.0,ok,0.95,ok,1.6,ok,30.0,ok,,na,,na,,na,0,ok,0,ok,3,ok,986,ok,323,ok,,na,,na,,,,,"A complex low pressure system tracked northeast from the Lower Mississippi River Valley into the Ohio Valley Tuesday, February 1st into Tuesday Night , with a secondary low pressure developing over the Delmarva region and tracking southeast of Long Island on Wednesday February 2nd.  With a polar high locked in place across Ontario and Quebec, this slow moving storm system brought a mixture of snow, sleet and freezing rain to the region. A bought of light snow, sleet and freezing rain occurred early Tuesday morning into Tuesday afternoon ahead of an approaching warm front, with a second heavier round of freezing rain and sleet for the region Tuesday Night into early Wednesday afternoon. This later episode caused numerous accidents and road closures.||Generally 3 to 7 inches of snow and sleet fell across interior portions of the Lower Hudson valley during this 2 day storm, with 1 to 3 inches across southern portions of the Lower Hudson Valley, the NYC metro, and Long Island. The highest ice amounts were found across southern portions of the Lower Hudson Valley, the NYC Metro and the northern half of Long Island with between 3/10th and 6/10ths of an inch of ice. Between 1/10 and 3/10ths of an inch occurred elsewhere."
E20110219-48002,,2011-02-19 05:00:00,2011-02-19 14:00:00,2011,high-winds,QN,0,48002,0,0,ok,0,ok,0,ok,200000,ok,269830,ok,54.0,ok,23.0,ok,0.0,ok,0.0,ok,48.1,ok,,na,,na,,na,0,ok,0,ok,0,ok,331,ok,273,ok,,na,,na,6.03,0.82,The Battery,,A strong low pressure system and its associated cold front tracked across the area resulting in high winds across portions of the region.
E20110416-51145,,2011-04-16 17:18:00,2011-04-16 19:36:00,2011,coastal-flooding,MN;QN;SI,0,51145,0,0,ok,0,ok,0,ok,0,ok,0,ok,57.0,ok,39.9,ok,2.39,ok,0.0,ok,36.0,ok,,na,,na,,na,23257,ok,9,ok,1150,ok,374,ok,297,ok,,na,,na,8.12,2.3,The Battery,,"A tight pressure gradient, between strong low pressure tracking from the Mid-Mississippi River Valley to the Great Lakes and stubborn high pressure over the Canadian Maritimes, created a 24-30 hour period of strong east to northeast winds across the region April 16 into the seventeenth. The winds acted to pile waters along the shoreline, with widespread minor flooding and areas of moderate flooding during the times of high tide on the night of April sixteenth. The highest tidal levels were recorded along the north and south shores of Western Long Island and Queens as well as along New York Harbor."
E20110417-51015,,2011-04-17 20:05:00,2011-04-17 20:05:00,2011,thunderstorm,MN,0,51015,0,0,ok,0,ok,0,ok,10000,ok,13492,ok,61.0,ok,48.0,ok,0.33,ok,0.0,ok,34.9,ok,,na,,na,,na,4107,ok,3,ok,693,ok,471,ok,344,ok,,na,,na,,,,,"A cold pool of air aloft triggered isolated thunderstorms across southeast New York, with one lightning strike reported in Upper Manhattan."
E20110516-53019,,2011-05-16 19:30:00,2011-05-16 21:00:00,2011,coastal-flooding,QN,0,53019,0,0,ok,0,ok,0,ok,0,ok,0,ok,63.0,ok,53.1,ok,0.17,ok,0.0,ok,23.0,ok,,na,,na,,na,1739,ok,1,ok,404,ok,715,ok,561,ok,,na,,na,7.21,1.33,The Battery,,Persistent east winds over several days between broad low pressure over the Southeast United States and stubborn high pressure over Southeast Canada caused water to pile up along the coast.  This tidal surge in conjunction with astronomically high tides created several bouts of widespread minor and some locally moderate coastal flooding during the times of high tide along the Southeast NY coast between the fourteenth and nineteenth of May.
E20110601-54365,,2011-06-01 16:36:00,2011-06-01 16:36:00,2011,thunderstorm,,1,54365,0,0,ok,0,ok,0,ok,,missing,,missing,95.0,ok,66.9,ok,0.0,ok,0.0,ok,25.1,ok,,na,,na,,na,0,ok,0,ok,167,ok,756,ok,708,ok,,na,,na,,,,,"A passing cold front triggered isolated strong to severe thunderstorms that impacted New York Harbor, Eastern Long Island Sound and the coastal ocean waters south of the Twin Forks of Long Island."
E20110617-56339,,2011-06-17 14:00:00,2011-06-17 14:00:00,2011,hail,MN,0,56339,0,0,ok,0,ok,0,ok,,missing,,missing,80.1,ok,64.0,ok,2.3,ok,0.0,ok,28.0,ok,,na,,na,,na,0,ok,0,ok,108,ok,748,ok,385,ok,,na,,na,,,,,"A weakening cold front crossing the region triggered isolated strong to severe storms, producing nickle size hail in Manhattan and damaging winds in Suffolk County."
E20110713-56236,,2011-07-13 18:18:00,2011-07-13 18:35:00,2011,thunderstorm,,1,56236,0,0,ok,0,ok,0,ok,0,ok,0,ok,90.0,ok,69.1,ok,0.16,ok,0.0,ok,42.9,ok,,na,,na,,na,2575,ok,1,ok,132,ok,872,ok,748,ok,,na,,na,,,,,A passing upper level disturbance spawned strong storms that impacted the waters around New York Harbor.
E20110721-54662,,2011-07-21 10:00:00,2011-07-23 23:59:00,2011,extreme-heat,BX;BK;MN;QN;SI,0,54662,0,19,ok,0,ok,0,ok,0,ok,0,ok,108.0,ok,73.0,ok,0.0,ok,0.0,ok,28.0,ok,,na,,na,,na,0,ok,1,ok,210,ok,6451,ok,602,ok,,na,,na,,,,,"An oppressive hot and humid air mass produced excessive heat that resulted in day time temperatures 95 to 105 degrees with night time lows in the 70s and 80s.  Heat indices peaked around 115 degrees during Friday afternoon, July 22. ||Prolonged excessive heat led to the death of at least 20 people in Southeast, NY; 19 in New York City (7 in Brooklyn, 6 in the Bronx, 4 in Manhattan, and 2 in Queens) and 1 in Orange County."
E20110726-56306,,2011-07-26 19:36:00,2011-07-26 19:36:00,2011,thunderstorm,,1,56306,0,0,ok,0,ok,0,ok,,missing,,missing,93.9,ok,68.0,ok,0.29,ok,0.0,ok,40.0,ok,,na,,na,,na,0,ok,0,ok,107,ok,1029,ok,557,ok,,na,,na,,,,,A pre-frontal trough and an approaching cold front triggered scattered strong thunderstorms across the waters around Long Island.
E20110729-56316,,2011-07-29 18:39:00,2011-07-29 18:39:00,2011,thunderstorm,BK,0,56316,0,0,ok,0,ok,0,ok,1500,ok,2024,ok,88.0,ok,71.1,ok,1.57,ok,0.0,ok,25.1,ok,,na,,na,,na,0,ok,1,ok,109,ok,908,ok,379,ok,,na,,na,,,,,"A passing pre-frontal trough and cold front, coupled with a mid level disturbance, produced severe thunderstorms across Southeast New York. The largest impact was across the Lower Hudson Valley, where there was at least one supercell, which produced a tornado in Orange County, and caused a microburst in Westchester County."
E20110801-57614,,2011-08-01 14:55:00,2011-08-01 18:36:00,2011,hail,BX;QN,0,57614,0,0,ok,0,ok,0,ok,4000,ok,5397,ok,98.1,ok,71.1,ok,0.15,ok,0.0,ok,28.0,ok,,na,,na,,na,7418,ok,2,ok,144,ok,941,ok,586,ok,,na,,na,,,,,"A passing cold front and mid level shortwave combined to produce severe thunderstorms across Southeast NY, with several reports of large hail and wind damage."
E20110801-58666,,2011-08-01 18:45:00,2011-08-01 19:15:00,2011,flash-flooding,QN,0,58666,0,0,ok,0,ok,0,ok,0,ok,0,ok,98.1,ok,71.1,ok,0.15,ok,0.0,ok,28.0,ok,,na,,na,,na,7418,ok,2,ok,144,ok,941,ok,586,ok,,na,,na,5.79,0.66,The Battery,,A passing cold front and mid level shortwave combined to produce severe thunderstorms across Queens and Nassau Counties.  These storms produced flash flooding as they stalled over the same area for several hours.
E20110814-56884,,2011-08-14 09:00:00,2011-08-14 22:00:00,2011,inland-flooding;flash-flooding,BK;QN;SI,0,56884,0,0,ok,0,ok,0,ok,0,ok,0,ok,75.9,ok,66.9,ok,7.8,ok,0.0,ok,19.9,ok,,na,,na,,na,1505603,ok,272,ok,202,ok,1859,ok,495,ok,,na,,na,6.31,0.93,The Battery,,"A slow moving area of low pressure passed to the south of the Tri-State Area. High precipitable water values caused very heavy rain which resulted in flash flooding in Kings, Nassau and Suffolk Counties."
E20110818-57605,,2011-08-18 18:33:00,2011-08-18 18:33:00,2011,thunderstorm,SI,0,57605,0,0,ok,0,ok,0,ok,1000,ok,1349,ok,86.0,ok,66.9,ok,0.45,ok,0.0,ok,25.1,ok,,na,,na,,na,1473,ok,1,ok,127,ok,768,ok,546,ok,,na,,na,,,,,A passing mid level disturbance triggered isolated severe thunderstorms that produced damaging winds and large hail across Staten Island and Nassau and Suffolk Counties.
E20110818-57606,,2011-08-18 18:36:00,2011-08-18 18:36:00,2011,thunderstorm,,1,57606,0,0,ok,0,ok,0,ok,,missing,,missing,86.0,ok,66.9,ok,0.45,ok,0.0,ok,25.1,ok,,na,,na,,na,1473,ok,1,ok,127,ok,768,ok,546,ok,,na,,na,,,,,A passing mid level disturbance triggered isolated strong thunderstorms that impacted New York Harbor and the Great South Bay.
E20110819-57612,,2011-08-19 18:10:00,2011-08-19 18:12:00,2011,thunderstorm,,1,57612,0,0,ok,0,ok,0,ok,0,ok,0,ok,86.0,ok,64.9,ok,1.24,ok,0.0,ok,44.1,ok,,na,,na,,na,4247,ok,1,ok,97,ok,678,ok,558,ok,,na,,na,,,,,A passing mid level disturbance triggered strong thunderstorms across the waters around Western Long Island and New York City.
E20110819-57608,,2011-08-19 18:44:00,2011-08-19 18:44:00,2011,thunderstorm,BK,0,57608,0,0,ok,0,ok,0,ok,3000,ok,4047,ok,86.0,ok,64.9,ok,1.24,ok,0.0,ok,44.1,ok,,na,,na,,na,4247,ok,1,ok,97,ok,678,ok,558,ok,,na,,na,,,,,"A passing mid level disturbance triggered severe thunderstorms that produced large hail and damaging winds across the Lower Hudson Valley, New York City, and Nassau County."
E20110819-57815,,2011-08-19 19:00:00,2011-08-19 19:30:00,2011,flash-flooding,QN,0,57815,0,0,ok,0,ok,0,ok,0,ok,0,ok,86.0,ok,64.9,ok,1.24,ok,0.0,ok,44.1,ok,,na,,na,,na,4247,ok,1,ok,97,ok,678,ok,558,ok,,na,,na,5.19,0.47,The Battery,,"A passing mid level disturbance triggered scattered thunderstorms, which produced heavy rain that resulted in flash flooding in portions of Orange, Westchester and Queens Counties."
E20110821-58344,,2011-08-21 15:35:00,2011-08-21 15:39:00,2011,thunderstorm,QN,0,58344,0,0,ok,0,ok,0,ok,10000,ok,13492,ok,87.1,ok,70.0,ok,2.06,ok,0.0,ok,29.1,ok,,na,,na,,na,69684,ok,9,ok,168,ok,567,ok,619,ok,,na,,na,,,,,"A passing strong cold front and associated upper level trough triggered numerous severe thunderstorms across Southeast New York, including extensive straight line wind damage in Westchester County."
E20110821-57656,,2011-08-21 19:56:00,2011-08-21 20:26:00,2011,flash-flooding,QN,0,57656,0,0,ok,0,ok,0,ok,0,ok,0,ok,87.1,ok,70.0,ok,2.06,ok,0.0,ok,29.1,ok,,na,,na,,na,69684,ok,9,ok,168,ok,567,ok,619,ok,,na,,na,5.04,0.54,The Battery,,Thunderstorms preceding a cold front produced torrential rain that resulted in flash flooding in Nassau County.
E20110827-57824,,2011-08-27 23:30:00,2011-08-28 11:40:00,2011,inland-flooding,BK;MN;QN;SI,0,57824,0,0,ok,0,ok,0,ok,0,ok,0,ok,80.1,ok,64.0,ok,8.92,ok,0.0,ok,51.9,ok,39941293,ok,53886837,ok,15134839,ok,22436535,ok,2281,ok,159,ok,2160,ok,6209,ok,,na,,na,,,,4020;3328,"Irene made landfall locally as a tropical storm around 900 am EDT August 28, 2011 over New York City.  Irene then moved across Southeast New York and Western Connecticut before dissipating over Northern New England near the Canadian Border later that evening.  Copious amounts of tropical moisture within the storm produced extended periods of heavy rainfall, which resulted in widespread moderate to major flooding across the area."
E20110828-58163,,2011-08-28 01:58:00,2011-08-28 15:48:00,2011,tropical-cyclone;tornado,BX;BK;MN;QN;SI,0,58163,0,0,ok,0,ok,0,ok,0,ok,0,ok,78.1,ok,64.0,ok,5.22,ok,0.0,ok,51.9,ok,39941293,ok,53886837,ok,15134839,ok,18834822,ok,1827,ok,133,ok,1800,ok,6105,ok,,na,,na,9.5,4.49,The Battery,4020;3328,"As Hurricane Irene moved north along the Atlantic coast and interacted with land, it weakened and made its second landfall as a Tropical Storm near Little Egg Inlet along the southeast NJ Coast on August 28, 2011 around 5:35 am EDT.  Tropical Storm Irene made its third landfall in New York City around 9:00 am.||Irene brought sustained tropical storm winds, heavy rain, and destructive storm surge along with two confirmed tornadoes.||Seven deaths occurred:||one 53 year old man was found dead after a 3 hr. rescue effort after his boat overturned in strong rapids while boating in the Croton River in Croton (Westchester County)||one 68 year old man drowned in a marina off City Island in the Bronx; where he had gone to check on his boat.||one 52 year old man drove through flood waters around 3 barricades and drowned in the Town of Tuxedo in Orange County, NY.||one older man died wind surfing in Suffolk County during the afternoon of 8/28/2011||one 51 year old man fell 30 feet from a 60-foot high tree while trimming large tree branches in Roslyn Heights in Nassau County on 9/9/2011.||one child came into contact with downed electrical wires and was electrocuted in Rockland County; died 9/10-11/2011||one man came into contact with downed electrical wires and was electrocuted in Rockland County||At least 600,000 people were ordered (both voluntary and mandatory) to evacuate from storm surge and fresh water inland flooding.||Widespread power outages lasted up to 1 week following Tropical Storm Irene."
E20110828-57294,,2011-08-28 06:30:00,2011-08-28 13:00:00,2011,coastal-flooding,BX;BK;MN;QN;SI,0,57294,0,1,ok,0,ok,0,ok,0,ok,0,ok,78.1,ok,64.0,ok,5.22,ok,0.0,ok,51.9,ok,39941293,ok,53886837,ok,15134839,ok,18834822,ok,1827,ok,133,ok,1800,ok,6105,ok,,na,,na,9.5,4.49,The Battery,4020;3328,"Irene made landfall locally as a tropical storm around 900 am August 28, 2011 over New York City.  Irene then moved across Southeastern New York and Western Connecticut before dissipating over Northern New England near the Canadian Border the evening of August 28. The large envelope of winds associated with Tropical Storm Irene pushed a 3 to 5 foot surge of water along Western Long Island Sound, New York Harbor, the southern and eastern bays of Long Island and southern bays of New York City. This resulted in moderate to major coastal flooding, wave damage and erosion along the coast, with heavy damage to public beaches and other public and private facilities."
E20110928-58306,,2011-09-28 11:15:00,2011-09-28 12:30:00,2011,coastal-flooding,QN,0,58306,0,0,ok,0,ok,0,ok,0,ok,0,ok,75.9,ok,68.0,ok,0.2,ok,0.0,ok,21.9,ok,,na,,na,,na,0,ok,4,ok,141,ok,673,ok,469,ok,,na,,na,7.33,1.36,The Battery,,"A persistent east wind developed between low pressure drifting through the Great Lakes and high pressure anchored over the Canadian Maritimes. The surge created by these winds, combined with astronomically high Spring tides, resulted in widespread minor with isolated moderate coastal flooding during the morning high tide cycles of September 28 and September 29.  The coast line adjacent to Western Long Island Sound, New York Harbor, and the southern bays of Long Island, Queens and Brooklyn were the most affected."
E20111029-58892,,2011-10-29 10:00:00,2011-10-30 01:00:00,2011,winter-storm,BX;BK;MN;QN;SI,0,58892,0,0,ok,0,ok,0,ok,0,ok,0,ok,48.0,ok,33.1,ok,2.01,ok,5.2,ok,29.1,ok,,na,,na,,na,2212,ok,9,ok,6863,ok,424,ok,3221,ok,,na,,na,,,,,"A historic and unprecedented early-season winter storm impacted the area on Saturday, October 29, with more than one foot of heavy wet snow falling on interior portions of the Lower Hudson Valley. This is the first time a winter storm of this magnitude has ever occurred in October.||Late Friday night, October 28, an area of low pressure emerged from the South Carolina coastal plain into the western Atlantic Ocean.  The low moved up the coast late Friday night into Saturday morning.  The low began to rapidly strengthen late Saturday morning when it was east of the Delmarva coast, and continued to strengthen as it passed south of Long Island Saturday night.  With water temperatures in the lower 60s, much of Long Island received mainly rainfall and up to 2 inches of rain during the event.  Areas just north and west of New York City, however, were just cold enough to support a heavy wet snow.  The heaviest snow fell across interior portions of the Lower Hudson Valley, with one foot or more of snowfall across highest elevations.  In addition to the heavy rain and snow...strong winds were experienced along the immediate coastline. ||Thousands of people across southeast New York lost power during this event as heavy snow accumulated on trees that still had partial to full foliage during mid-autumn. This caused extensive felling of trees and limbs across the region and damage to power lines."
E20120601-65954,,2012-06-01 22:48:00,2012-06-01 23:54:00,2012,thunderstorm,,1,65954,0,0,ok,0,ok,0,ok,,missing,,missing,73.9,ok,60.1,ok,0.45,ok,0.0,ok,28.0,ok,,na,,na,,na,0,ok,1,ok,138,ok,501,ok,481,ok,,na,,na,,,,,"An approaching warm front triggered a strong storm, which impacted New York Harbor around midnight from the first into the second of the month."
E20120604-65689,,2012-06-04 20:42:00,2012-06-05 00:54:00,2012,coastal-flooding,QN,0,65689,0,0,ok,0,ok,0,ok,0,ok,0,ok,66.9,ok,51.1,ok,0.56,ok,0.0,ok,23.0,ok,,na,,na,,na,4654,ok,3,ok,303,ok,765,ok,764,ok,,na,,na,7.69,1.94,The Battery,,"An unusual cutoff low pressure system for June, resulted in a period of strong northeast winds across the region June 4 into June 5.  The combination of the resultant surge and astronomically high spring tides, created widespread minor coastal flooding and areas of moderate coastal flooding during the time of high tide the night of June 4.  Widespread minor and only localized moderate coastal flooding was experienced during the times of high tide the night of June 5 as low pressure moved out to sea and winds weakened."
E20120606-66011,,2012-06-06 19:00:00,2012-06-06 19:00:00,2012,hail,SI,0,66011,0,0,ok,0,ok,0,ok,,missing,,missing,73.0,ok,53.1,ok,0.63,ok,0.0,ok,21.9,ok,,na,,na,,na,0,ok,0,ok,184,ok,450,ok,480,ok,,na,,na,,,,,"An upper level disturbance triggered isolated strong to severe storms, including one cell that produced quarter size hail on Staten Island in New York City, and one storm that produced a funnel cloud over Orange County."
E20120606-66013,,2012-06-06 19:00:00,2012-06-06 19:00:00,2012,hail,,1,66013,0,0,ok,0,ok,0,ok,,missing,,missing,73.0,ok,53.1,ok,0.63,ok,0.0,ok,21.9,ok,,na,,na,,na,0,ok,0,ok,184,ok,450,ok,480,ok,,na,,na,,,,,An upper level disturbance triggered an isolated severe storm over New York Harbor.
E20120606-64950,,2012-06-06 19:50:00,2012-06-06 20:20:00,2012,flash-flooding,SI,0,64950,0,0,ok,0,ok,0,ok,0,ok,0,ok,73.0,ok,53.1,ok,0.63,ok,0.0,ok,21.9,ok,,na,,na,,na,0,ok,0,ok,184,ok,450,ok,480,ok,,na,,na,6.39,1.04,The Battery,,"A weak short wave rotating around a cutoff low pressure system over the Canadian Maritimes caused showers and thunderstorms to develop across the area.  A few of these storms resulted in heavy rainfall, which produced isolated flash flooding in Richmond County."
E20120620-63787,,2012-06-20 10:00:00,2012-06-21 18:00:00,2012,extreme-heat,QN,0,63787,0,1,ok,0,ok,0,ok,0,ok,0,ok,99.0,ok,69.1,ok,0.0,ok,0.0,ok,17.9,ok,,na,,na,,na,1024,ok,2,ok,243,ok,4081,ok,816,ok,,na,,na,,,,,High pressure to the south resulted in a hot and humid airmass across the local area.
E20120622-66027,,2012-06-22 13:00:00,2012-06-22 13:50:00,2012,thunderstorm,,1,66027,0,0,ok,0,ok,0,ok,,missing,,missing,96.1,ok,70.0,ok,0.56,ok,0.0,ok,36.9,ok,,na,,na,,na,1024,ok,1,ok,167,ok,1810,ok,532,ok,,na,,na,,,,,"A passing cold front produced multiple strong to severe thunderstorms impacting Western Long Island Sound, New York Harbor, and the Coastal Ocean Waters South of New York City and Nassau County."
E20120622-66022,,2012-06-22 13:15:00,2012-06-22 13:15:00,2012,thunderstorm,SI,0,66022,0,0,ok,0,ok,0,ok,,missing,,missing,96.1,ok,70.0,ok,0.56,ok,0.0,ok,36.9,ok,,na,,na,,na,1024,ok,1,ok,167,ok,1810,ok,532,ok,,na,,na,,,,,"A passing cold front produced several severe thunderstorms that impacted New York City, Long Island, and portions of the Lower Hudson Valley."
E20120622-64956,,2012-06-22 13:30:00,2012-06-22 14:20:00,2012,flash-flooding,SI,0,64956,0,0,ok,0,ok,0,ok,0,ok,0,ok,96.1,ok,70.0,ok,0.56,ok,0.0,ok,36.9,ok,,na,,na,,na,1024,ok,1,ok,167,ok,1810,ok,532,ok,,na,,na,5.17,0.82,The Battery,,"Showers and thunderstorms developed ahead of a cold front and produced heavy rain,  which resulted in isolated flash flooding in Staten Island (Richmond County)."
E20120625-66030,,2012-06-25 07:24:00,2012-06-25 07:24:00,2012,thunderstorm,,1,66030,0,0,ok,0,ok,0,ok,,missing,,missing,75.9,ok,62.1,ok,1.9,ok,0.0,ok,23.0,ok,,na,,na,,na,21098,ok,1,ok,198,ok,1039,ok,662,ok,,na,,na,,,,,A passing cold front triggered multiple strong thunderstorms impacting Long Island Sound.
E20120625-66028,,2012-06-25 07:43:00,2012-06-25 07:43:00,2012,thunderstorm,SI,0,66028,0,0,ok,0,ok,0,ok,50000,ok,66157,ok,75.9,ok,62.1,ok,1.9,ok,0.0,ok,23.0,ok,,na,,na,,na,21098,ok,1,ok,198,ok,1039,ok,662,ok,,na,,na,,,,,A passing cold front triggered an isolated severe storm impacted Suffolk County.
E20120715-67254,,2012-07-15 20:24:00,2012-07-15 20:24:00,2012,thunderstorm,,1,67254,0,0,ok,0,ok,0,ok,,missing,,missing,91.9,ok,71.1,ok,0.35,ok,0.0,ok,33.1,ok,,na,,na,,na,0,ok,1,ok,155,ok,728,ok,431,ok,375,ok,108,ok,,,,,A lingering surface trough and an approaching upper level disturbance triggered isolated strong thunderstorms along the south shore of western Long Island.
E20120718-66725,,2012-07-18 12:00:00,2012-07-18 16:00:00,2012,extreme-heat,BX;MN;QN,0,66725,0,0,ok,0,ok,0,ok,0,ok,0,ok,104.0,ok,73.0,ok,1.83,ok,0.0,ok,38.0,ok,,na,,na,,na,6431,ok,1,ok,137,ok,1371,ok,857,ok,438,ok,91,ok,,,,,High pressure remained over the western Atlantic as a cold front approached from the west.
E20120718-67257,,2012-07-18 15:10:00,2012-07-18 15:50:00,2012,hail,MN;QN,0,67257,0,0,ok,0,ok,0,ok,,missing,,missing,104.0,ok,73.0,ok,1.83,ok,0.0,ok,38.0,ok,,na,,na,,na,6431,ok,1,ok,137,ok,1371,ok,857,ok,438,ok,91,ok,,,,,"A combination of a pre-frontal trough and a passing cold front triggered several severe thunderstorms across the Lower Hudson Valley, New York City, and Long Island."
E20120718-67262,,2012-07-18 15:48:00,2012-07-18 15:48:00,2012,thunderstorm,,1,67262,0,0,ok,0,ok,0,ok,,missing,,missing,104.0,ok,73.0,ok,1.83,ok,0.0,ok,38.0,ok,,na,,na,,na,6431,ok,1,ok,137,ok,1371,ok,857,ok,438,ok,91,ok,,,,,"A combination of a pre-frontal trough and a passing cold front triggered isolated strong thunderstorms across New York Harbor, Far Eastern Long Island Sound, and the waters south of Long Island."
E20120718-66512,,2012-07-18 15:53:00,2012-07-18 17:10:00,2012,flash-flooding,MN;QN,0,66512,0,0,ok,0,ok,0,ok,0,ok,0,ok,104.0,ok,73.0,ok,1.83,ok,0.0,ok,38.0,ok,,na,,na,,na,6431,ok,1,ok,137,ok,1371,ok,857,ok,438,ok,91,ok,4.95,0.48,The Battery,,"A cold front approaching from the northwest and nearly parallel to the wind flow aloft triggered training thunderstorms which produced heavy rainfall and resulted in flash flooding in Queens, New York (Manhattan) and Nassau counties."
E20120724-67342,,2012-07-24 18:45:00,2012-07-24 18:45:00,2012,thunderstorm,,1,67342,0,0,ok,0,ok,0,ok,,missing,,missing,96.1,ok,73.9,ok,0.0,ok,0.0,ok,28.0,ok,,na,,na,,na,0,ok,0,ok,135,ok,881,ok,592,ok,447,ok,80,ok,,,,,"A passing cold front triggered isolated strong to severe thunderstorms in New York Harbor, Long Island Sound, and Peconic Bay."
E20120726-67348,,2012-07-26 18:42:00,2012-07-26 19:00:00,2012,thunderstorm,,1,67348,0,0,ok,0,ok,0,ok,,missing,,missing,95.0,ok,68.0,ok,0.73,ok,0.0,ok,45.0,ok,,na,,na,,na,0,ok,0,ok,117,ok,864,ok,909,ok,493,ok,128,ok,,,,,"A passing warm front triggered several strong thunderstorms on Long Island Sound, New York Harbor, and the coastal ocean waters south of New York City."
E20120726-67343,,2012-07-26 18:45:00,2012-07-26 19:14:00,2012,thunderstorm,BK;SI,0,67343,0,0,ok,1,ok,0,ok,6000,ok,7939,ok,95.0,ok,68.0,ok,0.73,ok,0.0,ok,45.0,ok,,na,,na,,na,0,ok,0,ok,117,ok,864,ok,909,ok,493,ok,128,ok,,,,,"A passing warm front triggered multiple severe thunderstorms across the Lower Hudson Valley, New York City and Long Island."
E20120801-67829,,2012-08-01 11:25:00,2012-08-01 12:45:00,2012,flash-flooding,QN,0,67829,0,0,ok,0,ok,0,ok,0,ok,0,ok,82.0,ok,70.0,ok,0.64,ok,0.0,ok,15.0,ok,,na,,na,,na,77114,ok,10,ok,171,ok,803,ok,514,ok,469,ok,100,ok,5.76,0.88,The Battery,,The combination of an upper level short wave and a surface trough triggered scattered showers and thunderstorms across the area.  Some thunderstorms produced very heavy rainfall that resulted in localized flash flooding in Queens.
E20120805-68104,,2012-08-05 16:30:00,2012-08-05 22:00:00,2012,thunderstorm,,1,68104,0,0,ok,0,ok,0,ok,,missing,,missing,95.0,ok,73.0,ok,0.29,ok,0.0,ok,46.1,ok,,na,,na,,na,0,ok,1,ok,152,ok,699,ok,654,ok,390,ok,130,ok,,,,,A passing cold front and upper level disturbance triggered strong to severe thunderstorms across the waters around Long Island.
E20120805-68111,,2012-08-05 18:57:00,2012-08-05 18:57:00,2012,thunderstorm,QN,0,68111,0,0,ok,0,ok,0,ok,2000,ok,2646,ok,95.0,ok,73.0,ok,0.29,ok,0.0,ok,46.1,ok,,na,,na,,na,0,ok,1,ok,152,ok,699,ok,654,ok,390,ok,130,ok,,,,,A passing cold front and upper level disturbance triggered an isolated severe thunderstorm in Queens.
E20120815-68127,,2012-08-15 12:29:00,2012-08-15 15:05:00,2012,thunderstorm;hail,BK;QN,0,68127,0,0,ok,0,ok,0,ok,4000,ok,5293,ok,86.0,ok,66.9,ok,0.62,ok,0.0,ok,23.9,ok,,na,,na,,na,151206,ok,11,ok,166,ok,1150,ok,646,ok,459,ok,111,ok,,,,,"A low pressure system and upper level disturbance moved through the Northeast during the morning and afternoon hours, producing multiple rounds of strong to severe thunderstorms over the Lower Hudson Valley, New York City and Long Island."
E20120815-68159,,2012-08-15 13:05:00,2012-08-15 16:10:00,2012,flash-flooding,QN,0,68159,0,0,ok,0,ok,0,ok,0,ok,0,ok,86.0,ok,66.9,ok,0.62,ok,0.0,ok,23.9,ok,,na,,na,,na,151206,ok,11,ok,166,ok,1150,ok,646,ok,459,ok,111,ok,5.34,0.59,The Battery,,"A low pressure system and upper level disturbance moved through the Northeast during the morning and afternoon hours, producing multiple rounds of thunderstorms with torrential rain and flash flooding in Queens, Nassau and Suffolk Counties."
E20120908-69067,,2012-09-08 09:38:00,2012-09-08 17:10:00,2012,thunderstorm;tornado,BX;BK;MN;QN;SI,0,69067,0,0,ok,0,ok,0,ok,371500,ok,491546,ok,87.1,ok,63.0,ok,1.18,ok,0.0,ok,33.1,ok,,na,,na,,na,57057,ok,6,ok,133,ok,700,ok,537,ok,461,ok,141,ok,,,,,"A combination of a pre-frontal trough and a passing upper level disturbance produced an isolated severe storm in the morning, yielding a tornado in Queens and Brooklyn. An approaching cold front yielded another line of severe storms in the afternoon across the Lower Hudson Valley and New York City."
E20120908-69078,,2012-09-08 09:59:00,2012-09-08 17:06:00,2012,tornado;thunderstorm,,1,69078,0,0,ok,0,ok,0,ok,,missing,,missing,87.1,ok,63.0,ok,1.18,ok,0.0,ok,33.1,ok,,na,,na,,na,57057,ok,6,ok,133,ok,700,ok,537,ok,461,ok,141,ok,,,,,"A combination of a pre-frontal trough and a passing upper level disturbance produced an isolated severe storm in the morning, yielding a waterspout around Breezy Point to Near Plumb Beach. An approaching cold front yielded another line of strong severe storms in the afternoon across the waters around Long Island."
E20120908-68789,,2012-09-08 10:30:00,2012-09-08 11:00:00,2012,flash-flooding,QN,0,68789,0,0,ok,0,ok,0,ok,0,ok,0,ok,87.1,ok,63.0,ok,1.18,ok,0.0,ok,33.1,ok,,na,,na,,na,57057,ok,6,ok,133,ok,700,ok,537,ok,461,ok,141,ok,4.79,0.7,The Battery,,"Showers and thunderstorms ahead of a cold front produced torrential rainfall, which resulted in isolated flash flooding in Queens County."
E20120918-69086,,2012-09-18 18:18:00,2012-09-18 19:15:00,2012,thunderstorm,,1,69086,0,0,ok,0,ok,0,ok,,missing,,missing,79.0,ok,66.9,ok,1.62,ok,0.0,ok,38.9,ok,,na,,na,,na,3840,ok,1,ok,198,ok,621,ok,1484,ok,440,ok,129,ok,,,,,A passing cold front triggered multiple strong storms late in the day across the waters around Long Island.
E20120918-69081,,2012-09-18 19:00:00,2012-09-18 19:00:00,2012,thunderstorm,QN,0,69081,0,0,ok,0,ok,0,ok,6000,ok,7939,ok,79.0,ok,66.9,ok,1.62,ok,0.0,ok,38.9,ok,,na,,na,,na,3840,ok,1,ok,198,ok,621,ok,1484,ok,440,ok,129,ok,,,,,A passing cold front triggered multiple late day severe storms across Southeast New York.
E20121029-sandy,Hurricane Sandy,2012-10-29 07:00:00,2012-10-30 00:30:00,2012,coastal-flooding;high-winds,BX;BK;MN;QN;SI,0,68867;70044,1,45,ok,1,ok,0,ok,5000000,ok,6615694,ok,66.0,ok,46.9,ok,1.33,ok,0.0,ok,64.0,ok,5685051858,ok,7522113071,ok,601076923,ok,1278685778,ok,16214,ok,518,ok,1286,ok,11952,ok,550,ok,111,ok,14.05,9.33,The Battery,4085;3351,"Post Tropical Storm Sandy was the costliest natural disaster in Southeast New York.||Tropical Storm Sandy formed in the Caribbean Sea on October 22. After drifting slowly southwest on October 23, Sandy turned to the north and intensified to a hurricane on October 24, just before making landfall in Jamaica. Hurricane Sandy continued to the north and intensified to a strong category two hurricane before making landfall again in Cuba shortly after Midnight EDT on the 25th. Hurricane Sandy emerged on the other side of Cuba during the morning of the 25th and proceeded to drift northwest as a category one or two hurricane as it moved through the Bahamas on the 25th and 26th. Overnight on the 26th, Hurricane Sandy (Category 1) started to move toward the north northeast, a motion that continued into the evening of the 28th. From there, Sandy���s motion became driven by two factors. An anomalously strong blocking ridge over the Canadian Maritimes prevented Sandy from escaping to the east. Simultaneously, an approaching and deepening extratropical trough was about to capture Sandy. The combination of the two, turned Sandy to the north overnight on the 28th and then to the northwest on the 29th.||As Sandy continued to move northwest and interact with the mid latitude trough, its interaction continued to make it less tropical, but did not weaken it much. Sandy continued to make a harder turn to the left (west) and made landfall in Atlantic County as a post tropical storm in Brigantine City just north of Atlantic City at 7:30 p.m. EDT on the 29th. The estimated minimum central pressure was 945 millibars. The lowest recorded central pressure was 945.6 millibars at the Atlantic City Marina at 7:34 p.m. EDT.||Record breaking high tides and wave action was combined with sustained winds of 40 to 60 mph and wind gusts of 80 to 90 mph.||These extreme conditions resulted in at least 60 deaths and widespread property damage of at least 42 billion dollars.||Emergency managers recommended mandatory evacuations of more than 1/2 million people that lived in low lying areas.  Widespread significant power outages of more than 2 million lasted up to 2 weeks."
E20121107-69984,,2012-11-07 14:00:00,2012-11-08 01:30:00,2012,heavy-snow,QN,0,69984,0,0,ok,0,ok,0,ok,0,ok,0,ok,50.0,ok,30.9,ok,1.18,ok,6.2,ok,33.1,ok,5685051858,ok,7522113071,ok,601076923,ok,301505,ok,5,ok,6513,ok,542,ok,5811,ok,996,ok,258,ok,,,,4085;3351,"Low pressure developed across the Southeast U.S. on November 6 and intensified as it moved northeast, passing south and east of Long Island by November 8.||This nor'easter came on the heels of Superstorm Sandy.  It produced heavy wet snow, strong winds, and minor coastal flooding.||Snowfall ranged from less than 2 inches across Long Island, to nearly 10 inches across parts of the Lower Hudson Valley."
E20121107-70145,,2012-11-07 16:00:00,2012-11-07 23:00:00,2012,high-winds,QN,0,70145,0,0,ok,0,ok,0,ok,100000,ok,132314,ok,44.1,ok,30.9,ok,1.12,ok,5.7,ok,33.1,ok,5685051858,ok,7522113071,ok,601076923,ok,301505,ok,5,ok,5026,ok,389,ok,4670,ok,575,ok,179,ok,6.59,2.94,The Battery,4085;3351,"A nor'easter produced high winds across portions of the area, mainly impacting Long Island."
E20121221-70238,,2012-12-21 03:00:00,2012-12-21 10:00:00,2012,high-winds,BK;QN,0,70238,0,0,ok,0,ok,0,ok,100000,ok,132314,ok,60.1,ok,36.0,ok,0.91,ok,0.0,ok,42.9,ok,,na,,na,,na,0,ok,1,ok,2445,ok,413,ok,268,ok,578,ok,155,ok,7.18,4.18,The Battery,,"A strong cold front approached from the west and moved across the area. High winds occurred across portions of New York City, resulting in localized damage."
E20121226-70240,,2012-12-26 20:00:00,2012-12-27 00:00:00,2012,high-winds,BK;MN;QN,0,70240,0,0,ok,0,ok,0,ok,2000,ok,2646,ok,46.0,ok,27.0,ok,1.85,ok,0.4,ok,38.9,ok,,na,,na,,na,27365,ok,9,ok,4789,ok,993,ok,374,ok,811,ok,205,ok,6.75,4.92,The Battery,,"A deep area of low pressure approached from the southeast, and passed just south of Long Island. High winds from this Nor'Easter resulted in scattered damage."
E20121226-71097,,2012-12-26 22:00:00,2012-12-27 09:00:00,2012,coastal-flooding,BX;QN,0,71097,0,0,ok,0,ok,0,ok,0,ok,0,ok,46.0,ok,27.0,ok,1.85,ok,0.4,ok,38.9,ok,,na,,na,,na,27365,ok,9,ok,4789,ok,993,ok,374,ok,811,ok,205,ok,7.47,4.92,The Battery,,"Low pressure taking shape over the Southern Plains and Lower Mississippi Valley on Christmas Day intensified into a nor'easter as it moved into the Tennessee Valley on the 26th, passing just south of Long Island the morning of the 27th and then moving to Nova Scotia on the 28th. This system brought strong east winds to the region the 26th into the morning of 27th, which resulted in 3 to 5 feet of storm surge and widespread minor to moderate coastal flooding along the coast."
E20130131-70247,,2013-01-31 00:00:00,2013-01-31 07:00:00,2013,high-winds,MN;QN,0,70247,0,0,ok,0,ok,0,ok,51000,ok,66365,ok,62.1,ok,30.0,ok,0.9,ok,0.0,ok,46.1,ok,,na,,na,,na,0,ok,0,ok,2288,ok,961,ok,517,ok,438,ok,96,ok,5.57,1.97,The Battery,,High south winds preceding a strong cold front resulted in areas of damage and disruptions to power.  Heavy rain preceding the front caused flooding of small streams in Rockland County.
E20130208-72446,,2013-02-08 07:10:00,2013-02-09 05:00:00,2013,winter-storm,BX;BK;MN;QN;SI,0,72446,0,0,ok,0,ok,0,ok,0,ok,0,ok,36.0,ok,19.9,ok,1.53,ok,12.1,ok,32.0,ok,,na,,na,,na,0,ok,1,ok,3799,ok,521,ok,177,ok,926,ok,141,ok,,,,,"Low pressure that formed along the northern Gulf coast by the morning of Thursday, February 7, 2013 moved northeast to near Cape Hatteras by the morning of Friday, February 8, 2013 . The low then rapidly intensified while moving northeast to a position east of Cape Cod by the morning of Saturday, February 9, 2013, producing very heavy snowfall and blizzard conditions across central and eastern Long Island on February 8th and 9th, and winter storm conditions across the rest of southeast New York."
E20130227-72277,,2013-02-27 11:30:00,2013-02-27 13:30:00,2013,coastal-flooding,QN,0,72277,0,0,ok,0,ok,0,ok,0,ok,0,ok,50.0,ok,36.0,ok,1.56,ok,0.0,ok,38.9,ok,,na,,na,,na,0,ok,1,ok,1390,ok,662,ok,268,ok,423,ok,129,ok,7.36,2.59,The Battery,,A complex low pressure system tracking northeast through the Ohio Valley and Northeast United States produced strong onshore winds across the region Tuesday Night into Wednesday morning on February 27th. These onshore winds piled 2 1/2 to 3 feet of surge along the southeast NY coast during the Wednesday morning high tide cycle causing widespread minor to locally moderate coastal flooding.
E20130306-73234,,2013-03-06 10:00:00,2013-03-06 21:00:00,2013,high-winds,QN,0,73234,0,0,ok,0,ok,0,ok,2000,ok,2603,ok,45.0,ok,35.1,ok,0.0,ok,0.0,ok,38.9,ok,,na,,na,,na,0,ok,0,ok,1951,ok,389,ok,372,ok,389,ok,87,ok,6.51,2.94,The Battery,,Strong winds occurred as low pressure passed to the south and intensified.
E20130307-73318,,2013-03-07 22:00:00,2013-03-08 14:00:00,2013,winter-storm,BX;QN;SI,0,73318,0,0,ok,0,ok,0,ok,0,ok,0,ok,42.1,ok,30.9,ok,1.15,ok,6.7,ok,31.1,ok,,na,,na,,na,0,ok,0,ok,2269,ok,508,ok,407,ok,1144,ok,268,ok,,,,,"Surface low pressure moved off the southern Mid Atlantic coast the morning of March 6th, and continued moving slowly east into the north Atlantic through March 9th while intensifying. The low brought sustained northeast winds of 30 to 39 mph and wind gusts of 40 to 55 mph to the region during the day on March 6th, then produced some light snow the night of the 6th. An upper level low moving southeast from the upper Great Lakes region interacted with the offshore surface low to produce more significant snowfall on March 7th and 8th."
E20130309-73353,,2013-03-09 05:00:00,2013-03-09 07:30:00,2013,coastal-flooding,QN,0,73353,0,0,ok,0,ok,0,ok,0,ok,0,ok,57.0,ok,33.1,ok,0.0,ok,0.0,ok,25.1,ok,,na,,na,,na,0,ok,0,ok,967,ok,301,ok,166,ok,433,ok,121,ok,7.37,2.67,The Battery,,"Surface low pressure moved off the southern Mid Atlantic coast the morning of March 6th, and continued moving slowly east into the north Atlantic through March 9th while intensifying. A prolonged period of strong north to northeast winds and easterly swells, resulted in several days of minor coastal flooding March 6th through March 10th. Locally moderate coastal flooding occurred during this time along the southern and eastern bays of Long Island."
E20130508-75242,,2013-05-08 08:00:00,2013-05-08 08:15:00,2013,flash-flooding,BK,0,75242,0,0,ok,0,ok,0,ok,0,ok,0,ok,68.0,ok,55.0,ok,3.02,ok,0.0,ok,21.9,ok,,na,,na,,na,53273,ok,9,ok,354,ok,1626,ok,475,ok,473,ok,131,ok,5.18,0.55,The Battery,,"An occluded front associated with a cutoff low pressure system slowly advanced towards the area from the south.  Thunderstorms training over the same area produced heavy rain that coincided with high tide, which resulted in flash flooding across parts of Southern Brooklyn."
E20130509-75249,,2013-05-09 10:15:00,2013-05-09 10:45:00,2013,flash-flooding,QN,0,75249,0,0,ok,0,ok,0,ok,0,ok,0,ok,72.0,ok,54.0,ok,1.46,ok,0.0,ok,15.0,ok,,na,,na,,na,0,ok,1,ok,261,ok,796,ok,565,ok,475,ok,135,ok,5.13,0.74,The Battery,,"As a cutoff low pressure system moved across the area, showers and thunderstorms produced heavy rain, which led to flash flooding in Queens."
E20130511-74831,,2013-05-11 15:08:00,2013-05-11 15:08:00,2013,thunderstorm,MN,0,74831,0,0,ok,0,ok,0,ok,7000,ok,9109,ok,73.9,ok,59.0,ok,1.09,ok,0.0,ok,31.1,ok,,na,,na,,na,0,ok,0,ok,299,ok,421,ok,188,ok,407,ok,149,ok,,,,,"Scattered showers and thunderstorms congealed into a squall line ahead of an approaching cold front during the afternoon. Isolated severe thunderstorms were embedded within the line, mainly over the NYC Metro area."
E20130511-74832,,2013-05-11 15:08:00,2013-05-11 15:08:00,2013,thunderstorm,,1,74832,0,0,ok,0,ok,0,ok,3000,ok,3904,ok,73.9,ok,59.0,ok,1.09,ok,0.0,ok,31.1,ok,,na,,na,,na,0,ok,0,ok,299,ok,421,ok,188,ok,407,ok,149,ok,,,,,"Scattered showers and thunderstorms congealed into a squall line ahead of an approaching cold front during the afternoon. Isolated severe thunderstorms were embedded within the line, mainly over the NYC Metro area."
E20130523-75263,,2013-05-23 14:35:00,2013-05-23 16:28:00,2013,flash-flooding,SI,0,75263,0,0,ok,0,ok,0,ok,0,ok,0,ok,84.0,ok,61.0,ok,1.81,ok,0.0,ok,31.1,ok,,na,,na,,na,0,ok,0,ok,245,ok,549,ok,627,ok,588,ok,158,ok,5.63,0.54,The Battery,,"A pre-frontal trough ahead of a cold front triggered numerous showers and thunderstorms. These storms produced heavy rain, which resulted in flash flooding across portions of The Lower Hudson Valley and New York City."
E20130602-76212,,2013-06-02 22:59:00,2013-06-02 23:30:00,2013,flash-flooding,MN,0,76212,0,0,ok,0,ok,0,ok,0,ok,0,ok,90.0,ok,63.0,ok,1.12,ok,0.0,ok,36.0,ok,,na,,na,,na,0,ok,1,ok,173,ok,805,ok,540,ok,377,ok,80,ok,5.18,0.39,The Battery,,"As a cold front moved towards the area, showers and thunderstorms produced heavy rainfall, which resulted in isolated flash flooding in Manhattan."
E20130607-76521,,2013-06-07 22:05:00,2013-06-08 02:30:00,2013,inland-flooding,MN,0,76521,0,0,ok,0,ok,0,ok,0,ok,0,ok,78.1,ok,57.0,ok,4.64,ok,0.0,ok,33.1,ok,,na,,na,,na,43752,ok,8,ok,211,ok,1022,ok,681,ok,1057,ok,296,ok,,,,,"The remnants of Tropical Storm Andrea tracked up the eastern seaboard in early June,  resulting in a prolonged period of heavy rain, which caused flash flooding in portions of Southeast New York."
E20130617-76707,,2013-06-17 14:24:00,2013-06-17 14:24:00,2013,thunderstorm,,1,76707,0,0,ok,0,ok,0,ok,,missing,,missing,87.1,ok,66.9,ok,0.13,ok,0.0,ok,23.9,ok,,na,,na,,na,0,ok,0,ok,192,ok,611,ok,775,ok,471,ok,138,ok,,,,,An approaching cold front and passing shortwave triggered isolated strong to severe thunderstorms over New York Harbor and Western Long Island Sound.
E20130617-76706,,2013-06-17 14:40:00,2013-06-17 14:40:00,2013,thunderstorm,BK,0,76706,0,0,ok,0,ok,0,ok,5000,ok,6506,ok,87.1,ok,66.9,ok,0.13,ok,0.0,ok,23.9,ok,,na,,na,,na,0,ok,0,ok,192,ok,611,ok,775,ok,471,ok,138,ok,,,,,An approaching cold front and passing shortwave triggered an isolated severe thunderstorm in Brooklyn.
E20130707-76041,,2013-07-07 00:00:00,2013-07-08 00:00:00,2013,extreme-heat,SI,0,76041,0,1,ok,0,ok,0,ok,0,ok,0,ok,96.1,ok,73.0,ok,0.22,ok,0.0,ok,30.0,ok,,na,,na,,na,0,ok,1,ok,244,ok,1709,ok,759,ok,815,ok,209,ok,,,,,A large area of high pressure pumped hot and humid air across the northeast.
E20130719-76042,,2013-07-19 00:00:00,2013-07-21 00:00:00,2013,extreme-heat,BX;BK;MN;QN;SI,0,76042,0,8,ok,0,ok,0,ok,0,ok,0,ok,100.0,ok,75.0,ok,0.09,ok,0.0,ok,28.0,ok,,na,,na,,na,6061,ok,1,ok,230,ok,3615,ok,844,ok,1281,ok,409,ok,,,,,A large area of high pressure remained nearly stationary to the south for almost a  week. This resulted in a prolonged period of high to excessive heat across the area.
E20130720-77696,,2013-07-20 17:30:00,2013-07-20 17:54:00,2013,thunderstorm;hail,,1,77696,0,0,ok,0,ok,0,ok,,missing,,missing,96.1,ok,77.0,ok,0.09,ok,0.0,ok,28.0,ok,,na,,na,,na,0,ok,0,ok,101,ok,1595,ok,239,ok,425,ok,150,ok,,,,,A pre-frontal trough served as the trigger for scattered strong thunderstorms with increasing moisture and instability ahead of an approaching cold front.
E20130902-79670,,2013-09-02 12:30:00,2013-09-02 13:00:00,2013,flash-flooding,QN,0,79670,0,0,ok,0,ok,0,ok,0,ok,0,ok,82.9,ok,72.0,ok,0.9,ok,0.0,ok,17.0,ok,,na,,na,,na,0,ok,0,ok,176,ok,286,ok,338,ok,328,ok,136,ok,4.93,0.71,The Battery,,"Several upper level shortwave troughs interacting with a warm, moist airmass and a surface trough produced scattered thunderstorms across the area. Precipitable waters ranged between 2 and 2 1/2 inches, which resulted in heavy rain and flash flooding in Queens."
E20130912-80004,,2013-09-12 12:50:00,2013-09-12 12:50:00,2013,thunderstorm,,1,80004,0,0,ok,0,ok,0,ok,,missing,,missing,87.1,ok,70.0,ok,1.6,ok,0.0,ok,25.9,ok,,na,,na,,na,0,ok,0,ok,116,ok,503,ok,612,ok,530,ok,153,ok,,,,,"A line of showers and thunderstorms, with embedded severe thunderstorms, formed along a cold front as it pushed through the Northeast."
E20131101-79970,,2013-11-01 08:00:00,2013-11-01 11:00:00,2013,high-winds,MN;SI,0,79970,0,0,ok,0,ok,4,ok,70000,ok,91089,ok,71.1,ok,57.9,ok,0.13,ok,0.0,ok,36.0,ok,,na,,na,,na,0,ok,0,ok,347,ok,266,ok,384,ok,541,ok,158,ok,5.84,0.76,The Battery,,Strong winds occurred ahead of a cold front.
E20131101-80879,,2013-11-01 09:00:00,2013-11-01 09:00:00,2013,thunderstorm,,1,80879,0,0,ok,0,ok,0,ok,,missing,,missing,71.1,ok,57.9,ok,0.13,ok,0.0,ok,36.0,ok,,na,,na,,na,0,ok,0,ok,347,ok,266,ok,384,ok,541,ok,158,ok,,,,,"A line of convection, producing pockets of strong winds, crossed the waters around Long Island ahead of a cold front."
E20131113-80812,,2013-11-13 00:00:00,2013-11-13 23:59:00,2013,extreme-cold,BK,0,80812,0,1,ok,0,ok,0,ok,0,ok,0,ok,41.0,ok,28.2,ok,0.0,ok,0.0,ok,23.0,ok,,na,,na,,na,0,ok,0,ok,3648,ok,309,ok,263,ok,434,ok,130,ok,,,,,Cold air and gusty winds resulted in typical late fall conditions behind a cold front.
E20131205-84093,,2013-12-05 08:00:00,2013-12-05 13:00:00,2013,fog,BX;BK;MN;QN;SI,0,84093,0,0,ok,0,ok,0,ok,0,ok,0,ok,60.1,ok,46.0,ok,0.01,ok,0.0,ok,16.1,ok,,na,,na,,na,0,ok,0,ok,1091,ok,335,ok,212,ok,432,ok,123,ok,,,,,"A warm front approached the area from the south. Dense fog developed, which had a major impact on area airports and resulted in widespread reduced visibilities to less than a quarter mile."
E20131214-81881,,2013-12-14 10:28:00,2013-12-14 22:25:00,2013,winter-storm;heavy-snow,BX;MN,0,81881,0,0,ok,0,ok,0,ok,0,ok,0,ok,43.0,ok,20.1,ok,0.73,ok,5.0,ok,29.1,ok,,na,,na,,na,5474,ok,1,ok,2900,ok,411,ok,59,ok,550,ok,93,ok,,,,,An intensifying low pressure system taking shape over the lower Mississippi Valley the morning of Saturday the 14th moved to a position south of Long Island by the morning of the 15th. This low brought heavy snow and some freezing rain to the upper boroughs of New York City northward into the Lower Hudson Valley.
E20140102-82565,,2014-01-02 18:30:00,2014-01-03 10:30:00,2014,heavy-snow,BX;BK;MN;QN;SI,0,82565,0,0,ok,0,ok,0,ok,0,ok,0,ok,33.1,ok,8.2,ok,0.62,ok,8.8,ok,33.1,ok,,na,,na,,na,22349,ok,2,ok,8986,ok,620,ok,104,ok,768,ok,136,ok,,,,,"A low pressure system moving into the Ohio Valley on January 2 redeveloped and intensified along the Mid Atlantic coast, bringing heavy snow to southeast New York before moving out to sea on the third of January."
E20140106-81442,,2014-01-06 08:48:00,2014-01-06 08:48:00,2014,thunderstorm,,1,81442,0,0,ok,0,ok,0,ok,,missing,,missing,57.9,ok,16.2,ok,0.41,ok,0.0,ok,38.0,ok,,na,,na,,na,0,ok,0,ok,6648,ok,822,ok,122,ok,393,ok,83,ok,,,,,"Scattered showers formed ahead an approaching cold front, with stronger winds from aloft mixing down with the heavier precipitation."
E20140121-83716,,2014-01-21 08:15:00,2014-01-21 22:30:00,2014,heavy-snow,BX;BK;MN;QN;SI,0,83716,0,0,ok,0,ok,0,ok,0,ok,0,ok,33.1,ok,11.1,ok,0.46,ok,11.0,ok,25.9,ok,,na,,na,,na,0,ok,0,ok,5772,ok,413,ok,132,ok,843,ok,126,ok,,,,,Low pressure moving from the central Appalachians the morning of the 21st intensified off the Mid Atlantic coast and brought heavy snow to most of southeast New York on the 21st and 22nd.
E20140203-84333,,2014-02-03 03:30:00,2014-02-03 18:15:00,2014,heavy-snow,BX;BK;MN;QN;SI,0,84333,0,0,ok,0,ok,0,ok,0,ok,0,ok,44.1,ok,24.3,ok,1.17,ok,8.0,ok,19.9,ok,,na,,na,,na,0,ok,0,ok,1987,ok,535,ok,297,ok,776,ok,125,ok,,,,,Weak low pressure passing to the south brought a swath of heavy snow to much of Southeast New York on the third.
E20140205-84329,,2014-02-05 01:15:00,2014-02-05 10:00:00,2014,heavy-snow;winter-storm,BX;MN,0,84329,0,0,ok,0,ok,0,ok,0,ok,0,ok,35.1,ok,29.1,ok,1.44,ok,4.6,ok,23.9,ok,,na,,na,,na,0,ok,0,ok,2454,ok,770,ok,239,ok,386,ok,41,ok,,,,,"A complex low pressure system moving through the Ohio Valley and Mid Atlantic regions brought a quick burst of moderate to heavy snow the morning of February 5th, that changed to sleet and then freezing rain in many places before tapering off late in the day."
E20140213-85166,,2014-02-13 00:30:00,2014-02-14 06:00:00,2014,heavy-snow;winter-storm,BX;BK;MN;QN;SI,0,85166,0,0,ok,0,ok,0,ok,0,ok,0,ok,41.0,ok,22.1,ok,2.08,ok,12.5,ok,36.9,ok,,na,,na,,na,0,ok,3,ok,3094,ok,1140,ok,88,ok,982,ok,150,ok,,,,,"A low pressure system developed along the northern Gulf Coast on February 12th, and moved to near Cape Hatteras and the Virginia capes by the morning of the 13th. The intensifying low then headed northeast, passing east of Long Island and into the Gulf of Maine early the morning of the 14th, bringing heavy snow and ice to Southeast New York."
E20140330-84313,,2014-03-30 17:02:00,2014-03-30 17:02:00,2014,thunderstorm,QN,0,84313,0,0,ok,0,ok,0,ok,5000,ok,6421,ok,55.0,ok,39.0,ok,0.53,ok,0.0,ok,31.1,ok,,na,,na,,na,51648,ok,9,ok,1188,ok,671,ok,236,ok,332,ok,89,ok,,,,,"Isolated convection developed along a stalled frontal boundary, producing a lightning strike in Queens."
E20140430-85152,,2014-04-30 20:45:00,2014-04-30 23:59:00,2014,inland-flooding,BX;BK;QN,0,85152,0,0,ok,0,ok,0,ok,0,ok,0,ok,55.9,ok,41.0,ok,5.26,ok,0.0,ok,31.1,ok,,na,,na,,na,2619017,ok,171,ok,1113,ok,2010,ok,387,ok,501,ok,136,ok,,,,,"A frontal system associated with a large cutoff low pressure system over the Midwest and Lower Great Lakes region caused periods of heavy rain, which resulted in flooding across portions of New York City, Nassau, Rockland and Westchester Counties."
E20140501-86901,,2014-05-01 00:00:00,2014-05-01 10:15:00,2014,inland-flooding,BX,0,86901,0,0,ok,0,ok,0,ok,0,ok,0,ok,78.1,ok,48.9,ok,0.24,ok,0.0,ok,25.9,ok,,na,,na,,na,440950,ok,46,ok,434,ok,1503,ok,556,ok,488,ok,141,ok,,,,,"A frontal system associated with a large cutoff low pressure system over the Midwest and Lower Great Lakes region caused periods of heavy rain, which resulted in continued flooding across Westchester and Rockland Counties as well as the Bronx in New York City."
E20140510-85028,,2014-05-10 15:55:00,2014-05-10 15:55:00,2014,thunderstorm,,1,85028,0,0,ok,0,ok,0,ok,,missing,,missing,84.0,ok,54.0,ok,0.91,ok,0.0,ok,33.1,ok,,na,,na,,na,2935,ok,1,ok,210,ok,387,ok,217,ok,405,ok,97,ok,,,,,A warm front lingered just north of the region while a cold front approached the region from the west during the day.  This resulted in a strong thunderstorm that produced wind gusts in excess of 34 knots.
E20140510-86944,,2014-05-10 17:30:00,2014-05-10 18:00:00,2014,flash-flooding,QN,0,86944,0,0,ok,0,ok,0,ok,0,ok,0,ok,84.0,ok,54.0,ok,0.91,ok,0.0,ok,33.1,ok,,na,,na,,na,2935,ok,1,ok,210,ok,387,ok,217,ok,405,ok,97,ok,5.1,0.67,The Battery,,A warm front lingered just north of the region while a cold front approached the region from the west during the day. This resulted in scattered showers and thunderstorms which produced heavy rain and flash flooding in Queens.
E20140516-86863,,2014-05-16 21:53:00,2014-05-16 22:47:00,2014,flash-flooding,QN,0,86863,0,0,ok,0,ok,0,ok,0,ok,0,ok,71.1,ok,57.9,ok,1.61,ok,0.0,ok,33.1,ok,,na,,na,,na,7685,ok,4,ok,258,ok,769,ok,640,ok,535,ok,111,ok,6.64,1.1,The Battery,,A wave of low pressure riding along a cold front produced scattered showers and thunderstorms that resulted in heavy rain and flash flooding in portions of New York City and Nassau County.
E20140603-87483,,2014-06-03 15:45:00,2014-06-03 15:45:00,2014,thunderstorm,,1,87483,0,0,ok,0,ok,0,ok,,missing,,missing,88.0,ok,62.1,ok,0.72,ok,0.0,ok,35.1,ok,,na,,na,,na,0,ok,1,ok,219,ok,651,ok,723,ok,505,ok,96,ok,,,,,The combination of a pre-frontal trough and a passing short wave triggered an isolated strong thunderstorm over western New York Harbor.
E20140613-87719,,2014-06-13 17:35:00,2014-06-13 18:20:00,2014,flash-flooding,BK;QN;SI,0,87719,0,0,ok,0,ok,0,ok,0,ok,0,ok,82.9,ok,62.1,ok,1.55,ok,0.0,ok,25.1,ok,,na,,na,,na,6423,ok,3,ok,166,ok,718,ok,513,ok,555,ok,153,ok,6.33,1.02,The Battery,,An approaching cold front triggered a line of thunderstorms that produced heavy rain and resulted in flash flooding in portions of New York City.
E20140702-88868,,2014-07-02 19:15:00,2014-07-02 19:45:00,2014,flash-flooding,BK,0,88868,0,0,ok,0,ok,0,ok,0,ok,0,ok,96.1,ok,71.1,ok,1.11,ok,0.0,ok,30.0,ok,,na,,na,,na,1348,ok,1,ok,153,ok,1579,ok,1004,ok,495,ok,121,ok,4.94,0.74,The Battery,,"A strong low level shortwave swung through the Northeast with a trough at the surface. A line of strong, with embedded severe thunderstorms formed along the trough and pushed through the area late in the afternoon into the evening.  Some of these storms produced heavy rainfall, which resulted in flash flooding in Brooklyn."
E20140703-89000,,2014-07-03 18:45:00,2014-07-03 20:10:00,2014,thunderstorm;flash-flooding,BX;MN,0,89000,0,0,ok,0,ok,0,ok,5000,ok,6421,ok,89.1,ok,69.1,ok,1.78,ok,0.0,ok,35.1,ok,,na,,na,,na,1348,ok,1,ok,161,ok,991,ok,736,ok,543,ok,130,ok,4.64,0.77,The Battery,,"As a cold front slowly moved across the area, moisture from Tropical Cyclone Arthur passing to the south and east converged along the boundary resulting in severe thunderstorms, heavy rain and flash flooding in portions of southeast New York."
E20140708-89261,,2014-07-08 20:40:00,2014-07-08 21:00:00,2014,thunderstorm,MN;SI,0,89261,0,0,ok,0,ok,0,ok,8000,ok,10274,ok,95.0,ok,71.1,ok,0.39,ok,0.0,ok,32.0,ok,,na,,na,,na,0,ok,0,ok,198,ok,1191,ok,1820,ok,464,ok,109,ok,,,,,A line of strong with embedded severe thunderstorms formed along a slow moving cold front as it progressed through the Northeast.
E20140708-89263,,2014-07-08 20:50:00,2014-07-08 20:50:00,2014,thunderstorm,,1,89263,0,0,ok,0,ok,0,ok,,missing,,missing,95.0,ok,71.1,ok,0.39,ok,0.0,ok,32.0,ok,,na,,na,,na,0,ok,0,ok,198,ok,1191,ok,1820,ok,464,ok,109,ok,,,,,A line of strong with embedded severe thunderstorms formed along a slow moving cold front as it progressed through the Northeast.
E20140715-89233,,2014-07-15 14:48:00,2014-07-15 15:18:00,2014,flash-flooding,BX,0,89233,0,0,ok,0,ok,0,ok,0,ok,0,ok,88.0,ok,69.1,ok,1.3,ok,0.0,ok,18.1,ok,,na,,na,,na,48558,ok,5,ok,195,ok,1187,ok,829,ok,431,ok,97,ok,5.96,0.67,The Battery,,A cold front moving across the area interacted with a very moist airmass which produced showers and thunderstorms with damaging winds and torrential downpours resulting in flash flooding portions of southeast New York.
E20140722-88111,,2014-07-22 16:00:00,2014-07-23 00:00:00,2014,coastal-hazard,BK,0,88111,0,1,ok,0,ok,0,ok,0,ok,0,ok,91.9,ok,66.9,ok,0.19,ok,0.0,ok,30.0,ok,,na,,na,,na,0,ok,0,ok,225,ok,1220,ok,1077,ok,905,ok,216,ok,5.4,0.44,The Battery,,"High pressure slid just offshore on July 22 with a southerly return flow. A strong sea breeze developed in and around the New York City beaches on the late afternoon and evening, with south winds of 15 to 20 knots. Rip current conditions were observed to be low in the morning with 1 to 3 ft. waves.  However, the surf became higher in the late afternoon and evening with rip current activity forecast to become moderate. Unfortunately these conditions resulted in a fatality to a little girl who fell off a pier in Coney Island."
E20140723-89271,,2014-07-23 19:56:00,2014-07-23 19:56:00,2014,thunderstorm,SI,0,89271,0,0,ok,0,ok,0,ok,3000,ok,3853,ok,91.9,ok,71.1,ok,0.19,ok,0.0,ok,30.0,ok,,na,,na,,na,0,ok,0,ok,149,ok,820,ok,685,ok,448,ok,100,ok,,,,,"A line of thunderstorms formed along and in front of an approaching cold front, with embedded strong to isolated severe thunderstorms that resulted in damaging winds."
E20140831-90056,,2014-08-31 15:32:00,2014-08-31 15:32:00,2014,thunderstorm,,1,90056,0,0,ok,0,ok,0,ok,,missing,,missing,93.0,ok,71.1,ok,0.79,ok,0.0,ok,33.1,ok,,na,,na,,na,0,ok,0,ok,144,ok,467,ok,208,ok,373,ok,109,ok,,,,,"A very humid air mass combined with a passing surface trough to trigger numerous showers and thunderstorms, with embedded strong thunderstorms."
E20140831-90054,,2014-08-31 15:50:00,2014-08-31 16:38:00,2014,thunderstorm;flash-flooding,BX,0,90054,0,0,ok,0,ok,2,ok,0,ok,0,ok,93.0,ok,71.1,ok,0.79,ok,0.0,ok,33.1,ok,,na,,na,,na,0,ok,0,ok,144,ok,467,ok,208,ok,373,ok,109,ok,5.12,0.21,The Battery,,"A very humid air mass combined with a passing surface trough to trigger numerous showers and thunderstorms, with embedded strong to severe thunderstorms. Some of these storms produced very heavy rain which led to isolated flash flooding in the Bronx."
E20140906-90979,,2014-09-06 14:35:00,2014-09-06 14:35:00,2014,thunderstorm,,1,90979,0,0,ok,0,ok,0,ok,,missing,,missing,95.0,ok,66.9,ok,0.21,ok,0.0,ok,28.0,ok,,na,,na,,na,0,ok,0,ok,128,ok,380,ok,380,ok,438,ok,102,ok,,,,,"As a cold front moved east toward a warm moist unstable air mass, it produced strong to isolated severe thunderstorms that impacted Western Long Island Sound and New York Harbor."
E20140906-90660,,2014-09-06 15:30:00,2014-09-06 15:30:00,2014,thunderstorm,QN,0,90660,0,0,ok,0,ok,0,ok,0,ok,0,ok,95.0,ok,66.9,ok,0.21,ok,0.0,ok,28.0,ok,,na,,na,,na,0,ok,0,ok,128,ok,380,ok,380,ok,438,ok,102,ok,,,,,"As a cold front moved east toward a warm moist unstable air mass, it produced severe thunderstorms that caused damaging winds across Queens, Orange, and Putnam Counties."
E20141022-90256,,2014-10-22 03:45:00,2014-10-22 23:00:00,2014,flash-flooding;high-winds,BK;QN,0,90256,0,0,ok,0,ok,0,ok,20000,ok,25686,ok,59.0,ok,50.0,ok,1.51,ok,0.0,ok,31.1,ok,,na,,na,,na,0,ok,0,ok,2772,ok,469,ok,564,ok,548,ok,160,ok,6.1,2.03,The Battery,,Deep low pressure passed to the south and east of the area which produced strong winds and isolated flash flooding across portions of New York City and Long Island.
E20141102-90252,,2014-11-02 02:00:00,2014-11-02 08:00:00,2014,high-winds,QN,0,90252,0,0,ok,0,ok,0,ok,40000,ok,51371,ok,50.0,ok,39.9,ok,0.0,ok,0.0,ok,44.1,ok,,na,,na,,na,0,ok,0,ok,4352,ok,313,ok,995,ok,412,ok,96,ok,6.38,2.01,The Battery,,Deep low pressure passed south and east of Long Island.
E20141117-91875,,2014-11-17 14:24:00,2014-11-17 14:24:00,2014,thunderstorm,,1,91875,0,0,ok,0,ok,0,ok,,missing,,missing,55.0,ok,39.0,ok,1.54,ok,0.0,ok,29.1,ok,,na,,na,,na,0,ok,0,ok,4774,ok,829,ok,268,ok,512,ok,135,ok,,,,,A passing cold front triggered an isolated strong thunderstorm in New York Harbor.
E20141117-91874,,2014-11-17 14:32:00,2014-11-17 14:32:00,2014,thunderstorm,BK,0,91874,0,0,ok,0,ok,0,ok,1000,ok,1284,ok,55.0,ok,39.0,ok,1.54,ok,0.0,ok,29.1,ok,,na,,na,,na,0,ok,0,ok,4774,ok,829,ok,268,ok,512,ok,135,ok,,,,,A passing cold front triggered an isolated severe thunderstorm in Brooklyn.
E20141209-91174,,2014-12-09 11:00:00,2014-12-09 15:00:00,2014,high-winds,QN,0,91174,0,0,ok,0,ok,0,ok,20000,ok,25686,ok,48.0,ok,36.0,ok,3.04,ok,0.0,ok,38.0,ok,,na,,na,,na,6824,ok,10,ok,2854,ok,1239,ok,355,ok,505,ok,125,ok,7.2,2.56,The Battery,,A coastal storm passed just south and east of the area causing strong winds and heavy rain with flooding in portions of Southeast New York.
E20141224-91179,,2014-12-24 18:00:00,2014-12-25 06:00:00,2014,fog,QN,0,91179,0,0,ok,0,ok,0,ok,2000000,ok,2568566,ok,64.0,ok,41.0,ok,1.23,ok,0.0,ok,30.0,ok,,na,,na,,na,1802,ok,2,ok,1573,ok,514,ok,134,ok,640,ok,185,ok,,,,,Dense fog developed across New York City impacting travel during a very busy travel period.
E20150118-92565,,2015-01-18 06:00:00,2015-01-18 12:00:00,2015,winter-storm,BX;MN;QN;SI,0,92565,0,0,ok,0,ok,0,ok,0,ok,0,ok,46.9,ok,23.2,ok,2.1,ok,0.0,ok,21.0,ok,,na,,na,,na,0,ok,2,ok,1602,ok,789,ok,117,ok,692,ok,138,ok,,,,,"Warm air overriding a stationary front along the coast, while a shallow Arctic air mass remained entrenched over land, led to light freezing rain through the day, and also into the evening well inland.  Freezing rain continued even as air temperatures warmed above freezing due to very cold ground temperatures.  The frozen ground also resulted in flooding in Westchester County."
E20150126-92584,,2015-01-26 08:00:00,2015-01-27 09:10:00,2015,winter-storm,BX;BK;MN;QN;SI,0,92584,0,0,ok,0,ok,0,ok,0,ok,0,ok,32.0,ok,19.2,ok,0.84,ok,11.0,ok,31.1,ok,,na,,na,,na,0,ok,0,ok,5465,ok,605,ok,167,ok,534,ok,82,ok,,,,,"A potent Alberta Clipper low moved from southwestern Canada on January 24th to the Plains states and Ohio Valley on the 25th. The low then redeveloped off the Mid Atlantic coast on the 26th and rapidly intensified into a strong nor'easter, bringing heavy snow and strong winds to much of southeastern New York, and blizzard conditions to Suffolk County."
E20150130-92560,,2015-01-30 18:00:00,2015-01-31 01:00:00,2015,high-winds,QN,0,92560,0,0,ok,0,ok,0,ok,20000,ok,25653,ok,37.9,ok,13.1,ok,0.15,ok,1.5,ok,38.0,ok,,na,,na,,na,0,ok,0,ok,5067,ok,558,ok,89,ok,900,ok,161,ok,3.91,0.73,The Battery,,"Low pressure deepened as it tracked to the northeast of the area, resulting in strong winds."
E20150201-93840,,2015-02-01 21:00:00,2015-02-02 18:00:00,2015,heavy-snow,BX;BK;MN;QN;SI,0,93840,0,0,ok,0,ok,0,ok,0,ok,0,ok,36.0,ok,14.2,ok,1.21,ok,6.5,ok,32.0,ok,,na,,na,,na,0,ok,0,ok,4920,ok,789,ok,116,ok,807,ok,134,ok,,,,,"An area of low pressure tracked east from the Ohio Valley the night of February 1 to just south of Long Island the afternoon of February 2.  The close proximity of the low with arctic air to the north resulted in snow at the onset, which transitioned to a wintry mix during the morning hours before going back to snow by early afternoon.  Some interior locations remained all snow.  Much of southeast New York received 5 to 10 inches of snowfall along with up to a quarter inch of ice near the coast."
E20150215-92568,,2015-02-15 02:00:00,2015-02-15 14:00:00,2015,high-winds,QN,0,92568,0,0,ok,0,ok,0,ok,20000,ok,25653,ok,27.1,ok,3.2,ok,0.01,ok,0.3,ok,38.0,ok,,na,,na,,na,11545,ok,2,ok,7612,ok,1160,ok,66,ok,357,ok,68,ok,4.23,1.18,The Battery,,An area of low pressure deepened as it tracked to the northeast of the local region resulting in strong winds.
E20150301-94513,,2015-03-01 13:00:00,2015-03-01 22:30:00,2015,winter-storm,BX,0,94513,0,0,ok,0,ok,0,ok,0,ok,0,ok,33.1,ok,17.2,ok,0.52,ok,4.8,ok,18.1,ok,,na,,na,,na,0,ok,1,ok,2114,ok,425,ok,38,ok,543,ok,104,ok,,,,,Weak low pressure approaching from the Ohio Valley brought heavy snow to parts of Southeast New York.
E20150305-95430,,2015-03-05 03:30:00,2015-03-05 23:30:00,2015,heavy-snow,BX;BK;MN;QN;SI,0,95430,0,0,ok,0,ok,0,ok,0,ok,0,ok,41.0,ok,19.2,ok,0.87,ok,8.1,ok,23.9,ok,,na,,na,,na,0,ok,0,ok,2242,ok,603,ok,59,ok,675,ok,76,ok,,,,,"Rain associated with a wave of low pressure moving along a cold front to the south changed to snow before sunrise on March 5, and became heavy across Southeast New York."
E20150317-93695,,2015-03-17 17:00:00,2015-03-17 20:00:00,2015,high-winds,QN,0,93695,0,0,ok,0,ok,0,ok,10000,ok,12827,ok,60.1,ok,33.1,ok,0.02,ok,0.0,ok,42.9,ok,,na,,na,,na,1236,ok,2,ok,1650,ok,687,ok,343,ok,390,ok,78,ok,5.56,1.09,The Battery,,Strong winds were observed behind a cold front.
E20150402-94968,,2015-04-02 14:00:00,2015-04-02 18:00:00,2015,high-winds,QN,0,94968,0,0,ok,0,ok,0,ok,10000,ok,12827,ok,68.0,ok,33.1,ok,0.0,ok,0.0,ok,33.1,ok,,na,,na,,na,0,ok,0,ok,819,ok,492,ok,196,ok,492,ok,106,ok,4.41,0.31,The Battery,,Strong southerly winds occurred which were enhanced by an early spring sea breeze.
E20150404-94970,,2015-04-04 09:00:00,2015-04-04 15:00:00,2015,high-winds,MN;QN;SI,0,94970,0,0,ok,0,ok,0,ok,40000,ok,51307,ok,61.0,ok,42.1,ok,0.01,ok,0.0,ok,38.0,ok,,na,,na,,na,0,ok,0,ok,902,ok,298,ok,128,ok,370,ok,85,ok,3.71,0.6,The Battery,,Strong northwest winds occurred behind a cold front.
E20150422-96519,,2015-04-22 14:27:00,2015-04-22 14:55:00,2015,thunderstorm,,1,96519,0,0,ok,0,ok,0,ok,0,ok,0,ok,73.0,ok,46.0,ok,0.19,ok,0.0,ok,36.0,ok,,na,,na,,na,0,ok,0,ok,1406,ok,637,ok,537,ok,407,ok,89,ok,,,,,A passing cold front triggered wind gusts to over gale force in passing thunderstorms over New York Harbor and the Coastal Ocean Waters West of Fire Island Inlet.
E20150422-96516,,2015-04-22 14:58:00,2015-04-22 14:58:00,2015,thunderstorm,QN,0,96516,0,0,ok,0,ok,0,ok,1500,ok,1924,ok,73.0,ok,46.0,ok,0.19,ok,0.0,ok,36.0,ok,,na,,na,,na,0,ok,0,ok,1406,ok,637,ok,537,ok,407,ok,89,ok,,,,,A passing cold front triggered an isolated severe thunderstorm in Queens.
E20150531-95485,,2015-05-31 17:30:00,2015-05-31 19:30:00,2015,flash-flooding,QN;SI,0,95485,0,0,ok,0,ok,0,ok,0,ok,0,ok,88.0,ok,57.0,ok,3.73,ok,0.0,ok,25.1,ok,,na,,na,,na,34742,ok,15,ok,229,ok,1264,ok,641,ok,417,ok,120,ok,5.17,0.0,The Battery,,A cold front approaching the area triggered scattered showers and thunderstorms that produced heavy rain leading to flash flooding in Queens and Staten Island.
E20150623-98228,,2015-06-23 16:42:00,2015-06-23 16:42:00,2015,thunderstorm,,1,98228,0,0,ok,0,ok,0,ok,,missing,,missing,93.0,ok,72.0,ok,0.23,ok,0.0,ok,35.1,ok,,na,,na,,na,0,ok,1,ok,182,ok,1023,ok,758,ok,509,ok,111,ok,,,,,A passing cold front triggered multiple strong to severe thunderstorms across New York Harbor and Long Island Sound.
E20150623-98161,,2015-06-23 17:20:00,2015-06-23 17:22:00,2015,thunderstorm,QN,0,98161,0,0,ok,0,ok,0,ok,22500,ok,28860,ok,93.0,ok,72.0,ok,0.23,ok,0.0,ok,35.1,ok,,na,,na,,na,0,ok,1,ok,182,ok,1023,ok,758,ok,509,ok,111,ok,,,,,A passing cold front triggered widespread severe thunderstorms across Long Island and isolated severe thunderstorms across the lower Hudson Valley and Queens.
E20150701-99493,,2015-07-01 03:05:00,2015-07-01 03:23:00,2015,thunderstorm,,1,99493,0,0,ok,0,ok,0,ok,,missing,,missing,84.9,ok,68.0,ok,0.99,ok,0.0,ok,40.0,ok,,na,,na,,na,0,ok,1,ok,213,ok,588,ok,770,ok,549,ok,147,ok,,,,,A passing warm front triggered a severe thunderstorm that impacted New London County.
E20150715-98366,,2015-07-15 11:01:00,2015-07-15 12:00:00,2015,flash-flooding,BK,0,98366,0,0,ok,0,ok,0,ok,0,ok,0,ok,82.9,ok,72.0,ok,0.16,ok,0.0,ok,25.1,ok,,na,,na,,na,6737,ok,5,ok,208,ok,780,ok,620,ok,488,ok,120,ok,5.64,0.91,The Battery,,"Thunderstorms formed along a stationary boundary out ahead of an approaching cold front. With weak steering flow, thunderstorms resulted in urban flash flooding across portions of New York City."
E20150730-99513,,2015-07-30 13:24:00,2015-07-30 13:24:00,2015,thunderstorm,,1,99513,0,0,ok,0,ok,0,ok,,missing,,missing,90.0,ok,75.0,ok,1.95,ok,0.0,ok,31.1,ok,,na,,na,,na,0,ok,0,ok,133,ok,1449,ok,716,ok,530,ok,116,ok,,,,,A passing cold front triggered strong thunderstorms across western Long Island Sound.
E20150730-99510,,2015-07-30 13:54:00,2015-07-30 13:57:00,2015,thunderstorm,QN,0,99510,0,0,ok,0,ok,0,ok,32000,ok,41045,ok,90.0,ok,75.0,ok,1.95,ok,0.0,ok,31.1,ok,,na,,na,,na,0,ok,0,ok,133,ok,1449,ok,716,ok,530,ok,116,ok,,,,,A passing cold front triggered severe thunderstorms across New York City and Long Island.
E20150730-98403,,2015-07-30 14:04:00,2015-07-30 14:17:00,2015,flash-flooding,BX,0,98403,0,0,ok,0,ok,0,ok,0,ok,0,ok,90.0,ok,75.0,ok,1.95,ok,0.0,ok,31.1,ok,,na,,na,,na,0,ok,0,ok,133,ok,1449,ok,716,ok,530,ok,116,ok,5.09,0.34,The Battery,,"Increasing instability associated with a pre-frontal trough ahead of an approaching cold front allowed showers and thunderstorms to develop, resulting in isolated flash flooding."
E20150804-100257,,2015-08-04 03:00:00,2015-08-04 03:07:00,2015,thunderstorm,,1,100257,0,0,ok,0,ok,0,ok,,missing,,missing,93.0,ok,69.1,ok,0.43,ok,0.0,ok,34.0,ok,,na,,na,,na,0,ok,0,ok,157,ok,1031,ok,857,ok,493,ok,111,ok,,,,,"An approaching cold front triggered a cluster of severe thunderstorms producing multiple macrobursts that impacted the North Shore of Long Island, from Northwest Nassau County onto the North Fork of Long Island."
E20150815-100245,,2015-08-15 16:00:00,2015-08-15 23:00:00,2015,coastal-hazard,QN,0,100245,0,1,ok,0,ok,0,ok,0,ok,0,ok,93.9,ok,68.0,ok,0.0,ok,0.0,ok,21.9,ok,,na,,na,,na,0,ok,0,ok,125,ok,571,ok,153,ok,431,ok,96,ok,5.25,0.28,The Battery,,East winds circulating around high pressure produced rough conditions in and around the inlets where permanent jetties occasional produce flash rip currents.
E20150821-98685,,2015-08-21 03:00:00,2015-08-21 05:00:00,2015,heavy-rain,QN,0,98685,0,0,ok,0,ok,0,ok,0,ok,0,ok,89.1,ok,71.1,ok,2.48,ok,0.0,ok,21.0,ok,,na,,na,,na,0,ok,1,ok,151,ok,498,ok,380,ok,550,ok,124,ok,,,,,"A strong cold front crossed the region during the early morning hours of August 21.  High precipitable water and storm motion parallel to the front combined to produce heavy rain that led to flash flooding over parts of Nassau County.  In Garden City, a trained spotter measured 2 inches of rain."
E20151223-101849,,2015-12-23 04:00:00,2015-12-27 09:00:00,2015,fog,QN,0,101849,0,0,ok,0,ok,0,ok,0,ok,0,ok,72.0,ok,46.0,ok,1.69,ok,0.0,ok,29.1,ok,,na,,na,,na,0,ok,0,ok,2903,ok,904,ok,391,ok,2004,ok,611,ok,,,,,Dense fog developed and impacted the area during the busy holiday travel.
E20160110-103046,,2016-01-10 07:00:00,2016-01-10 11:00:00,2016,coastal-flooding,QN,0,103046,0,0,ok,0,ok,0,ok,0,ok,0,ok,64.9,ok,39.0,ok,1.8,ok,0.0,ok,36.0,ok,,na,,na,,na,8903,ok,2,ok,2217,ok,602,ok,344,ok,332,ok,77,ok,7.91,2.79,The Battery,,"Strong high pressure over Southeast Canada and low pressure drifting off the Mid Atlantic coast resulted in 2 days of persistent northeast winds Jan 8th and 9th. This was followed by 12 to 18 hours of east to southeast winds of 15 to 20 mph with gusts to 30 to 35 mph leading into high tides on Jan 10th.  The resultant surge combined with high astronomical tides, resulted in widespread minor to moderate coastal flooding along southern and western coastal areas of Long Island and New York City on the morning of January 10th."
E20160122-103820,,2016-01-22 22:30:00,2016-01-23 23:00:00,2016,winter-storm,BX;BK;MN;QN;SI,0,103820,0,0,ok,4,ok,0,ok,0,ok,0,ok,31.1,ok,20.1,ok,2.91,ok,30.5,ok,38.0,ok,,na,,na,,na,23698,ok,3,ok,6204,ok,2475,ok,138,ok,869,ok,136,ok,,,,,"Low pressure moving across the deep South on Thursday January 21st and Friday January 22nd intensifed and moved off the Mid Atlantic coast on Saturday January 23rd, bringing heavy snow and strong winds to southeast New York, and blizzard conditions to Long Island, New York City, and nearby southern Westchester County.||NY Gov. Cuomo declared a state of emergency early Saturday January 23rd. Metro North and Long Island Railroad service halted at 4 PM Saturday.||In New York City, the blizzard contributed to more than 400 car crashes, and streets were closed to all but emergency vehicles from mid-afternoon Saturday January 23nd until 7 AM Sunday January 24th. Much of the city's mass transit was shut down, along with bridges and tunnels across the city and to/from New Jersey. The Port Authority Bus Terminal, the busy Midtown NYC transportation hub, closed its doors at 4 PM Saturday. Broadway shows announced all Saturday performances were canceled.||Travel in and out of New York City airports lagged through Monday January 25th as airlines pre-emptively cut hundreds of flights. All arrivals and departures were eventually canceled due to severe winter weather conditions at LaGuardia airport, with Kennedy at a virtual standstill as well. More than 1,000 flights out of New York City-area airports were cancelled, including 90% of flights from LaGuardia."
E20160123-103068,,2016-01-23 08:36:00,2016-01-23 13:18:00,2016,coastal-flooding,BX;QN,0,103068,0,0,ok,0,ok,0,ok,0,ok,0,ok,31.1,ok,23.2,ok,2.9,ok,30.3,ok,38.0,ok,,na,,na,,na,23698,ok,2,ok,4271,ok,388,ok,37,ok,338,ok,36,ok,7.43,4.39,The Battery,,"Low pressure developed along the southern mid Atlantic coast on the evening of the 23rd and then rapidly intensified as it slowly tracked northeast, south of Long Island, through the night of the 24th. The resulting surge from 36 hours of gale to storm force north to northeast winds, combined with high astronomical tides, resulted in widespread minor to moderate coastal flooding for three consecutive tidal cycles the morning of the 23d into the morning of the 24th along the southern coastal areas of Long Island.  Areas of minor to localized moderate coastal flooding occurred along Long Island Sound and East End portions of Long Island during this time period as well.||In addition, widespread dune toe erosion and localized wash overs were reported along the Atlantic Ocean facing beaches of Long Island.  Fire Island was especially hard hit."
E20160208-103959,,2016-02-08 06:00:00,2016-02-09 11:00:00,2016,coastal-flooding,QN,0,103959,0,0,ok,0,ok,0,ok,0,ok,0,ok,41.0,ok,26.2,ok,0.16,ok,1.7,ok,25.9,ok,,na,,na,,na,192519,ok,13,ok,3396,ok,1042,ok,286,ok,816,ok,149,ok,7.97,2.79,The Battery,,"Low pressure that developed off the Florida coast on early February 7th, intensified into a large intense offshore storm which slowly tracked northeast up the coast through the night of February 8th. The large fetch around the storm and slow movement resulted in 2 to 3 feet of surge on top of astronomically high tides. This resulted in widespread minor to moderate coastal flooding during the morning high tides of February 8th and 9th. Moderate coastal impacts were mainly along the south shore bays of New York City and Long Island."
E20160216-103601,,2016-02-16 10:00:00,2016-02-16 16:00:00,2016,high-winds,MN;QN,0,103601,0,0,ok,0,ok,2,ok,230000,ok,291869,ok,57.0,ok,33.1,ok,1.01,ok,0.0,ok,44.1,ok,,na,,na,,na,0,ok,1,ok,2391,ok,1476,ok,370,ok,483,ok,102,ok,5.56,1.58,The Battery,,Strong to isolated high winds occurred ahead of an area of low pressure and associated frontal boundary.
E20160216-103904,,2016-02-16 14:01:00,2016-02-16 14:38:00,2016,thunderstorm,,1,103904,0,0,ok,0,ok,0,ok,,missing,,missing,57.0,ok,33.1,ok,1.01,ok,0.0,ok,44.1,ok,,na,,na,,na,0,ok,1,ok,2391,ok,1476,ok,370,ok,483,ok,102,ok,,,,,An approaching cold front triggered a convective fine line that caused strong wind gusts over the waters around Long Island.
E20160216-103903,,2016-02-16 14:26:00,2016-02-16 14:26:00,2016,thunderstorm,QN,0,103903,0,0,ok,0,ok,0,ok,500,ok,634,ok,57.0,ok,33.1,ok,1.01,ok,0.0,ok,44.1,ok,,na,,na,,na,0,ok,1,ok,2391,ok,1476,ok,370,ok,483,ok,102,ok,,,,,An approaching cold front triggered a convective fine line that caused downed trees and power lines across New York City and Long Island.
E20160224-102635,,2016-02-24 19:00:00,2016-02-25 03:00:00,2016,high-winds,BX;BK;MN;QN,0,102635,0,0,ok,0,ok,0,ok,370000,ok,469528,ok,64.0,ok,35.1,ok,1.57,ok,0.0,ok,42.9,ok,,na,,na,,na,3396,ok,1,ok,2663,ok,1092,ok,1041,ok,985,ok,233,ok,6.36,2.27,The Battery,,Strong winds occurred behind a warm front and ahead of a cold front.
E20160224-102639,,2016-02-24 22:00:00,2016-02-25 01:00:00,2016,high-winds,QN,0,102639,0,0,ok,0,ok,0,ok,10000,ok,12690,ok,64.0,ok,35.1,ok,1.57,ok,0.0,ok,42.9,ok,,na,,na,,na,3396,ok,1,ok,2663,ok,1092,ok,1041,ok,985,ok,233,ok,6.36,2.27,The Battery,,"High winds occurred behind the passage of a warm front, and ahead of a cold front."
E20160328-103779,,2016-03-28 17:00:00,2016-03-29 04:00:00,2016,high-winds,BK;QN,0,103779,0,0,ok,0,ok,1,ok,210000,ok,266489,ok,64.9,ok,39.9,ok,0.51,ok,0.0,ok,40.0,ok,,na,,na,,na,0,ok,0,ok,2019,ok,854,ok,673,ok,901,ok,241,ok,5.13,1.33,The Battery,,Strong Winds occurred behind deepening low pressure.
E20160403-104206,,2016-04-03 03:00:00,2016-04-03 11:00:00,2016,high-winds,BX;BK;QN;SI,0,104206,0,0,ok,0,ok,0,ok,520000,ok,659878,ok,50.0,ok,34.0,ok,0.11,ok,0.0,ok,49.0,ok,,na,,na,,na,0,ok,0,ok,1831,ok,346,ok,1384,ok,417,ok,116,ok,5.0,0.98,The Battery,,Deep low pressure tracked just to the east of the area.
E20160514-106803,,2016-05-14 17:03:00,2016-05-14 17:20:00,2016,thunderstorm,,1,106803,0,0,ok,0,ok,0,ok,0,ok,0,ok,75.9,ok,55.9,ok,0.0,ok,0.0,ok,32.0,ok,,na,,na,,na,0,ok,0,ok,426,ok,277,ok,351,ok,438,ok,120,ok,,,,,A cold frontal passage produced a line of strong thunderstorms that impacted the coastal waters near New York City.
E20160605-107595,,2016-06-05 17:37:00,2016-06-05 17:37:00,2016,thunderstorm,BX,0,107595,0,0,ok,0,ok,0,ok,1250,ok,1586,ok,73.9,ok,64.9,ok,0.94,ok,0.0,ok,32.0,ok,,na,,na,,na,0,ok,0,ok,169,ok,831,ok,638,ok,296,ok,88,ok,,,,,A passing cold front triggered isolated severe thunderstorms over the Bronx and Westchester Counties.
E20160605-107615,,2016-06-05 17:43:00,2016-06-05 17:43:00,2016,thunderstorm,,1,107615,0,0,ok,0,ok,0,ok,,missing,,missing,73.9,ok,64.9,ok,0.94,ok,0.0,ok,32.0,ok,,na,,na,,na,0,ok,0,ok,169,ok,831,ok,638,ok,296,ok,88,ok,,,,,A passing cold front triggered a line of strong storms that impacted the waters around Long Island.
E20160714-109184,,2016-07-14 15:37:00,2016-07-14 15:37:00,2016,thunderstorm,QN,0,109184,0,0,ok,0,ok,0,ok,5000,ok,6345,ok,91.0,ok,73.0,ok,0.62,ok,0.0,ok,36.0,ok,,na,,na,,na,4690,ok,1,ok,149,ok,1092,ok,594,ok,492,ok,117,ok,,,,,"An approaching trough of low pressure triggered a line of strong to severe storms that impacted Queens, Nassau and Westchester counties."
E20160718-109225,,2016-07-18 15:40:00,2016-07-18 16:00:00,2016,thunderstorm,,1,109225,0,0,ok,0,ok,0,ok,,missing,,missing,97.0,ok,72.0,ok,0.35,ok,0.0,ok,48.1,ok,,na,,na,,na,0,ok,0,ok,178,ok,1023,ok,1659,ok,483,ok,126,ok,,,,,A passing cold front triggered strong to severe thunderstorms over the waters around Long Island.
E20160718-109190,,2016-07-18 16:02:00,2016-07-18 16:05:00,2016,thunderstorm,BK,0,109190,0,0,ok,0,ok,0,ok,6000,ok,7614,ok,97.0,ok,72.0,ok,0.35,ok,0.0,ok,48.1,ok,,na,,na,,na,0,ok,0,ok,178,ok,1023,ok,1659,ok,483,ok,126,ok,,,,,"A passing cold front triggered isolated severe thunderstorms over the Lower Hudson Valley, New York City, and Long Island."
E20160725-109263,,2016-07-25 15:29:00,2016-07-25 17:08:00,2016,thunderstorm,BK;QN,0,109263,0,0,ok,0,ok,0,ok,35500,ok,45049,ok,99.0,ok,73.0,ok,2.47,ok,0.0,ok,29.1,ok,,na,,na,,na,13114,ok,12,ok,155,ok,1820,ok,1084,ok,481,ok,114,ok,,,,,The combination of a trough of low pressure and a trough aloft produced isolated  severe storms that moved over New York City and Nassau and Rockland Counties.
E20160725-109266,,2016-07-25 16:07:00,2016-07-25 17:10:00,2016,thunderstorm;tornado,,1,109266,0,0,ok,0,ok,0,ok,,missing,,missing,99.0,ok,73.0,ok,2.47,ok,0.0,ok,29.1,ok,,na,,na,,na,13114,ok,12,ok,155,ok,1820,ok,1084,ok,481,ok,114,ok,,,,,The combination of a trough of low pressure and a trough aloft produced strong to severe storms that moved over the waters around Long Island.
E20160725-107646,,2016-07-25 16:12:00,2016-07-25 18:22:00,2016,flash-flooding,BK;QN,0,107646,0,0,ok,0,ok,0,ok,0,ok,0,ok,99.0,ok,73.0,ok,2.47,ok,0.0,ok,29.1,ok,,na,,na,,na,13114,ok,12,ok,155,ok,1820,ok,1084,ok,481,ok,114,ok,5.71,0.57,The Battery,,"Showers and thunderstorms developed in a very moist environment ahead of an approaching cold front, resulting in flash flooding across portions of New York City and suburban Long Island. John F. Kennedy airport received 2.47 inches of rain."
E20160811-109561,,2016-08-11 15:00:00,2016-08-11 18:00:00,2016,extreme-heat,QN,0,109561,0,0,ok,0,ok,0,ok,0,ok,0,ok,97.0,ok,73.9,ok,0.35,ok,0.0,ok,30.0,ok,,na,,na,,na,0,ok,0,ok,174,ok,1396,ok,525,ok,395,ok,109,ok,,,,,High pressure over the western Atlantic Ocean ushered in hot and humid air northward across the area.
E20160812-109562,,2016-08-12 12:00:00,2016-08-12 16:00:00,2016,extreme-heat,MN;QN,0,109562,0,0,ok,0,ok,0,ok,0,ok,0,ok,98.1,ok,73.0,ok,0.32,ok,0.0,ok,32.0,ok,,na,,na,,na,0,ok,0,ok,166,ok,1688,ok,393,ok,447,ok,118,ok,,,,,High pressure over the western Atlantic Ocean ushered in hot and humid air northward across the area.
E20160813-109566,,2016-08-13 10:00:00,2016-08-13 19:00:00,2016,extreme-heat,BX;MN;QN,0,109566,0,0,ok,0,ok,0,ok,0,ok,0,ok,98.1,ok,79.0,ok,0.0,ok,0.0,ok,21.0,ok,,na,,na,,na,0,ok,0,ok,151,ok,1891,ok,272,ok,407,ok,130,ok,,,,,High pressure over the western Atlantic Ocean ushered in hot and humid air northward across the area.
E20160814-109935,,2016-08-14 13:00:00,2016-08-14 17:00:00,2016,extreme-heat,QN,0,109935,0,0,ok,0,ok,0,ok,0,ok,0,ok,98.1,ok,78.1,ok,0.06,ok,0.0,ok,32.0,ok,,na,,na,,na,0,ok,0,ok,198,ok,1790,ok,471,ok,331,ok,64,ok,,,,,High pressure over the western Atlantic Ocean ushered in hot and humid air northward across the area.
E20160814-109948,,2016-08-14 18:24:00,2016-08-14 19:12:00,2016,thunderstorm,,1,109948,0,0,ok,0,ok,0,ok,,missing,,missing,98.1,ok,78.1,ok,0.06,ok,0.0,ok,32.0,ok,,na,,na,,na,0,ok,0,ok,198,ok,1790,ok,471,ok,331,ok,64,ok,,,,,An approaching cold front triggered strong thunderstorms that moved across the waters around western Long Island.
E20160817-109947,,2016-08-17 00:06:00,2016-08-17 00:06:00,2016,thunderstorm,,1,109947,0,0,ok,0,ok,0,ok,,missing,,missing,88.0,ok,75.9,ok,0.2,ok,0.0,ok,36.0,ok,,na,,na,,na,0,ok,0,ok,150,ok,1071,ok,663,ok,418,ok,83,ok,,,,,An approaching cold front triggered an isolated strong thunderstorm that moved across New York Harbor.
E20160914-110814,,2016-09-14 16:34:00,2016-09-14 16:34:00,2016,thunderstorm,,1,110814,0,0,ok,0,ok,0,ok,0,ok,0,ok,93.9,ok,66.0,ok,0.56,ok,0.0,ok,36.0,ok,,na,,na,,na,0,ok,0,ok,187,ok,634,ok,605,ok,444,ok,111,ok,,,,,A cold frontal passage produced a few strong thunderstorms over the area.
E20161030-111156,,2016-10-30 15:27:00,2016-10-30 15:30:00,2016,thunderstorm,,1,111156,0,0,ok,0,ok,0,ok,0,ok,0,ok,78.1,ok,54.0,ok,0.92,ok,0.0,ok,38.0,ok,,na,,na,,na,0,ok,0,ok,1216,ok,437,ok,309,ok,331,ok,89,ok,,,,,"Thunderstorms developed along a clod front, producing strong winds over the area waters."
E20161121-111139,,2016-11-21 04:00:00,2016-11-21 06:00:00,2016,high-winds,QN,0,111139,0,0,ok,0,ok,0,ok,50000,ok,63450,ok,43.0,ok,36.0,ok,0.0,ok,0.0,ok,36.0,ok,,na,,na,,na,0,ok,0,ok,5313,ok,388,ok,491,ok,455,ok,97,ok,2.86,-1.09,The Battery,,Strong winds occurred behind a deepening area of low pressure.
E20161122-111142,,2016-11-22 08:00:00,2016-11-22 10:00:00,2016,high-winds,QN,0,111142,0,0,ok,0,ok,0,ok,50000,ok,63450,ok,44.1,ok,37.0,ok,0.0,ok,0.0,ok,36.9,ok,,na,,na,,na,0,ok,0,ok,3582,ok,399,ok,282,ok,477,ok,112,ok,3.25,-1.25,The Battery,,Strong winds occurred behind a deepening area of low pressure.
E20161215-111143,,2016-12-15 11:00:00,2016-12-15 13:00:00,2016,high-winds,QN,0,111143,0,0,ok,0,ok,0,ok,50000,ok,63450,ok,36.0,ok,18.1,ok,0.0,ok,0.1,ok,40.0,ok,,na,,na,,na,0,ok,0,ok,6809,ok,551,ok,218,ok,467,ok,99,ok,5.24,0.59,The Battery,,Strong winds occurred behind a deep area of low pressure.
E20170107-112695,,2017-01-07 08:00:00,2017-01-07 23:00:00,2017,winter-storm;heavy-snow,BX;BK;MN;QN;SI,0,112695,0,0,ok,0,ok,0,ok,0,ok,0,ok,28.2,ok,20.1,ok,0.32,ok,8.2,ok,29.1,ok,,na,,na,,na,0,ok,0,ok,4669,ok,260,ok,41,ok,582,ok,110,ok,,,,,"Low pressure developed across the southeast coast early on January 7, 2017 and deepened as it tracked off the coast. The low tracked south and east of the 40��N/70��W benchmark. Despite the low tracking this far east, the Tri-State area was located in the right entrance region of a strong upper level jet streak. This allowed for snow to expand well to the northwest of the low bringing heavy snow to Long Island and New York City and portions of the Lower Hudson Valley."
E20170123-113156,,2017-01-23 09:00:00,2017-01-24 02:00:00,2017,high-winds,BK;QN,0,113156,0,0,ok,0,ok,0,ok,150000,ok,186695,ok,46.9,ok,35.1,ok,2.34,ok,0.0,ok,40.0,ok,,na,,na,,na,5780,ok,2,ok,3133,ok,1035,ok,723,ok,820,ok,238,ok,7.23,4.25,The Battery,,A deep low pressure passed just south and east of Long Island.
E20170209-113563,,2017-02-09 03:30:00,2017-02-09 18:45:00,2017,winter-storm,BX;BK;MN;QN;SI,0,113563,0,0,ok,0,ok,0,ok,0,ok,0,ok,44.1,ok,19.2,ok,1.16,ok,10.0,ok,38.0,ok,,na,,na,,na,0,ok,0,ok,3703,ok,325,ok,112,ok,336,ok,51,ok,,,,,"Low pressure developed along a cold front over the Middle Atlantic early Thursday, February 9th. The low rapidly intensified as it moved off the Delmarva coast in the morning and then to the south and east of Long Island late morning into the afternoon. The low brought blizzard conditions to Long Island and portions of the Lower Hudson Valley. Heavy snow and strong winds also occurred over the New York City Metro.  ||The blizzard brought delays and cancellations to the regions transportation systems as well as numerous accidents on roadways. The Long Island Railroad had system wide delays and at least 20 trains were cancelled. Several hundred rescues were performed by police and fire departments on Long Island. ||The storm also cancelled approximately 2,000 flights at Kennedy and La Guardia Airports."
E20170213-113173,,2017-02-13 09:00:00,2017-02-13 14:00:00,2017,high-winds,BX;BK;QN,0,113173,0,0,ok,0,ok,0,ok,300000,ok,373390,ok,42.1,ok,30.2,ok,0.02,ok,0.0,ok,46.1,ok,,na,,na,,na,0,ok,0,ok,2168,ok,452,ok,698,ok,447,ok,105,ok,6.17,1.5,The Battery,,Low pressure passed to the east and rapidly deepened.
E20170302-114340,,2017-03-02 05:00:00,2017-03-02 10:00:00,2017,high-winds,QN;SI,0,114340,0,0,ok,0,ok,0,ok,160000,ok,199141,ok,66.0,ok,35.1,ok,0.0,ok,0.0,ok,42.9,ok,,na,,na,,na,0,ok,0,ok,2170,ok,502,ok,536,ok,420,ok,83,ok,5.61,0.76,The Battery,,Gusty northwest winds occurred behind a strong cold front.
E20170314-114609,,2017-03-14 00:30:00,2017-03-14 18:30:00,2017,winter-storm,BX;BK;MN;QN,0,114609,0,0,ok,0,ok,0,ok,0,ok,0,ok,36.0,ok,21.2,ok,1.97,ok,7.6,ok,38.9,ok,,na,,na,,na,0,ok,1,ok,3801,ok,361,ok,189,ok,243,ok,21,ok,,,,,"Rapidly deepening low pressure tracked up the eastern seaboard on Tuesday March, 14 bringing blizzard conditions to portions of the Lower Hudson Valley. Heavy snow and sleet along with strong winds occurred across the New York City Metro. ||The storm cancelled numerous flights at JFK and LGA with some mass transit services suspended. ||A pair of 2 story homes under construction on Beach 7th street in Far Rockaway collapsed and numerous trees and wires were downed due to the strong winds.||Approximately 17,000 power outages resulted from the strong winds and heavy snow."
E20170322-114349,,2017-03-22 08:00:00,2017-03-22 16:00:00,2017,high-winds,BK;QN;SI,0,114349,0,0,ok,0,ok,0,ok,70000,ok,87124,ok,51.1,ok,24.3,ok,0.0,ok,0.0,ok,38.0,ok,,na,,na,,na,0,ok,0,ok,1992,ok,437,ok,245,ok,402,ok,96,ok,4.59,0.69,The Battery,,Gusty northwest winds occurred behind deep low pressure and strong cold front.
E20170505-115229,,2017-05-05 10:45:00,2017-05-05 13:21:00,2017,flash-flooding,MN;SI,0,115229,0,0,ok,0,ok,0,ok,0,ok,0,ok,64.0,ok,51.1,ok,3.05,ok,0.0,ok,30.0,ok,,na,,na,,na,185759,ok,23,ok,512,ok,1514,ok,512,ok,492,ok,109,ok,5.24,2.04,The Battery,,"A warm front approaching the area combined with a strong low level jet ushering in precipitable water values in excess of 1.5 inches, resulted in flash flooding across parts of New York City and western Nassau County. Much of the area received one and a half to three inches of rain during the event, including Central Park (3.00 inches) and LaGuardia Airport (2.25 inches). The majority of the rain fell during a three hour period, with hourly rainfall rates of around an inch per hour."
E20170514-117094,,2017-05-14 16:04:00,2017-05-14 16:04:00,2017,thunderstorm,,1,117094,0,0,ok,0,ok,0,ok,,missing,,missing,70.0,ok,44.1,ok,0.09,ok,0.0,ok,36.0,ok,,na,,na,,na,0,ok,0,ok,617,ok,466,ok,675,ok,379,ok,88,ok,,,,,"An upper level low triggered strong thunderstorms over New York Harbor, Western Long Island Sound and the coastal ocean waters south of New York City."
E20170619-118106,,2017-06-19 15:34:00,2017-06-19 16:19:00,2017,thunderstorm,,1,118106,0,0,ok,0,ok,0,ok,0,ok,0,ok,91.0,ok,68.0,ok,1.51,ok,0.0,ok,44.1,ok,,na,,na,,na,0,ok,0,ok,236,ok,984,ok,1265,ok,524,ok,124,ok,,,,,An approaching upper level shortwave and associated surface cold front triggered strong to severe thunderstorms over the waters around Long Island.
E20170619-118079,,2017-06-19 15:53:00,2017-06-19 16:45:00,2017,thunderstorm,BX;BK;MN;QN,0,118079,0,0,ok,0,ok,0,ok,20250,ok,25204,ok,91.0,ok,68.0,ok,1.51,ok,0.0,ok,44.1,ok,,na,,na,,na,0,ok,0,ok,236,ok,984,ok,1265,ok,524,ok,124,ok,,,,,An approaching upper level shortwave and assocaited surface cold front triggered multiple severe thunderstorms across sections of New York City and the Lower Hudson Valley.
E20170619-117524,,2017-06-19 16:36:00,2017-06-19 17:06:00,2017,flash-flooding,BK,0,117524,0,0,ok,0,ok,0,ok,0,ok,0,ok,91.0,ok,68.0,ok,1.51,ok,0.0,ok,44.1,ok,,na,,na,,na,0,ok,0,ok,236,ok,984,ok,1265,ok,524,ok,124,ok,5.44,0.54,The Battery,,"A cold front crossing the area during the afternoon and evening produced numerous showers and thunderstorms, some of which resulted in flash flooding across parts of the Lower Hudson Valley and New York City. These storms developed in an environment with precipitable water values of around 2 inches. Rainfall totals ranged from 1-3 inches across the area, with 2.45 reported by a trained spotter in Middletown, NY."
E20170701-120785,,2017-07-01 17:36:00,2017-07-01 17:36:00,2017,thunderstorm,,1,120785,0,0,ok,0,ok,0,ok,,missing,,missing,84.9,ok,66.9,ok,0.53,ok,0.0,ok,25.1,ok,,na,,na,,na,0,ok,1,ok,153,ok,508,ok,325,ok,364,ok,134,ok,,,,,A passing cold front triggered a strong thunderstorm that impacted New York Harbor.
E20170720-119630,,2017-07-20 12:00:00,2017-07-20 18:00:00,2017,extreme-heat,QN,0,119630,0,0,ok,0,ok,0,ok,0,ok,0,ok,98.1,ok,75.9,ok,0.01,ok,0.0,ok,23.9,ok,,na,,na,,na,0,ok,0,ok,174,ok,1326,ok,729,ok,491,ok,110,ok,,,,,A Bermuda high pressure system ushered in hot and humid weather across the east coast.
E20170720-120786,,2017-07-20 19:42:00,2017-07-20 19:42:00,2017,thunderstorm,,1,120786,0,0,ok,0,ok,0,ok,,missing,,missing,98.1,ok,75.9,ok,0.01,ok,0.0,ok,23.9,ok,,na,,na,,na,0,ok,0,ok,174,ok,1326,ok,729,ok,491,ok,110,ok,,,,,A passing trough of low pressure triggered a strong thunderstorm that impacted New York Harbor.
E20170802-119679,,2017-08-02 16:37:00,2017-08-02 17:07:00,2017,flash-flooding,BX,0,119679,0,0,ok,0,ok,0,ok,0,ok,0,ok,88.0,ok,69.1,ok,0.99,ok,0.0,ok,30.0,ok,,na,,na,,na,0,ok,0,ok,199,ok,743,ok,655,ok,417,ok,98,ok,5.34,0.56,The Battery,,"An approaching upper level disturbance combined with increasing instability resulted in the development of afternoon showers and thunderstorms. With weak steering flow and precipitable water values of 1.5 or greater, these storms produced isolated flash flooding across parts of New York City and the Lower Hudson Valley."
E20170804-119682,,2017-08-04 07:50:00,2017-08-04 08:20:00,2017,flash-flooding,QN,0,119682,0,0,ok,0,ok,0,ok,0,ok,0,ok,84.9,ok,69.1,ok,0.85,ok,0.0,ok,21.9,ok,,na,,na,,na,1553,ok,1,ok,121,ok,625,ok,556,ok,463,ok,112,ok,4.61,0.49,The Battery,,"A weak upper level disturbance interacting with a moist environment and weak steering flow sparked the development of isolated morning thunderstorms over New York City,  which led to flash flooding."
E20170822-120409,,2017-08-22 15:00:00,2017-08-22 17:00:00,2017,extreme-heat,QN,0,120409,0,0,ok,0,ok,0,ok,0,ok,0,ok,91.0,ok,72.0,ok,0.7,ok,0.0,ok,31.1,ok,,na,,na,,na,0,ok,0,ok,220,ok,653,ok,670,ok,383,ok,98,ok,,,,,Bermuda high pressure ushered in hot and humid air across the region.
E20170905-120718,,2017-09-05 22:54:00,2017-09-05 22:54:00,2017,thunderstorm,,1,120718,0,0,ok,0,ok,0,ok,,missing,,missing,87.1,ok,66.9,ok,0.03,ok,0.0,ok,31.1,ok,,na,,na,,na,0,ok,1,ok,180,ok,637,ok,571,ok,430,ok,112,ok,,,,,An approaching cold front triggered an isolated strong thunderstorm over upper NY Harbor.
E20171029-120890,,2017-10-29 18:00:00,2017-10-29 20:20:00,2017,inland-flooding,BX;SI,0,120890,0,0,ok,0,ok,0,ok,0,ok,0,ok,68.0,ok,60.1,ok,3.86,ok,0.0,ok,38.9,ok,,na,,na,,na,0,ok,3,ok,1446,ok,733,ok,1147,ok,356,ok,110,ok,,,,,"A wave of low pressure formed along a slow moving cold front before rapidly deepening off the Mid Atlantic coast during the evening. With a tropical airmass being entrained into the system, rainfall totals across southeastern New York ranged from 2-6. A CWOP station in Jackson Heights, Queens, reported 5.57 of rain, with the ASOS at Central Park recording 3.25. Elsewhere, rainfall totals were as high as 5.12 in Peekskill (CWOP station) and 5.03 in Massapequa (CWOP station)."
E20171110-121419,,2017-11-10 07:00:00,2017-11-10 08:00:00,2017,high-winds,QN,0,121419,0,0,ok,0,ok,0,ok,50000,ok,62232,ok,53.1,ok,25.2,ok,0.01,ok,0.0,ok,32.0,ok,,na,,na,,na,0,ok,0,ok,5895,ok,310,ok,283,ok,466,ok,106,ok,5.79,1.24,The Battery,,Gusty northwest winds occurred behind a strong cold front.
E20171119-121421,,2017-11-19 10:00:00,2017-11-19 14:00:00,2017,high-winds,MN;QN,0,121421,0,0,ok,0,ok,5,ok,51000,ok,63476,ok,60.1,ok,37.9,ok,0.26,ok,0.0,ok,38.0,ok,,na,,na,,na,0,ok,0,ok,2290,ok,380,ok,473,ok,368,ok,95,ok,6.13,1.22,The Battery,,Strong gusty northwest winds occurred behind a strong cold front.
E20171209-121915,,2017-12-09 09:00:00,2017-12-09 23:00:00,2017,winter-storm,QN;SI,0,121915,0,0,ok,0,ok,0,ok,0,ok,0,ok,37.0,ok,30.2,ok,0.46,ok,4.6,ok,17.0,ok,,na,,na,,na,0,ok,0,ok,2858,ok,210,ok,79,ok,369,ok,95,ok,,,,,Low pressure along a slow moving cold front off the eastern seaboard brought locally heavy snow to portions of southeast New York. A strong upper jet stream enhanced the snow across the Tri-State as the low pressure passed well offshore.
E20171225-121569,,2017-12-25 07:00:00,2017-12-25 12:00:00,2017,high-winds,BK;QN,0,121569,0,0,ok,0,ok,0,ok,100000,ok,124463,ok,39.9,ok,28.2,ok,0.23,ok,0.1,ok,40.0,ok,,na,,na,,na,0,ok,0,ok,3294,ok,347,ok,217,ok,214,ok,58,ok,5.44,1.73,The Battery,,Strong winds developed behind deepening low pressure and a cold front.
E20171225-121571,,2017-12-25 10:00:00,2017-12-25 11:00:00,2017,high-winds,QN,0,121571,0,0,ok,0,ok,0,ok,10000,ok,12446,ok,39.9,ok,28.2,ok,0.23,ok,0.1,ok,40.0,ok,,na,,na,,na,0,ok,0,ok,3294,ok,347,ok,217,ok,214,ok,58,ok,5.44,1.73,The Battery,,High sustained winds developed behind deepening low pressure and a cold front.
E20180104-122899,,2018-01-04 03:00:00,2018-01-04 18:30:00,2018,winter-storm,BX;BK;MN;QN;SI,0,122899,0,0,ok,0,ok,0,ok,0,ok,0,ok,29.1,ok,18.1,ok,0.76,ok,9.8,ok,44.1,ok,,na,,na,,na,0,ok,1,ok,7707,ok,649,ok,171,ok,292,ok,32,ok,,,,,"The development of the blizzard/winter storm began along the southeast coast on Wednesday January 3, 2018. An amplifying upper level trough spawned the development of low pressure off the coast of Florida. The low pressure rapidly intensified on Wednesday night through Thursday January 4, 2018 as it moved north-northeast along the coast. The low passed just east of the 40��N 70��W benchmark Thursday afternoon. The central pressure when the storm developed was around 1004 millibars at 1 pm Wednesday. 24 hours later, the central pressure fell to around 950 mb, approximately a 54 millibar drop. The rapid intensification of the storm led to heavy snow, strong winds, and blizzard conditions over Long Island, and in Queens in New York City and the Lower Hudson Valley. Near-blizzard conditions occurred across Manhattan, the Bronx, and Brooklyn. Thundersnow was also observed across eastern Long Island. ||Thousands of flights were cancelled on January 4, 2018 and nearly 900 were cancelled the day after the blizzard. System-wide delays and cancellations occurred on the Long Island Railroad and Metro North Railroad. There were also numerous accidents on across southeast New York.  Thousands of homes and businesses also lost power."
E20180130-123047,,2018-01-30 06:30:00,2018-01-30 07:30:00,2018,coastal-flooding,QN,0,123047,0,0,ok,0,ok,0,ok,0,ok,0,ok,37.0,ok,24.3,ok,0.11,ok,1.4,ok,29.1,ok,,na,,na,,na,0,ok,0,ok,2283,ok,611,ok,136,ok,382,ok,69,ok,7.43,2.03,The Battery,,"Low pressure developed along the North Carolina coast during the afternoon of January 29, 2018. The low moved off the coast to a location east of the 40��N/70��W benchmark during the morning of January 30, 2018."
E20180207-123549,,2018-02-07 08:00:00,2018-02-07 19:00:00,2018,winter-storm,MN,0,123549,0,0,ok,0,ok,0,ok,0,ok,0,ok,46.9,ok,24.3,ok,0.94,ok,0.6,ok,35.1,ok,,na,,na,,na,0,ok,0,ok,1918,ok,699,ok,113,ok,439,ok,119,ok,,,,,"A wave of low pressure developed across the southeastern states and tracked towards the northeast on February 7, 2018. The low brought mainly light snow and some light freezing rain. The low pressure tracked a long a warm front which lifted across portions of the region helping to change any snow to freezing rain."
E20180217-123548,,2018-02-17 17:00:00,2018-02-18 01:00:00,2018,winter-storm,BX;BK;MN;QN,0,123548,0,0,ok,0,ok,0,ok,0,ok,0,ok,46.0,ok,25.2,ok,0.62,ok,4.4,ok,32.0,ok,,na,,na,,na,0,ok,0,ok,1935,ok,445,ok,277,ok,688,ok,163,ok,,,,,"A low pressure developed along a frontal boundary along the southeast coast on the evening of Saturday, February 17, 2018. This low gradually became better organized as it moved up the coast towards the 40��N/70��W benchmark early Sunday, February 18, 2018. This system brought heavy snow to portions of the Lower Hudson Valley and light to moderate snow across the New York City Metropolitan and western Long Island."
E20180302-124689,,2018-03-02 07:00:00,2018-03-03 23:00:00,2018,coastal-flooding,QN,0,124689,0,0,ok,0,ok,0,ok,0,ok,0,ok,48.9,ok,34.0,ok,2.16,ok,0.0,ok,51.0,ok,,na,,na,,na,94485,ok,21,ok,2647,ok,1083,ok,2368,ok,947,ok,225,ok,7.92,3.06,The Battery,,"A powerful coastal storm impacted the region Friday through Sunday with North to Northeast Gale to Storm force winds. This resulted in several tidal cycle of minor to moderate coastal flooding Friday morning through Sunday morning, with the most widespread moderate to locally major impacts occurring with the Saturday Night high tidal cycle. In addition, prolonged high surf from energetic easterly swells during this time period resulted in widespread areas of dune erosion and localized washovers along the Atlantic Ocean beachfront."
E20180302-122641,,2018-03-02 12:00:00,2018-03-02 22:00:00,2018,high-winds,BX;BK;MN;QN;SI,0,122641,0,0,ok,0,ok,1,ok,760000,ok,928219,ok,46.0,ok,34.0,ok,2.16,ok,0.0,ok,51.0,ok,,na,,na,,na,94485,ok,21,ok,1763,ok,905,ok,2036,ok,554,ok,135,ok,7.31,2.26,The Battery,,A deep area of low pressure passed off the coast.
E20180307-124011,,2018-03-07 02:00:00,2018-03-07 22:00:00,2018,winter-storm,BX;MN;QN;SI,0,124011,0,0,ok,0,ok,0,ok,0,ok,0,ok,39.9,ok,32.0,ok,1.41,ok,4.6,ok,36.0,ok,,na,,na,,na,0,ok,0,ok,1833,ok,555,ok,1874,ok,356,ok,105,ok,,,,,"A strong low pressure system developed along the Middle Atlantic coast during the morning of Wednesday, March 7, 2018. The low tracked along the coast through the early morning hours on Thursday, March 8, 2018. The storm brought heavy wet snow, strong gusty winds, and even some thundersnow to southeast New York. Snowfall rates ranged from 1 to 3 inches per hour at times in the heaviest snow bands."
E20180313-124182,,2018-03-13 00:00:00,2018-03-13 13:30:00,2018,winter-storm,QN,0,124182,0,0,ok,0,ok,0,ok,0,ok,0,ok,43.0,ok,33.1,ok,0.28,ok,1.2,ok,31.1,ok,,na,,na,,na,0,ok,0,ok,1835,ok,494,ok,895,ok,390,ok,93,ok,,,,,"A strong area of low pressure tracked well offshore of the eastern seaboard, but tracked   close enough to eastern Long Island to bring heavy snow bands during the morning and early afternoon on Tuesday, March 13, 2018.  Snowfall rates were 1 to 2 inches per hour at times in the morning across eastern Long Island. A deep upper level trough over the northeast also aided in bringing lighter snow over the Lower Hudson Valley and portions of New York City, despite the low pressure tracking several hundred miles off the coast."
E20180321-124192,,2018-03-21 05:00:00,2018-03-22 07:00:00,2018,heavy-snow,BX;BK;MN;QN;SI,0,124192,0,0,ok,0,ok,0,ok,0,ok,0,ok,51.1,ok,31.1,ok,1.05,ok,9.6,ok,33.1,ok,,na,,na,,na,0,ok,0,ok,2645,ok,725,ok,995,ok,867,ok,183,ok,,,,,"A large and slow moving low pressure developed along the Middle Atlantic coast on Wednesday, March 21st and moved slowly north and east along the coast through Thursday, March 22nd. Moderate to heavy snow bands moved across Long Island and New York City with lighter snow across the Lower Hudson Valley. The heaviest snow occurred in New York City and Long Island Wednesday night into early Thursday morning. The highest snowfall rates occurred on Long Island with generally 2 to 4 inches per hour at times. The NWS official observation at the Islip Airport indicated a snowfall rate of 5 inches per hour between 9pm and 10pm on March 21st with around 9 inches of snow falling from 8pm to 10pm. Within these heavier bands, near-blizzard conditions occurred with visibilities one quarter mile or less and winds gusting 30 to 35 mph."
E20180402-125209,,2018-04-02 05:00:00,2018-04-02 12:00:00,2018,winter-storm,BX;MN;QN;SI,0,125209,0,0,ok,0,ok,0,ok,0,ok,0,ok,45.0,ok,32.0,ok,0.59,ok,5.5,ok,23.9,ok,,na,,na,,na,0,ok,0,ok,1493,ok,551,ok,257,ok,383,ok,87,ok,,,,,"Waves of low pressure moved along a stalled frontal boundary across the Middle Atlantic. Moderate to heavy snow fell during the morning commute across southeast New York. Snowfall rates reached 1 inch per hour at times. Daily record snowfall amounts were set at Central Park (5.0 inches), LaGuardia (5.5 inches), Kennedy (3.7 inches), and Islip (4.6 inches) for April 2nd."
E20180404-124275,,2018-04-04 17:00:00,2018-04-04 19:00:00,2018,high-winds,QN,0,124275,0,0,ok,0,ok,0,ok,10000,ok,12213,ok,57.0,ok,39.0,ok,0.17,ok,0.0,ok,44.1,ok,,na,,na,,na,0,ok,0,ok,1298,ok,493,ok,470,ok,358,ok,67,ok,5.49,1.38,The Battery,,Strong winds occurred ahead of and behind a cold front.
E20180416-125008,,2018-04-16 06:23:00,2018-04-16 21:00:00,2018,flash-flooding;inland-flooding,BX;MN;QN;SI,0,125008,0,0,ok,0,ok,0,ok,0,ok,0,ok,61.0,ok,39.0,ok,2.99,ok,0.0,ok,40.9,ok,,na,,na,,na,80058,ok,12,ok,1495,ok,1283,ok,600,ok,482,ok,108,ok,7.41,2.72,The Battery,,"Heavy rainfall developed across the area on the morning of April 16th ahead of a slow moving warm front. This rain developed in an environment with precipitable water values greater than 1.25 inches, well above normal for mid April. Rainfall totals generally ranged from 1.5 to 3.5 inches across much of New York City and the Lower Hudson Valley, with the majority of the rain falling in a 3-4 hour period. This resulted in flash flooding across the region."
E20180416-125062,,2018-04-16 09:00:00,2018-04-16 11:00:00,2018,high-winds,BX,0,125062,0,0,ok,0,ok,0,ok,50000,ok,61067,ok,61.0,ok,39.0,ok,2.99,ok,0.0,ok,40.9,ok,,na,,na,,na,80058,ok,12,ok,1495,ok,1283,ok,600,ok,482,ok,108,ok,7.25,2.72,The Battery,,Strong winds occurred ahead of deep low pressure and associated warm front.
E20180515-124185,,2018-05-15 16:20:00,2018-05-15 16:35:00,2018,thunderstorm,BK;MN;QN,0,124185,0,0,ok,0,ok,0,ok,46000,ok,56182,ok,91.9,ok,55.9,ok,0.58,ok,0.0,ok,45.0,ok,,na,,na,,na,0,ok,0,ok,391,ok,700,ok,1709,ok,528,ok,108,ok,,,,,"An approaching cold front triggered numerous severe thunderstorms over southeastern New York. These storms produced 3 tornadoes in the Lower Hudson Valley, as well as microbursts and macroburts."
E20180628-127563,,2018-06-28 17:38:00,2018-06-28 18:19:00,2018,flash-flooding,BK;QN,0,127563,0,0,ok,0,ok,0,ok,0,ok,0,ok,88.0,ok,70.0,ok,1.48,ok,0.0,ok,23.9,ok,,na,,na,,na,0,ok,1,ok,298,ok,922,ok,684,ok,469,ok,122,ok,5.77,0.82,The Battery,,"Convection developed out ahead of an approaching cold front in a high precipitable water environment (around 2 inches based on the 12Z 6/28 OKX sounding), leading to isolated flash flooding across parts of Queens and Brooklyn. Close to one inch of rain fell in a short period of time over these areas."
E20180629-128328,,2018-06-29 14:00:00,2018-06-29 17:00:00,2018,extreme-heat,QN,0,128328,0,1,ok,0,ok,0,ok,0,ok,0,ok,93.0,ok,69.1,ok,0.0,ok,0.0,ok,19.9,ok,,na,,na,,na,0,ok,0,ok,263,ok,863,ok,476,ok,535,ok,137,ok,,,,,High pressure to the south pumped hot and humid air northward across the area.
E20180717-129439,,2018-07-17 13:45:00,2018-07-17 13:45:00,2018,thunderstorm,BK,0,129439,0,0,ok,0,ok,0,ok,0,ok,0,ok,93.0,ok,70.0,ok,2.24,ok,0.0,ok,35.1,ok,,na,,na,,na,0,ok,1,ok,213,ok,1061,ok,854,ok,439,ok,124,ok,,,,,A cold front approached from the west and brought a line with isolated severe thunderstorms across Westchester County.
E20180717-129017,,2018-07-17 15:30:00,2018-07-17 16:02:00,2018,flash-flooding,MN,0,129017,0,0,ok,0,ok,0,ok,0,ok,0,ok,93.0,ok,70.0,ok,2.24,ok,0.0,ok,35.1,ok,,na,,na,,na,0,ok,1,ok,213,ok,1061,ok,854,ok,439,ok,124,ok,5.87,0.64,The Battery,,"Showers and thunderstorms developed in a moist and unstable airmass ahead of an approaching cold front, leading to isolated flash flooding across parts of the New York City Metro area. Precipitable water values during the afternoon were around 2 inches, and the ASOS in Central Park recorded 2.22 inches of rain, the majority of which fell within a 2-3 hour period."
E20180727-129649,,2018-07-27 16:00:00,2018-07-27 16:15:00,2018,thunderstorm,SI,0,129649,0,0,ok,0,ok,0,ok,40000,ok,48854,ok,90.0,ok,68.0,ok,1.17,ok,0.0,ok,33.1,ok,,na,,na,,na,72912,ok,12,ok,159,ok,835,ok,735,ok,473,ok,120,ok,,,,,A passing cold front triggered an isolated severe thunderstorm over Orange County and Staten Island.
E20180727-129024,,2018-07-27 16:10:00,2018-07-27 19:47:00,2018,flash-flooding,SI,0,129024,0,0,ok,0,ok,0,ok,0,ok,0,ok,90.0,ok,68.0,ok,1.17,ok,0.0,ok,33.1,ok,,na,,na,,na,72912,ok,12,ok,159,ok,835,ok,735,ok,473,ok,120,ok,5.47,0.44,The Battery,,"Showers and thunderstorms developed out ahead of an approaching cold front and stalled over parts of Brooklyn and Staten Island, producing anywhere from 1-4.5 inches of rain in a matter of hours. The heaviest rain fell across Staten Island, where a mesonet in New Dorp Beach recorded 4.37 inches of rain. This resulted in numerous reports of flash flooding."
E20180802-130519,,2018-08-02 21:20:00,2018-08-02 21:25:00,2018,tornado;thunderstorm,QN,0,130519,0,0,ok,0,ok,0,ok,12000,ok,14656,ok,91.9,ok,75.0,ok,0.51,ok,0.0,ok,29.1,ok,,na,,na,,na,0,ok,0,ok,201,ok,739,ok,776,ok,462,ok,123,ok,,,,,"A passing trough of low pressure and upper level disturbance triggered an isolated severe thunderstorm in Queens, including producing a tornado in the College Point section."
E20180804-129487,,2018-08-04 10:30:00,2018-08-04 12:15:00,2018,flash-flooding,BX,0,129487,0,0,ok,0,ok,0,ok,0,ok,0,ok,89.1,ok,72.0,ok,1.34,ok,0.0,ok,21.0,ok,,na,,na,,na,0,ok,2,ok,135,ok,593,ok,459,ok,393,ok,122,ok,5.01,0.55,The Battery,,"A developing area of low pressure along a surface trough helped produce heavy rainfall across parts of the Lower Hudson Valley on the morning of August 4th that resulted in flash flooding. Rainfall amounts ranged from 1-2.5 inches across Rockland County, with a CooCoRaHS observer in West Nyack reporting 2.47 inches of rain between the afternoon of August 3rd and the afternoon of August 4th."
E20180807-130561,,2018-08-07 18:25:00,2018-08-07 18:35:00,2018,thunderstorm,QN,0,130561,0,0,ok,0,ok,3,ok,0,ok,0,ok,93.0,ok,72.0,ok,0.74,ok,0.0,ok,30.0,ok,,na,,na,,na,179063,ok,5,ok,188,ok,1456,ok,826,ok,416,ok,119,ok,,,,,"A hot and humid airmass with a weak surface trough, in association with an upper level trough triggered thunderstorms across the region."
E20180807-130179,,2018-08-07 18:45:00,2018-08-07 19:15:00,2018,flash-flooding,QN,0,130179,0,0,ok,0,ok,0,ok,0,ok,0,ok,93.0,ok,72.0,ok,0.74,ok,0.0,ok,30.0,ok,,na,,na,,na,179063,ok,5,ok,188,ok,1456,ok,826,ok,416,ok,119,ok,5.9,0.55,The Battery,,"A surface trough developing in a hot and humid airmass ahead of an approaching cold front resulted in the development of widely scattered showers and thunderstorms on the afternoon of August 7th. By evening, these showers and storms merged over New York City and Long Island, resulting in isolated reports of flash flooding. Rainfall totals ranged from around one inch in parts of New York City to 1-3 inches across much of Nassau and western Suffolk County."
E20180811-130194,,2018-08-11 07:28:00,2018-08-11 10:11:00,2018,flash-flooding,MN;QN,0,130194,0,0,ok,0,ok,0,ok,0,ok,0,ok,82.9,ok,70.0,ok,2.9,ok,0.0,ok,25.1,ok,,na,,na,,na,2948,ok,4,ok,201,ok,867,ok,402,ok,368,ok,92,ok,6.23,0.77,The Battery,,"A stalled stationary boundary within a very moist airmass provided a focusing mechanism for several rounds of heavy rain that resulted in isolated flash flooding in New York City. Rainfall amounts ranged from 1-3 inches across the city, with the majority of that rain falling in just a 1-2 hour time frame. The ASOS in Central Park recorded 2.90 inches of rain."
E20180915-129886,,2018-09-15 16:00:00,2018-09-15 19:00:00,2018,coastal-hazard,QN,0,129886,0,1,ok,0,ok,0,ok,0,ok,0,ok,82.0,ok,64.9,ok,0.0,ok,0.0,ok,12.1,ok,,na,,na,,na,0,ok,0,ok,149,ok,329,ok,347,ok,375,ok,118,ok,5.68,0.62,The Battery,,"Long period swells from Florence, although subsiding, continued to produce 3 to 5 ft surf and high rip current activity along the Atlantic ocean beachfront on Saturday September 15th."
E20180925-131100,,2018-09-25 12:22:00,2018-09-26 04:15:00,2018,flash-flooding,BX;QN,0,131100,0,0,ok,0,ok,0,ok,0,ok,0,ok,84.0,ok,57.9,ok,2.16,ok,0.0,ok,28.0,ok,,na,,na,,na,2651,ok,2,ok,408,ok,958,ok,1072,ok,928,ok,236,ok,7.01,1.91,The Battery,,"Rain developed across the area ahead of an approaching warm front, consolidating into a slow-moving band of heavy rain west of New York City by late morning. Precipitable water values increased from 1.84 on the morning sounding from Upton, NY to 2.13 by evening. Both of these values are above the 90th percentile based on a sounding climatology, with the 2.13 precipitable water value on the evening of the 25th a record for the date. Rainfall amounts generally ranged from 1-4 inches across New York City and Westchester County, and 2-5 inches across portions of northern Suffolk County. The ASOS at Central Park recorded 2.08 inches of rain while the ASOS at the White Plains Airport recorded 4.43 inches of rain during the event. Farther east, 4.27 inches of rain was reported by a CoCoRaHS observer in Port Jefferson Station, while a member of the public reported 4.53 inches of rain in Setauket."
E20180928-131418,,2018-09-28 05:05:00,2018-09-28 05:38:00,2018,flash-flooding,QN;SI,0,131418,0,0,ok,0,ok,0,ok,0,ok,0,ok,66.0,ok,55.0,ok,1.26,ok,0.0,ok,25.1,ok,,na,,na,,na,1907,ok,4,ok,175,ok,569,ok,376,ok,464,ok,120,ok,6.01,1.4,The Battery,,"As an area of low pressure and its associated warm front approached the region from the south, precipitation overspread the New York City metro area during the early morning hours of September 28th. With precipitable water values around 2 inches and much of the rain falling in just a few hours over an urban area, this resulted in isolated flash flooding in New York City."
E20181027-131066,,2018-10-27 09:00:00,2018-10-27 14:00:00,2018,high-winds,BK;QN,0,131066,0,0,ok,0,ok,0,ok,20000,ok,24427,ok,57.9,ok,43.0,ok,1.27,ok,0.0,ok,40.9,ok,,na,,na,,na,802288,ok,36,ok,1887,ok,440,ok,491,ok,464,ok,137,ok,8.35,2.96,The Battery,,A coastal storm moved to the east of the area.
E20181115-132666,,2018-11-15 13:30:00,2018-11-15 21:00:00,2018,winter-storm,BX;BK;MN;QN;SI,0,132666,0,0,ok,0,ok,0,ok,0,ok,0,ok,41.0,ok,28.2,ok,1.16,ok,6.4,ok,36.9,ok,,na,,na,,na,44856,ok,4,ok,3980,ok,528,ok,3687,ok,709,ok,139,ok,,,,,"A wave of low pressure developed along the Middle Atlantic coast during Thursday November 15, 2018. The low was associated with a closed upper level trough across the Midwest. As the trough translated eastward into Friday November 16, 2018, the low pressure moved up the northeast coast. The antecedent air mass ahead of the low was cold and dry for the middle of November with temperatures during the morning and afternoon of November in the upper 20s and low 30s.  The moisture associated with the trough and low pressure was able to produce moderate to heavy bands of snow as the precipitation began across the entire Tri-State area due to the cold air in place. Once the low drew warmer air from the south, the precipitation gradually changed to a wintry mix and then plain rain, especially for the New York City metro and Long Island.  The moderate to heavy wet snowfall significantly impacted the evening rush hour with 1-2 inch per hour snowfall rates.  Hundreds of trees, tree limbs, and branches were brought down by the weight of the snow, including over 100 trees alone in the  New York City metro. Numerous accidents were reported along with a 20 car accident on the George Washing Bridge. Many motorists were stranded on roads across the city until the early morning hours the next day. The Long Island Railroad had delays and cancellations and there were over 1,000 flights cancelled at the New York City metro airports (Kennedy, La Guardia, and Newark)."
E20181221-132849,,2018-12-21 03:00:00,2018-12-21 06:00:00,2018,high-winds,QN,0,132849,0,0,ok,0,ok,0,ok,10000,ok,12213,ok,62.1,ok,44.1,ok,1.73,ok,0.0,ok,35.1,ok,,na,,na,,na,0,ok,2,ok,1444,ok,837,ok,345,ok,488,ok,119,ok,7.28,1.92,The Battery,,Intensifying low pressure moving up the spine of the Applachians on December 21st and into southern Quebec the morning of the 22nd produced strong southeast winds.
E20181221-132540,,2018-12-21 09:30:00,2018-12-21 09:35:00,2018,flash-flooding,QN,0,132540,0,0,ok,0,ok,0,ok,0,ok,0,ok,62.1,ok,44.1,ok,1.73,ok,0.0,ok,35.1,ok,,na,,na,,na,0,ok,2,ok,1444,ok,837,ok,345,ok,488,ok,119,ok,7.28,1.92,The Battery,,"Low pressure moving up the spine of the Appalachians resulted in widespread heavy rainfall and reports of flash flooding across portions of southeast New York. A record high precipitable water value of 1.66 inches was recorded on the 12Z sounding from Upton, NY. Rainfall amounts across the region ranged from 1.5 to 4. A CoCoRaHS observer in Armonk reported 3.72 inches of rain from this event, while a cooperative observer in Centerport recorded 2.94 inches. In New York City, the ASOS in Central Park recorded 1.85 inches of rain, while the ASOS at JFK Airport recorded 2.03."
E20190110-134175,,2019-01-10 10:00:00,2019-01-10 13:00:00,2019,high-winds,QN,0,134175,0,0,ok,0,ok,0,ok,10000,ok,12015,ok,36.0,ok,28.2,ok,0.0,ok,0.0,ok,36.0,ok,,na,,na,,na,0,ok,0,ok,3445,ok,539,ok,193,ok,384,ok,71,ok,3.91,0.0,The Battery,,Persistently gusty winds occurred as low pressure moved northeast of the area.
E20190120-134111,,2019-01-20 07:00:00,2019-01-20 08:00:00,2019,coastal-flooding,QN,0,134111,0,0,ok,0,ok,0,ok,0,ok,0,ok,50.0,ok,13.1,ok,1.23,ok,0.0,ok,42.9,ok,,na,,na,,na,0,ok,0,ok,7228,ok,478,ok,154,ok,267,ok,72,ok,7.5,2.37,The Battery,,"Deepening low pressure tracked from the southeast United States on Saturday January 19, 2019 to the northeast on Sunday January 20, 2019. The low produced moderate coastal flooding along parts of the south shore of Long Island and New York City, and along western Long Island Sound, during the morning high tide cycle of the 20th."
E20190121-134176,,2019-01-21 15:00:00,2019-01-21 23:00:00,2019,high-winds,BK;QN,0,134176,0,0,ok,0,ok,0,ok,20000,ok,24030,ok,16.2,ok,4.1,ok,0.0,ok,0.0,ok,38.0,ok,,na,,na,,na,0,ok,0,ok,9406,ok,792,ok,174,ok,277,ok,72,ok,4.63,-0.86,The Battery,,Deep low pressure tracked to the northeast of the area.
E20190124-134181,,2019-01-24 10:00:00,2019-01-24 17:00:00,2019,high-winds,BK;QN;SI,0,134181,0,0,ok,0,ok,0,ok,30000,ok,36044,ok,59.0,ok,35.1,ok,1.48,ok,0.0,ok,36.9,ok,,na,,na,,na,0,ok,0,ok,1938,ok,956,ok,185,ok,400,ok,126,ok,6.48,1.45,The Battery,,Strong winds occurred ahead of and behind low pressure and a cold front.
E20190130-134191,,2019-01-30 14:00:00,2019-01-30 17:00:00,2019,high-winds,QN,0,134191,0,0,ok,0,ok,0,ok,50000,ok,60074,ok,36.0,ok,5.2,ok,0.2,ok,0.4,ok,40.9,ok,,na,,na,,na,0,ok,0,ok,6759,ok,644,ok,194,ok,415,ok,94,ok,4.96,1.39,The Battery,,High winds occurred behind low pressure and cold front.
E20190130-134193,,2019-01-30 15:00:00,2019-01-30 20:00:00,2019,high-winds,BK;QN;SI,0,134193,0,0,ok,0,ok,0,ok,70000,ok,84104,ok,36.0,ok,5.2,ok,0.2,ok,0.4,ok,40.9,ok,,na,,na,,na,0,ok,0,ok,6759,ok,644,ok,194,ok,415,ok,94,ok,4.91,1.39,The Battery,,Strong winds occurred behind low pressure and cold front.
E20190130-134230,,2019-01-30 15:00:00,2019-01-30 16:30:00,2019,winter-storm,BX;BK;MN;QN;SI,0,134230,0,0,ok,0,ok,0,ok,0,ok,0,ok,36.0,ok,5.2,ok,0.2,ok,0.4,ok,40.9,ok,,na,,na,,na,0,ok,0,ok,6759,ok,644,ok,194,ok,415,ok,94,ok,,,,,"A strong cold front initiated a broken line of snow squalls to the region. The snow squalls developed in the afternoon across  the Lower Hudson Valley and then quickly moved east through the NYC metro and western Long Island during the evening commute. The snow squalls weakened as they moved across eastern Long Island. While snowfall accumulations were generally under an inch, the squalls brought strong winds and whiteout conditions. Traffic was brought to a standstill during the squalls and created life-threatening travel."
E20190225-135116,,2019-02-25 00:00:00,2019-02-25 02:00:00,2019,high-winds,MN,0,135116,0,0,ok,0,ok,0,ok,10000,ok,12015,ok,44.1,ok,28.2,ok,0.0,ok,0.0,ok,46.1,ok,,na,,na,,na,0,ok,0,ok,2212,ok,498,ok,803,ok,467,ok,88,ok,5.64,1.78,The Battery,,Strong winds occurred behind a strong cold front and deepening low pressure.
E20190225-135091,,2019-02-25 01:00:00,2019-02-25 16:00:00,2019,high-winds,BK;QN;SI,0,135091,0,0,ok,0,ok,0,ok,160000,ok,192237,ok,44.1,ok,28.2,ok,0.0,ok,0.0,ok,46.1,ok,,na,,na,,na,0,ok,0,ok,2212,ok,498,ok,803,ok,467,ok,88,ok,5.46,1.78,The Battery,,High winds occurred behind a strong cold front and deepening low pressure.
E20190302-135751,,2019-03-02 01:00:00,2019-03-02 09:00:00,2019,winter-storm,BX;BK;MN;QN;SI,0,135751,0,0,ok,0,ok,0,ok,0,ok,0,ok,41.0,ok,30.2,ok,0.56,ok,4.5,ok,18.1,ok,,na,,na,,na,0,ok,1,ok,1625,ok,342,ok,89,ok,417,ok,98,ok,,,,,"A wave of low pressure brought light accumulating snow to southeast New York early on the morning of Saturday March 2, 2019. The low pressure quickly moved away from the coast after day break bringing an end to the accumulating snow."
E20190303-135657,,2019-03-03 17:00:00,2019-03-04 05:00:00,2019,winter-storm,BX;BK;MN;QN;SI,0,135657,0,0,ok,0,ok,0,ok,0,ok,0,ok,43.0,ok,28.2,ok,1.01,ok,5.0,ok,23.0,ok,,na,,na,,na,0,ok,1,ok,2644,ok,603,ok,362,ok,698,ok,161,ok,,,,,"Low pressure developed across the southeast on Sunday March 3, 2019 and then tracked  off the Middle Atlantic coast early on Monday March 4, 2019. The low moved just inside the 40N/70W benchmark and continued out to sea. The low brought a widespread snowfall to southeast New York with the heaviest accumulations occurring across the Lower Hudson Valley. Snow mixed with rain and sleet occurring near the coast, reducing accumulations. Much of the significant snow occurred overnight with improved conditions during the Monday morning commute."
E20190415-134835,,2019-04-15 03:31:00,2019-04-15 03:51:00,2019,thunderstorm,BK;QN;SI,0,134835,0,0,ok,0,ok,0,ok,40000,ok,48059,ok,70.0,ok,45.0,ok,1.0,ok,0.0,ok,38.9,ok,,na,,na,,na,0,ok,0,ok,882,ok,689,ok,628,ok,414,ok,109,ok,,,,,A strong cold front triggered severe thunderstorms across Southeastern New York.
E20190415-137165,,2019-04-15 14:00:00,2019-04-15 18:00:00,2019,high-winds,MN;QN;SI,0,137165,0,0,ok,0,ok,0,ok,60000,ok,72089,ok,70.0,ok,45.0,ok,1.0,ok,0.0,ok,38.9,ok,,na,,na,,na,0,ok,0,ok,882,ok,689,ok,628,ok,414,ok,109,ok,5.98,1.57,The Battery,,"Deep low pressure and strong cold front passed across the area, with strong winds occurring ahead of and behind the front."
E20190526-136161,,2019-05-26 16:30:00,2019-05-26 16:51:00,2019,thunderstorm,BX;SI,0,136161,0,0,ok,0,ok,0,ok,10000,ok,12015,ok,90.0,ok,59.0,ok,0.25,ok,0.0,ok,25.9,ok,,na,,na,,na,0,ok,0,ok,188,ok,323,ok,424,ok,335,ok,129,ok,,,,,A cold front triggered strong to severe thunderstorms across across Southeastern New York.
E20190528-136195,,2019-05-28 21:00:00,2019-05-28 21:04:00,2019,hail,SI,0,136195,0,0,ok,0,ok,0,ok,0,ok,0,ok,75.9,ok,62.1,ok,0.77,ok,0.0,ok,23.9,ok,,na,,na,,na,0,ok,0,ok,310,ok,658,ok,697,ok,428,ok,109,ok,,,,,A warm front and and mid level disturbance triggered severe thunderstorms across Southeastern New York.
E20190529-136892,,2019-05-29 18:31:00,2019-05-29 19:01:00,2019,inland-flooding,QN,0,136892,0,0,ok,0,ok,0,ok,0,ok,0,ok,75.0,ok,55.9,ok,0.83,ok,0.0,ok,18.1,ok,,na,,na,,na,0,ok,0,ok,293,ok,808,ok,685,ok,387,ok,90,ok,,,,,"Low pressure moving along a nearly stationary boundary triggered an area of convection that moved across the region during the evening of May 29th, resulting in isolated flash flooding in Queens. Precipitable water values were around 1.5 inches, which is in the 90th percentile for the end of May."
E20190602-136254,,2019-06-02 16:55:00,2019-06-02 16:55:00,2019,hail,BK,0,136254,0,0,ok,0,ok,0,ok,0,ok,0,ok,82.9,ok,61.0,ok,0.86,ok,0.0,ok,35.1,ok,,na,,na,,na,0,ok,0,ok,229,ok,525,ok,752,ok,341,ok,106,ok,,,,,A cold front and a mid level disturbance triggered severe thunderstorms across Southeast New York.
E20190629-137418,,2019-06-29 16:10:00,2019-06-29 16:42:00,2019,hail;thunderstorm,BK;MN;SI,0,137418,0,0,ok,0,ok,0,ok,33000,ok,39649,ok,93.9,ok,71.1,ok,0.32,ok,0.0,ok,46.1,ok,,na,,na,,na,0,ok,0,ok,136,ok,674,ok,680,ok,418,ok,137,ok,,,,,A weak upper level disturbance in association with a cold front lead to the development of severe thunderstorms across Southeastern New York.
E20190629-137440,,2019-06-29 16:25:00,2019-06-29 16:25:00,2019,thunderstorm,,1,137440,0,0,ok,0,ok,0,ok,0,ok,0,ok,93.9,ok,71.1,ok,0.32,ok,0.0,ok,46.1,ok,,na,,na,,na,0,ok,0,ok,136,ok,674,ok,680,ok,418,ok,137,ok,,,,,A weak upper level disturbance in association with a cold front lead to the development of severe thunderstorms across the coastal waters.
E20190717-140028,,2019-07-17 18:40:00,2019-07-17 19:09:00,2019,thunderstorm,MN;QN,0,140028,0,0,ok,0,ok,1,ok,11000,ok,13216,ok,97.0,ok,73.0,ok,2.67,ok,0.0,ok,38.0,ok,,na,,na,,na,247485,ok,4,ok,152,ok,1417,ok,904,ok,408,ok,118,ok,,,,,An approaching cold front and mid level shortwave triggered severe thunderstorms that impacted Southeastern New York.
E20190717-141019,,2019-07-17 19:30:00,2019-07-17 20:39:00,2019,flash-flooding,QN,0,141019,0,0,ok,0,ok,0,ok,0,ok,0,ok,97.0,ok,73.0,ok,2.67,ok,0.0,ok,38.0,ok,,na,,na,,na,247485,ok,4,ok,152,ok,1417,ok,904,ok,408,ok,118,ok,5.79,0.62,The Battery,,"Showers and thunderstorms developed in a sub-tropical environment ahead of the remnants of Post Tropical Cyclone Barry, resulting in flash flooding across portions of New York City and Long Island. Based on the 12Z upper air sounding from Upton, New York, precipitable water values across the region were around 2.25 inches. Rainfall amounts across these areas generally ranged from 1-2 inches, with locally higher amounts. LaGuardia Airport measured 2.67 inches of rain."
E20190719-142137,,2019-07-19 17:00:00,2019-07-19 23:00:00,2019,extreme-heat,MN;QN,0,142137,0,0,ok,0,ok,0,ok,,missing,,missing,95.0,ok,71.1,ok,0.0,ok,0.0,ok,19.9,ok,,na,,na,,na,0,ok,0,ok,177,ok,1877,ok,411,ok,437,ok,98,ok,,,,,A Bermuda High pumped in a hot and humid and humid air mass northward into the area.
E20190720-140507,,2019-07-20 10:00:00,2019-07-20 23:00:00,2019,extreme-heat,MN;QN,0,140507,0,0,ok,0,ok,0,ok,,missing,,missing,99.0,ok,78.1,ok,0.0,ok,0.0,ok,21.0,ok,,na,,na,,na,0,ok,0,ok,211,ok,2316,ok,253,ok,386,ok,108,ok,,,,,A Bermuda High pumped in a hot and humid and humid air mass northward into the area.
E20190721-141883,,2019-07-21 10:00:00,2019-07-21 19:00:00,2019,extreme-heat,MN;QN,0,141883,0,0,ok,0,ok,0,ok,,missing,,missing,100.0,ok,80.1,ok,0.03,ok,0.0,ok,21.9,ok,,na,,na,,na,106312,ok,13,ok,199,ok,2396,ok,483,ok,314,ok,110,ok,,,,,A Bermuda High pumped in a hot and humid and humid air mass northward into the area.
E20190721-140242,,2019-07-21 21:40:00,2019-07-21 22:00:00,2019,thunderstorm,,1,140242,0,0,ok,0,ok,0,ok,0,ok,0,ok,100.0,ok,80.1,ok,0.03,ok,0.0,ok,21.9,ok,,na,,na,,na,106312,ok,13,ok,199,ok,2396,ok,483,ok,314,ok,110,ok,,,,,A cold front triggered severe thunderstorms that impacted the coastal waters.
E20190722-141282,,2019-07-22 18:09:00,2019-07-22 19:45:00,2019,flash-flooding,QN,0,141282,0,0,ok,0,ok,0,ok,0,ok,0,ok,91.0,ok,72.0,ok,1.78,ok,0.0,ok,25.1,ok,,na,,na,,na,106312,ok,13,ok,200,ok,2202,ok,754,ok,411,ok,86,ok,5.01,1.08,The Battery,,"Flow parallel to a stalled frontal boundary across the region allowed showers and thunderstorms to train across the region during the afternoon and evening hours. These storms developed in an environment with precipitable water values around 2.25 inches and produced widespread 1-2 inch rainfall amounts across the region. The Central Park ASOS reported 1.57 inches of rain in this event, with much of that falling within a 1-2 hour period."
E20190723-141290,,2019-07-23 07:47:00,2019-07-23 08:00:00,2019,flash-flooding,QN,0,141290,0,0,ok,0,ok,0,ok,0,ok,0,ok,77.0,ok,66.9,ok,2.07,ok,0.0,ok,21.0,ok,,na,,na,,na,0,ok,0,ok,179,ok,1577,ok,735,ok,363,ok,98,ok,5.45,1.21,The Battery,,"Another wave of low pressure moved along a frontal boundary stalled over the region during the early morning hours of Tuesday, July 23rd. After widespread rainfall totals of 1-2 inches the night before, additional rainfall amounts of around one inch increased the two day rainfall totals to 2-3 inches across much of the area, with the majority of that rain falling within roughly an 18 hour period. This resulted in additional flash flooding, particularly across urban areas. Two day rainfall totals included 2.10 inches in Central Park, 3.52 inches at JFK Airport, and a report of 3.94 inches of rain from a cooperative observer in Syosset."
E20190730-140446,,2019-07-30 14:00:00,2019-07-30 14:13:00,2019,thunderstorm,,1,140446,0,0,ok,0,ok,0,ok,0,ok,0,ok,95.0,ok,75.0,ok,0.01,ok,0.0,ok,23.9,ok,,na,,na,,na,0,ok,1,ok,182,ok,1192,ok,769,ok,409,ok,120,ok,,,,,A mid level disturbance and a trough of low pressure at the surface triggered severe thunderstorms that impacted the coastal waters.
E20190730-141272,,2019-07-30 19:00:00,2019-07-31 00:00:00,2019,coastal-hazard,QN,0,141272,0,1,ok,0,ok,1,ok,0,ok,0,ok,95.0,ok,70.0,ok,1.6,ok,0.0,ok,30.0,ok,,na,,na,,na,0,ok,1,ok,270,ok,1651,ok,1107,ok,793,ok,213,ok,6.29,0.62,The Battery,,"Persistent southwest flow, 3 to 4 ft winds waves, and high astronomical tides resulted in moderate rip current activity on July 30th."
E20190731-140447,,2019-07-31 13:20:00,2019-07-31 13:20:00,2019,thunderstorm,SI,0,140447,0,0,ok,0,ok,0,ok,15000,ok,18022,ok,90.0,ok,70.0,ok,1.6,ok,0.0,ok,30.0,ok,,na,,na,,na,0,ok,1,ok,185,ok,987,ok,717,ok,384,ok,93,ok,,,,,A cold front triggered severe thunderstorms that impacted Southeastern New York.
E20190731-140449,,2019-07-31 13:40:00,2019-07-31 13:42:00,2019,thunderstorm,,1,140449,0,0,ok,0,ok,0,ok,0,ok,0,ok,90.0,ok,70.0,ok,1.6,ok,0.0,ok,30.0,ok,,na,,na,,na,0,ok,1,ok,185,ok,987,ok,717,ok,384,ok,93,ok,,,,,A cold front triggered severe thunderstorms that impacted the coastal waters.
E20190731-141296,,2019-07-31 15:15:00,2019-07-31 15:56:00,2019,flash-flooding,SI,0,141296,0,0,ok,0,ok,0,ok,0,ok,0,ok,90.0,ok,70.0,ok,1.6,ok,0.0,ok,30.0,ok,,na,,na,,na,0,ok,1,ok,185,ok,987,ok,717,ok,384,ok,93,ok,5.43,0.6,The Battery,,"Showers and thunderstorms developed during the afternoon as precipitable water values rose above 1.50 inches, resulting in isolated flash flooding on Staten Island."
E20190807-140516,,2019-08-07 13:40:00,2019-08-07 13:40:00,2019,thunderstorm,,1,140516,0,0,ok,0,ok,0,ok,0,ok,0,ok,87.1,ok,69.1,ok,1.54,ok,0.0,ok,28.0,ok,,na,,na,,na,5137,ok,4,ok,121,ok,798,ok,903,ok,381,ok,90,ok,,,,,A cold front and an upper level disturbance triggered strong to severe thunderstorms across the coastal waters.
E20190807-140553,,2019-08-07 16:20:00,2019-08-07 16:22:00,2019,thunderstorm,BK,0,140553,0,0,ok,0,ok,0,ok,14000,ok,16821,ok,87.1,ok,69.1,ok,1.54,ok,0.0,ok,28.0,ok,,na,,na,,na,5137,ok,4,ok,121,ok,798,ok,903,ok,381,ok,90,ok,,,,,A cold front and an upper level disturbance triggered strong to severe thunderstorms across Southeastern New York.
E20190807-142488,,2019-08-07 16:40:00,2019-08-07 17:10:00,2019,flash-flooding,SI,0,142488,0,0,ok,0,ok,0,ok,0,ok,0,ok,87.1,ok,69.1,ok,1.54,ok,0.0,ok,28.0,ok,,na,,na,,na,5137,ok,4,ok,121,ok,798,ok,903,ok,381,ok,90,ok,6.26,1.07,The Battery,,"Showers and thunderstorms developed across the New York City metro area ahead of a cold front during the afternoon of August 7th. These storms developed in an environment with precipitable water values close to 2 inches. Multiple rounds of showers and storms exacerbated the flash flood threat, with many locations receiving 1-3 inches of rain, much of which fell in only a few hours. A CoCoRaHS observer on Staten Island reported 2.26 inches of rain with this event."
E20190808-140570,,2019-08-08 18:55:00,2019-08-08 18:55:00,2019,thunderstorm,QN,0,140570,0,0,ok,0,ok,0,ok,1000,ok,1201,ok,91.9,ok,66.9,ok,0.2,ok,0.0,ok,32.0,ok,,na,,na,,na,0,ok,1,ok,130,ok,668,ok,776,ok,434,ok,123,ok,,,,,An approaching cold front triggered severe thunderstorms across Southeastern New York.
E20190821-141348,,2019-08-21 16:48:00,2019-08-21 16:48:00,2019,thunderstorm,,1,141348,0,0,ok,0,ok,0,ok,0,ok,0,ok,91.0,ok,73.9,ok,0.51,ok,0.0,ok,38.0,ok,,na,,na,,na,0,ok,0,ok,136,ok,833,ok,733,ok,353,ok,107,ok,,,,,"A warm, humid, and unstable air mass behind a warm front, combined with an upper level disturbance triggered severe thunderstorms across the coastal waters."
E20190821-141350,,2019-08-21 16:50:00,2019-08-21 16:50:00,2019,thunderstorm,BK,0,141350,0,0,ok,0,ok,0,ok,4000,ok,4806,ok,91.0,ok,73.9,ok,0.51,ok,0.0,ok,38.0,ok,,na,,na,,na,0,ok,0,ok,136,ok,833,ok,733,ok,353,ok,107,ok,,,,,"A warm, humid, and unstable air mass behind a warm front, combined with an upper level disturbance triggered severe thunderstorms across Southeastern New York."
E20190822-141354,,2019-08-22 19:35:00,2019-08-22 19:42:00,2019,thunderstorm,,1,141354,0,0,ok,0,ok,0,ok,0,ok,0,ok,93.0,ok,69.1,ok,1.18,ok,0.0,ok,38.0,ok,,na,,na,,na,0,ok,1,ok,132,ok,975,ok,920,ok,360,ok,86,ok,,,,,A cold front triggered severe thunderstorms across the coastal waters.
E20190822-141356,,2019-08-22 19:39:00,2019-08-22 19:39:00,2019,thunderstorm,MN,0,141356,0,0,ok,0,ok,0,ok,0,ok,0,ok,93.0,ok,69.1,ok,1.18,ok,0.0,ok,38.0,ok,,na,,na,,na,0,ok,1,ok,132,ok,975,ok,920,ok,360,ok,86,ok,,,,,A cold front triggered severe thunderstorms across Southeastern New York.
E20190902-142526,,2019-09-02 13:46:00,2019-09-02 13:46:00,2019,thunderstorm,SI,0,142526,0,0,ok,0,ok,0,ok,1000,ok,1201,ok,79.0,ok,68.0,ok,1.19,ok,0.0,ok,21.9,ok,,na,,na,,na,0,ok,0,ok,147,ok,600,ok,512,ok,297,ok,86,ok,,,,,"A cold front in tandem with a mid level disturbance triggered severe thunderstorms, including a tornado in Manorville."
E20190904-142543,,2019-09-04 15:10:00,2019-09-04 15:15:00,2019,thunderstorm,BK,0,142543,0,0,ok,0,ok,0,ok,9000,ok,10813,ok,90.0,ok,66.9,ok,0.16,ok,0.0,ok,23.9,ok,,na,,na,,na,0,ok,0,ok,160,ok,545,ok,723,ok,360,ok,105,ok,,,,,"A pre-frontal trough in an unseasonably warm and humid air mass, in tandem with an upper level disturbance triggered severe thunderstorms."
E20191001-141275,,2019-10-01 15:00:00,2019-10-01 16:00:00,2019,coastal-hazard,QN,0,141275,0,2,ok,0,ok,1,ok,0,ok,0,ok,84.0,ok,62.1,ok,0.0,ok,0.0,ok,19.9,ok,,na,,na,,na,0,ok,0,ok,215,ok,441,ok,332,ok,295,ok,100,ok,6.69,0.64,The Battery,,Energetic swells from Hurricane Lorenzo resulted in high surf and dangerous rip current conditions on October 1st.
E20191016-143937,,2019-10-16 21:00:00,2019-10-16 22:00:00,2019,coastal-flooding,BK;QN,0,143937,0,0,ok,0,ok,0,ok,0,ok,0,ok,66.9,ok,48.0,ok,2.13,ok,0.0,ok,42.9,ok,,na,,na,,na,4915,ok,2,ok,1845,ok,635,ok,1643,ok,423,ok,113,ok,7.11,2.56,The Battery,,"Strong southerly winds in advance of intensifying low pressure helped produce coastal flooding across the south shore back bays of New York City and Long Island, the forks of Long Island, and along Long Island Sound in Westchester County."
E20191016-143622,,2019-10-16 22:00:00,2019-10-17 01:00:00,2019,high-winds,QN;SI,0,143622,0,0,ok,0,ok,0,ok,100000,ok,120148,ok,66.9,ok,48.0,ok,2.13,ok,0.0,ok,42.9,ok,,na,,na,,na,4915,ok,2,ok,3461,ok,1269,ok,2036,ok,802,ok,202,ok,7.11,2.56,The Battery,,Strong winds occurred behind a deep low pressure.
E20191016-143513,,2019-10-16 23:00:00,2019-10-17 04:00:00,2019,high-winds,QN,0,143513,0,0,ok,0,ok,0,ok,50000,ok,60074,ok,66.9,ok,48.0,ok,2.13,ok,0.0,ok,42.9,ok,,na,,na,,na,4915,ok,2,ok,3461,ok,1269,ok,2036,ok,802,ok,202,ok,7.11,2.56,The Battery,,High winds occurred behind a deep low pressure.
E20191027-143942,,2019-10-27 07:00:00,2019-10-29 09:00:00,2019,coastal-flooding,BK;QN,0,143942,0,0,ok,0,ok,0,ok,0,ok,0,ok,70.0,ok,51.1,ok,1.55,ok,0.0,ok,31.1,ok,,na,,na,,na,0,ok,0,ok,1713,ok,925,ok,758,ok,1090,ok,311,ok,7.32,2.52,The Battery,,"An approaching storm initially produced moderate coastal flooding across the south shore back bays of New York City and western Long Island, and on Long Island Sound in Westchester County on the 27th. After the storm passed, easterly winds as high pressure built into New England also produced moderate coastal flooding in the back bay areas on the 29th."
E20191101-144149,,2019-11-01 00:00:00,2019-11-01 08:00:00,2019,high-winds,BK;QN;SI,0,144149,0,0,ok,0,ok,0,ok,250000,ok,300370,ok,71.1,ok,42.1,ok,0.11,ok,0.0,ok,44.1,ok,,na,,na,,na,0,ok,1,ok,2802,ok,282,ok,1024,ok,522,ok,139,ok,6.19,1.76,The Battery,,Strong winds occurred behind low pressure and strong cold front.
E20191101-143112,,2019-11-01 00:05:00,2019-11-01 00:05:00,2019,thunderstorm,QN,0,143112,0,0,ok,0,ok,0,ok,1000,ok,1201,ok,71.1,ok,42.1,ok,0.11,ok,0.0,ok,44.1,ok,,na,,na,,na,0,ok,1,ok,2802,ok,282,ok,1024,ok,522,ok,139,ok,,,,,An unseasonably humid air mass ahead of an approaching deep mid and upper level trough and cold front triggered a severe thunderstorm that impacted Northeastern New Jersey.
E20200108-144649,,2020-01-08 14:00:00,2020-01-08 16:00:00,2020,high-winds,QN,0,144649,0,0,ok,0,ok,0,ok,50000,ok,59064,ok,45.0,ok,28.2,ok,0.0,ok,0.0,ok,36.0,ok,,na,,na,,na,0,ok,0,ok,2345,ok,408,ok,178,ok,287,ok,73,ok,5.49,1.18,The Battery,,Strong winds occurred behind a deep area of low pressure.
E20200116-145002,,2020-01-16 12:00:00,2020-01-16 16:00:00,2020,high-winds,QN,0,145002,0,0,ok,0,ok,0,ok,50000,ok,59064,ok,50.0,ok,33.1,ok,0.12,ok,0.0,ok,40.9,ok,,na,,na,,na,0,ok,0,ok,2333,ok,354,ok,287,ok,363,ok,85,ok,5.84,1.32,The Battery,,Strong winds occurred behind a cold front and deepening low pressure.
E20200116-145001,,2020-01-16 14:00:00,2020-01-16 16:00:00,2020,high-winds,BK;QN,0,145001,0,0,ok,0,ok,0,ok,20000,ok,23626,ok,50.0,ok,33.1,ok,0.12,ok,0.0,ok,40.9,ok,,na,,na,,na,0,ok,0,ok,2333,ok,354,ok,287,ok,363,ok,85,ok,4.28,1.09,The Battery,,High winds occurred behind a cold front and deepening low pressure.
E20200125-144648,,2020-01-25 12:00:00,2020-01-25 14:00:00,2020,high-winds,BK,0,144648,0,0,ok,0,ok,0,ok,50000,ok,59064,ok,52.0,ok,37.0,ok,0.89,ok,0.0,ok,33.1,ok,,na,,na,,na,1735,ok,1,ok,1269,ok,382,ok,138,ok,248,ok,84,ok,6.57,2.88,The Battery,,Strong winds occurred ahead of and behind low pressure and a cold front.
E20200207-145448,,2020-02-07 12:00:00,2020-02-07 14:00:00,2020,high-winds,QN,0,145448,0,0,ok,0,ok,0,ok,50000,ok,59064,ok,60.1,ok,33.1,ok,0.29,ok,0.0,ok,49.0,ok,,na,,na,,na,0,ok,0,ok,1343,ok,362,ok,405,ok,397,ok,108,ok,6.65,2.52,The Battery,,Deep low pressure passed across the area.
E20200207-145456,,2020-02-07 12:00:00,2020-02-07 14:00:00,2020,high-winds,QN,0,145456,0,0,ok,0,ok,0,ok,10000,ok,11813,ok,60.1,ok,33.1,ok,0.29,ok,0.0,ok,49.0,ok,,na,,na,,na,0,ok,0,ok,1343,ok,362,ok,405,ok,397,ok,108,ok,6.65,2.52,The Battery,,Deep low pressure passed across the area.
E20200227-144951,,2020-02-27 10:00:00,2020-02-27 12:00:00,2020,high-winds,QN,0,144951,0,0,ok,0,ok,0,ok,50000,ok,59064,ok,48.0,ok,31.1,ok,1.0,ok,0.0,ok,40.9,ok,,na,,na,,na,0,ok,0,ok,1605,ok,315,ok,307,ok,371,ok,115,ok,5.79,2.35,The Battery,,A strong cold front passed and deep low pressure tracked to the north.
E20200303-146629,,2020-03-03 22:10:00,2020-03-03 22:10:00,2020,thunderstorm,,1,146629,0,0,ok,0,ok,0,ok,0,ok,0,ok,59.0,ok,42.1,ok,0.29,ok,0.0,ok,33.1,ok,,na,,na,,na,0,ok,0,ok,949,ok,505,ok,325,ok,377,ok,122,ok,,,,,Strong thunderstorms moved across the coastal waters from a trough circulating around an upper level low and in association with a cold pool of air aloft.
E20200409-146644,,2020-04-09 12:54:00,2020-04-09 12:54:00,2020,thunderstorm,SI,0,146644,0,0,ok,0,ok,0,ok,0,ok,0,ok,64.0,ok,39.9,ok,0.26,ok,0.0,ok,44.1,ok,,na,,na,,na,0,ok,0,ok,1112,ok,167,ok,402,ok,72,ok,20,ok,,,,,Low pressure tracked north of the coastal waters dragging a cold front through Southeastern New York.
E20200409-146643,,2020-04-09 12:54:00,2020-04-09 12:59:00,2020,thunderstorm,,1,146643,0,0,ok,0,ok,0,ok,0,ok,0,ok,64.0,ok,39.9,ok,0.26,ok,0.0,ok,44.1,ok,,na,,na,,na,0,ok,0,ok,1112,ok,167,ok,402,ok,72,ok,20,ok,,,,,Low pressure tracked north of the coastal waters dragging a cold front through the region.
E20200413-146125,,2020-04-13 09:00:00,2020-04-13 15:00:00,2020,high-winds,BX;BK;MN;QN;SI,0,146125,0,0,ok,0,ok,0,ok,350000,ok,413450,ok,69.1,ok,51.1,ok,1.92,ok,0.0,ok,42.9,ok,,na,,na,,na,0,ok,0,ok,667,ok,238,ok,1154,ok,71,ok,6,ok,6.74,2.49,The Battery,,Deep low pressure passed to the west of the area resulting in high winds.
E20200421-146655,,2020-04-21 13:28:00,2020-04-21 13:48:00,2020,thunderstorm,,1,146655,0,0,ok,0,ok,0,ok,0,ok,0,ok,62.1,ok,39.0,ok,0.36,ok,0.0,ok,38.0,ok,,na,,na,,na,0,ok,0,ok,980,ok,212,ok,234,ok,75,ok,30,ok,,,,,"A cold front and pre-frontal trough, in association with a mid level disturbance brought strong to severe thunderstorms to the coastal waters."
E20200421-146657,,2020-04-21 13:35:00,2020-04-21 13:35:00,2020,thunderstorm,BX,0,146657,0,0,ok,0,ok,0,ok,0,ok,0,ok,62.1,ok,39.0,ok,0.36,ok,0.0,ok,38.0,ok,,na,,na,,na,0,ok,0,ok,980,ok,212,ok,234,ok,75,ok,30,ok,,,,,"A cold front and pre-frontal trough, in association with a mid level disturbance brought strong to severe thunderstorms to Southeastern New York."
E20200430-146486,,2020-04-30 12:00:00,2020-04-30 16:00:00,2020,high-winds,QN,0,146486,0,0,ok,0,ok,0,ok,10000,ok,11813,ok,63.0,ok,48.9,ok,0.87,ok,0.0,ok,35.1,ok,,na,,na,,na,0,ok,0,ok,578,ok,221,ok,511,ok,112,ok,29,ok,6.1,1.88,The Battery,,Strong winds occurred ahead of low pressure and a cold front.
E20200522-149298,,2020-05-22 15:00:00,2020-05-22 16:00:00,2020,coastal-hazard,QN,0,149298,0,1,ok,0,ok,0,ok,0,ok,0,ok,77.0,ok,52.0,ok,0.03,ok,0.0,ok,18.1,ok,,na,,na,,na,0,ok,0,ok,204,ok,346,ok,362,ok,181,ok,83,ok,4.33,0.09,The Battery,,"A high rip current risk was expected on Friday May 22nd as long period east to southeast swells continued the day after a high surf event, along with onshore flow of around 10 kt."
E20200606-147298,,2020-06-06 14:10:00,2020-06-06 14:10:00,2020,thunderstorm,QN,0,147298,0,0,ok,0,ok,0,ok,2000,ok,2363,ok,91.0,ok,63.0,ok,0.16,ok,0.0,ok,29.1,ok,,na,,na,,na,3335,ok,1,ok,178,ok,289,ok,619,ok,163,ok,72,ok,,,,,Severe thunderstorms triggered by a cold front and a upper level trough impacted Southeastern New York.
E20200628-150517,,2020-06-28 17:58:00,2020-06-28 18:00:00,2020,thunderstorm,,1,150517,0,0,ok,0,ok,0,ok,0,ok,0,ok,93.0,ok,68.0,ok,0.52,ok,0.0,ok,33.1,ok,,na,,na,,na,0,ok,4,ok,128,ok,680,ok,1385,ok,151,ok,74,ok,,,,,A cold front along with a rigorous mid level disturbance triggered severe thunderstorms across the coastal waters.
E20200629-150560,,2020-06-29 17:25:00,2020-06-29 22:25:00,2020,thunderstorm;hail,BK;MN;QN,0,150560,0,0,ok,0,ok,0,ok,40000,ok,47251,ok,91.0,ok,64.9,ok,0.58,ok,0.0,ok,33.1,ok,,na,,na,,na,0,ok,4,ok,155,ok,806,ok,2670,ok,196,ok,82,ok,,,,,An upper level low just north of the area triggered severe thunderstorms across the Southeastern New York.
E20200629-150559,,2020-06-29 17:38:00,2020-06-29 17:42:00,2020,thunderstorm,,1,150559,0,0,ok,0,ok,0,ok,0,ok,0,ok,91.0,ok,64.9,ok,0.58,ok,0.0,ok,33.1,ok,,na,,na,,na,0,ok,4,ok,155,ok,806,ok,2670,ok,196,ok,82,ok,,,,,An upper level low just north of the area triggered strong to severe thunderstorms across the coastal waters.
E20200706-150596,,2020-07-06 15:12:00,2020-07-06 15:12:00,2020,thunderstorm,,1,150596,0,0,ok,0,ok,0,ok,0,ok,0,ok,96.1,ok,70.0,ok,0.58,ok,0.0,ok,38.0,ok,,na,,na,,na,0,ok,1,ok,139,ok,760,ok,939,ok,169,ok,82,ok,,,,,A slow moving front and an upper level low north of the region triggered severe thunderstorms across the coastal waters.
E20200710-150052,,2020-07-10 12:50:00,2020-07-10 16:30:00,2020,flash-flooding,BK;MN;QN,0,150052,0,0,ok,0,ok,0,ok,0,ok,0,ok,79.0,ok,73.0,ok,2.78,ok,0.0,ok,36.9,ok,,na,,na,,na,25331,ok,8,ok,156,ok,1146,ok,1622,ok,196,ok,77,ok,5.88,2.16,The Battery,,"Tropical Storm Fay tracked northward along the New Jersey coast before passing west of New York City. Several rounds of heavy rain occurred over the New York City metro area as the storm approached. This rain developed in a tropical airmass, with precipitable water values over 2 inches. Some of the highest rainfall totals occurred in New York City, where the ASOS in Central Park reported 2.43 inches of rain, and New York State Mesonet stations reported 2.96 inches in Midtown Manhattan, 2.44 inches in Brooklyn, 2.21 inches in Staten Island, 2.17 inches in the Bronx, and 2.08 inches in Queens."
E20200722-150612,,2020-07-22 16:57:00,2020-07-22 22:54:00,2020,thunderstorm,,1,150612,0,0,ok,0,ok,0,ok,0,ok,0,ok,95.0,ok,72.0,ok,1.42,ok,0.0,ok,40.9,ok,,na,,na,,na,4854,ok,3,ok,121,ok,1402,ok,1269,ok,203,ok,72,ok,,,,,A hot and humid air mass along with a weak upper level disturbance triggered severe thunderstorms across the coastal waters.
E20200722-150611,,2020-07-22 18:14:00,2020-07-22 18:48:00,2020,thunderstorm,BK;QN,0,150611,0,0,ok,0,ok,2,ok,21000,ok,24807,ok,95.0,ok,72.0,ok,1.42,ok,0.0,ok,40.9,ok,,na,,na,,na,4854,ok,3,ok,121,ok,1402,ok,1269,ok,203,ok,72,ok,,,,,A hot and humid air mass along with a weak upper level disturbance triggered severe thunderstorms across Southeastern New York.
E20200730-150862,,2020-07-30 23:55:00,2020-07-31 00:25:00,2020,thunderstorm,,1,150862,0,0,ok,0,ok,0,ok,0,ok,0,ok,96.1,ok,70.0,ok,1.1,ok,0.0,ok,38.0,ok,,na,,na,,na,0,ok,0,ok,159,ok,1781,ok,928,ok,427,ok,180,ok,,,,,A cold front triggered severe thunderstorms across the coastal waters.
E20200803-150893,,2020-08-03 20:06:00,2020-08-03 20:06:00,2020,thunderstorm,,1,150893,0,0,ok,0,ok,0,ok,0,ok,0,ok,93.0,ok,70.0,ok,0.54,ok,0.0,ok,42.9,ok,25017406,ok,29552673,ok,,missing,0,ok,3,ok,99,ok,1055,ok,15530,ok,227,ok,97,ok,,,,4567,The leading edge of tropical moisture ahead of Tropical Storm Isaias interacted with a cold front triggering severe thunderstorms across the coastal waters.
E20200804-152384,,2020-08-04 11:00:00,2020-08-04 17:00:00,2020,tropical-cyclone,BX;BK;MN;QN;SI,0,152384,0,1,ok,0,ok,1,ok,18880000,ok,22302651,ok,82.9,ok,70.0,ok,0.72,ok,0.0,ok,53.9,ok,25017406,ok,29552673,ok,,missing,0,ok,4,ok,103,ok,712,ok,24097,ok,317,ok,81,ok,5.96,4.44,The Battery,4567,"Category 1 Hurricane Isaias with maximum sustained winds of 85 mph, made landfall near Ocean Isle Beach, NC at 11:10 pm on August 3rd. Isaias' intensity weakened back to Tropical Storm strength as its forward speed increased to near 30 mph early morning of August 4th.||The center of Isaias passed about 65 miles west of New York City at 3 pm on August 4, 2020. Tropical storm force winds extended well east of the center of circulation. The highest sustained wind speeds ranged from 35 to 55 mph, with gusts 60 to 80 mph,  across Long Island, NYC and portions of the Lower Hudson Valley, resulting in widespread wind damage and power outages. ||A storm surge as high as 3 to 5 ft across the Lower NY Harbor and the south shore of western Long Island, occurred during low tide, which only resulted in localized minor coastal flood benchmarks being reached in these spots. Greater impacts were realized along the ocean beachfront from 8 to 12 ft surf causing significant beach erosion and flooding. Additionally, rough surf of 4 to 6 ft on far western Long Island Sound caused damage to marinas across��coastal Westchester County. ||Rainfall amounts of 1/2 to 4 1/2 inches were observed across the Lower Hudson Valley, highest amounts across western areas, with 1/2 to 1 1/2 inches observed across NYC, and generally less than an inch across Long Island.||One death resulted from the high winds:|A 60 yr old man was killed in the Briarwood section of Queens near the intersection of 84th Drive and 143rd Street near Smedley Street from a tree falling on his vehicle.||One injury resulted from the high winds:|A woman was critically injured when a falling tree branch hit her while walking on Dumont Avenue in Brownsville Brooklyn.||Preliminary damage cost estimates for Public Assistance are:|||The number of power outages statewide peaked around 920000 on August 4-5th, with many outages lasting several days to a week. The state lost around xx percent of their tree population."
E20200825-151552,,2020-08-25 17:12:00,2020-08-25 17:30:00,2020,thunderstorm,BX;QN,0,151552,0,0,ok,0,ok,0,ok,12000,ok,14175,ok,93.0,ok,71.1,ok,0.36,ok,0.0,ok,40.9,ok,,na,,na,,na,0,ok,0,ok,144,ok,573,ok,1972,ok,182,ok,85,ok,,,,,A cold front and an upper level disturbance triggered severe thunderstorms across Southeastern New York.
E20201102-154487,,2020-11-02 12:00:00,2020-11-02 13:00:00,2020,high-winds,MN,0,154487,0,0,ok,0,ok,0,ok,,missing,,missing,46.9,ok,37.9,ok,0.0,ok,0.0,ok,38.9,ok,,na,,na,,na,0,ok,0,ok,3162,ok,276,ok,622,ok,209,ok,89,ok,4.35,0.27,The Battery,,"The pressure gradient behind the passage of a cold front had tightened over the area, causing high winds to parts of Southeastern New York during the later morning to early afternoon hours."
E20201115-154092,,2020-11-15 20:35:00,2020-11-15 20:50:00,2020,thunderstorm,MN;QN,0,154092,0,0,ok,0,ok,0,ok,10000,ok,11813,ok,64.9,ok,34.0,ok,0.34,ok,0.0,ok,48.1,ok,,na,,na,,na,0,ok,0,ok,2133,ok,442,ok,588,ok,156,ok,47,ok,,,,,A strong cold front triggered convective showers and thunderstorms across Southeastern New York.
E20201130-154491,,2020-11-30 12:00:00,2020-11-30 14:00:00,2020,high-winds,QN,0,154491,0,0,ok,0,ok,0,ok,,missing,,missing,66.9,ok,43.0,ok,1.23,ok,0.0,ok,42.9,ok,,na,,na,,na,0,ok,0,ok,1740,ok,604,ok,392,ok,194,ok,68,ok,6.02,3.13,The Battery,,"Low pressure passed to the northwest, bringing high winds to the area."
E20201216-155048,,2020-12-16 15:00:00,2020-12-17 12:00:00,2020,winter-storm,BX;BK;MN;QN;SI,0,155048,0,0,ok,0,ok,0,ok,0,ok,0,ok,34.0,ok,24.3,ok,1.52,ok,11.4,ok,40.0,ok,,na,,na,,na,5236,ok,1,ok,6422,ok,358,ok,183,ok,368,ok,88,ok,,,,,"Low pressure developed along the Middle Atlantic coast on Wednesday December 16, 2020. The low deepened as it tracked northward towards Long Island, NY through the night on December 16, 2020.  Arctic high pressure situated over southeast Canada provided a cold and dry air mass ahead of the low supporting moderate to locally heavy snowfall at the onset. The low pressure ultimately tracked from near Atlantic City, NJ to about 50 miles south of Fire Island, NY before sliding offshore Thursday December 17, 2020. This track led to warmer air aloft moving over the NYC metro and Long Island, changing the snow to a mixture of sleet and rain. Surface temperatures briefly warmed into the upper 30s across central and eastern Long Island early on December 17, 2020, changing the precipitation to plain rain. Once the low began moving away from Long Island, temperatures fell significantly below freezing with snow returning as the event ended. Any snowmelt and standing water refroze on Long Island. Any mixed precipitation was brief in the NYC metro and predominately snow fell across the Lower Hudson Valley. The storm significantly impacted travel during the evening commute on Wednesday December 16, 2020 and the morning commute on Thursday December 17, 2020. Many accidents resulted from the snow and icy conditions. Snowfall rates ranged from 1 to 2 inches per hour Wednesday evening. Total snowfall ranged from around 4 inches across coastal southeast Long Island to as much as 14 inches in Orange County.  6 to 12 inches of snow fell in the NYC metro. Strong wind gusts also occurred with the storm, 35 to 60 mph, with some coastal stations reporting gusts as high as 74 mph on Long Island."
E20201225-155149,,2020-12-25 00:00:00,2020-12-25 04:00:00,2020,high-winds,BX;BK;QN,0,155149,0,0,ok,0,ok,0,ok,,missing,,missing,63.0,ok,28.2,ok,0.92,ok,0.0,ok,44.1,ok,,na,,na,,na,0,ok,0,ok,2308,ok,286,ok,414,ok,108,ok,34,ok,7.04,3.06,The Battery,,"A cold front with high winds ahead of it passed through during the early morning hours of December 25, 2020."
E20210129-155495,,2021-01-29 05:00:00,2021-01-29 14:00:00,2021,high-winds,MN;QN,0,155495,0,0,ok,0,ok,0,ok,,missing,,missing,28.2,ok,14.2,ok,0.0,ok,0.0,ok,45.0,ok,,na,,na,,na,0,ok,0,ok,5965,ok,611,ok,121,ok,179,ok,68,ok,4.26,0.15,The Battery,,High winds occurred over the region as high pressure built in from the west behind a strengthening coastal low pressure system heading northeast after passing well to the south.
E20210201-155867,,2021-02-01 00:00:00,2021-02-03 08:00:00,2021,winter-storm,BX;BK;MN;QN;SI,0,155867,0,0,ok,0,ok,0,ok,0,ok,0,ok,37.9,ok,22.1,ok,1.99,ok,16.0,ok,40.9,ok,,na,,na,,na,0,ok,0,ok,5778,ok,690,ok,160,ok,484,ok,72,ok,,,,,"Low pressure developed over the Ohio Valley and Middle Atlantic on Sunday, January 31, 2021. The low then consolidated along the Middle Atlantic coast early on Monday, February 1, 2021 and intensified as it slowly tracked to the north-northeast. The low meandered slowly north as it moved along the northeast and New England coast later on Monday February 1, 2021 through Wednesday, February 3, 2021. The low brought a major winter storm to Southeast New York, with the most significant impacts occurring on Monday, February 1, 2021.  3 to 6 inches of snow had already accumulated across the New York City metro by the start of the morning commute. Near blizzard conditions then occurred through the rest of the morning into the early afternoon with snowfall rates of 1 to 3 inches per hour. Strong winds combined with these heavy snow rates to produce visibilities one quarter mile or less at times. The heavier bands of snow lifted north across the rest of southeast New York in the afternoon. Some warmer air moved over portions of New York City and Long Island late on Monday, February 1, 2021, which change the snow to sleet and even some light rain early Tuesday, February 2, 2021. Colder air returned however later Tuesday, February 2, 2021, changing all lingering precipitation to light snow. Light snow bands lingered across some of Southeast New York through the early morning hours on February 3, 2021. Snowfall totals ranged from 4 to 10 inches across eastern Long Island, with the rest of southeast New York receiving 12 to 18 inches of snow. Portions of the Lower Hudson Valley observed 20 inches of snow with some locations observing around two feet. Winds gusted 40 to 55 mph at times on Monday, February 1, 2021, which caused power outages. Travel was also severely impacted as many flights were cancelled  and travel by train was suspended. New York City issued a Winter Weather Emergency Declaration restricting all non-emergency travel on Monday, February 1, 2021. COVID testing and vaccination sites were closed. Impacts were limited on February 2, 2021 and February 3, 2021 as the snow was largely light."
E20210207-155989,,2021-02-07 09:00:00,2021-02-07 18:00:00,2021,heavy-snow;winter-storm,BX;BK;MN;QN;SI,0,155989,0,0,ok,0,ok,0,ok,0,ok,0,ok,39.9,ok,24.3,ok,0.46,ok,6.9,ok,25.1,ok,,na,,na,,na,0,ok,0,ok,2450,ok,250,ok,109,ok,155,ok,70,ok,,,,,"Low pressure developed off the NC/VA coast during the morning on Sunday, February 7, 2021. The low then tracked northeast away from the Middle Atlantic through the afternoon as it intensified, then well south and east of Long Island in the late afternoon and evening. A band of moderate to heavy snow developed across southern portions of the Lower Hudson Valley during the late morning hours. and the continued moving east across portions of the New York City metro and Long Island through the rest of afternoon. The initial moderate to heavy snow band merged with a second band developing across eastern Long Island in the afternoon. Snowfall rates within the bands were around one to as high as two inches per hour at times. Surrounding this moderate to heavy band was a steady snowfall through much of the day. Snowfall accumulation across much of Southern Connecticut ranged from 3 to as high as 9 inches."
E20210218-156086,,2021-02-18 07:00:00,2021-02-19 20:00:00,2021,winter-storm,BX;BK;MN;QN;SI,0,156086,0,0,ok,0,ok,0,ok,0,ok,0,ok,34.0,ok,24.3,ok,0.74,ok,5.3,ok,21.9,ok,,na,,na,,na,0,ok,0,ok,3517,ok,344,ok,57,ok,296,ok,98,ok,,,,,"A long duration wintry weather event occurred on Thursday, February 18, 2021 through Friday, February 19, 2021. A frontal wave of low pressure developed off the Middle Atlantic coast on February 18, 2021. The frontal wave combined with a strong upper level to produce a brief period of moderate to heavy snowfall during the morning and early afternoon on Thursday, February 18, 2021. The snow also mixed with sleet at times during the late morning and early afternoon hours across portions of the New York City metro and Long Island. Snowfall rates of 1 inch per hour occurred with locally 2 inches per hour at times. The precipitation became light and changed to spotty freezing rain and freezing drizzle during the late afternoon through the overnight hours on February 18, 2021. The overall weather pattern did not change to much on Friday, February 19, 2021. Weak waves of low pressure continued to track along the frontal zone off the Middle Atlantic coast, combining with the lingering strong jet stream aloft to produce periods of mainly light snow. The light snow persisted into the early evening hours before tapering off just before midnight on Friday, February 19, 2021."
E20210301-155221,,2021-03-01 23:30:00,2021-03-02 00:30:00,2021,high-winds,QN,0,155221,0,0,ok,0,ok,0,ok,,missing,,missing,48.9,ok,21.2,ok,0.18,ok,0.0,ok,40.0,ok,,na,,na,,na,0,ok,0,ok,2810,ok,680,ok,364,ok,327,ok,127,ok,5.33,0.86,The Battery,,"A strong cold front passed through during the late day to early evening hours of March 1, 2021. High winds occurred after its passage during the nighttime hours into early morning March 2, 2021."
E20210313-155514,,2021-03-13 01:00:00,2021-03-13 03:00:00,2021,high-winds,QN,0,155514,0,0,ok,0,ok,0,ok,,missing,,missing,53.1,ok,33.1,ok,0.0,ok,0.0,ok,42.9,ok,,na,,na,,na,0,ok,0,ok,1493,ok,274,ok,211,ok,160,ok,49,ok,4.65,0.27,The Battery,,A strong cold front passed through the region early in the morning with high winds in its wake.
E20210314-155515,,2021-03-14 14:00:00,2021-03-14 15:00:00,2021,high-winds,QN,0,155515,0,0,ok,0,ok,0,ok,,missing,,missing,55.9,ok,30.2,ok,0.0,ok,0.0,ok,46.1,ok,,na,,na,,na,0,ok,0,ok,2079,ok,315,ok,277,ok,161,ok,55,ok,5.17,0.43,The Battery,,A strong cold front passed through the region with high winds in its wake.
E20210328-156608,,2021-03-28 18:48:00,2021-03-28 18:48:00,2021,thunderstorm,SI,0,156608,0,0,ok,0,ok,0,ok,0,ok,0,ok,66.0,ok,45.0,ok,0.79,ok,0.0,ok,38.0,ok,,na,,na,,na,0,ok,1,ok,1122,ok,367,ok,351,ok,134,ok,34,ok,,,,,A cold front and a rigorous mid level shortwave triggered convective showers and embedded thunderstorms across the Southeastern New York.
E20210421-156983,,2021-04-21 13:25:00,2021-04-21 13:40:00,2021,thunderstorm;hail,BK;QN,0,156983,0,0,ok,0,ok,0,ok,4000,ok,4573,ok,75.0,ok,39.0,ok,0.27,ok,0.0,ok,38.0,ok,,na,,na,,na,0,ok,0,ok,1432,ok,325,ok,525,ok,181,ok,84,ok,,,,,A complex frontal boundary and a rigorous shortwave triggered convective showers and embedded thunderstorms across Southeastern New York.
E20210421-156985,,2021-04-21 13:54:00,2021-04-21 14:04:00,2021,thunderstorm,,1,156985,0,0,ok,0,ok,0,ok,0,ok,0,ok,75.0,ok,39.0,ok,0.27,ok,0.0,ok,38.0,ok,,na,,na,,na,0,ok,0,ok,1432,ok,325,ok,525,ok,181,ok,84,ok,,,,,A complex frontal boundary and a rigorous shortwave triggered convective showers and embedded thunderstorms across the coastal waters.
E20210428-157002,,2021-04-28 20:33:00,2021-04-28 20:33:00,2021,thunderstorm,,1,157002,0,0,ok,0,ok,0,ok,0,ok,0,ok,89.1,ok,50.0,ok,0.05,ok,0.0,ok,32.0,ok,,na,,na,,na,0,ok,0,ok,362,ok,405,ok,491,ok,235,ok,112,ok,,,,,"A slow moving frontal boundary triggered a line of convective showers with gusty winds from thunderstorms that formed off to the west, which gradually weakened as they moved east and into the western coastal waters."
E20210430-158204,,2021-04-30 13:00:00,2021-04-30 16:00:00,2021,high-winds,MN;QN,0,158204,0,0,ok,0,ok,0,ok,0,ok,0,ok,73.0,ok,46.0,ok,0.03,ok,0.0,ok,42.9,ok,,na,,na,,na,0,ok,1,ok,590,ok,278,ok,810,ok,227,ok,95,ok,5.01,0.81,The Battery,,"After a cold front passage during the predawn hours, an associated low pressure system strengthened along the New England Coast, tightening the pressure gradient and causing high winds across parts of Southeastern New York."
E20210522-161463,,2021-05-22 20:00:00,2021-05-22 22:00:00,2021,coastal-hazard,QN,0,161463,0,1,ok,0,ok,0,ok,0,ok,0,ok,96.1,ok,57.9,ok,0.0,ok,0.0,ok,21.9,ok,,na,,na,,na,0,ok,0,ok,210,ok,364,ok,408,ok,235,ok,133,ok,5.09,0.07,The Battery,,"East to southeast ocean swells of 4 to 6 ft likely resulted in rough surf and a high risk of rip currents Saturday Night into Sunday ahead of an approaching cold front. NWS New York, NY Surf Zone Forecast program begin until 5/27."
E20210526-157934,,2021-05-26 18:03:00,2021-05-26 18:03:00,2021,thunderstorm,,1,157934,0,0,ok,0,ok,0,ok,0,ok,0,ok,93.9,ok,60.1,ok,0.09,ok,0.0,ok,45.0,ok,,na,,na,,na,0,ok,0,ok,205,ok,539,ok,600,ok,214,ok,107,ok,,,,,A cold front triggered thunderstorms across the coastal waters.
E20210601-157996,,2021-06-01 15:00:00,2021-06-04 14:56:00,2021,thunderstorm,,1,157996,0,0,ok,0,ok,0,ok,0,ok,0,ok,82.9,ok,52.0,ok,0.98,ok,0.0,ok,36.0,ok,,na,,na,,na,1974,ok,1,ok,513,ok,1204,ok,1709,ok,852,ok,345,ok,,,,,A pre-frontal trough and upper level disturbance triggered severe thunderstorms across the coastal waters.
E20210604-157997,,2021-06-04 14:49:00,2021-06-04 15:08:00,2021,thunderstorm;hail,BX;BK;MN;QN;SI,0,157997,0,0,ok,0,ok,0,ok,72000,ok,82322,ok,82.9,ok,61.0,ok,0.67,ok,0.0,ok,36.0,ok,,na,,na,,na,1974,ok,1,ok,154,ok,644,ok,688,ok,207,ok,76,ok,,,,,A pre-frontal trough and upper level disturbance triggered severe thunderstorms across Southeastern New York.
E20210608-158003,,2021-06-08 14:53:00,2021-06-08 15:18:00,2021,thunderstorm,,1,158003,0,0,ok,0,ok,0,ok,0,ok,0,ok,93.0,ok,66.0,ok,2.19,ok,0.0,ok,30.0,ok,,na,,na,,na,4132,ok,1,ok,256,ok,1221,ok,862,ok,240,ok,106,ok,,,,,A surface trough in a warm and humid air mass triggered severe thunderstorms across the coastal waters.
E20210608-158006,,2021-06-08 15:14:00,2021-06-08 15:43:00,2021,thunderstorm,BX;QN,0,158006,0,0,ok,0,ok,0,ok,19000,ok,21724,ok,93.0,ok,66.0,ok,2.19,ok,0.0,ok,30.0,ok,,na,,na,,na,4132,ok,1,ok,256,ok,1221,ok,862,ok,240,ok,106,ok,,,,,A surface trough in a warm and humid air mass triggered severe thunderstorms across Southeastern New York.
E20210608-160336,,2021-06-08 16:00:00,2021-06-08 16:30:00,2021,flash-flooding,BX,0,160336,0,0,ok,0,ok,0,ok,0,ok,0,ok,93.0,ok,66.0,ok,2.19,ok,0.0,ok,30.0,ok,,na,,na,,na,4132,ok,1,ok,256,ok,1221,ok,862,ok,240,ok,106,ok,4.87,0.34,The Battery,,"A passing shortwave combined with a surface trough resulted in the development of showers and thunderstorms across the Lower Hudson Valley during the early afternoon hours. These thunderstorms developed in an environment with weak steering flow and high precipitable water values, resulting in several reports of flash flooding. Based on upper air soundings from Upton, NY, precipitable water values increased from around 1.75 inches on the morning of June 8th to just over 2 inches that evening. Rainfall amounts varied widely across the area, with a COOP observer in Port Jervis reporting 1.85 inches of rain and the ASOS at the White Plains Airport recording 1.55 inches."
E20210630-160500,,2021-06-30 20:48:00,2021-06-30 20:48:00,2021,thunderstorm,,1,160500,0,0,ok,0,ok,0,ok,0,ok,0,ok,102.9,ok,73.0,ok,0.65,ok,0.0,ok,31.1,ok,,na,,na,,na,0,ok,2,ok,251,ok,1908,ok,661,ok,245,ok,109,ok,,,,,A low pressure trough in a warm and humid air mass triggered severe thunderstorms across the coastal waters.
E20210630-160498,,2021-06-30 21:00:00,2021-06-30 21:00:00,2021,thunderstorm,MN,0,160498,0,0,ok,0,ok,0,ok,3000,ok,3430,ok,102.9,ok,73.0,ok,0.65,ok,0.0,ok,31.1,ok,,na,,na,,na,0,ok,2,ok,251,ok,1908,ok,661,ok,245,ok,109,ok,,,,,A low pressure trough in a warm and humid air mass triggered severe thunderstorms across Southeastern New York.
E20210702-161698,,2021-07-02 15:27:00,2021-07-02 16:00:00,2021,flash-flooding,QN,0,161698,0,0,ok,0,ok,0,ok,0,ok,0,ok,81.0,ok,62.1,ok,1.53,ok,0.0,ok,28.0,ok,,na,,na,,na,244,ok,1,ok,131,ok,717,ok,539,ok,232,ok,130,ok,5.31,0.91,The Battery,,"Low pressure meandering along a stalled frontal boundary produced scattered showers and thunderstorms across the region. With light upper level flow, these storms were generally slow moving, resulting in flash flooding across parts of New York City and the Lower Hudson Valley. Rainfall amounts in the heaviest storms ranged from around 1 to 1.5 inches."
E20210706-161142,,2021-07-06 17:30:00,2021-07-06 17:45:00,2021,thunderstorm,MN;QN,0,161142,0,0,ok,0,ok,0,ok,4000,ok,4573,ok,97.0,ok,71.1,ok,0.55,ok,0.0,ok,47.0,ok,,na,,na,,na,159097,ok,2,ok,163,ok,1187,ok,2444,ok,218,ok,84,ok,,,,,A pre-frontal trough in an increasingly warm and humid air mass triggered severe thunderstorms across Southeastern New York.
E20210706-161141,,2021-07-06 17:30:00,2021-07-06 17:37:00,2021,thunderstorm,,1,161141,0,0,ok,0,ok,0,ok,0,ok,0,ok,97.0,ok,71.1,ok,0.55,ok,0.0,ok,47.0,ok,,na,,na,,na,159097,ok,2,ok,163,ok,1187,ok,2444,ok,218,ok,84,ok,,,,,A pre-frontal trough in an increasingly warm and humid air mass triggered severe thunderstorms across the coastal waters.
E20210708-161710,,2021-07-08 14:55:00,2021-07-08 17:25:00,2021,flash-flooding,BX;MN,0,161710,0,0,ok,0,ok,0,ok,0,ok,0,ok,88.0,ok,71.1,ok,2.27,ok,0.0,ok,21.9,ok,,na,,na,,na,30267,ok,6,ok,178,ok,1528,ok,1430,ok,204,ok,102,ok,5.48,0.73,The Battery,,"A predecessor rainfall event resulted in flash flooding across portions of the area as moisture streaming northward ahead of Tropical Storm Elsa encountered a stationary boundary draped across the area. Rainfall amounts ranged 2-4 inches across portions of Manhattan, the Bronx, and Westchester County, with lesser amounts elsewhere. The ASOS in Central Park reported 2.27 inches of rain from this event, while the New York State Mesonet station in Fordham reported 3.55 inches."
E20210717-161375,,2021-07-17 14:37:00,2021-07-17 14:48:00,2021,thunderstorm,,1,161375,0,0,ok,0,ok,0,ok,0,ok,0,ok,93.0,ok,71.1,ok,2.28,ok,0.0,ok,44.1,ok,,na,,na,,na,0,ok,1,ok,149,ok,859,ok,407,ok,220,ok,112,ok,,,,,A slow moving frontal boundary in a warm and humid air mass triggered severe thunderstorms across the coastal waters.
E20210721-161901,,2021-07-21 15:55:00,2021-07-21 15:55:00,2021,thunderstorm,QN,0,161901,0,0,ok,0,ok,0,ok,3000,ok,3430,ok,84.9,ok,68.0,ok,0.89,ok,0.0,ok,23.0,ok,,na,,na,,na,0,ok,0,ok,126,ok,652,ok,624,ok,222,ok,100,ok,,,,,A cold front along with an mid level disturbance triggered a severe thunderstorm across Southeastern New York.
E20210811-161959,,2021-08-11 20:12:00,2021-08-11 20:18:00,2021,thunderstorm,,1,161959,0,0,ok,0,ok,0,ok,0,ok,0,ok,95.0,ok,73.0,ok,1.25,ok,0.0,ok,30.0,ok,,na,,na,,na,0,ok,0,ok,143,ok,941,ok,618,ok,208,ok,78,ok,,,,,A low pressure trough in a warm and humid air mass triggered severe thunderstorms across the coastal waters.
E20210812-162004,,2021-08-12 16:15:00,2021-08-12 16:16:00,2021,thunderstorm,BX,0,162004,0,1,ok,0,ok,6,ok,150000,ok,171505,ok,98.1,ok,73.9,ok,0.0,ok,0.0,ok,36.0,ok,,na,,na,,na,0,ok,0,ok,141,ok,1158,ok,523,ok,204,ok,101,ok,,,,,A low pressure trough in a hot and humid air mass triggered severe thunderstorms across Southeastern New York.
E20210821-162612,,2021-08-21 21:00:00,2021-08-22 01:29:00,2021,flash-flooding,BX;BK;MN;QN;SI,0,162612,0,0,ok,0,ok,0,ok,0,ok,0,ok,84.0,ok,70.0,ok,7.12,ok,0.0,ok,21.9,ok,,missing,,missing,,missing,891699,ok,65,ok,279,ok,2055,ok,993,ok,377,ok,203,ok,6.76,1.22,The Battery,3565,"Showers and thunderstorms streaming northward well ahead of approaching Hurricane Henri resulted in flash flooding across portions of New York City and Western Long Island. This rainfall developed in a moisture-rich environment, with the 8pm sounding from Upton, NY recording precipitable water values around 2.25 inches. Rainfall totals from this predecessor rainfall event ranged from 1-5 inches. The ASOS in Central Park recorded 4.45 inches of rain for August 21, a new record for the date, much of which fell within a three hour period from 9pm to midnight."
E20210822-162621,,2021-08-22 14:42:00,2021-08-23 06:15:00,2021,flash-flooding;inland-flooding,BX;BK;QN,0,162621,0,0,ok,0,ok,0,ok,0,ok,0,ok,90.0,ok,70.0,ok,3.74,ok,0.0,ok,25.1,ok,,missing,,missing,,missing,627295,ok,51,ok,323,ok,1992,ok,1109,ok,348,ok,178,ok,6.28,1.22,The Battery,3565,"Rainfall from Tropical Storm Henri resulted in widespread flash flooding across southeastern New York, particularly portions of the Lower Hudson Valley. With a tropical airmass in place (precipitable water values greater than 2 inches), rainfall totals generally ranged from 2-5 inches, with this rain coming in addition to the 2-5 inches that fell during the predecessor rainfall event the night before. This resulted in widespread rainfall amounts of 3-6 inches in many locations over a 24-36 hour period. The ASOS in Central Park recorded an additional 3.39 inches of rain, for a total of 7.84 inches across the two days."
E20210827-162029,,2021-08-27 15:06:00,2021-08-27 15:12:00,2021,thunderstorm,,1,162029,0,0,ok,0,ok,0,ok,0,ok,0,ok,96.1,ok,75.0,ok,1.34,ok,0.0,ok,30.0,ok,,missing,,missing,,missing,47442,ok,7,ok,118,ok,922,ok,532,ok,228,ok,101,ok,,,,3565,A cold front triggered severe thunderstorms across the coastal waters.
E20210827-162030,,2021-08-27 15:45:00,2021-08-27 16:10:00,2021,thunderstorm,SI,0,162030,0,0,ok,0,ok,0,ok,5000,ok,5717,ok,96.1,ok,75.0,ok,1.34,ok,0.0,ok,30.0,ok,,missing,,missing,,missing,47442,ok,7,ok,118,ok,922,ok,532,ok,228,ok,101,ok,,,,3565,"A cold front triggered a severe thunderstorm in Staten Island, New York."
E20210827-162768,,2021-08-27 18:02:00,2021-08-27 18:32:00,2021,flash-flooding,SI,0,162768,0,0,ok,0,ok,0,ok,0,ok,0,ok,96.1,ok,75.0,ok,1.34,ok,0.0,ok,30.0,ok,,missing,,missing,,missing,47442,ok,7,ok,118,ok,922,ok,532,ok,228,ok,101,ok,5.45,0.56,The Battery,3565,"A backdoor cold front approached the area during the afternoon before stalling across the region during the evening and overnight. This front sparked a few widely scattered thunderstorms in a moisture rich environment, with precipitable water values from both the 8am and 8pm soundings from Upton, NY measuring around 2 inches. With weak upper level flow resulting in slow storm motions and wet antecedent conditions as a result of rainfall associated with Tropical Storm Henri less than a week earlier, this resulted in isolated flash flooding in Staten Island during the afternoon and across parts of Suffolk County overnight."
E20210901-163555,,2021-09-01 17:45:00,2021-09-02 01:53:00,2021,flash-flooding,BX;BK;MN;QN;SI,0,163555,0,11,ok,2,ok,0,ok,354000000,ok,404751186,ok,80.1,ok,61.0,ok,8.44,ok,0.0,ok,40.0,ok,551010230,ok,630005775,ok,164543464,ok,30329667,ok,1112,ok,1137,ok,6379,ok,1664,ok,428,ok,176,ok,5.69,2.39,The Battery,4615;3572,"Extremely heavy rainfall associated with the remnants of Hurricane Ida overspread southeast New York during the evening of September 1 and continued through the early morning hours of September 2. Rainfall totals ranged from 5-8 inches across much of the region, with much of that rain falling in just a few hours. The ASOS at Central Park recorded 7.19 inches of rain, including 3.15 inches in a single hour between approximately 9:00-10:00pm. This resulted in widespread catastrophic flash flooding across New York City that resulted in extensive road and subway closures and numerous water rescues. Additional rainfall totals from around the region include 7.38 inches at a New York Mesonet station in Fordham in the Bronx, a report of 7.00 inches from a CoCoRaHS observer in Boerum Hill, Brooklyn, 6.90 inches from the ASOS at LaGuardia Airport, a spotter report of 6.18 inches in Monroe, a spotter report of 8.09 inches in Scarsdale, and a CoCoRaHS report of 6.72 inches in Locust Valley. Ultimately 17 people died as a result of the flash flooding, including 13 in New York City and 4 in the Lower Hudson Valley."
E20210913-162343,,2021-09-13 21:04:00,2021-09-13 21:04:00,2021,thunderstorm,,1,162343,0,0,ok,0,ok,0,ok,0,ok,0,ok,88.0,ok,66.9,ok,0.2,ok,0.0,ok,25.9,ok,,na,,na,,na,4744,ok,2,ok,312,ok,716,ok,605,ok,250,ok,107,ok,,,,,"A mid-level shortwave moved across the area, with a front stalled just over southwestern locations. Strong thunderstorms developed and moved off the NJ/NY coast into the waters."
E20211016-163389,,2021-10-16 16:04:00,2021-10-16 16:18:00,2021,thunderstorm,,1,163389,0,0,ok,0,ok,0,ok,0,ok,0,ok,82.0,ok,55.9,ok,0.25,ok,0.0,ok,30.0,ok,,na,,na,,na,0,ok,1,ok,432,ok,224,ok,227,ok,237,ok,112,ok,,,,,A line of showers associated with an upper level trough and surface cold front brought strong thunderstorms over the coastal waters.
E20211029-163078,,2021-10-29 20:00:00,2021-10-29 21:00:00,2021,high-winds,BK,0,163078,0,0,ok,0,ok,0,ok,0,ok,0,ok,61.0,ok,46.9,ok,0.47,ok,0.0,ok,36.9,ok,,na,,na,,na,0,ok,1,ok,2621,ok,346,ok,537,ok,238,ok,103,ok,6.47,4.28,The Battery,,"As low pressure slowly approaches from the Ohio Valley with high pressure centered over southeastern Canada, high winds occur over southeastern New York as the pressure gradient tightens during the night of October 29th."
E20211113-163746,,2021-11-13 14:15:00,2021-11-13 14:40:00,2021,hail;thunderstorm,BK;MN;QN,0,163746,0,0,ok,0,ok,0,ok,10000,ok,11434,ok,66.0,ok,39.0,ok,0.33,ok,0.0,ok,40.9,ok,,na,,na,,na,11501,ok,1,ok,2773,ok,274,ok,449,ok,218,ok,91,ok,,,,,"A strong and slow moving frontal boundary, along with a potent mid level disturbance triggered strong to severe thunderstorms which impacted Southeastern New York. Six tornadoes also touched down across Long Island with one in Nassau County and five across Suffolk County."
E20211202-163676,,2021-12-02 22:16:00,2021-12-02 22:30:00,2021,thunderstorm,,1,163676,0,0,ok,0,ok,0,ok,0,ok,0,ok,60.1,ok,45.0,ok,0.07,ok,0.0,ok,38.9,ok,,na,,na,,na,0,ok,0,ok,1817,ok,437,ok,232,ok,214,ok,113,ok,,,,,A surface trough and a potent mid level disturbance triggered convective showers across the coastal waters.
E20220105-164808,,2022-01-05 04:54:00,2022-01-05 07:50:00,2022,winter-storm,BX;MN;QN;SI,0,164808,0,0,ok,0,ok,0,ok,0,ok,0,ok,48.0,ok,25.2,ok,0.29,ok,0.0,ok,16.1,ok,,na,,na,,na,0,ok,0,ok,2406,ok,378,ok,198,ok,180,ok,94,ok,,,,,"A southwest flow aloft overran a retreating and shallow cold air mass along a weak stationary boundary. This resulted in a brief but impactful period of wintry mix of precipitation which included freezing rain during the early morning hours and into the initial stages of the morning commute, but most impacts occurred just before the start of the main part of the morning commute."
E20220107-164617,,2022-01-07 00:00:00,2022-01-07 09:00:00,2022,winter-storm;heavy-snow,BX;BK;MN;QN;SI,0,164617,0,0,ok,0,ok,0,ok,0,ok,0,ok,36.0,ok,23.2,ok,0.38,ok,9.7,ok,30.0,ok,,na,,na,,na,0,ok,0,ok,3577,ok,221,ok,78,ok,200,ok,68,ok,,,,,"Coastal low pressure along the polar front developed in response to an upper level disturbance. This result in an moderate snowfall across the interior sections of the Lower Hudson Valley, with heavier snow across more southern and southeastern locations."
E20220117-165813,,2022-01-17 02:54:00,2022-01-17 03:23:00,2022,thunderstorm,,1,165813,0,0,ok,0,ok,0,ok,0,ok,0,ok,46.0,ok,33.1,ok,1.3,ok,0.0,ok,42.9,ok,,na,,na,,na,0,ok,0,ok,3738,ok,670,ok,525,ok,141,ok,38,ok,,,,,A frontal system approached from the southwest at the surface along with a closed upper level low. A broken like of convection produced strong to severe wind gusts over the coastal waters.
E20220117-165816,,2022-01-17 03:05:00,2022-01-17 03:05:00,2022,thunderstorm,BX,0,165816,0,0,ok,0,ok,0,ok,0,ok,0,ok,46.0,ok,33.1,ok,1.3,ok,0.0,ok,42.9,ok,,na,,na,,na,0,ok,0,ok,3738,ok,670,ok,525,ok,141,ok,38,ok,,,,,A frontal system approached from the southwest at the surface along with a closed upper level low. A broken like of convection produced strong to severe wind gusts across southern NY.
E20220128-165058,,2022-01-28 20:00:00,2022-01-29 16:00:00,2022,winter-storm,BX;BK;MN;QN;SI,0,165058,0,0,ok,0,ok,0,ok,0,ok,0,ok,35.1,ok,10.2,ok,0.9,ok,11.2,ok,36.9,ok,,na,,na,,na,0,ok,0,ok,7252,ok,468,ok,160,ok,383,ok,95,ok,,,,,"A Nor'easter tracked just east of the benchmark bringing the highest snowfall totals and strongest winds to eastern coastal sections. Blizzard conditions verified across Suffolk County on Long Island, with near blizzard conditions for Southern Queens and Nassau Counties. Islip, NY set a record for its highest calendar day (midnight to midnight) snowfall total with 23.5 inches. The storm total for Islip was 24.7 inches. Winds were a factor even further west into New York City and Southern Westchester were 6 inches or more of snow fell on average. East of New York City widespread amounts of 10 to 20 inches were reported across Long Island. Widespread wind gusts of 40 to 50 mph were reported from New York City on east into Long Island. A few peak wind gusts exceeding 60 mph were reported across Suffolk County."
E20220213-165394,,2022-02-13 03:00:00,2022-02-13 15:00:00,2022,winter-storm,BX;BK;QN,0,165394,0,0,ok,0,ok,0,ok,0,ok,0,ok,43.0,ok,25.2,ok,0.25,ok,2.8,ok,23.0,ok,,na,,na,,na,0,ok,0,ok,2744,ok,277,ok,121,ok,156,ok,72,ok,,,,,Weak low pressure developed along a frontal wave along the southeast coastline and moved northeast offshore as 700 mb frontogenesis contributed to sub advisory and advisory level snowfall across Southeastern New York. Impacts were minimal as the snow was wet in nature and had difficulty sticking on cement surfaces. Not all zones are entered as with a warm ground some zones had under 2.5 inches of accumulated snow.
E20220218-165983,,2022-02-18 06:30:00,2022-02-18 06:30:00,2022,thunderstorm,,1,165983,0,0,ok,0,ok,0,ok,0,ok,0,ok,64.0,ok,26.2,ok,0.39,ok,0.0,ok,48.1,ok,,na,,na,,na,0,ok,0,ok,2134,ok,418,ok,334,ok,186,ok,86,ok,,,,,"Low pressure passes to our north and west and dragged a cold front through the waters. Accompanying the cold front was a line of showers and thunderstorms, some of which produced damaging wind gusts."
E20220218-165984,,2022-02-18 06:40:00,2022-02-18 06:40:00,2022,thunderstorm,BK,0,165984,0,0,ok,0,ok,0,ok,0,ok,0,ok,64.0,ok,26.2,ok,0.39,ok,0.0,ok,48.1,ok,,na,,na,,na,0,ok,0,ok,2134,ok,418,ok,334,ok,186,ok,86,ok,,,,,"Low pressure passes to our north and west and dragged a cold front through southeastern NY. Accompanying the cold front was a line of showers and thunderstorms, some of which produced damaging wind gusts."
E20220225-165457,,2022-02-25 02:00:00,2022-02-25 10:00:00,2022,winter-storm,SI,0,165457,0,0,ok,0,ok,0,ok,0,ok,0,ok,45.0,ok,26.2,ok,0.84,ok,0.4,ok,29.1,ok,,na,,na,,na,0,ok,0,ok,2112,ok,408,ok,272,ok,153,ok,52,ok,,,,,"Low pressure moved northeast along the Tennessee Valley and the Lower Appalachains and redeveloped along the Mid Atlantic coast as it moved northeast. A brief mix of sleet and snow changed to freezing rain, and eventually plain rain before ending. Snow amounts were fairly negligible except in far northern and northwestern areas where approximately a couple of inches of snow and sleet fell before the change to freezing rain and even plain rain in most places. No impact LSRs were issued / reported."
E20220307-167385,,2022-03-07 21:23:00,2022-03-07 21:35:00,2022,thunderstorm,BK;SI,0,167385,0,0,ok,0,ok,0,ok,20000,ok,21552,ok,75.9,ok,48.0,ok,0.06,ok,0.0,ok,45.0,ok,,na,,na,,na,0,ok,0,ok,1377,ok,414,ok,617,ok,232,ok,110,ok,,,,,"A mid-level trough moved through the area as associated low pressure passed to our north and west. The low pressure system dragged a cold front through our area, which sparked and maintained a line of severe thunderstorms to southeastern NY."
E20220401-168904,,2022-04-01 16:00:00,2022-04-01 16:00:00,2022,thunderstorm,,1,168904,0,0,ok,0,ok,0,ok,0,ok,0,ok,61.0,ok,43.0,ok,0.28,ok,0.0,ok,36.0,ok,,na,,na,,na,0,ok,0,ok,1112,ok,324,ok,276,ok,185,ok,93,ok,,,,,"A broad upper level trough and associated surface trough moved through the area during the afternoon/evening hours. With cyclonic flow aloft, daytime heating resulted in the development of showers that produced gusty winds and small hail. Winds over 34 knots were recorded over the waters."
E20220516-169685,,2022-05-16 18:42:00,2022-05-16 18:42:00,2022,thunderstorm,,1,169685,0,0,ok,0,ok,0,ok,0,ok,0,ok,82.9,ok,59.0,ok,0.47,ok,0.0,ok,32.0,ok,,na,,na,,na,0,ok,0,ok,300,ok,544,ok,707,ok,202,ok,91,ok,,,,,In the upper levels a negatively tilted trough approached from the west as associated surface low pressure formed and deepened as it passed to the north and west of the CWA. A strong cold front extending down from the surface low moved through the area allowing for severe thunderstorms to develop.
E20220527-169985,,2022-05-27 15:53:00,2022-05-27 15:53:00,2022,thunderstorm,,1,169985,0,0,ok,0,ok,0,ok,0,ok,0,ok,84.0,ok,62.1,ok,0.46,ok,0.0,ok,25.1,ok,,na,,na,,na,0,ok,0,ok,180,ok,368,ok,503,ok,193,ok,89,ok,,,,,An upper level low over the Ohio Valley translated slowly east as a surface cold front moved toward the area. Ahead of the front a cluster of storms moved into the area from the southwest as a mid-level shortwave and pre-frontal trough provided lift.
E20220528-170192,,2022-05-28 11:30:00,2022-05-28 11:30:00,2022,thunderstorm,SI,0,170192,0,0,ok,0,ok,0,ok,0,ok,0,ok,79.0,ok,62.1,ok,0.72,ok,0.0,ok,35.1,ok,,na,,na,,na,0,ok,0,ok,156,ok,287,ok,414,ok,204,ok,90,ok,,,,,An upper level trough and surface cold front approach from the west sparking a line of severe thunderstorms that moved through the area with damaging winds.
E20220528-169988,,2022-05-28 11:42:00,2022-05-28 12:00:00,2022,thunderstorm,,1,169988,0,0,ok,0,ok,0,ok,0,ok,0,ok,79.0,ok,62.1,ok,0.72,ok,0.0,ok,35.1,ok,,na,,na,,na,0,ok,0,ok,156,ok,287,ok,414,ok,204,ok,90,ok,,,,,An upper level trough and surface cold front approach from the west sparking a line of severe thunderstorms that moved through the area with damaging winds.
E20220617-179005,,2022-06-17 17:00:00,2022-06-17 19:00:00,2022,coastal-hazard,QN,0,179005,0,2,ok,0,ok,0,ok,0,ok,0,ok,95.0,ok,66.9,ok,0.0,ok,0.0,ok,33.1,ok,,na,,na,,na,0,ok,0,ok,193,ok,483,ok,745,ok,249,ok,122,ok,5.44,0.77,The Battery,,"Two beachgoers in the Rockaways drowned due to likely rip currents on June 17th. The rip current risk was low for the NYC beaches, but moderate rip current activity was reported across the Long Island beaches, likely due to the large tidal range."
E20220701-171803,,2022-07-01 15:49:00,2022-07-01 16:50:00,2022,thunderstorm,,1,171803,0,0,ok,0,ok,0,ok,0,ok,0,ok,99.0,ok,70.0,ok,0.0,ok,0.0,ok,35.1,ok,,na,,na,,na,0,ok,0,ok,175,ok,808,ok,406,ok,224,ok,111,ok,,,,,Showers and thunderstorms developed along a pre-frontal trough just west of the area and moved into the southwestern portion of the area. One of these storms became severe and moved over the waters producing severe wind gusts.
E20220718-172759,,2022-07-18 14:41:00,2022-07-18 16:28:00,2022,flash-flooding,BX;MN,0,172759,0,0,ok,0,ok,0,ok,0,ok,0,ok,93.0,ok,69.1,ok,1.85,ok,0.0,ok,31.1,ok,,na,,na,,na,57943,ok,4,ok,248,ok,1436,ok,865,ok,193,ok,86,ok,5.72,0.88,The Battery,,"Several rounds of heavy thunderstorms developed in the warm sector of a frontal system on July 18th, 2022. These thunderstorms developed in an environment with 2 to 2.3 inch PWAT values and CAPE near 3000 J/kg. Training thunderstorms produced a widespread 1 to 3 inches of rainfall with localized spots up to 4 to 5 inches."
E20220721-172514,,2022-07-21 12:12:00,2022-07-21 12:20:00,2022,thunderstorm;hail,BX,0,172514,0,0,ok,0,ok,0,ok,1000,ok,1078,ok,100.0,ok,73.9,ok,0.57,ok,0.0,ok,28.0,ok,,na,,na,,na,0,ok,0,ok,196,ok,1710,ok,749,ok,177,ok,99,ok,,,,,A pre-frontal trough out ahead of a cold front was able to spark severe thunderstorms over an unstable environment in southeast NY.
E20220804-173149,,2022-08-04 19:53:00,2022-08-04 19:53:00,2022,thunderstorm,,1,173149,0,0,ok,0,ok,0,ok,5000,ok,5388,ok,98.1,ok,72.0,ok,0.0,ok,0.0,ok,25.1,ok,,na,,na,,na,0,ok,0,ok,135,ok,1016,ok,550,ok,204,ok,98,ok,,,,,A surface trough off to the west slowly progressed eastward through the day. By the time it got to our area it was able to spark severe thunderstorms over the waters that produced damaging wind gusts.
E20220804-173148,,2022-08-04 19:53:00,2022-08-04 19:53:00,2022,thunderstorm,SI,0,173148,0,0,ok,0,ok,0,ok,5000,ok,5388,ok,98.1,ok,72.0,ok,0.0,ok,0.0,ok,25.1,ok,,na,,na,,na,0,ok,0,ok,135,ok,1016,ok,550,ok,204,ok,98,ok,,,,,A surface trough off to the west slowly progressed eastward through the day. By the time it got to our area it was able to spark severe thunderstorms over southeastern NY that produced damaging wind gusts.
E20220807-173153,,2022-08-07 13:48:00,2022-08-07 13:53:00,2022,thunderstorm,,1,173153,0,0,ok,0,ok,0,ok,0,ok,0,ok,96.1,ok,75.9,ok,0.61,ok,0.0,ok,36.9,ok,,na,,na,,na,0,ok,1,ok,139,ok,1139,ok,409,ok,169,ok,71,ok,,,,,Severe thunderstorms were able to spark across the waters along a surface trough that was lingering over the area. The storms produced damaging wind gusts.
E20220913-174370,,2022-09-13 04:00:00,2022-09-13 14:32:00,2022,flash-flooding,QN,0,174370,0,0,ok,0,ok,0,ok,0,ok,0,ok,88.0,ok,68.0,ok,1.69,ok,0.0,ok,25.1,ok,,na,,na,,na,269907,ok,19,ok,252,ok,1989,ok,747,ok,226,ok,102,ok,6.7,1.36,The Battery,,A batch of moderate rainfall with embedded heavy thunderstorms moved through the area on September 13th bringing flash flooding to the New York City metro area. These thunderstorms developed ahead of a cold front with a low pressure developing overhead in an extremely moisture environment that had precipitable water values of 1.8-2. These thunderstorms dropped between 1 and 3 inches of rainfall in a several hour period resulting in flash flooding.
E20221130-174699,,2022-11-30 16:00:00,2022-11-30 19:00:00,2022,high-winds,QN,0,174699,0,0,ok,0,ok,0,ok,0,ok,0,ok,60.1,ok,35.1,ok,0.5,ok,0.0,ok,36.9,ok,,na,,na,,na,0,ok,0,ok,2896,ok,340,ok,596,ok,176,ok,91,ok,6.6,1.72,The Battery,,"The pressure gradient tightened as a cold front approached from the west. This produced high winds over Southeastern New York in the afternoon to early evening hours of November 30, 2022."
E20221223-177302,,2022-12-23 12:52:00,2022-12-23 12:52:00,2022,thunderstorm,QN,0,177302,0,0,ok,0,ok,0,ok,0,ok,0,ok,59.0,ok,8.2,ok,1.83,ok,0.0,ok,48.1,ok,,na,,na,,na,9885506,ok,417,ok,8090,ok,1062,ok,618,ok,205,ok,93,ok,,,,,A strong low pressure system passed to our north and west over the Great Lakes dragging a strong cold front through southeast NY. The front sparked severe thunderstorms that produced damaging wind gusts.
E20230227-176829,,2023-02-27 20:00:00,2023-02-28 09:00:00,2023,winter-storm,BX;BK;MN;QN,0,176829,0,0,ok,0,ok,0,ok,0,ok,0,ok,46.0,ok,31.1,ok,0.64,ok,2.7,ok,25.9,ok,,na,,na,,na,0,ok,0,ok,3410,ok,479,ok,279,ok,312,ok,134,ok,,,,,"Weak high pressure and a marginally cold air mass was locked into the northeast with blocking to the north across Eastern Canada, while low pressure over the Midwest moved east and redeveloped off the Northern Mid Atlantic coast. This led to the first widespread accumulating snowfall across the CWA."
E20230401-177539,,2023-04-01 18:12:00,2023-04-01 18:35:00,2023,thunderstorm,,1,177539,0,0,ok,0,ok,0,ok,0,ok,0,ok,73.9,ok,48.9,ok,0.38,ok,0.0,ok,40.0,ok,,na,,na,,na,0,ok,0,ok,919,ok,182,ok,252,ok,183,ok,96,ok,,,,,"A vigorous shortwave aloft and associated strong cold front approached from the west. With strong deep-layered shear and weak instability, a line of severe thunderstorms moved over the waters and produced damaging wind gusts."
E20230430-179339,,2023-04-30 17:55:00,2023-04-30 19:20:00,2023,flash-flooding,QN,0,179339,0,0,ok,0,ok,0,ok,0,ok,0,ok,62.1,ok,50.0,ok,3.09,ok,0.0,ok,23.0,ok,,na,,na,,na,827518,ok,34,ok,1095,ok,1623,ok,748,ok,185,ok,78,ok,6.28,2.04,The Battery,,Already saturated grounds from 1-3 inches of rain the previous days set the stage for a localized flash flooding event to unfold on April 30th when an additional 2-3 inches of rainfall fell over a period of several hours. A mesoscale moderate to locally heavy rain band with rainfall rates of 0.5 to 1 per hour set up over the NYC metro area during the afternoon of April 30th when a low pressure system was developing to the south of the area.
E20230606-180764,,2023-06-06 14:21:00,2023-06-06 14:21:00,2023,thunderstorm,,1,180764,0,0,ok,0,ok,0,ok,0,ok,0,ok,84.0,ok,59.0,ok,0.04,ok,0.0,ok,25.9,ok,,na,,na,,na,0,ok,0,ok,235,ok,1094,ok,707,ok,187,ok,108,ok,,,,,A mid-level impulse aloft embedded within another larger-scale trough on the backside of a deep upper low over the Canadian Maritimes approached from the northwest along with a surface cold front. Severe thunderstorm developed and produced large hail and damaging winds.
E20230614-182439,,2023-06-14 12:09:00,2023-06-14 12:09:00,2023,thunderstorm,,1,182439,0,0,ok,0,ok,0,ok,0,ok,0,ok,79.0,ok,61.0,ok,0.39,ok,0.0,ok,25.1,ok,,na,,na,,na,0,ok,0,ok,218,ok,353,ok,795,ok,190,ok,118,ok,,,,,An upper level low and associated surface low passed just to the north and east. Severe thunderstorms fired up along an approaching cold front and produced damaging winds.
E20230617-182483,,2023-06-17 17:18:00,2023-06-17 17:38:00,2023,thunderstorm,,1,182483,0,0,ok,0,ok,0,ok,0,ok,0,ok,82.0,ok,60.1,ok,0.0,ok,0.0,ok,35.1,ok,,na,,na,,na,0,ok,0,ok,171,ok,245,ok,481,ok,194,ok,101,ok,,,,,A lingering upper level low sat over the area aloft as a surface trough moved through the area. A severe thunderstorms fired up along the trough and produced damaging winds.
E20230702-183443,,2023-07-02 23:06:00,2023-07-02 23:06:00,2023,thunderstorm,,1,183443,0,0,ok,0,ok,0,ok,0,ok,0,ok,91.0,ok,69.1,ok,0.6,ok,0.0,ok,29.1,ok,,na,,na,,na,0,ok,2,ok,216,ok,588,ok,690,ok,165,ok,74,ok,,,,,A slow moving front and shortwave trough aloft approached from the west. A cluster of thunderstorms developed over eastern Pennsylvania and moved east over the waters. One of the thunderstorms was able to produce a severe wind gust.
E20230704-184008,,2023-07-04 11:21:00,2023-07-04 11:21:00,2023,thunderstorm,BK,0,184008,0,0,ok,0,ok,0,ok,18000,ok,18683,ok,82.9,ok,72.0,ok,1.19,ok,0.0,ok,25.9,ok,,na,,na,,na,0,ok,2,ok,274,ok,1011,ok,743,ok,160,ok,79,ok,,,,,A stalled frontal boundary over the area provided a focus for convection to develop and move over southeast NY. One storm produced frequent lightning.
E20230716-183670,,2023-07-16 12:06:00,2023-07-16 12:36:00,2023,flash-flooding,QN,0,183670,0,0,ok,0,ok,0,ok,0,ok,0,ok,81.0,ok,73.9,ok,1.49,ok,0.0,ok,23.0,ok,,na,,na,,na,500000,ok,5,ok,196,ok,975,ok,964,ok,191,ok,106,ok,5.19,1.02,The Battery,,A stationary front near the area forced torrential thunderstorms in a tropical airmass resulting in widespread flash flooding in NY. The first round of thunderstorms occurred early in the morning on July 16th. Another round of thunderstorms occurred later in the afternoon. The tropical airmass had CAPE values 1500 - 2000 J/kg with PWATs 2.2-2.4 inches. The torrential thunderstorms produced rainfall rates as much as 3 inches an hour. Rainfall amounts totaled a widespread 2-4 inches across Long Island with localized spots seeing as much as 5 inches of rain.
E20230725-184136,,2023-07-25 14:28:00,2023-07-25 14:36:00,2023,thunderstorm,,1,184136,0,0,ok,0,ok,0,ok,0,ok,0,ok,88.0,ok,68.0,ok,0.89,ok,0.0,ok,36.0,ok,,na,,na,,na,0,ok,0,ok,175,ok,934,ok,1414,ok,221,ok,112,ok,,,,,Multiple severe thunderstorms developed along a surface trough west of the area and then moved east over the waters. Outflow from these storms continued to spark severe thunderstorms as it moved east. The severe storms produced damaging wind gusts.
E20230725-184124,,2023-07-25 14:37:00,2023-07-25 14:40:00,2023,thunderstorm,BK,0,184124,0,0,ok,0,ok,0,ok,40000,ok,41517,ok,88.0,ok,68.0,ok,0.89,ok,0.0,ok,36.0,ok,,na,,na,,na,0,ok,0,ok,175,ok,934,ok,1414,ok,221,ok,112,ok,,,,,Multiple severe thunderstorms developed along a surface trough west of the area and then moved east through southeast NY. Outflow from these storms continued to spark severe thunderstorms as it moved east. The severe storms produced damaging wind gusts.
E20230727-187404,,2023-07-27 11:00:00,2023-07-28 21:00:00,2023,coastal-hazard,BK;QN,0,187404,0,2,ok,0,ok,0,ok,0,ok,0,ok,96.1,ok,73.0,ok,0.41,ok,0.0,ok,29.1,ok,,na,,na,,na,0,ok,0,ok,331,ok,2062,ok,1345,ok,369,ok,225,ok,5.6,0.58,The Battery,,"Persistent south to southwest winds with gusts of 25 to 35 kt around Bermuda high pressure brought 3 to 4 ft breaking surf and a high risk of rip currents to the local beaches Thursday, and moderate to high on Friday. In addition, hot and humid conditions had large crowds flocking to area beaches. Two rip current fatalities occurred in these conditions at non lifeguarded beaches on consecutive days 7/27 and 7/28 at NYC beaches."
E20230729-184271,,2023-07-29 18:36:00,2023-07-29 18:36:00,2023,thunderstorm,,1,184271,0,0,ok,0,ok,0,ok,0,ok,0,ok,93.0,ok,70.0,ok,0.64,ok,0.0,ok,36.9,ok,,na,,na,,na,0,ok,0,ok,212,ok,1028,ok,617,ok,193,ok,115,ok,,,,,A shortwave/convectively induced vort translated out of the Great Lakes Region as a cold front approached at the surface. A line of severe thunderstorms moved over the waters and produced damaging wind gusts.
E20230813-184702,,2023-08-13 01:24:00,2023-08-13 01:24:00,2023,thunderstorm,,1,184702,0,0,ok,0,ok,0,ok,0,ok,0,ok,90.0,ok,68.0,ok,0.74,ok,0.0,ok,36.9,ok,,na,,na,,na,0,ok,0,ok,188,ok,547,ok,1010,ok,183,ok,98,ok,,,,,"The area became warm sectored in the afternoon ahead of an approaching cold front and pre-frontal trough. Aloft, a shortwave trough approached. This setup allowed for multiple severe thunderstorms to develop and move over the waters, producing damaging wind gusts."
E20230813-184672,,2023-08-13 01:33:00,2023-08-13 01:33:00,2023,thunderstorm,MN,0,184672,0,0,ok,0,ok,0,ok,1000,ok,1038,ok,90.0,ok,68.0,ok,0.74,ok,0.0,ok,36.9,ok,,na,,na,,na,0,ok,0,ok,188,ok,547,ok,1010,ok,183,ok,98,ok,,,,,"The area became warm sectored in the afternoon ahead of an approaching cold front and pre-frontal trough. Aloft, a shortwave trough approached. This setup allowed for multiple severe thunderstorms to develop and move through southeast NY, producing damaging wind gusts."
E20230818-184715,,2023-08-18 04:06:00,2023-08-18 05:59:00,2023,thunderstorm,,1,184715,0,0,ok,0,ok,0,ok,0,ok,0,ok,84.9,ok,64.9,ok,1.57,ok,0.0,ok,31.1,ok,,na,,na,,na,7048,ok,1,ok,180,ok,844,ok,765,ok,202,ok,128,ok,,,,,"An upper level trough as a cold front approached at the surface. Just before a line of thunderstorms reached our area along the cold front, thunderstorms developed over our area in a zone of low-level warm advection. This moisture eventually interacted with the storms along the cold front and helped strengthen them. Severe thunderstorms developed and produced damaging winds over the waters."
E20230908-186189,,2023-09-08 13:27:00,2023-09-08 13:40:00,2023,hail,,1,186189,0,0,ok,0,ok,0,ok,0,ok,0,ok,91.9,ok,71.1,ok,0.29,ok,0.0,ok,31.1,ok,,na,,na,,na,0,ok,0,ok,125,ok,628,ok,688,ok,184,ok,81,ok,,,,,Thunderstorms developed along a stalled boundary and moved over the waters in an environment with 3000 to 4000 J/kg of SBCAPE. Some of these storms were severe and produced large hail.
E20230908-186184,,2023-09-08 13:40:00,2023-09-08 13:40:00,2023,hail,SI,0,186184,0,0,ok,0,ok,0,ok,0,ok,0,ok,91.9,ok,71.1,ok,0.29,ok,0.0,ok,31.1,ok,,na,,na,,na,0,ok,0,ok,125,ok,628,ok,688,ok,184,ok,81,ok,,,,,Thunderstorms developed along a stalled boundary and moved through southeast NY in an environment with 3000 to 4000 J/kg of SBCAPE. Some of these storms were severe and produced damaging winds and large hail.
E20230911-186191,,2023-09-11 16:15:00,2023-09-11 16:15:00,2023,thunderstorm,,1,186191,0,0,ok,0,ok,0,ok,0,ok,0,ok,84.9,ok,69.1,ok,1.82,ok,0.0,ok,21.9,ok,,na,,na,,na,32913,ok,1,ok,204,ok,853,ok,951,ok,209,ok,103,ok,,,,,A cold front and mid-level shortwave slowly moved through the area. Thunderstorms formed along the front and one became severe as it moved over the waters.
E20230929-185266,,2023-09-29 07:30:00,2023-09-29 09:45:00,2023,flash-flooding,BX;BK;QN,0,185266,0,0,ok,0,ok,0,ok,0,ok,0,ok,64.9,ok,57.0,ok,8.05,ok,0.0,ok,30.0,ok,3249105,ok,3372319,ok,,missing,9086755,ok,447,ok,584,ok,2776,ok,475,ok,222,ok,120,ok,7.03,1.32,The Battery,4755,"An inverted trough extending from a low pressure system over the Western Atlantic provided a focus for persistent heavy convective rain to continually develop over the NYC metro and surrounding areas during much of the day on September 29th, 2023. In an environment with anomalously high moisture given the time of year, PWATs near 1.5-1.7 inches, rounds of heavy rainfall fell over the same areas for more than 12-18 hours. While the rainfall rates were generally 1 inch per hour or less, the persistence in the heavier rainfall resulted in a widespread total of 4-6 inches of rain with JFK receiving almost 9 inches of rain from the event. There were some brief periods of time where rainfall rates peaked at near 2 inches per hour. This resulted in widespread flash flooding across Southeast NY and Southern Connecticut."
E20231218-186886,,2023-12-18 04:00:00,2023-12-18 07:00:00,2023,high-winds,BX;BK;MN;QN;SI,0,186886,0,0,ok,0,ok,0,ok,0,ok,0,ok,64.0,ok,41.0,ok,2.75,ok,0.0,ok,40.0,ok,,na,,na,,na,17442,ok,4,ok,2377,ok,773,ok,1469,ok,198,ok,111,ok,6.67,4.68,The Battery,,"A strong area of low pressure moved north along the U.S. east coast and passed through the region during the morning of December 18, 2023. The pressure gradient tightened as the center of the storm approached, producing high winds over Southeastern New York during the morning hours."
E20231218-187926,,2023-12-18 11:00:00,2023-12-18 13:00:00,2023,coastal-flooding,QN,0,187926,0,0,ok,0,ok,0,ok,,missing,,missing,64.0,ok,41.0,ok,2.75,ok,0.0,ok,40.0,ok,,na,,na,,na,17442,ok,4,ok,2377,ok,773,ok,1469,ok,198,ok,111,ok,7.28,4.68,The Battery,,"An intensifying storm moved up the Eastern Seaboard from northern Florida on December 17th, to the coastal Mid Atlantic region on the 18th. This storm produced a strong onshore flow on the 18th that combined with high astronomical tides to cause widespread moderate to locally major coastal flooding and beach erosion along the south shore of Long Island during the late morning and afternoon."
E20240109-187949,,2024-01-09 22:00:00,2024-01-09 23:00:00,2024,high-winds,QN,0,187949,0,0,ok,0,ok,0,ok,0,ok,0,ok,57.9,ok,28.2,ok,2.05,ok,0.0,ok,40.0,ok,,na,,na,,na,37522,ok,5,ok,2369,ok,623,ok,687,ok,200,ok,101,ok,6.69,4.45,The Battery,,"A strong area of low pressure moved northeast from the Mid-Atlantic Region to southern New England during the night of January 9, 2024 into the early morning hours of January 10, 2024. Its center passed just north of the region during this period. The pressure gradient tightened as the center of the storm approached, producing high winds over Southeastern New York during this period."
E20240110-188720,,2024-01-10 05:00:00,2024-01-10 09:00:00,2024,coastal-flooding,BK;QN;SI,0,188720,0,0,ok,0,ok,0,ok,0,ok,0,ok,59.0,ok,43.0,ok,0.32,ok,0.0,ok,36.0,ok,,na,,na,,na,36882,ok,4,ok,2208,ok,587,ok,688,ok,153,ok,71,ok,7.91,4.45,The Battery,,"Strong low pressure moving northeast from the Mid Atlantic region to southern New England during the night of January 9, 2024 into the early morning hours of January 10, 2024 produced high winds, which combined with high astronomical tides associated with an upcoming new moon to produce widespread moderate to major coastal flooding along the south shore of Long Island and along the Hudson River in Southeast New York."
E20240113-188725,,2024-01-13 08:00:00,2024-01-13 13:00:00,2024,coastal-flooding,BX;BK;QN;SI,0,188725,0,0,ok,0,ok,0,ok,0,ok,0,ok,61.0,ok,35.1,ok,1.13,ok,0.0,ok,38.9,ok,,na,,na,,na,595616,ok,44,ok,2654,ok,493,ok,360,ok,184,ok,91,ok,8.61,3.53,The Battery,,"Strong low pressure shifted northeast through the eastern Great Lakes on January 13, 2024, sending a warm front through during the morning hours, followed quickly by a cold front. Strong winds produced by this system, combined with peaking high astronomical tides associated with a recent new moon, produced widespread moderate to major coastal flooding along the entire southeast New York coastline and along the Lower Hudson River."
E20240213-187612,,2024-02-13 00:00:00,2024-02-13 13:30:00,2024,winter-storm,BX;BK;MN;QN;SI,0,187612,0,0,ok,0,ok,0,ok,0,ok,0,ok,42.1,ok,32.0,ok,0.77,ok,4.9,ok,25.1,ok,,na,,na,,na,0,ok,0,ok,2672,ok,265,ok,334,ok,109,ok,43,ok,,,,,"Low pressure across the Tennessee Valley and the Gulf states tracked tracked north, and redeveloped and intensified rapidly off the Mid Atlantic coast. A heavy wet snowfall occurred across much of Southeastern New York, with lesser amounts across portions of the coast, especially along and closer to the south shore and eastern third of Long Island. Marginal surface temperatures precluded higher snow amounts in urban locations and further south and east.  A combination of over 250 crashes and accidents were reported across Long Island during the storm from state and county law enforcement officials."
E20240217-187707,,2024-02-17 00:00:00,2024-02-17 11:00:00,2024,heavy-snow;winter-storm,BX;BK;MN;QN;SI,0,187707,0,0,ok,0,ok,0,ok,0,ok,0,ok,37.0,ok,26.2,ok,0.33,ok,6.2,ok,28.0,ok,,na,,na,,na,0,ok,0,ok,2432,ok,179,ok,115,ok,171,ok,87,ok,,,,,A mid level disturbance associated with a confluent upper level trough lead to strong mid level frontogenesis that developed a band of snow to the north of developing low pressure moving offshore. Southwestern portions of the area were on the northern edge of a narrow band of heavy snow that resulted in some southwestern zones reaching warning criteria.  Amounts were considerably less to the north.
E20240228-188222,,2024-02-28 20:30:00,2024-02-28 23:00:00,2024,high-winds,QN;SI,0,188222,0,0,ok,0,ok,0,ok,0,ok,0,ok,63.0,ok,44.1,ok,0.17,ok,0.0,ok,42.9,ok,,na,,na,,na,0,ok,0,ok,1982,ok,340,ok,519,ok,150,ok,94,ok,5.2,1.37,The Battery,,"A strong cold front passed through the area during the evening of February 28th, 2024. This brought high winds behind its passage to Southeastern New York during during the evening hours February 28th into the early morning hours of  February 29th, 2024."
E20240311-188808,,2024-03-11 07:30:00,2024-03-11 18:30:00,2024,high-winds,BK;MN;QN;SI,0,188808,0,0,ok,0,ok,0,ok,0,ok,0,ok,55.0,ok,35.1,ok,0.0,ok,0.0,ok,44.1,ok,,na,,na,,na,0,ok,0,ok,1715,ok,398,ok,686,ok,190,ok,72,ok,5.95,0.73,The Battery,,"High winds occurred across the area during primarily the daytime hours of March 11, 2024 with a tight pressure gradient in place as strong low pressure near the coast of northern New England slowly shifted northeast."
E20240323-188866,,2024-03-23 21:00:00,2024-03-23 22:00:00,2024,high-winds,MN,0,188866,0,0,ok,0,ok,0,ok,0,ok,0,ok,52.0,ok,35.1,ok,3.66,ok,0.0,ok,38.0,ok,,na,,na,,na,11300,ok,8,ok,2049,ok,697,ok,348,ok,154,ok,71,ok,4.54,2.03,The Battery,,"An area of low pressure passed through eastern Long Island, NY during the late afternoon to early evening of  March 23, 2024.  A tight pressure gradient around the low pressure center helped produce high wind gusts over the area late that afternoon through the early morning hours of  March 24, 2024."
E20240403-188871,,2024-04-03 12:30:00,2024-04-04 14:00:00,2024,high-winds,BX;BK;MN,0,188871,0,0,ok,0,ok,0,ok,0,ok,0,ok,53.1,ok,37.0,ok,2.03,ok,0.0,ok,38.9,ok,,na,,na,,na,71568,ok,8,ok,2578,ok,812,ok,1037,ok,365,ok,186,ok,7.28,4.0,The Battery,,"An area of low pressure slowly approached from the Mid-Atlantic coast and passed just south and east of Long Island, NY. A tight pressure gradient around the low pressure center helped produce high winds southeastern New York on April 3, 2024 through the early morning hours of April 4, 2024."
E20240523-191768,,2024-05-23 08:58:00,2024-05-23 08:58:00,2024,thunderstorm,,1,191768,0,0,ok,0,ok,0,ok,0,ok,0,ok,82.0,ok,62.1,ok,0.78,ok,0.0,ok,23.9,ok,,na,,na,,na,0,ok,0,ok,176,ok,584,ok,783,ok,176,ok,97,ok,,,,,"Isolated thunderstorms formed along and head of an approaching pre-frontal trough and cold front in the early morning hours, some were severe and produced damaging winds and large hail. Behind these storms, an MCV moved through and produced more damaging winds and large hail."
E20240523-190661,,2024-05-23 09:01:00,2024-05-23 09:01:00,2024,thunderstorm,MN,0,190661,0,0,ok,0,ok,1,ok,,missing,,missing,82.0,ok,62.1,ok,0.78,ok,0.0,ok,23.9,ok,,na,,na,,na,0,ok,0,ok,176,ok,584,ok,783,ok,176,ok,97,ok,,,,,"Isolated thunderstorms formed along and head of an approaching pre-frontal trough and cold front in the early morning hours, some were severe and produced damaging winds and large hail. Behind these storms, an MCV moved through and produced more damaging winds and large hail."
E20240614-191845,,2024-06-14 18:00:00,2024-06-14 18:00:00,2024,thunderstorm,,1,191845,0,0,ok,0,ok,0,ok,0,ok,0,ok,91.0,ok,64.9,ok,0.85,ok,0.0,ok,38.0,ok,,na,,na,,na,0,ok,1,ok,242,ok,664,ok,860,ok,217,ok,120,ok,,,,,"Thunderstorms developed just west of the area in an environment characterized by weak to moderate instability and moderate deep-layer shear. As the storms approached the waters, they formed into a cluster and became strong to severe. The cluster of storms produced damaging wind gusts."
E20240621-194963,,2024-06-21 17:00:00,2024-06-21 20:00:00,2024,coastal-hazard,QN,0,194963,0,2,ok,0,ok,0,ok,0,ok,0,ok,100.0,ok,68.0,ok,0.0,ok,0.0,ok,25.1,ok,,na,,na,,na,0,ok,0,ok,271,ok,1577,ok,633,ok,221,ok,115,ok,5.74,0.27,The Battery,,"Persistent south to southwest winds brought 3 ft breaking surf and a moderate risk of rip currents to the local beaches on Friday. In addition, hot and humid conditions had large crowds flocking to area beaches. Two rip current fatalities occurred in these conditions after hours on 6/21 at Jacob Riis Park."
E20240622-192470,,2024-06-22 14:41:00,2024-06-22 15:12:00,2024,thunderstorm,,1,192470,0,0,ok,0,ok,0,ok,0,ok,0,ok,95.0,ok,72.0,ok,0.19,ok,0.0,ok,21.9,ok,,na,,na,,na,0,ok,0,ok,268,ok,1378,ok,676,ok,193,ok,99,ok,,,,,Thunderstorms fired up along a slow moving frontal boundary in an environment with 2000+ J/kg of SBCAPE and weak shear. Some storms became strong to severe and produced damaging wind gusts over the waters.
E20240626-191259,,2024-06-26 19:35:00,2024-06-26 20:00:00,2024,thunderstorm,BK;QN,0,191259,0,0,ok,0,ok,3,ok,22000,ok,22000,ok,98.1,ok,68.0,ok,0.27,ok,0.0,ok,42.9,ok,,na,,na,,na,0,ok,0,ok,231,ok,1106,ok,2005,ok,215,ok,116,ok,,,,,"Showers and thunderstorms formed west of our area along a cold front and then moved east towards our area. The storms became severe and continued in a warm and moist environment, producing damaging winds across southeast NY."
E20240626-191267,,2024-06-26 19:36:00,2024-06-26 19:41:00,2024,thunderstorm,,1,191267,0,0,ok,0,ok,0,ok,0,ok,0,ok,98.1,ok,68.0,ok,0.27,ok,0.0,ok,42.9,ok,,na,,na,,na,0,ok,0,ok,231,ok,1106,ok,2005,ok,215,ok,116,ok,,,,,"Showers and thunderstorms formed west of our area along a cold front and then moved east towards our area. The storms became severe and continued in a warm and moist environment, producing damaging winds across the waters."
E20240630-192634,,2024-06-30 16:00:00,2024-06-30 16:38:00,2024,thunderstorm,QN;SI,0,192634,0,0,ok,0,ok,0,ok,12000,ok,12000,ok,91.0,ok,69.1,ok,0.57,ok,0.0,ok,29.1,ok,,na,,na,,na,0,ok,1,ok,195,ok,500,ok,1197,ok,181,ok,124,ok,,,,,"A mid-level trough and surface pre-frontal trough and cold front approached the area. Thunderstorms fired up along the pre-frontal trough and moved towards the area. The storms formed a line and moved into southeastern NY, producing damaging wind gusts."
E20240630-192635,,2024-06-30 16:38:00,2024-06-30 16:38:00,2024,thunderstorm,,1,192635,0,0,ok,0,ok,0,ok,0,ok,0,ok,91.0,ok,69.1,ok,0.57,ok,0.0,ok,29.1,ok,,na,,na,,na,0,ok,1,ok,195,ok,500,ok,1197,ok,181,ok,124,ok,,,,,"A mid-level trough and surface pre-frontal trough and cold front approached the area. Thunderstorms fired up along the pre-frontal trough and moved towards the area. The storms formed a line and moved over the waters, producing damaging wind gusts."
E20240705-194964,,2024-07-05 19:00:00,2024-07-05 22:00:00,2024,coastal-hazard,BK,0,194964,0,2,ok,0,ok,0,ok,0,ok,0,ok,91.0,ok,71.1,ok,0.53,ok,0.0,ok,18.1,ok,,na,,na,,na,0,ok,1,ok,219,ok,1160,ok,630,ok,191,ok,91,ok,6.37,0.83,The Battery,,"Strengthening southerly winds brought a moderate to high risk for rip current development along NYC ocean beaches with a combo of 3 to 4 foot southerly wind wave and 2 foot easterly swells. In addition, hot and humid conditions had large crowds flocking to area beaches. Two rip current fatalities occurred in these conditions after hours on July 5th at Coney Island Beach."
E20240715-194978,,2024-07-15 04:30:00,2024-07-15 04:30:00,2024,thunderstorm,,1,194978,0,0,ok,0,ok,0,ok,0,ok,0,ok,98.1,ok,72.0,ok,0.3,ok,0.0,ok,28.0,ok,,na,,na,,na,0,ok,0,ok,276,ok,1571,ok,935,ok,185,ok,89,ok,,,,,Showers and thunderstorms were able to develop ahead of a weak shortwave. One of these thunderstorms produced a damaging wind gust.
E20240716-194984,,2024-07-16 18:00:00,2024-07-16 19:22:00,2024,thunderstorm,,1,194984,0,0,ok,0,ok,0,ok,0,ok,0,ok,99.0,ok,75.9,ok,0.0,ok,0.0,ok,40.0,ok,,na,,na,,na,0,ok,0,ok,238,ok,1635,ok,947,ok,174,ok,98,ok,,,,,"A well-defined shortwave trough and embedded MCV from the previous night's severe MCS tracked towards the region. Strong heating allowed for the area to destabilize, with MLCAPE values around 1000-2000 J/kg. This combined with 30 kt of Effective Bulk Shear allowed for thunderstorms to become severe and produce damaging wind gusts across the waters."
E20240717-195035,,2024-07-17 20:18:00,2024-07-17 20:18:00,2024,thunderstorm,,1,195035,0,0,ok,0,ok,0,ok,0,ok,0,ok,93.9,ok,72.0,ok,1.46,ok,0.0,ok,33.1,ok,,na,,na,,na,0,ok,0,ok,216,ok,1313,ok,957,ok,185,ok,116,ok,,,,,"A broad positively tilted upper-level trough approached from the west along with associated surface cold front and pre-frontal trough. The pre-frontal trough moved into an area with high instability (1750-2000 J/kg of MLCAPE). This combined with Effect Bulk Shear values around 25 kt allowed for multiple severe thunderstorms to develop. The storms were able to produce damaging wind gusts across the waters, with DCAPE values around 750-1000 J/kg."
E20240731-195029,,2024-07-31 20:38:00,2024-07-31 20:38:00,2024,thunderstorm,,1,195029,0,0,ok,0,ok,0,ok,0,ok,0,ok,96.1,ok,73.0,ok,0.11,ok,0.0,ok,25.9,ok,,na,,na,,na,0,ok,0,ok,240,ok,955,ok,886,ok,165,ok,92,ok,,,,,A weak surface trough was able to fire up showers and thunderstorms that moved through the area. On storm became severe a produced a severe wind gust over the waters.
E20240802-195686,,2024-08-02 17:42:00,2024-08-02 18:15:00,2024,thunderstorm,,1,195686,0,0,ok,0,ok,0,ok,3000,ok,3000,ok,96.1,ok,73.9,ok,0.74,ok,0.0,ok,33.1,ok,,na,,na,,na,0,ok,1,ok,174,ok,1030,ok,654,ok,185,ok,115,ok,,,,,"A deep upper level trough was over the eastern third of the US. Its axis approached through the day. Strong to severe storms developed well west of the area and eventually formed a broken line as they approached. While shear was minimal, a well-developed cold pool allowed for continued propagation with support for strong updrafts. The broken line caused damaging wind gusts over portions of the waters as it moved through."
E20240802-195687,,2024-08-02 18:00:00,2024-08-02 18:00:00,2024,thunderstorm,BK,0,195687,0,0,ok,0,ok,0,ok,3000,ok,3000,ok,96.1,ok,73.9,ok,0.74,ok,0.0,ok,33.1,ok,,na,,na,,na,0,ok,1,ok,174,ok,1030,ok,654,ok,185,ok,115,ok,,,,,"A deep upper level trough was over the eastern third of the US. Its axis approached through the day. Strong to severe storms developed well west of the area and eventually formed a broken line as they approached. While shear was minimal, a well-developed cold pool allowed for continued propagation with support for strong updrafts. The broken line produced an isolated damaging wind gust."
E20240803-196098,,2024-08-03 16:26:00,2024-08-03 16:26:00,2024,thunderstorm,BX,0,196098,0,0,ok,0,ok,0,ok,1000,ok,1000,ok,93.9,ok,73.0,ok,1.28,ok,0.0,ok,25.9,ok,,na,,na,,na,0,ok,1,ok,163,ok,778,ok,690,ok,192,ok,123,ok,,,,,"An upper level trough slowly approached the area as a stalled frontal boundary sat just to our west. With an environment with about 1500 J/kg of MLCAPE and 30 kt of Effective Bulk Shear, thunderstorms that developed were able to become severe and produce damaging wind gusts and large hail."
E20240803-196101,,2024-08-03 17:15:00,2024-08-03 17:15:00,2024,thunderstorm,,1,196101,0,0,ok,0,ok,0,ok,0,ok,0,ok,93.9,ok,73.0,ok,1.28,ok,0.0,ok,25.9,ok,,na,,na,,na,0,ok,1,ok,163,ok,778,ok,690,ok,192,ok,123,ok,,,,,"An upper level trough slowly approached the area as a stalled frontal boundary sat just to our west. With an environment with about 1500 J/kg of MLCAPE and 30 kt of Effective Bulk Shear, thunderstorms that developed were able to become severe and produce damaging wind gusts."
E20240806-196023,,2024-08-06 16:40:00,2024-08-06 18:00:00,2024,flash-flooding,BX;QN,0,196023,0,0,ok,0,ok,0,ok,0,ok,0,ok,93.9,ok,72.0,ok,2.08,ok,0.0,ok,19.9,ok,,na,,na,,na,107535,ok,7,ok,237,ok,1049,ok,955,ok,182,ok,123,ok,5.1,0.49,The Battery,,Several rounds of heavy thunderstorms developed over the area on the afternoon of August 6th. A slow moving frontal system stalled out over the area. PWATs of 2-2.2 inches and a sharp gradient of MUCAPE peaking out over the area near 2500 J/kg allowed for the development of strong thunderstorms producing torrential rainfall with rates upwards of 1.5-2.5 inches per hour. Total rainfall was 1-3 inches with localized amount up to 4-5 inches.
E20240809-196402,,2024-08-09 13:00:00,2024-08-09 14:00:00,2024,high-winds,QN,0,196402,0,0,ok,0,ok,0,ok,0,ok,0,ok,84.9,ok,70.0,ok,0.34,ok,0.0,ok,33.1,ok,,na,,na,,na,27635,ok,1,ok,188,ok,513,ok,1998,ok,171,ok,84,ok,5.8,1.14,The Battery,,"The pressure gradient tightened over the region as a cold front associated with the remnants of tropical system Debby approached from the west. This produced strong winds over southeastern New York during the afternoon hours of Aug 9, 2024."
E20240818-196217,,2024-08-18 18:30:00,2024-08-18 18:30:00,2024,thunderstorm,,1,196217,0,0,ok,0,ok,0,ok,0,ok,0,ok,86.0,ok,69.1,ok,2.96,ok,0.0,ok,25.1,ok,,na,,na,,na,18611,ok,3,ok,217,ok,772,ok,744,ok,190,ok,114,ok,,,,,"An upper level trough approached aloft as a cold front approached at the surface. Clusters of showers and thunderstorms developed west of the area. Given 0-6 km Bulk Shear and MLCAPE values around 1000 J/kg, some storms became severe and produced damaging wind gusts."
E20240818-196219,,2024-08-18 19:00:00,2024-08-18 19:00:00,2024,thunderstorm,BX,0,196219,0,0,ok,0,ok,0,ok,0,ok,0,ok,86.0,ok,69.1,ok,2.96,ok,0.0,ok,25.1,ok,,na,,na,,na,18611,ok,3,ok,217,ok,772,ok,744,ok,190,ok,114,ok,,,,,"An upper level trough approached aloft as a cold front approached at the surface. Clusters of showers and thunderstorms developed west of the area. Given 0-6 km Bulk Shear and MLCAPE values around 1000 J/kg, one storm became severe and produced damaging wind gusts."
E20240826-193798,,2024-08-26 19:58:00,2024-08-26 19:58:00,2024,thunderstorm,,1,193798,0,0,ok,0,ok,0,ok,0,ok,0,ok,89.1,ok,66.0,ok,0.39,ok,0.0,ok,33.1,ok,,na,,na,,na,0,ok,0,ok,208,ok,530,ok,648,ok,176,ok,115,ok,,,,,"An upper level shortwave trough approached from the north, with the region in the front left quadrant of an upper level jet streak. With warm, humid air at the surface, SBCAPE values were able to climb to around 2000 J/kg. Storms fired up and some were able to become strong to severe and produce damaging wind gusts."
E20240828-196227,,2024-08-28 20:30:00,2024-08-28 20:30:00,2024,thunderstorm,,1,196227,0,0,ok,0,ok,0,ok,0,ok,0,ok,95.0,ok,72.0,ok,0.03,ok,0.0,ok,23.0,ok,,na,,na,,na,0,ok,0,ok,203,ok,641,ok,602,ok,189,ok,123,ok,,,,,Isolated thunderstorms developed as a cold front moved through the area. One of the storms became severe and produced a damaging wind gust.
E20250119-197966,,2025-01-19 14:00:00,2025-01-20 00:00:00,2025,winter-storm,BK;QN;SI,0,197966,0,0,ok,0,ok,0,ok,0,ok,,missing,43.0,ok,16.2,ok,0.26,ok,3.6,ok,25.9,ok,,na,,na,,na,0,ok,0,ok,9111,ok,473,ok,98,ok,381,ok,162,ok,,,,,"A cold front pushed through, with a secondary cold frontal boundary lingering back to the west. Low pressure formed along the boundary and began to strengthen as it pulled away quickly to the east and northeast. The accumulating snow was generated mainly from frontogenetical forcing which occurred to the north and west of the developing surface low. Winter Storm criteria was reached in Orange and Putnam Counties, but fell just short of warning criteria across Northern Westchester. The remainder of SE New York either achieved advisory criteria or fell just short of advisory criteria."
E20250208-198670,,2025-02-08 20:00:00,2025-02-09 05:00:00,2025,winter-storm,BX;BK;MN;QN;SI,0,198670,0,0,ok,0,ok,0,ok,0,ok,,missing,37.9,ok,26.2,ok,0.72,ok,3.6,ok,25.1,ok,,na,,na,,na,0,ok,0,ok,4237,ok,553,ok,148,ok,337,ok,107,ok,,,,,"A progressive low pressure system emerged out of the Tennessee Valley and quickly moved across the region bringing an accumulating wet snowfall. Most places received an advisory level snowfall with mainly 3 to 4 inches of snow, with some locations getting slightly higher and lower amounts. This was a front end quick thump driven by warm advection snowfall which fell primarily during the evening hours of the 8th. The snow quickly tapered to some light freezing rain and drizzle in spots after the initial thump. Some locations further east changed back to a lighter snow before ending in the early morning."
E20250216-198802,,2025-02-16 18:00:00,2025-02-17 09:30:00,2025,high-winds,BK;QN;SI,0,198802,0,0,ok,0,ok,0,ok,0,ok,,missing,52.0,ok,26.2,ok,1.1,ok,0.0,ok,45.0,ok,,na,,na,,na,0,ok,0,ok,5658,ok,646,ok,729,ok,304,ok,151,ok,5.43,1.73,The Battery,,"Low pressure and cold front passed through the area during the late afternoon to evening hours of February 16, 2025. A tight pressure gradient behind the passage resulted in high winds across Southeastern New York from the evening hours of February 16 through the morning hours of February 17, 2025."
E20250503-201062,,2025-05-03 22:05:00,2025-05-03 22:05:00,2025,thunderstorm,MN,0,201062,0,0,ok,0,ok,0,ok,20000,ok,,missing,88.0,ok,55.0,ok,0.95,ok,0.0,ok,29.1,ok,,na,,na,,na,0,ok,0,ok,306,ok,273,ok,328,ok,165,ok,105,ok,,,,,Strong to severe discrete thunderstorms were initiated along a slow moving frontal boundary in an area with about 1000 J/kg of SBCAPE. They were able to become somewhat organized given the 40 kt of effective bulk shear that was available due to a belt of southwesterly flow aloft. The storms produced damaging wind gusts.
E20250619-202236,,2025-06-19 14:39:00,2025-06-19 16:00:00,2025,thunderstorm,MN;QN,0,202236,0,0,ok,0,ok,1,ok,3000,ok,,missing,93.0,ok,68.0,ok,1.12,ok,0.0,ok,44.1,ok,,na,,na,,na,0,ok,0,ok,214,ok,759,ok,1371,ok,194,ok,100,ok,,,,,"A pre-frontal trough approached at the surface out ahead of a cold front. Aloft, a shortwave trough led to falling heights into the afternoon. These features combined with MLCAPE values between 1000 and 2000 J/kg and moderate shear allowed for thunderstorms to develop and become organized. These storms produced damaging wind gusts and frequent cloud to ground lightning in southeast NY."
E20250619-202238,,2025-06-19 15:39:00,2025-06-19 17:58:00,2025,thunderstorm,,1,202238,0,0,ok,0,ok,0,ok,0,ok,,missing,93.0,ok,68.0,ok,1.12,ok,0.0,ok,44.1,ok,,na,,na,,na,0,ok,0,ok,214,ok,759,ok,1371,ok,194,ok,100,ok,,,,,"A pre-frontal trough approached at the surface out ahead of a cold front. Aloft, a shortwave trough led to falling heights into the afternoon. These features combined with MLCAPE values between 1000 and 2000 J/kg and moderate shear allowed for thunderstorms to develop and become organized. These storms produced damaging wind gusts over the waters."
E20250703-204201,,2025-07-03 17:16:00,2025-07-03 17:16:00,2025,thunderstorm,,1,204201,0,0,ok,0,ok,0,ok,0,ok,,missing,93.9,ok,69.1,ok,0.02,ok,0.0,ok,32.0,ok,,na,,na,,na,0,ok,0,ok,152,ok,932,ok,504,ok,230,ok,143,ok,,,,,"Deep layered troughing approached the area from the west along with a cold front at the surface. The area was able to destabilize ahead of the cold front to between 1000 and 1500 j/kg of MLCAPE. The front sparked showers and thunderstorms and with 30 to 40 kt of Effective Bulk Shear available, many of the storms became strong to severe. Single cells and multi-cell clusters were able to produce damaging wind gusts across the waters."
E20250703-204198,,2025-07-03 17:20:00,2025-07-03 17:28:00,2025,thunderstorm;hail,SI,0,204198,0,0,ok,0,ok,0,ok,3000,ok,,missing,93.9,ok,69.1,ok,0.02,ok,0.0,ok,32.0,ok,,na,,na,,na,0,ok,0,ok,152,ok,932,ok,504,ok,230,ok,143,ok,,,,,"Deep layered troughing approached the area from the west along with a cold front at the surface. The area was able to destabilize ahead of the cold front to between 1000 and 1500 j/kg of MLCAPE. The front sparked showers and thunderstorms and with 30 to 40 kt of Effective Bulk Shear available, many of the storms became strong to severe. Single cells and multi-cell clusters were able to produce damaging wind gusts in southeast NY."
E20250708-204892,,2025-07-08 18:01:00,2025-07-08 18:49:00,2025,thunderstorm,,1,204892,0,0,ok,0,ok,0,ok,0,ok,,missing,100.0,ok,73.0,ok,0.26,ok,0.0,ok,38.0,ok,,na,,na,,na,0,ok,0,ok,211,ok,1613,ok,743,ok,200,ok,98,ok,,,,,"At the surface, a cold front slowly approached from the west, with a pre-frontal trough developing ahead of it. Aloft, the area remained generally on the eastern edge of mid/upper level troughing. While shear was not all that impressive (about 25 kt of 0-6km bulk shear), strong heating aided in MLCAPE values reaching about 2000 j/kg. With lift from the aforementioned features, and likely help from the right entrance region of an upper level jet streak, showers and thunderstorms started to develop. Some storms reached severe criteria and produce damaging wind gusts."
E20250714-205085,,2025-07-14 18:00:00,2025-07-14 18:00:00,2025,thunderstorm,,1,205085,0,0,ok,0,ok,0,ok,0,ok,,missing,89.1,ok,73.0,ok,2.64,ok,0.0,ok,28.0,ok,,na,,na,,na,451487,ok,10,ok,256,ok,1151,ok,824,ok,190,ok,105,ok,,,,,A mid-level shortwave and pre-frontal trough were able to fire up showers and thunderstorms in an area characterized by about 1500 J/kg of MLCAPE and 25-30 knots of effective shear. A few storms were able to become severe and produce localized damaging winds over the waters.
E20250714-205599,,2025-07-14 18:57:00,2025-07-14 20:28:00,2025,flash-flooding,BX;QN,0,205599,0,0,ok,0,ok,0,ok,0,ok,,missing,89.1,ok,73.0,ok,2.64,ok,0.0,ok,28.0,ok,,na,,na,,na,451487,ok,10,ok,256,ok,1151,ok,824,ok,190,ok,105,ok,5.51,0.89,The Battery,,A weak front approached from the west along with PW of 2 inches resulting in heavy rainfall across the area. 4 to 6.5 inches of rainfall totals were reported with rainfall rates between 1 to 2 inches.
E20250725-205631,,2025-07-25 14:55:00,2025-07-25 15:13:00,2025,thunderstorm,SI,0,205631,0,0,ok,0,ok,0,ok,27000,ok,,missing,100.0,ok,73.9,ok,0.51,ok,0.0,ok,44.1,ok,,na,,na,,na,0,ok,0,ok,178,ok,958,ok,931,ok,207,ok,109,ok,,,,,"A shortwave trough and associated cold front approached the area. Ahead of these features, the area destabilized to about 2000 J/kg of MLCAPE. Storms fired up along a pre-frontal trough and with the help of about 30 knots of Effective Bulk Shear several storms were able to become severe and produce damaging wind gusts."
E20250725-205635,,2025-07-25 14:58:00,2025-07-25 15:13:00,2025,thunderstorm,,1,205635,0,0,ok,0,ok,0,ok,4000,ok,,missing,100.0,ok,73.9,ok,0.51,ok,0.0,ok,44.1,ok,,na,,na,,na,0,ok,0,ok,178,ok,958,ok,931,ok,207,ok,109,ok,,,,,"A shortwave trough and associated cold front approached the area. Ahead of these features, the area destabilized to about 2000 J/kg of MLCAPE. Storms fired up along a pre-frontal trough and with the help of about 30 knots of Effective Bulk Shear several storms were able to become severe and produce damaging wind gusts."
E20250731-205655,,2025-07-31 13:55:00,2025-07-31 13:55:00,2025,thunderstorm,,1,205655,0,0,ok,0,ok,0,ok,0,ok,,missing,91.0,ok,64.9,ok,0.82,ok,0.0,ok,25.9,ok,,na,,na,,na,150583,ok,16,ok,178,ok,1639,ok,816,ok,199,ok,133,ok,,,,,A stationary front set up over the area. Scattered thunderstorms developed and one was able to become severe and produce an isolated damaging wind gust over the waters.
E20250731-205836,,2025-07-31 13:58:00,2025-07-31 16:01:00,2025,flash-flooding,BK;QN;SI,0,205836,0,0,ok,0,ok,0,ok,0,ok,,missing,91.0,ok,64.9,ok,0.82,ok,0.0,ok,25.9,ok,,na,,na,,na,150583,ok,16,ok,178,ok,1639,ok,816,ok,199,ok,133,ok,5.36,0.81,The Battery,,A slow moving frontal boundary moved over the local area triggering heavy rainfall and thunderstorms across NJ and NYC causing flash flooding across the area resulting in vehicles being stranded and multiple road closures.
E20250813-207051,,2025-08-13 17:42:00,2025-08-13 17:50:00,2025,thunderstorm,,1,207051,0,0,ok,0,ok,0,ok,1000,ok,,missing,93.0,ok,71.1,ok,1.26,ok,0.0,ok,48.1,ok,,na,,na,,na,0,ok,0,ok,200,ok,1009,ok,679,ok,186,ok,109,ok,,,,,"Although shear was overall weak, lift from an approaching pre-frontal trough and upper level trough combined with 1000-2000 J/kg of MLCAPE was enough for a few severe thunderstorms to develop and produce damaging wind gusts."
E20250813-207050,,2025-08-13 18:06:00,2025-08-13 18:16:00,2025,thunderstorm,BK,0,207050,0,0,ok,0,ok,0,ok,11000,ok,,missing,93.0,ok,71.1,ok,1.26,ok,0.0,ok,48.1,ok,,na,,na,,na,0,ok,0,ok,200,ok,1009,ok,679,ok,186,ok,109,ok,,,,,"Although shear was overall weak, lift from an approaching pre-frontal trough and upper level trough combined with 1000-2000 J/kg of MLCAPE was enough for a few severe thunderstorms to develop and produce damaging wind gusts."
E20250813-207212,,2025-08-13 18:41:00,2025-08-13 19:11:00,2025,flash-flooding,QN,0,207212,0,0,ok,0,ok,0,ok,0,ok,,missing,93.0,ok,71.1,ok,1.26,ok,0.0,ok,48.1,ok,,na,,na,,na,0,ok,0,ok,200,ok,1009,ok,679,ok,186,ok,109,ok,6.25,0.88,The Battery,,"Thunderstorms moved across Jamaica, Queens resulting in flooding and road closures."
E20250817-207052,,2025-08-17 17:18:00,2025-08-17 17:18:00,2025,thunderstorm,,1,207052,0,0,ok,0,ok,0,ok,0,ok,,missing,96.1,ok,72.0,ok,0.66,ok,0.0,ok,38.0,ok,,na,,na,,na,0,ok,0,ok,177,ok,727,ok,529,ok,183,ok,97,ok,,,,,With the approach of a shortwave aloft and a pre-frontal trough showers and thunderstorms were able to spark in an unstable environment characterized by about 1000 J/kg of MLCAPE. One storm was able to become severe and produce isolated damaging winds.
E20250906-207630,,2025-09-06 14:00:00,2025-09-06 14:10:00,2025,thunderstorm,MN;SI,0,207630,0,0,ok,0,ok,0,ok,3000,ok,,missing,90.0,ok,64.9,ok,1.01,ok,0.0,ok,32.0,ok,,na,,na,,na,0,ok,0,ok,229,ok,344,ok,515,ok,220,ok,139,ok,,,,,"An upper level trough approached from the west along with an associated surface cold front. The environment over the area ahead of the front was able to destabilize with MLCAPE values reaching about 2000 J/kg. This, combined with ample Effective Bulk Shear of about 45 kt, allowed severe thunderstorms to develop as the cold front moved through the area. These storms produced damaging wind gusts."
E20250906-207632,,2025-09-06 14:05:00,2025-09-06 14:30:00,2025,thunderstorm,,1,207632,0,0,ok,0,ok,0,ok,0,ok,,missing,90.0,ok,64.9,ok,1.01,ok,0.0,ok,32.0,ok,,na,,na,,na,0,ok,0,ok,229,ok,344,ok,515,ok,220,ok,139,ok,,,,,"An upper level trough approached from the west along with an associated surface cold front. The environment over the area ahead of the front was able to destabilize with MLCAPE values reaching about 2000 J/kg. This, combined with ample Effective Bulk Shear of about 45 kt, allowed severe thunderstorms to develop as the cold front moved through the area. These storms produced damaging wind gusts."
E20251013-207511,,2025-10-13 00:00:00,2025-10-13 00:30:00,2025,high-winds,QN,0,207511,0,0,ok,0,ok,0,ok,,missing,,missing,60.1,ok,53.1,ok,0.9,ok,0.0,ok,33.1,ok,,na,,na,,na,16200,ok,1,ok,2524,ok,446,ok,1279,ok,175,ok,101,ok,7.28,2.87,The Battery,,"Strong winds occurred across Southeastern New York on the morning of October 13, 2025 as a strong pressure gradient over the region resulted from high pressure near northern New England and an area of low pressure approaching from the south."
E20251030-207600,,2025-10-30 12:00:00,2025-10-30 13:00:00,2025,high-winds,SI,0,207600,0,0,ok,0,ok,0,ok,,missing,,missing,64.9,ok,50.0,ok,2.09,ok,0.0,ok,36.0,ok,,na,,na,,na,776729,ok,38,ok,3010,ok,2311,ok,1346,ok,265,ok,146,ok,7.65,3.09,The Battery,,"High winds occurred over Southeastern New York during the afternoon of October 30, 2025 in response to an area of strengthening low pressure approaching the region and tightening the pressure gradient."
E20251030-208258,,2025-10-30 14:30:00,2025-10-30 16:46:00,2025,flash-flooding,BX;BK;MN;QN,0,208258,0,1,ok,0,ok,0,ok,0,ok,,missing,64.9,ok,50.0,ok,2.09,ok,0.0,ok,36.0,ok,,na,,na,,na,776729,ok,38,ok,3010,ok,2311,ok,1346,ok,265,ok,146,ok,7.67,3.1,The Battery,,A widespread rainfall of 1.5 to 2.5 inches resulted in flooding as a frontal system triggered thunderstorms across the NYC Metro area.
E20251213-208562,,2025-12-13 23:00:00,2025-12-14 12:00:00,2025,winter-storm;heavy-snow,BX;BK;MN;QN;SI,0,208562,0,0,ok,0,ok,0,ok,0,ok,,missing,43.0,ok,19.0,ok,0.56,ok,4.6,ok,32.0,ok,,na,,na,,na,0,ok,0,ok,7636,ok,353,ok,548,ok,406,ok,179,ok,,,,,Advisory and some Warning level snowfall occurred across SE New York. An quasi arctic / polar boundary moved across the region as elongated weak low pressure formed along the boundary and moved along the boundary to the east northeast. The region was on the cold side of the boundary which resulted in accumulating snowfall region wide.
E20251219-209338,,2025-12-19 18:00:00,2025-12-19 19:00:00,2025,high-winds,SI,0,209338,0,0,ok,0,ok,0,ok,0,ok,,missing,59.0,ok,32.0,ok,1.28,ok,0.0,ok,42.9,ok,,na,,na,,na,0,ok,0,ok,2771,ok,684,ok,574,ok,230,ok,130,ok,6.97,3.23,The Battery,,"A cold front passed through southeastern New York during the afternoon of December 19, 2025. The pressure gradient tightened in response, and produced high winds during the morning and early evening hours on this day."
E20251226-208601,,2025-12-26 17:00:00,2025-12-27 11:00:00,2025,winter-storm,BX;BK;MN;QN;SI,0,208601,0,0,ok,0,ok,0,ok,0,ok,,missing,30.9,ok,19.9,ok,0.49,ok,4.3,ok,25.9,ok,,na,,na,,na,0,ok,0,ok,6658,ok,412,ok,105,ok,305,ok,116,ok,,,,,A progressive shortwave from the west overran a cold high pressure system resulting in a significant snowfall across the region. Warm advection aloft was the main driver of the snowfall for much of the event. Advisory to Warning level snow fell across Southeastern New York.
E20260118-208869,,2026-01-18 08:00:00,2026-01-18 21:00:00,2026,winter-storm,QN,0,208869,0,0,ok,0,ok,0,ok,0,ok,,missing,36.0,ok,28.9,ok,0.29,ok,2.3,ok,19.9,ok,,na,,na,,na,0,ok,0,ok,3508,ok,181,ok,65,ok,157,ok,80,ok,,,,,Elongated low pressure along a cold front brought an low end advisory accumulating snowfall to portions of Southeastern New York.
E20260125-209098,,2026-01-25 05:30:00,2026-01-26 07:00:00,2026,winter-storm,BX;BK;MN;QN;SI,0,209098,0,0,ok,0,ok,0,ok,0,ok,,missing,28.9,ok,10.0,ok,1.82,ok,11.7,ok,32.0,ok,,na,,na,,na,0,ok,0,ok,13650,ok,977,ok,81,ok,246,ok,64,ok,,,,,"A low pressure system emerged out of the Southern Plains and Texas and rode northeast through the Tennessee Valley and the Appalachians, before emerging just off the New Jersey coast. This produced a heavy snowfall across all of Southeastern New York, with sleet, some of it heavy across a large portion of the region."
E20260207-210743,,2026-02-07 13:30:00,2026-02-07 14:30:00,2026,high-winds,QN,0,210743,0,0,ok,0,ok,0,ok,0,ok,,missing,28.0,ok,6.1,ok,0.0,ok,0.7,ok,40.9,ok,,na,,na,,na,0,ok,0,ok,9961,ok,835,ok,71,ok,149,ok,63,ok,4.04,1.48,The Battery,,"High winds occurred over Southeastern New York during the daytime hours of February 7, 2026 after a cold front passed through earlier in the morning and low pressure strengthened over the western Atlantic Ocean, tightening the pressure gradient over the area."
E20260223-210750,,2026-02-23 03:00:00,2026-02-23 07:00:00,2026,high-winds,BX;QN,0,210750,0,0,ok,0,ok,0,ok,0,ok,,missing,37.0,ok,28.0,ok,1.71,ok,17.1,ok,45.0,ok,,na,,na,,na,0,ok,0,ok,3897,ok,385,ok,2081,ok,167,ok,22,ok,6.92,2.99,The Battery,,"The center of a major Nor���easter passed nearby to the east of southeastern New York during the morning of February 23, 2026. The resulting strong pressure gradient brought high winds to the area during this time."
E20260223-209854,,2026-02-23 04:00:00,2026-02-23 11:30:00,2026,winter-storm,BX;BK;MN;QN;SI,0,209854,0,0,ok,0,ok,0,ok,0,ok,,missing,37.0,ok,28.0,ok,1.71,ok,17.1,ok,45.0,ok,,na,,na,,na,0,ok,0,ok,3897,ok,385,ok,2081,ok,167,ok,22,ok,,,,,"Low pressure in the gulf states moved northeast and intensified along and off the Mid Atlantic coast with the consolidated of mid level energy resulting in a major Nor'easter which brought blizzard and near blizzard conditions to Southeastern New York. The storm became vertically stacked and it slowly pulled away to the east and brought a heavy to major snowfall across Southeastern New York with blizzard conditions across Southern Westchester, New York City, and Long Island.  Winter storm and near blizzard conditions were reported across the remainder of Southeastern New York. A major snowfall occurred region wide, with portions of the region receiving historic snowfall totals.||A college student died from carbon monoxide poisoning while charging his cell phone during the blizzard. Also, there were 5 snow shoveling-related deaths on Long Island after the blizzard."
E20260316-212378,,2026-03-16 23:17:00,2026-03-16 23:31:00,2026,thunderstorm,,1,212378,0,0,ok,0,ok,0,ok,0,ok,,missing,66.9,ok,45.0,ok,0.6,ok,0.0,ok,51.9,ok,,na,,na,,na,2692,ok,1,ok,2209,ok,702,ok,529,ok,161,ok,84,ok,,,,,A line of quick-moving low topped convection developed ahead of a cold front and produce damaging wind gusts over the waters.
E20260316-212379,,2026-03-16 23:40:00,2026-03-16 23:44:00,2026,thunderstorm,QN,0,212379,0,0,ok,0,ok,0,ok,0,ok,,missing,66.9,ok,45.0,ok,0.6,ok,0.0,ok,51.9,ok,,na,,na,,na,2692,ok,1,ok,2209,ok,702,ok,529,ok,161,ok,84,ok,,,,,A line of quick-moving low topped convection developed ahead of a cold front and produce damaging wind gusts over southeast NY.
