noaa_event_id,event_id,noaa_episode_id,hazard,noaa_event_type,place,begin,end,deaths_direct,deaths_direct_status,injuries_direct,injuries_direct_status,damage_property_usd,damage_property_status,magnitude,magnitude_type,flood_cause,tornado_scale,report_source,latitude,longitude,data_note,narrative
10075719,E19580810-solo-7e40aee0,solo-7e40aee0,thunderstorm,Thunderstorm Wind,QN,1958-08-10 16:30:00,1958-08-10 16:30:00,0,ok,0,ok,0,ok,60,,,,,40.78,-73.9,,
10076846,E19610731-solo-5ec7d873,solo-5ec7d873,thunderstorm,Thunderstorm Wind,BK,1961-07-31 16:00:00,1961-07-31 16:00:00,0,ok,0,ok,0,ok,0,,,,,40.7,-73.9,,
10076856,E19620519-solo-7fe4fdc0,solo-7fe4fdc0,thunderstorm,Thunderstorm Wind,QN,1962-05-19 17:40:00,1962-05-19 17:40:00,0,ok,0,ok,0,ok,0,,,,,40.78,-73.9,,
10077952,E19630811-solo-aa6d1555,solo-aa6d1555,hail,Hail,QN,1963-08-11 21:20:00,1963-08-11 21:20:00,0,ok,0,ok,0,ok,.75,,,,,40.78,-73.9,,
10077948,E19630729-solo-ed7b0fd4,solo-ed7b0fd4,thunderstorm,Thunderstorm Wind,QN,1963-07-29 14:00:00,1963-07-29 14:00:00,0,ok,0,ok,0,ok,0,,,,,40.78,-73.78,,
10074932,E19660811-solo-e077d699,solo-e077d699,thunderstorm,Thunderstorm Wind,QN,1966-08-11 17:00:00,1966-08-11 17:00:00,0,ok,0,ok,0,ok,0,,,,,40.7,-73.78,,
10074933,E19660811-solo-275e746b,solo-275e746b,thunderstorm,Thunderstorm Wind,QN,1966-08-11 17:12:00,1966-08-11 17:12:00,0,ok,0,ok,0,ok,50,,,,,40.7,-73.78,,
10074934,E19660811-solo-7295189f,solo-7295189f,thunderstorm,Thunderstorm Wind,QN,1966-08-11 17:20:00,1966-08-11 17:20:00,0,ok,0,ok,0,ok,55,,,,,40.78,-73.9,,
10074952,E19670725-solo-c2c15466,solo-c2c15466,hail,Hail,QN,1967-07-25 17:40:00,1967-07-25 17:40:00,0,ok,0,ok,0,ok,.75,,,,,40.78,-73.9,,
10076045,E19680807-solo-2766328b,solo-2766328b,thunderstorm,Thunderstorm Wind,QN,1968-08-07 12:15:00,1968-08-07 12:15:00,0,ok,0,ok,0,ok,0,,,,,40.7,-73.78,,
10073833,E19700927-solo-56de35b2,solo-56de35b2,thunderstorm,Thunderstorm Wind,QN,1970-09-27 10:00:00,1970-09-27 10:00:00,0,ok,0,ok,0,ok,50,,,,,40.7,-73.78,,
10073846,E19710424-solo-8f459d72,solo-8f459d72,thunderstorm,Thunderstorm Wind,QN,1971-04-24 17:38:00,1971-04-24 17:38:00,0,ok,0,ok,0,ok,51,,,,,40.7,-73.78,,
10076125,E19750606-solo-b9c13613,solo-b9c13613,thunderstorm,Thunderstorm Wind,BK,1975-06-06 13:00:00,1975-06-06 13:00:00,0,ok,0,ok,0,ok,0,,,,,40.65,-73.93,,
10077246,E19760321-solo-29110d48,solo-29110d48,thunderstorm,Thunderstorm Wind,QN,1976-03-21 14:00:00,1976-03-21 14:00:00,0,ok,0,ok,0,ok,59,,,,,40.63,-73.78,,
10075617,E19790810-solo-972092a9,solo-972092a9,thunderstorm,Thunderstorm Wind,MN,1979-08-10 13:00:00,1979-08-10 13:00:00,0,ok,0,ok,0,ok,0,,,,,40.73,-74.0,,
10075621,E19790810-solo-5b20fec7,solo-5b20fec7,thunderstorm,Thunderstorm Wind,QN,1979-08-10 14:35:00,1979-08-10 14:35:00,0,ok,0,ok,0,ok,0,,,,,40.77,-73.9,,
10077020,E19800902-solo-884f5589,solo-884f5589,thunderstorm,Thunderstorm Wind,QN,1980-09-02 19:15:00,1980-09-02 19:15:00,0,ok,0,ok,0,ok,53,,,,,40.77,-73.9,,
10077125,E19830811-solo-f9b31f13,solo-f9b31f13,thunderstorm,Thunderstorm Wind,MN,1983-08-11 18:00:00,1983-08-11 18:00:00,0,ok,0,ok,0,ok,0,,,,,40.73,-74.0,,
10077126,E19830811-solo-f9b31f13,solo-f9b31f13,thunderstorm,Thunderstorm Wind,BX,1983-08-11 18:00:00,1983-08-11 18:00:00,0,ok,0,ok,0,ok,0,,,,,40.73,-74.0,,
10077127,E19830811-solo-f9b31f13,solo-f9b31f13,thunderstorm,Thunderstorm Wind,QN,1983-08-11 18:00:00,1983-08-11 18:00:00,0,ok,0,ok,0,ok,0,,,,,40.73,-74.0,,
10077128,E19830811-solo-f9b31f13,solo-f9b31f13,thunderstorm,Thunderstorm Wind,BK,1983-08-11 18:00:00,1983-08-11 18:00:00,0,ok,0,ok,0,ok,0,,,,,40.73,-74.0,,
10077129,E19830811-solo-f9b31f13,solo-f9b31f13,thunderstorm,Thunderstorm Wind,BX,1983-08-11 18:00:00,1983-08-11 18:00:00,0,ok,0,ok,0,ok,0,,,,,40.83,-73.88,,
10075992,E19830721-solo-319b1d84,solo-319b1d84,thunderstorm,Thunderstorm Wind,BX,1983-07-21 16:30:00,1983-07-21 16:30:00,0,ok,0,ok,0,ok,0,,,,,40.83,-73.9,,
10075218,E19840903-solo-0ee16f1c,solo-0ee16f1c,thunderstorm,Thunderstorm Wind,BK,1984-09-03 20:37:00,1984-09-03 20:37:00,0,ok,0,ok,0,ok,0,,,,,40.65,-73.95,,
10075220,E19840903-solo-0ee16f1c,solo-0ee16f1c,thunderstorm,Thunderstorm Wind,BX,1984-09-03 20:37:00,1984-09-03 20:37:00,0,ok,0,ok,0,ok,0,,,,,40.83,-73.88,,
10077473,E19850830-solo-b97b528b,solo-b97b528b,hail,Hail,QN,1985-08-30 14:00:00,1985-08-30 14:00:00,0,ok,0,ok,0,ok,1.00,,,,,40.8,-73.85,,
10077475,E19850830-solo-e52e34ac,solo-e52e34ac,hail,Hail,MN,1985-08-30 14:10:00,1985-08-30 14:10:00,0,ok,0,ok,0,ok,1.00,,,,,40.77,-73.93,,
10076355,E19850624-solo-447587d0,solo-447587d0,hail,Hail,BK,1985-06-24 12:27:00,1985-06-24 12:27:00,0,ok,0,ok,0,ok,1.75,,,,,40.65,-73.93,,
10076356,E19850624-solo-68a7cedf,solo-68a7cedf,hail,Hail,QN,1985-06-24 12:35:00,1985-06-24 12:35:00,0,ok,0,ok,0,ok,1.00,,,,,40.57,-73.78,,
10076357,E19850624-solo-ed526bab,solo-ed526bab,hail,Hail,MN,1985-06-24 12:45:00,1985-06-24 12:45:00,0,ok,0,ok,0,ok,1.00,,,,,40.78,-73.93,,
10076360,E19850624-solo-b23e7b3a,solo-b23e7b3a,hail,Hail,SI,1985-06-24 13:00:00,1985-06-24 13:00:00,0,ok,0,ok,0,ok,1.00,,,,,40.6,-74.18,,
10075230,E19850419-solo-16697324,solo-16697324,thunderstorm,Thunderstorm Wind,BK,1985-04-19 13:52:00,1985-04-19 13:52:00,0,ok,0,ok,0,ok,0,,,,,40.65,-73.93,,
10077476,E19850830-solo-6fe4d705,solo-6fe4d705,thunderstorm,Thunderstorm Wind,QN,1985-08-30 14:10:00,1985-08-30 14:10:00,0,ok,0,ok,0,ok,0,,,,,40.73,-74.0,,
10077481,E19851005-solo-c91c6c33,solo-c91c6c33,thunderstorm,Thunderstorm Wind,QN,1985-10-05 09:45:00,1985-10-05 09:45:00,0,ok,0,ok,0,ok,0,,,,,40.72,-73.83,,
10077482,E19851005-solo-789287e4,solo-789287e4,tornado,Tornado,QN,1985-10-05 09:55:00,1985-10-05 09:55:00,0,ok,6,ok,0,ok,0,,,F1,,40.72,-73.83,,
10077521,E19860531-solo-cd24caed,solo-cd24caed,hail,Hail,BX,1986-05-31 15:15:00,1986-05-31 15:15:00,0,ok,0,ok,0,ok,.75,,,,,40.83,-73.9,,
10076405,E19870529-solo-b8c8d844,solo-b8c8d844,thunderstorm,Thunderstorm Wind,QN,1987-05-29 16:20:00,1987-05-29 16:20:00,0,ok,0,ok,0,ok,62,,,,,40.73,-74.0,,
10076480,E19880710-solo-fe578283,solo-fe578283,thunderstorm,Thunderstorm Wind,SI,1988-07-10 14:40:00,1988-07-10 14:40:00,0,ok,0,ok,0,ok,0,,,,,40.58,-74.17,,
10076251,E19881120-solo-77805237,solo-77805237,thunderstorm,Thunderstorm Wind,QN,1988-11-20 19:43:00,1988-11-20 19:43:00,0,ok,0,ok,0,ok,60,,,,,40.63,-73.78,,
10076781,E19880523-solo-1e50826b,solo-1e50826b,thunderstorm,Thunderstorm Wind,BK,1988-05-23 15:10:00,1988-05-23 15:10:00,0,ok,0,ok,0,ok,0,,,,,40.65,-73.93,,
10074318,E19890710-solo-c1704c09,solo-c1704c09,thunderstorm,Thunderstorm Wind,BX,1989-07-10 18:20:00,1989-07-10 18:20:00,0,ok,0,ok,0,ok,0,,,,,40.85,-73.87,,
10074319,E19890710-solo-c1704c09,solo-c1704c09,thunderstorm,Thunderstorm Wind,QN,1989-07-10 18:20:00,1989-07-10 18:20:00,0,ok,0,ok,0,ok,0,,,,,40.7,-73.85,,
10076608,E19891120-solo-a893cbda,solo-a893cbda,thunderstorm,Thunderstorm Wind,BX,1989-11-20 20:28:00,1989-11-20 20:28:00,0,ok,0,ok,0,ok,0,,,,,40.85,-73.87,,
10076609,E19891120-solo-10a4b9bb,solo-10a4b9bb,thunderstorm,Thunderstorm Wind,SI,1989-11-20 20:30:00,1989-11-20 20:30:00,0,ok,0,ok,0,ok,61,,,,,40.58,-74.17,,
10076612,E19891120-solo-fc1f3727,solo-fc1f3727,thunderstorm,Thunderstorm Wind,MN,1989-11-20 20:31:00,1989-11-20 20:31:00,0,ok,0,ok,0,ok,66,,,,,40.78,-73.87,,
10076615,E19891120-solo-3a0be8bc,solo-3a0be8bc,thunderstorm,Thunderstorm Wind,BK,1989-11-20 20:40:00,1989-11-20 20:40:00,0,ok,0,ok,0,ok,65,,,,,40.65,-73.97,,
10076613,E19891120-solo-fc1f3727,solo-fc1f3727,thunderstorm,Thunderstorm Wind,QN,1989-11-20 20:31:00,1989-11-20 20:31:00,0,ok,0,ok,0,ok,66,,,,,40.7,-73.85,,
10076699,E19901018-solo-033ced90,solo-033ced90,thunderstorm,Thunderstorm Wind,SI,1990-10-18 18:00:00,1990-10-18 18:00:00,0,ok,0,ok,0,ok,0,,,,,40.55,-74.17,,
10076700,E19901018-solo-033ced90,solo-033ced90,thunderstorm,Thunderstorm Wind,MN,1990-10-18 18:00:00,1990-10-18 18:00:00,0,ok,1,ok,0,ok,0,,,,,40.78,-73.97,,
10076702,E19901018-solo-033ced90,solo-033ced90,thunderstorm,Thunderstorm Wind,BK,1990-10-18 18:00:00,1990-10-18 18:00:00,0,ok,0,ok,0,ok,0,,,,,40.65,-73.97,,
10076681,E19900829-solo-e0d38cf7,solo-e0d38cf7,thunderstorm,Thunderstorm Wind,SI,1990-08-29 17:45:00,1990-08-29 17:45:00,0,ok,0,ok,0,ok,0,,,,,40.57,-74.1,,
10075527,E19900827-solo-79f22bf6,solo-79f22bf6,thunderstorm,Thunderstorm Wind,MN,1990-08-27 13:26:00,1990-08-27 13:26:00,0,ok,0,ok,0,ok,53,,,,,40.78,-73.87,,
10074423,E19900709-solo-6436531a,solo-6436531a,thunderstorm,Thunderstorm Wind,BK,1990-07-09 15:00:00,1990-07-09 15:00:00,0,ok,0,ok,0,ok,0,,,,,40.65,-73.97,,
10074425,E19900709-solo-2a22fb3b,solo-2a22fb3b,thunderstorm,Thunderstorm Wind,BK,1990-07-09 15:30:00,1990-07-09 15:30:00,0,ok,0,ok,0,ok,0,,,,,40.65,-73.97,,
10074439,E19900810-solo-6f0af402,solo-6f0af402,tornado,Tornado,SI,1990-08-10 13:45:00,1990-08-10 13:45:00,0,ok,3,ok,0,ok,0,,,F0,,40.57,-74.1,,
10075528,E19900827-solo-b90ff864,solo-b90ff864,thunderstorm,Thunderstorm Wind,QN,1990-08-27 13:45:00,1990-08-27 13:45:00,0,ok,0,ok,0,ok,0,,,,,40.72,-73.77,,
10075529,E19900827-solo-e2054435,solo-e2054435,thunderstorm,Thunderstorm Wind,BK,1990-08-27 14:17:00,1990-08-27 14:17:00,0,ok,0,ok,0,ok,0,,,,,40.65,-73.97,,
10076678,E19900828-solo-8581409e,solo-8581409e,thunderstorm,Thunderstorm Wind,BK,1990-08-28 23:00:00,1990-08-28 23:00:00,0,ok,0,ok,0,ok,0,,,,,40.65,-73.97,,
10076679,E19900828-solo-8581409e,solo-8581409e,thunderstorm,Thunderstorm Wind,SI,1990-08-28 23:00:00,1990-08-28 23:00:00,0,ok,0,ok,0,ok,0,,,,,40.58,-74.17,,
10076674,E19900828-solo-b138d2a9,solo-b138d2a9,thunderstorm,Thunderstorm Wind,BX,1990-08-28 22:26:00,1990-08-28 22:26:00,0,ok,0,ok,0,ok,0,,,,,40.85,-73.87,,
10077578,E19910721-solo-2ec91c91,solo-2ec91c91,thunderstorm,Thunderstorm Wind,SI,1991-07-21 16:20:00,1991-07-21 16:20:00,0,ok,0,ok,0,ok,0,,,,,40.5,-74.23,,
10075434,E19920715-solo-cbc59fe4,solo-cbc59fe4,thunderstorm,Thunderstorm Wind,SI,1992-07-15 17:30:00,1992-07-15 17:30:00,0,ok,0,ok,0,ok,0,,,,,40.58,-74.17,,
10075435,E19920715-solo-10a92024,solo-10a92024,thunderstorm,Thunderstorm Wind,BK,1992-07-15 17:33:00,1992-07-15 17:33:00,0,ok,0,ok,0,ok,55,,,,,40.65,-73.97,,
10076555,E19920811-solo-31f77b3e,solo-31f77b3e,thunderstorm,Thunderstorm Wind,SI,1992-08-11 13:55:00,1992-08-11 13:55:00,0,ok,0,ok,0,ok,52,,,,,40.58,-74.17,,
10074288,E19920114-solo-8c2a82f3,solo-8c2a82f3,thunderstorm,Thunderstorm Wind,SI,1992-01-14 11:40:00,1992-01-14 11:40:00,0,ok,0,ok,0,ok,62,,,,,40.58,-74.17,,
10336061,E19930828-solo-c522ede4,solo-c522ede4,thunderstorm,Thunderstorm Wind,QN,1993-08-28 16:34:00,1993-08-28 16:34:00,0,ok,0,ok,0,ok,63,,,,,,,,
10336062,E19940629-solo-2a34f703,solo-2a34f703,thunderstorm,Thunderstorm Wind,QN,1994-06-29 12:45:00,1994-06-29 12:45:00,0,ok,0,ok,0,ok,0,,,,,,,,
10336063,E19940813-solo-6d4fe01e,solo-6d4fe01e,thunderstorm,Thunderstorm Wind,QN,1994-08-13 16:40:00,1994-08-13 16:40:00,0,ok,0,ok,0,ok,0,,,,,,,,
10336473,E19940525-solo-1b602bd3,solo-1b602bd3,hail,Hail,BK,1994-05-25 16:33:00,1994-05-25 16:33:00,0,ok,0,ok,0,ok,.75,,,,,,,,
10336474,E19940813-solo-49ac5c19,solo-49ac5c19,thunderstorm,Thunderstorm Wind,BK,1994-08-13 16:27:00,1994-08-13 16:27:00,0,ok,0,ok,0,ok,0,,,,,,,,
10336164,E19940525-solo-21b25f1a,solo-21b25f1a,hail,Hail,SI,1994-05-25 00:00:00,1994-05-25 16:27:00,0,ok,0,ok,0,ok,.75,,,,,,,,
10336165,E19940627-solo-7ae86d2c,solo-7ae86d2c,thunderstorm,Thunderstorm Wind,SI,1994-06-27 14:00:00,1994-06-27 14:00:00,0,ok,0,ok,0,ok,0,,,,,,,,
10336166,E19940629-solo-d0f53054,solo-d0f53054,thunderstorm,Thunderstorm Wind,SI,1994-06-29 12:40:00,1994-06-29 12:40:00,0,ok,0,ok,0,ok,0,,,,,,,,
10336167,E19940813-solo-329b68b4,solo-329b68b4,thunderstorm,Thunderstorm Wind,SI,1994-08-13 16:20:00,1994-08-13 16:20:00,0,ok,0,ok,0,ok,0,,,,,,,,
10336538,E19950728-solo-a3db73a8,solo-a3db73a8,thunderstorm,Thunderstorm Wind,MN,1995-07-28 02:30:00,1995-07-28 02:30:00,0,ok,0,ok,0,ok,51,,,,,,,,Thunderstorms produced very strong winds across sections of New York City which downed several trees and power lines.
10336539,E19950831-solo-f141f633,solo-f141f633,tornado,Tornado,MN,1995-08-31 13:20:00,1995-08-31 13:20:00,0,ok,1,ok,30000,ok,0,,,F0,,,,,
10336540,E19951021-solo-d0edd2ce,solo-d0edd2ce,thunderstorm,Thunderstorm Wind,MN,1995-10-21 11:05:00,1995-10-21 11:05:00,0,ok,0,ok,0,ok,0,,,,,,,,
10336064,E19950404-solo-d828c185,solo-d828c185,thunderstorm,Thunderstorm Wind,QN,1995-04-04 13:25:00,1995-04-04 13:25:00,0,ok,0,ok,0,ok,54,,,,,,,,
10336475,E19950404-solo-808e8150,solo-808e8150,thunderstorm,Thunderstorm Wind,BK,1995-04-04 13:15:00,1995-04-04 13:15:00,0,ok,0,ok,0,ok,0,,,,,,,,
10336476,E19950728-solo-a3db73a8,solo-a3db73a8,thunderstorm,Thunderstorm Wind,BK,1995-07-28 02:30:00,1995-07-28 02:30:00,0,ok,0,ok,0,ok,0,,,,,,,,
10336477,E19951028-solo-50c12fba,solo-50c12fba,thunderstorm,Thunderstorm Wind,BK,1995-10-28 04:10:00,1995-10-28 04:10:00,0,ok,0,ok,0,ok,0,,,,,,,,
10336168,E19951028-solo-9ff96f32,solo-9ff96f32,tornado,Tornado,SI,1995-10-28 03:45:00,1995-10-28 04:00:00,0,ok,0,ok,500000,ok,0,,,F1,,,,,
5562179,E19960127-2040595,2040595,inland-flooding,Flood,QN,1996-01-27 13:00:00,1996-01-28 00:00:00,0,ok,0,ok,,missing,,,,,,,,,
5561762,E19960112-2040554,2040554,inland-flooding,Flood,MN,1996-01-12 18:00:00,1996-01-12 21:00:00,0,ok,0,ok,,missing,,,,,,,,,
5561753,E19960107-2040545,2040545,coastal-flooding,Coastal Flood,MN,1996-01-07 22:00:00,1996-01-08 12:00:00,0,ok,0,ok,,missing,,,,,,,,,
5561754,E19960107-2040546,2040546,coastal-flooding,Coastal Flood,SI,1996-01-07 22:00:00,1996-01-08 12:00:00,0,ok,0,ok,,missing,,,,,,,,,
5561755,E19960107-2040547,2040547,coastal-flooding,Coastal Flood,BK,1996-01-07 22:00:00,1996-01-08 12:00:00,0,ok,0,ok,,missing,,,,,,,,,
5561756,E19960107-2040548,2040548,coastal-flooding,Coastal Flood,QN,1996-01-07 22:00:00,1996-01-08 12:00:00,0,ok,0,ok,,missing,,,,,,,,,
5580990,E19960521-2053749,2053749,thunderstorm,Thunderstorm Wind,QN,1996-05-21 16:24:00,1996-05-21 16:24:00,0,ok,0,ok,,missing,51,,,,,40.63,-73.78,,
5561763,E19960112-2040555,2040555,inland-flooding,Flood,BX,1996-01-12 18:00:00,1996-01-12 21:00:00,0,ok,0,ok,,missing,,,,,,,,,
5561935,E19960119-2040567,2040567,high-winds,High Wind,BK,1996-01-19 09:00:00,1996-01-19 14:00:00,0,ok,0,ok,,missing,,,,,,,,,
5561936,E19960119-2040567,2040567,high-winds,High Wind,QN,1996-01-19 09:00:00,1996-01-19 14:00:00,0,ok,0,ok,,missing,,,,,,,,,
5561729,E19960107-2040524,2040524,winter-storm,Blizzard,BX,1996-01-07 16:00:00,1996-01-08 15:00:00,0,ok,0,ok,,missing,,,,,,,,,
5561730,E19960107-2040525,2040525,winter-storm,Blizzard,SI,1996-01-07 16:00:00,1996-01-08 15:00:00,0,ok,0,ok,,missing,,,,,,,,,
5561731,E19960107-2040526,2040526,winter-storm,Blizzard,BK,1996-01-07 16:00:00,1996-01-08 15:00:00,0,ok,0,ok,,missing,,,,,,,,,
5561732,E19960107-2040527,2040527,winter-storm,Blizzard,QN,1996-01-07 16:00:00,1996-01-08 15:00:00,0,ok,0,ok,,missing,,,,,,,,,
5561728,E19960107-2040523,2040523,winter-storm,Blizzard,MN,1996-01-07 16:00:00,1996-01-08 15:00:00,0,ok,0,ok,,missing,,,,,,,,,
5561932,E19960119-2040567,2040567,high-winds,High Wind,MN,1996-01-19 09:00:00,1996-01-19 14:00:00,0,ok,0,ok,,missing,,,,,,,,,
5561933,E19960119-2040567,2040567,high-winds,High Wind,BX,1996-01-19 09:00:00,1996-01-19 14:00:00,0,ok,0,ok,,missing,,,,,,,,,
5561934,E19960119-2040567,2040567,high-winds,High Wind,SI,1996-01-19 09:00:00,1996-01-19 14:00:00,0,ok,0,ok,,missing,,,,,,,,,
5561764,E19960112-2040556,2040556,inland-flooding,Flood,SI,1996-01-12 18:00:00,1996-01-12 21:00:00,0,ok,0,ok,,missing,,,,,,,,,
5561765,E19960112-2040557,2040557,inland-flooding,Flood,BK,1996-01-12 18:00:00,1996-01-12 21:00:00,0,ok,0,ok,,missing,,,,,,,,,
5561766,E19960112-2040558,2040558,inland-flooding,Flood,QN,1996-01-12 18:00:00,1996-01-12 21:00:00,0,ok,0,ok,,missing,,,,,,,,,
5561964,E19960119-2040573,2040573,inland-flooding,Flood,MN,1996-01-19 12:00:00,1996-01-20 14:00:00,0,ok,0,ok,,missing,,,,,,,,,
5561965,E19960119-2040573,2040573,inland-flooding,Flood,BX,1996-01-19 12:00:00,1996-01-20 14:00:00,0,ok,0,ok,,missing,,,,,,,,,
5561966,E19960119-2040573,2040573,inland-flooding,Flood,SI,1996-01-19 12:00:00,1996-01-20 14:00:00,0,ok,0,ok,,missing,,,,,,,,,
5561967,E19960119-2040573,2040573,inland-flooding,Flood,BK,1996-01-19 12:00:00,1996-01-20 14:00:00,0,ok,0,ok,,missing,,,,,,,,,
5561968,E19960119-2040573,2040573,inland-flooding,Flood,QN,1996-01-19 12:00:00,1996-01-20 14:00:00,0,ok,0,ok,,missing,,,,,,,,,
5562136,E19960119-2040581,2040581,thunderstorm,Thunderstorm Wind,QN,1996-01-19 15:00:00,1996-01-19 15:00:00,0,ok,0,ok,,missing,,,,,,40.75,-73.83,,
5562153,E19960127-2040590,2040590,high-winds,High Wind,MN,1996-01-27 08:00:00,1996-01-27 19:00:00,0,ok,0,ok,,missing,,,,,,,,,
5562154,E19960127-2040590,2040590,high-winds,High Wind,BX,1996-01-27 08:00:00,1996-01-27 19:00:00,0,ok,0,ok,,missing,,,,,,,,,
5562155,E19960127-2040590,2040590,high-winds,High Wind,SI,1996-01-27 08:00:00,1996-01-27 19:00:00,0,ok,0,ok,,missing,,,,,,,,,
5562156,E19960127-2040590,2040590,high-winds,High Wind,BK,1996-01-27 08:00:00,1996-01-27 19:00:00,0,ok,0,ok,,missing,,,,,,,,,
5562157,E19960127-2040590,2040590,high-winds,High Wind,QN,1996-01-27 08:00:00,1996-01-27 19:00:00,0,ok,0,ok,,missing,,,,,,,,,
5579853,E19960416-2053648,2053648,inland-flooding,Flood,SI,1996-04-16 03:30:00,1996-04-16 15:30:00,0,ok,0,ok,,missing,,,,,,,,,
5579854,E19960416-2053649,2053649,inland-flooding,Flood,BX,1996-04-16 04:00:00,1996-04-16 16:00:00,0,ok,0,ok,,missing,,,,,,,,,
5580381,E19960603-2054102,2054102,inland-flooding,Flood,BX,1996-06-03 06:30:00,1996-06-03 18:30:00,0,ok,0,ok,,missing,,,,,,,,,
5580382,E19960603-2054103,2054103,inland-flooding,Flood,BK,1996-06-03 06:30:00,1996-06-03 18:30:00,0,ok,0,ok,,missing,,,,,,,,,
5580384,E19960603-2054105,2054105,inland-flooding,Flood,MN,1996-06-03 06:30:00,1996-06-03 18:30:00,0,ok,0,ok,,missing,,,,,,,,,
5580387,E19960603-2054108,2054108,inland-flooding,Flood,QN,1996-06-03 06:30:00,1996-06-03 18:30:00,2,ok,21,ok,,missing,,,,,,,,,
5580388,E19960603-2054109,2054109,inland-flooding,Flood,SI,1996-06-03 06:30:00,1996-06-03 18:30:00,0,ok,0,ok,,missing,,,,,,,,,
5579855,E19960416-1028088,1028088,inland-flooding,Flood,BK,1996-04-16 04:00:00,1996-04-16 16:00:00,0,ok,0,ok,,missing,,,,,,,,,
5579857,E19960416-1028090,1028090,inland-flooding,Flood,MN,1996-04-16 04:00:00,1996-04-16 16:00:00,0,ok,0,ok,,missing,,,,,,,,,
5579859,E19960416-2053651,2053651,inland-flooding,Flood,QN,1996-04-16 04:00:00,1996-04-16 16:00:00,0,ok,0,ok,,missing,,,,,,,,,
5580394,E19960611-2054115,2054115,thunderstorm,Thunderstorm Wind,SI,1996-06-11 15:00:00,1996-06-11 15:00:00,0,ok,0,ok,,missing,,,,,,40.57,-74.17,,
5583890,E19961126-2057106,2057106,heavy-rain,Heavy Rain,SI,1996-11-26 02:00:00,1996-11-26 11:30:00,0,ok,0,ok,,missing,,,,,,,,,
5583886,E19961126-2057106,2057106,heavy-rain,Heavy Rain,MN,1996-11-26 02:00:00,1996-11-26 11:30:00,0,ok,0,ok,,missing,,,,,,,,,
5583889,E19961126-2057106,2057106,heavy-rain,Heavy Rain,QN,1996-11-26 02:00:00,1996-11-26 11:30:00,0,ok,0,ok,,missing,,,,,,,,,
5582608,E19961231-2057124,2057124,winter-storm,Winter Weather,BK,1996-12-31 14:00:00,1996-12-31 17:00:00,0,ok,6,ok,,missing,,,,,,,,,
5582428,E19961206-2057114,2057114,coastal-flooding,Coastal Flood,BX,1996-12-06 04:00:00,1996-12-06 14:00:00,0,ok,0,ok,,missing,,,,,,,,,
5582463,E19961207-2057118,2057118,coastal-flooding,Coastal Flood,BK,1996-12-07 17:00:00,1996-12-08 08:00:00,0,ok,0,ok,,missing,,,,,,,,,
5582410,E19961201-2057111,2057111,heavy-rain,Heavy Rain,BK,1996-12-01 00:00:00,1996-12-02 08:00:00,0,ok,0,ok,,missing,,,,,,,,,
5583884,E19961126-2057106,2057106,heavy-rain,Heavy Rain,BK,1996-11-26 02:00:00,1996-11-26 11:30:00,0,ok,0,ok,,missing,,,,,,,,,
5582415,E19961201-2057111,2057111,heavy-rain,Heavy Rain,QN,1996-12-01 00:00:00,1996-12-02 08:00:00,0,ok,0,ok,,missing,,,,,,,,,
5582578,E19961207-2057118,2057118,coastal-flooding,Coastal Flood,QN,1996-12-07 17:00:00,1996-12-08 08:00:00,0,ok,0,ok,,missing,,,,,,,,,
5583883,E19961126-2057106,2057106,heavy-rain,Heavy Rain,BX,1996-11-26 02:00:00,1996-11-26 11:30:00,0,ok,0,ok,,missing,,,,,,,,,
5582412,E19961201-2057111,2057111,heavy-rain,Heavy Rain,MN,1996-12-01 00:00:00,1996-12-02 08:00:00,0,ok,0,ok,,missing,,,,,,,,,
5583752,E19960708-1031702,1031702,flash-flooding,Flash Flood,MN,1996-07-08 18:29:00,1996-07-08 18:29:00,0,ok,0,ok,,missing,,,,,,,,,
5582575,E19961207-2057118,2057118,coastal-flooding,Coastal Flood,MN,1996-12-07 17:00:00,1996-12-08 08:00:00,0,ok,0,ok,,missing,,,,,,,,,
5582258,E19961019-2057096,2057096,high-winds,High Wind,BX,1996-10-19 10:00:00,1996-10-19 21:00:00,0,ok,0,ok,,missing,50,,,,,,,,
5583878,E19961019-2057105,2057105,high-winds,Strong Wind,MN,1996-10-19 10:00:00,1996-10-19 21:00:00,0,ok,0,ok,,missing,,,,,,,,,
5584026,E19960809-2057034,2057034,thunderstorm,Thunderstorm Wind,SI,1996-08-09 13:00:00,1996-08-09 13:00:00,0,ok,0,ok,,missing,50,,,,,40.62,-74.08,,
5584031,E19960804-2057037,2057037,thunderstorm,Lightning,BX,1996-08-04 16:30:00,1996-08-04 16:30:00,0,ok,0,ok,,missing,,,,,,,,,
5584168,E19960916-2057040,2057040,heavy-rain,Heavy Rain,MN,1996-09-16 17:00:00,1996-09-18 19:00:00,0,ok,0,ok,,missing,,,,,,,,,
5582431,E19961206-2057114,2057114,coastal-flooding,Coastal Flood,MN,1996-12-06 04:00:00,1996-12-06 14:00:00,0,ok,0,ok,,missing,,,,,,,,,
5582595,E19961213-2057122,2057122,coastal-flooding,Coastal Flood,BX,1996-12-13 09:00:00,1996-12-13 16:00:00,0,ok,0,ok,,missing,,,,,,,,,
5582416,E19961201-2057111,2057111,heavy-rain,Heavy Rain,SI,1996-12-01 00:00:00,1996-12-02 08:00:00,0,ok,0,ok,,missing,,,,,,,,,
5583683,E19960703-2057013,2057013,flash-flooding,Flash Flood,SI,1996-07-03 18:40:00,1996-07-03 18:40:00,0,ok,0,ok,,missing,,,,,,,,,
5582601,E19961213-2057122,2057122,coastal-flooding,Coastal Flood,QN,1996-12-13 09:00:00,1996-12-13 16:00:00,0,ok,0,ok,,missing,,,,,,,,,
5582609,E19961231-2057124,2057124,winter-storm,Winter Weather,QN,1996-12-31 14:00:00,1996-12-31 17:00:00,0,ok,15,ok,,missing,,,,,,,,,
5584010,E19960731-2057027,2057027,flash-flooding,Flash Flood,BK,1996-07-31 11:00:00,1996-07-31 11:00:00,0,ok,0,ok,,missing,,,,,,,,,
5582438,E19961206-2057114,2057114,coastal-flooding,Coastal Flood,SI,1996-12-06 04:00:00,1996-12-06 14:00:00,0,ok,0,ok,,missing,,,,,,,,,
5582462,E19961207-2057118,2057118,coastal-flooding,Coastal Flood,BX,1996-12-07 17:00:00,1996-12-08 08:00:00,0,ok,0,ok,,missing,,,,,,,,,
5582602,E19961213-2057122,2057122,coastal-flooding,Coastal Flood,SI,1996-12-13 10:00:00,1996-12-13 13:00:00,0,ok,0,ok,,missing,,,,,,,,,
5582579,E19961207-2057118,2057118,coastal-flooding,Coastal Flood,SI,1996-12-07 17:00:00,1996-12-08 08:00:00,0,ok,0,ok,,missing,,,,,,,,,
5582429,E19961206-2057114,2057114,coastal-flooding,Coastal Flood,BK,1996-12-06 04:00:00,1996-12-06 14:00:00,0,ok,0,ok,,missing,,,,,,,,,
5584171,E19960916-2057040,2057040,heavy-rain,Heavy Rain,QN,1996-09-16 17:00:00,1996-09-18 19:00:00,0,ok,0,ok,,missing,,,,,,,,,
5582437,E19961206-2057114,2057114,coastal-flooding,Coastal Flood,QN,1996-12-06 04:00:00,1996-12-06 14:00:00,0,ok,0,ok,,missing,,,,,,,,,
5582596,E19961213-2057122,2057122,coastal-flooding,Coastal Flood,BK,1996-12-13 10:00:00,1996-12-13 13:00:00,0,ok,0,ok,,missing,,,,,,,,,
5582409,E19961201-2057111,2057111,heavy-rain,Heavy Rain,BX,1996-12-01 00:00:00,1996-12-02 08:00:00,0,ok,0,ok,,missing,,,,,,,,,
5582598,E19961213-2057122,2057122,coastal-flooding,Coastal Flood,MN,1996-12-13 10:00:00,1996-12-13 13:00:00,0,ok,0,ok,,missing,,,,,,,,,
5584159,E19960908-2057039,2057039,flash-flooding,Flash Flood,SI,1996-09-08 15:00:00,1996-09-08 15:00:00,0,ok,0,ok,,missing,,,,,,,,,
5584160,E19960908-2057039,2057039,thunderstorm,Thunderstorm Wind,SI,1996-09-08 15:00:00,1996-09-08 15:00:00,0,ok,0,ok,,missing,50,,,,,40.57,-74.17,,
5584161,E19960908-2057039,2057039,flash-flooding,Flash Flood,BK,1996-09-08 15:00:00,1996-09-08 15:00:00,0,ok,0,ok,,missing,,,,,,,,,
5559416,E19960225-2040612,2040612,high-winds,High Wind,QN,1996-02-25 10:00:00,1996-02-25 18:00:00,0,ok,0,ok,,missing,,,,,,,,,
5562355,E19960203-2040606,2040606,heavy-snow,Heavy Snow,BK,1996-02-03 00:00:00,1996-02-03 08:00:00,0,ok,0,ok,,missing,,,,,,,,,
5562356,E19960203-2040606,2040606,heavy-snow,Heavy Snow,QN,1996-02-03 00:00:00,1996-02-03 08:00:00,0,ok,0,ok,,missing,,,,,,,,,
5562380,E19960216-2040609,2040609,heavy-snow,Heavy Snow,MN,1996-02-16 18:00:00,1996-02-17 06:00:00,0,ok,0,ok,,missing,,,,,,,,,
5562381,E19960216-2040609,2040609,heavy-snow,Heavy Snow,BX,1996-02-16 18:00:00,1996-02-17 06:00:00,0,ok,0,ok,,missing,,,,,,,,,
5562382,E19960216-2040609,2040609,heavy-snow,Heavy Snow,SI,1996-02-16 18:00:00,1996-02-17 06:00:00,0,ok,0,ok,,missing,,,,,,,,,
5562354,E19960203-2040606,2040606,heavy-snow,Heavy Snow,SI,1996-02-03 00:00:00,1996-02-03 08:00:00,0,ok,0,ok,,missing,,,,,,,,,
5559415,E19960225-2040612,2040612,high-winds,High Wind,BK,1996-02-25 10:00:00,1996-02-25 18:00:00,1,ok,0,ok,,missing,,,,,,,,,
5559412,E19960225-2040612,2040612,high-winds,High Wind,MN,1996-02-25 10:00:00,1996-02-25 18:00:00,0,ok,0,ok,,missing,,,,,,,,,
5560183,E19960319-2040921,2040921,high-winds,High Wind,BX,1996-03-19 14:00:00,1996-03-19 23:00:00,0,ok,0,ok,,missing,,,,,,,,,
5560184,E19960319-2040921,2040921,high-winds,High Wind,SI,1996-03-19 14:00:00,1996-03-19 23:00:00,0,ok,0,ok,,missing,,,,,,,,,
5560182,E19960319-2040921,2040921,high-winds,High Wind,MN,1996-03-19 14:00:00,1996-03-19 23:00:00,0,ok,0,ok,,missing,,,,,,,,,
5559413,E19960225-2040612,2040612,high-winds,High Wind,BX,1996-02-25 10:00:00,1996-02-25 18:00:00,0,ok,0,ok,,missing,,,,,,,,,
5559414,E19960225-2040612,2040612,high-winds,High Wind,SI,1996-02-25 10:00:00,1996-02-25 18:00:00,0,ok,0,ok,,missing,,,,,,,,,
5582279,E19961019-2057098,2057098,flash-flooding,Flash Flood,MN,1996-10-19 15:40:00,1996-10-19 20:00:00,0,ok,0,ok,,missing,,,,,,,,,
5560185,E19960319-2040921,2040921,high-winds,High Wind,BK,1996-03-19 14:00:00,1996-03-19 23:00:00,0,ok,0,ok,,missing,,,,,,,,,
5560186,E19960319-2040921,2040921,high-winds,High Wind,QN,1996-03-19 14:00:00,1996-03-19 23:00:00,0,ok,0,ok,,missing,,,,,,,,,
5562352,E19960203-2040606,2040606,heavy-snow,Heavy Snow,MN,1996-02-03 00:00:00,1996-02-03 08:00:00,0,ok,0,ok,,missing,,,,,,,,,
5562353,E19960203-2040606,2040606,heavy-snow,Heavy Snow,BX,1996-02-03 00:00:00,1996-02-03 08:00:00,0,ok,0,ok,,missing,,,,,,,,,
5562383,E19960216-2040609,2040609,heavy-snow,Heavy Snow,BK,1996-02-16 18:00:00,1996-02-17 06:00:00,0,ok,0,ok,,missing,,,,,,,,,
5562384,E19960216-2040609,2040609,heavy-snow,Heavy Snow,QN,1996-02-16 18:00:00,1996-02-17 06:00:00,0,ok,0,ok,,missing,,,,,,,,,
5584172,E19960916-2057040,2057040,heavy-rain,Heavy Rain,SI,1996-09-16 17:00:00,1996-09-18 19:00:00,0,ok,0,ok,,missing,,,,,,,,,
5584162,E19960908-2057039,2057039,flash-flooding,Flash Flood,BX,1996-09-08 15:00:00,1996-09-08 15:00:00,0,ok,0,ok,,missing,,,,,,,,,
5583915,E19960713-2057022,2057022,flash-flooding,Flash Flood,BK,1996-07-13 08:30:00,1996-07-13 08:30:00,0,ok,0,ok,,missing,,,,,,,,,
5584166,E19960916-2057040,2057040,heavy-rain,Heavy Rain,BK,1996-09-16 17:00:00,1996-09-18 19:00:00,0,ok,0,ok,,missing,,,,,,,,,
5582295,E19961019-2057101,2057101,coastal-flooding,Coastal Flood,QN,1996-10-19 13:00:00,1996-10-19 17:30:00,0,ok,0,ok,3000000,ok,,,,,,,,,
5584543,E19961008-2057092,2057092,heavy-rain,Heavy Rain,MN,1996-10-08 11:00:00,1996-10-09 01:00:00,0,ok,0,ok,,missing,,,,,,,,,
5584008,E19960731-2057027,2057027,flash-flooding,Flash Flood,QN,1996-07-31 10:12:00,1996-07-31 10:12:00,0,ok,0,ok,,missing,,,,,,,,,
5583766,E19961019-2057101,2057101,coastal-flooding,Coastal Flood,BX,1996-10-19 13:00:00,1996-10-19 17:30:00,0,ok,0,ok,3000000,ok,,,,,,,,,
5583769,E19961019-2057101,2057101,coastal-flooding,Coastal Flood,MN,1996-10-19 11:00:00,1996-10-19 15:00:00,0,ok,0,ok,2500000,ok,,,,,,,,,
5560173,E19960307-2040918,2040918,winter-storm,Winter Storm,BK,1996-03-07 08:40:00,1996-03-08 13:00:00,0,ok,0,ok,,missing,,,,,,,,,
5584546,E19961008-2057092,2057092,heavy-rain,Heavy Rain,QN,1996-10-08 11:00:00,1996-10-09 01:00:00,0,ok,0,ok,,missing,,,,,,,,,
5560174,E19960307-2040918,2040918,winter-storm,Winter Storm,QN,1996-03-07 08:40:00,1996-03-08 13:00:00,0,ok,0,ok,,missing,,,,,,,,,
5583680,E19960703-2057013,2057013,flash-flooding,Flash Flood,QN,1996-07-03 15:20:00,1996-07-03 15:20:00,0,ok,0,ok,,missing,,,,,,,,,
5560172,E19960307-2040918,2040918,winter-storm,Winter Storm,BX,1996-03-07 08:40:00,1996-03-08 13:00:00,0,ok,0,ok,,missing,,,,,,,,,
5583876,E19961019-2057105,2057105,high-winds,Strong Wind,BK,1996-10-19 10:00:00,1996-10-19 21:00:00,0,ok,0,ok,,missing,,,,,,,,,
5583877,E19961019-2057105,2057105,high-winds,Strong Wind,QN,1996-10-19 10:00:00,1996-10-19 21:00:00,0,ok,0,ok,,missing,,,,,,,,,
5584007,E19960731-2057027,2057027,flash-flooding,Flash Flood,BK,1996-07-31 10:12:00,1996-07-31 10:30:00,0,ok,0,ok,,missing,,,,,,,,,
5582280,E19961019-2057098,2057098,flash-flooding,Flash Flood,BK,1996-10-19 15:40:00,1996-10-19 20:00:00,0,ok,0,ok,1500000,ok,,,,,,,,,
5582281,E19961019-2057098,2057098,flash-flooding,Flash Flood,BX,1996-10-19 15:40:00,1996-10-19 15:40:00,0,ok,0,ok,,missing,,,,,,,,,
5582282,E19961019-2057098,2057098,flash-flooding,Flash Flood,MN,1996-10-19 14:10:00,1996-10-19 15:30:00,0,ok,0,ok,,missing,,,,,,,,,
5582283,E19961019-2057098,2057098,flash-flooding,Flash Flood,BX,1996-10-19 13:30:00,1996-10-19 13:30:00,0,ok,0,ok,,missing,,,,,,,,,
5582284,E19961019-2057098,2057098,flash-flooding,Flash Flood,SI,1996-10-19 13:10:00,1996-10-19 19:00:00,0,ok,0,ok,,missing,,,,,,,,,
5582286,E19961019-2057098,2057098,flash-flooding,Flash Flood,QN,1996-10-19 13:00:00,1996-10-19 23:59:00,0,ok,0,ok,3600000,ok,,,,,,,,,
5582256,E19961019-2057096,2057096,high-winds,High Wind,SI,1996-10-19 10:00:00,1996-10-19 21:00:00,0,ok,0,ok,,missing,50,,,,,,,,
5584547,E19961008-2057092,2057092,heavy-rain,Heavy Rain,SI,1996-10-08 11:00:00,1996-10-09 01:00:00,0,ok,0,ok,,missing,,,,,,,,,
5560171,E19960307-2040918,2040918,winter-storm,Winter Storm,MN,1996-03-07 08:40:00,1996-03-08 13:00:00,0,ok,0,ok,,missing,,,,,,,,,
5584165,E19960916-2057040,2057040,heavy-rain,Heavy Rain,BX,1996-09-16 17:00:00,1996-09-18 19:00:00,0,ok,0,ok,,missing,,,,,,,,,
5584541,E19961008-2057092,2057092,heavy-rain,Heavy Rain,BK,1996-10-08 11:00:00,1996-10-09 01:00:00,0,ok,0,ok,,missing,,,,,,,,,
5584011,E19960731-2057027,2057027,flash-flooding,Flash Flood,QN,1996-07-31 11:00:00,1996-07-31 11:00:00,0,ok,0,ok,,missing,,,,,,,,,
5582288,E19961019-2057098,2057098,flash-flooding,Flash Flood,BK,1996-10-19 12:30:00,1996-10-19 12:30:00,0,ok,0,ok,,missing,,,,,,,,,
5584540,E19961008-2057092,2057092,heavy-rain,Heavy Rain,BX,1996-10-08 11:00:00,1996-10-09 01:00:00,0,ok,0,ok,,missing,,,,,,,,,
5584006,E19960731-2057027,2057027,flash-flooding,Flash Flood,SI,1996-07-31 10:10:00,1996-07-31 10:10:00,0,ok,0,ok,,missing,,,,,,,,,
5610407,E19970715-2067396,2067396,flash-flooding,Flash Flood,QN,1997-07-15 19:00:00,1997-07-15 19:00:00,0,ok,0,ok,,missing,,,,,,,,,
5610442,E19970724-2067403,2067403,heavy-rain,Heavy Rain,BX,1997-07-24 01:00:00,1997-07-25 11:00:00,0,ok,0,ok,,missing,,,,,,,,,
5610694,E19970820-1045949,1045949,heavy-rain,Heavy Rain,QN,1997-08-20 13:00:00,1997-08-21 05:00:00,0,ok,0,ok,,missing,,,,,,,,,
5610312,E19970715-2067396,2067396,thunderstorm,Thunderstorm Wind,BX,1997-07-15 18:15:00,1997-07-15 18:15:00,0,ok,0,ok,,missing,50,,,,,40.83,-73.9,,
5610695,E19970820-1045949,1045949,heavy-rain,Heavy Rain,SI,1997-08-20 13:00:00,1997-08-21 05:00:00,0,ok,0,ok,,missing,,,,,,,,,
5610591,E19970816-2067414,2067414,thunderstorm,Thunderstorm Wind,QN,1997-08-16 16:41:00,1997-08-16 16:41:00,0,ok,0,ok,,missing,52,,,,,40.78,-73.87,,
5610406,E19970715-2067396,2067396,thunderstorm,Thunderstorm Wind,BX,1997-07-15 18:45:00,1997-07-15 18:45:00,0,ok,0,ok,,missing,50,,,,,40.85,-73.83,,
5610590,E19970816-2067414,2067414,thunderstorm,Thunderstorm Wind,MN,1997-08-16 16:33:00,1997-08-16 16:33:00,0,ok,0,ok,,missing,50,,,,,40.78,-73.95,,
5610308,E19970709-2067395,2067395,thunderstorm,Thunderstorm Wind,SI,1997-07-09 18:02:00,1997-07-09 18:02:00,0,ok,0,ok,,missing,50,,,,,40.57,-74.17,,
5610445,E19970724-2067403,2067403,heavy-rain,Heavy Rain,MN,1997-07-24 01:00:00,1997-07-25 11:00:00,0,ok,0,ok,,missing,,,,,,,,,
5610424,E19970718-2067397,2067397,thunderstorm,Lightning,BK,1997-07-18 18:55:00,1997-07-18 18:55:00,0,ok,0,ok,,missing,,,,,,,,,
5610448,E19970724-2067403,2067403,heavy-rain,Heavy Rain,QN,1997-07-24 01:00:00,1997-07-25 11:00:00,0,ok,0,ok,,missing,,,,,,,,,
5610693,E19970820-1045949,1045949,heavy-rain,Heavy Rain,MN,1997-08-20 13:00:00,1997-08-21 05:00:00,0,ok,0,ok,,missing,,,,,,,,,
5610594,E19970816-2067414,2067414,thunderstorm,Thunderstorm Wind,BX,1997-08-16 17:05:00,1997-08-16 17:05:00,1,ok,2,ok,,missing,50,,,,,40.87,-73.82,,
5610443,E19970724-2067403,2067403,heavy-rain,Heavy Rain,BK,1997-07-24 01:00:00,1997-07-25 11:00:00,0,ok,0,ok,,missing,,,,,,,,,
5610298,E19970707-2067393,2067393,thunderstorm,Thunderstorm Wind,QN,1997-07-07 17:05:00,1997-07-07 17:15:00,0,ok,0,ok,,missing,57,,,,,40.63,-73.78,,
5610690,E19970820-1045949,1045949,heavy-rain,Heavy Rain,BX,1997-08-20 13:00:00,1997-08-21 05:00:00,0,ok,0,ok,,missing,,,,,,,,,
5610691,E19970820-1045949,1045949,heavy-rain,Heavy Rain,BK,1997-08-20 13:00:00,1997-08-21 05:00:00,0,ok,0,ok,,missing,,,,,,,,,
5610423,E19970718-2067397,2067397,thunderstorm,Thunderstorm Wind,SI,1997-07-18 18:45:00,1997-07-18 18:45:00,0,ok,0,ok,,missing,50,,,,,40.58,-74.17,,
5610309,E19970715-2067396,2067396,thunderstorm,Thunderstorm Wind,QN,1997-07-15 17:56:00,1997-07-15 18:18:00,0,ok,0,ok,,missing,70,,,,,40.78,-73.87,,
5610310,E19970715-2067396,2067396,thunderstorm,Thunderstorm Wind,QN,1997-07-15 17:43:00,1997-07-15 17:43:00,0,ok,0,ok,,missing,53,,,,,40.78,-73.87,,
5610419,E19970718-2067397,2067397,thunderstorm,Thunderstorm Wind,QN,1997-07-18 19:10:00,1997-07-18 19:10:00,2,ok,16,ok,,missing,50,,,,,40.73,-73.73,,
5610449,E19970724-2067403,2067403,heavy-rain,Heavy Rain,SI,1997-07-24 01:00:00,1997-07-25 11:00:00,0,ok,0,ok,,missing,,,,,,,,,
5610277,E19970622-2067389,2067389,thunderstorm,Thunderstorm Wind,QN,1997-06-22 14:25:00,1997-06-22 14:25:00,0,ok,0,ok,,missing,75,,,,,40.7,-73.85,,
5610573,E19970805-2067409,2067409,thunderstorm,Thunderstorm Wind,QN,1997-08-05 17:30:00,1997-08-05 17:30:00,0,ok,0,ok,,missing,50,,,,,40.75,-73.8,,
5610575,E19970805-2067409,2067409,thunderstorm,Thunderstorm Wind,SI,1997-08-05 19:00:00,1997-08-05 19:00:00,0,ok,0,ok,,missing,50,,,,,40.58,-74.15,,
5610418,E19970718-2067397,2067397,thunderstorm,Thunderstorm Wind,BK,1997-07-18 18:55:00,1997-07-18 18:55:00,0,ok,3,ok,,missing,50,,,,,40.65,-73.93,,
5610897,E19970110-2067360,2067360,coastal-flooding,Coastal Flood,QN,1997-01-10 09:00:00,1997-01-10 11:00:00,0,ok,0,ok,,missing,,,,,,,,,
5610128,E19970506-2067379,2067379,thunderstorm,Thunderstorm Wind,SI,1997-05-06 12:30:00,1997-05-06 12:30:00,0,ok,0,ok,,missing,50,,,,,40.57,-74.17,,
5610127,E19970506-2067379,2067379,thunderstorm,Funnel Cloud,SI,1997-05-06 12:30:00,1997-05-06 12:30:00,0,ok,0,ok,,missing,,,,,,,,,
5610131,E19970506-2067379,2067379,thunderstorm,Thunderstorm Wind,QN,1997-05-06 13:15:00,1997-05-06 13:15:00,0,ok,0,ok,,missing,50,,,,,40.75,-73.78,,
5610917,E19970306-2067368,2067368,high-winds,High Wind,SI,1997-03-06 13:00:00,1997-03-06 13:00:00,0,ok,0,ok,,missing,50,,,,,,,,
5610129,E19970506-2067379,2067379,thunderstorm,Thunderstorm Wind,MN,1997-05-06 12:35:00,1997-05-06 12:35:00,0,ok,0,ok,,missing,50,,,,,40.73,-74.0,,
5610130,E19970506-2067379,2067379,thunderstorm,Thunderstorm Wind,BX,1997-05-06 12:55:00,1997-05-06 12:55:00,0,ok,1,ok,,missing,50,,,,,40.83,-73.9,,
5610916,E19970306-2067368,2067368,high-winds,High Wind,QN,1997-03-06 07:20:00,1997-03-06 07:58:00,4,ok,6,ok,,missing,52,,,,,,,,
5610922,E19970306-2067368,2067368,high-winds,High Wind,MN,1997-03-06 08:00:00,1997-03-06 10:22:00,0,ok,2,ok,,missing,50,,,,,,,,
5610946,E19970331-2067372,2067372,coastal-flooding,Coastal Flood,QN,1997-03-31 06:00:00,1997-03-31 23:59:00,0,ok,0,ok,,missing,,,,,,,,,
5610908,E19970306-2067368,2067368,high-winds,High Wind,BX,1997-03-06 10:35:00,1997-03-06 10:35:00,0,ok,0,ok,,missing,50,,,,,,,,
5610940,E19970331-2067372,2067372,coastal-flooding,Coastal Flood,BX,1997-03-31 06:00:00,1997-03-31 23:59:00,0,ok,0,ok,,missing,,,,,,,,,
5610941,E19970331-2067372,2067372,coastal-flooding,Coastal Flood,BK,1997-03-31 06:00:00,1997-03-31 23:59:00,0,ok,0,ok,,missing,,,,,,,,,
5610134,E19970506-2067379,2067379,thunderstorm,Thunderstorm Wind,MN,1997-05-06 13:21:00,1997-05-06 13:21:00,0,ok,0,ok,,missing,50,,,,,40.73,-74.0,,
5610133,E19970506-2067379,2067379,thunderstorm,Thunderstorm Wind,BX,1997-05-06 13:21:00,1997-05-06 13:21:00,0,ok,0,ok,,missing,50,,,,,40.83,-73.9,,
5610943,E19970331-2067372,2067372,coastal-flooding,Coastal Flood,MN,1997-03-31 06:00:00,1997-03-31 23:59:00,0,ok,0,ok,,missing,,,,,,,,,
5610903,E19970227-2067364,2067364,fog,Dense Fog,MN,1997-02-27 08:00:00,1997-02-27 08:00:00,1,ok,10,ok,,missing,,,,,,,,,
5611009,E19970331-2067372,2067372,coastal-flooding,Coastal Flood,SI,1997-03-31 06:00:00,1997-03-31 23:59:00,0,ok,0,ok,,missing,,,,,,,,,
5610909,E19970306-2067368,2067368,high-winds,High Wind,BK,1997-03-06 13:19:00,1997-03-06 13:19:00,0,ok,0,ok,,missing,52,,,,,,,,
5623658,E19971229-2071936,2071936,coastal-flooding,Coastal Flood,BX,1997-12-29 23:42:00,1997-12-29 23:42:00,0,ok,0,ok,,missing,,,,,,,,,
5623593,E19971104-2071922,2071922,hail,Hail,BX,1997-11-04 12:45:00,1997-11-04 12:45:00,0,ok,0,ok,,missing,.75,,,,,40.83,-73.9,,
5623622,E19971114-2071926,2071926,coastal-flooding,Coastal Flood,QN,1997-11-14 07:00:00,1997-11-14 11:00:00,0,ok,0,ok,,missing,,,,,,,,,
5623589,E19971102-2071920,2071920,flash-flooding,Flash Flood,SI,1997-11-02 14:00:00,1997-11-02 15:00:00,0,ok,0,ok,,missing,,,,,,,,,
5623590,E19971102-2071921,2071921,high-winds,Strong Wind,QN,1997-11-02 07:30:00,1997-11-02 07:30:00,0,ok,0,ok,,missing,,,,,,,,,
5623602,E19971107-1050809,1050809,heavy-rain,Heavy Rain,BK,1997-11-07 19:00:00,1997-11-09 17:00:00,0,ok,0,ok,,missing,,,,,,,,,
5623603,E19971107-1050809,1050809,heavy-rain,Heavy Rain,QN,1997-11-07 19:00:00,1997-11-09 17:00:00,0,ok,0,ok,,missing,,,,,,,,,
5623570,E19971101-2071917,2071917,high-winds,Strong Wind,BK,1997-11-01 15:00:00,1997-11-01 15:00:00,0,ok,0,ok,,missing,,,,,,,,,
5623568,E19971101-2071917,2071917,high-winds,Strong Wind,MN,1997-11-01 15:00:00,1997-11-01 15:00:00,0,ok,0,ok,,missing,,,,,,,,,
5623569,E19971101-2071917,2071917,high-winds,Strong Wind,SI,1997-11-01 15:00:00,1997-11-01 15:00:00,0,ok,0,ok,,missing,,,,,,,,,
5623571,E19971101-2071917,2071917,high-winds,Strong Wind,QN,1997-11-01 15:00:00,1997-11-01 15:00:00,0,ok,0,ok,,missing,,,,,,,,,
5623630,E19971127-2071928,2071928,high-winds,Strong Wind,MN,1997-11-27 11:00:00,1997-11-27 11:00:00,0,ok,4,ok,,missing,,,,,,,,,
5623601,E19971107-1050809,1050809,heavy-rain,Heavy Rain,SI,1997-11-07 19:00:00,1997-11-09 17:00:00,0,ok,0,ok,,missing,,,,,,,,,
5623600,E19971107-1050809,1050809,heavy-rain,Heavy Rain,MN,1997-11-07 19:00:00,1997-11-09 17:00:00,0,ok,0,ok,,missing,,,,,,,,,
5623599,E19971107-1050809,1050809,heavy-rain,Heavy Rain,BX,1997-11-07 19:00:00,1997-11-09 17:00:00,0,ok,0,ok,,missing,,,,,,,,,
5623567,E19971101-2071917,2071917,high-winds,Strong Wind,BX,1997-11-01 15:00:00,1997-11-01 15:00:00,0,ok,0,ok,,missing,,,,,,,,,
5637270,E19980123-1058345,1058345,inland-flooding,Flood,SI,1998-01-23 17:30:00,1998-01-24 05:00:00,0,ok,0,ok,,missing,,,,,,,,,
5669612,E19980907-2149216,2149216,thunderstorm,Thunderstorm Wind,SI,1998-09-07 13:17:00,1998-09-07 13:17:00,0,ok,0,ok,,missing,70,,,,TRAINED SPOTTER,40.55,-74.17,,
5659617,E19980509-2081606,2081606,heavy-rain,Heavy Rain,BX,1998-05-09 01:00:00,1998-05-10 22:30:00,0,ok,0,ok,,missing,,,,,TRAINED SPOTTER,,,,
5637271,E19980123-1058345,1058345,inland-flooding,Flood,MN,1998-01-23 17:30:00,1998-01-24 05:00:00,0,ok,0,ok,,missing,,,,,,,,,
5659622,E19980509-2081606,2081606,heavy-rain,Heavy Rain,QN,1998-05-09 01:00:00,1998-05-10 22:30:00,0,ok,0,ok,,missing,,,,,"AWOS,ASOS,MESONET,ETC",,,,
5659620,E19980509-2081606,2081606,heavy-rain,Heavy Rain,MN,1998-05-09 01:00:00,1998-05-10 22:30:00,0,ok,0,ok,,missing,,,,,"AWOS,ASOS,MESONET,ETC",,,,
5659618,E19980509-2081606,2081606,heavy-rain,Heavy Rain,BK,1998-05-09 01:00:00,1998-05-10 22:30:00,0,ok,0,ok,,missing,,,,,TRAINED SPOTTER,,,,
5658726,E19980612-2082399,2082399,heavy-rain,Heavy Rain,QN,1998-06-12 21:00:00,1998-06-14 18:00:00,0,ok,0,ok,,missing,,,,,"AWOS,ASOS,MESONET,ETC",,,,
5637273,E19980123-1058345,1058345,inland-flooding,Flood,BK,1998-01-23 17:30:00,1998-01-24 05:00:00,0,ok,0,ok,,missing,,,,,,,,,
5637272,E19980123-1058345,1058345,inland-flooding,Flood,BX,1998-01-23 17:30:00,1998-01-24 05:00:00,0,ok,0,ok,,missing,,,,,,,,,
5669613,E19980907-2149216,2149216,thunderstorm,Thunderstorm Wind,SI,1998-09-07 13:30:00,1998-09-07 13:35:00,0,ok,1,ok,,missing,70,,,,TRAINED SPOTTER,40.57,-74.17,,
5669614,E19980907-2149216,2149216,thunderstorm,Thunderstorm Wind,BX,1998-09-07 13:30:00,1998-09-07 13:35:00,1,ok,2,ok,,missing,52,,,,BROADCAST MEDIA,40.83,-73.9,,
5669616,E19980907-2149216,2149216,thunderstorm,Thunderstorm Wind,BK,1998-09-07 13:36:00,1998-09-07 13:45:00,0,ok,1,ok,,missing,60,,,,TRAINED SPOTTER,40.65,-73.97,,
5669617,E19980907-2149216,2149216,hail,Hail,BK,1998-09-07 13:45:00,1998-09-07 13:45:00,0,ok,1,ok,,missing,1.50,,,,TRAINED SPOTTER,40.58,-73.98,,
5669618,E19980907-2149216,2149216,thunderstorm,Funnel Cloud,BK,1998-09-07 13:45:00,1998-09-07 13:45:00,0,ok,0,ok,,missing,,,,,TRAINED SPOTTER,,,,
5669619,E19980907-2149216,2149216,thunderstorm,Thunderstorm Wind,BK,1998-09-07 13:50:00,1998-09-07 13:50:00,0,ok,0,ok,,missing,52,,,,TRAINED SPOTTER,40.65,-73.93,,
5669620,E19980907-2149216,2149216,thunderstorm,Thunderstorm Wind,QN,1998-09-07 13:36:00,1998-09-07 13:36:00,0,ok,0,ok,,missing,54,,,,"AWOS,ASOS,MESONET,ETC",40.72,-73.75,,
5669621,E19980907-2149216,2149216,thunderstorm,Thunderstorm Wind,QN,1998-09-07 13:51:00,1998-09-07 13:51:00,0,ok,0,ok,,missing,54,,,,"AWOS,ASOS,MESONET,ETC",40.63,-73.78,,
5669622,E19980907-2149216,2149216,thunderstorm,Thunderstorm Wind,MN,1998-09-07 13:40:00,1998-09-07 13:40:00,0,ok,0,ok,,missing,52,,,,TRAINED SPOTTER,40.73,-74.0,,
5637274,E19980123-1058345,1058345,inland-flooding,Flood,QN,1998-01-23 17:30:00,1998-01-24 05:00:00,0,ok,0,ok,,missing,,,,,,,,,
5658660,E19980612-2082399,2082399,heavy-rain,Heavy Rain,BX,1998-06-13 09:00:00,1998-06-14 18:00:00,0,ok,0,ok,,missing,,,,,TRAINED SPOTTER,,,,
5658641,E19980613-2082396,2082396,flash-flooding,Flash Flood,BK,1998-06-13 10:50:00,1998-06-13 10:50:00,0,ok,0,ok,,missing,,,,,TRAINED SPOTTER,,,,
5658643,E19980613-2082396,2082396,flash-flooding,Flash Flood,MN,1998-06-13 11:20:00,1998-06-13 11:20:00,0,ok,0,ok,,missing,,,,,TRAINED SPOTTER,,,,
5658658,E19980612-2082399,2082399,heavy-rain,Heavy Rain,SI,1998-06-13 08:45:00,1998-06-14 18:00:00,0,ok,0,ok,,missing,,,,,TRAINED SPOTTER,,,,
5659730,E19980520-1065436,1065436,hail,Hail,MN,1998-05-20 17:30:00,1998-05-20 17:30:00,0,ok,0,ok,,missing,1.50,,,,TRAINED SPOTTER,40.73,-74.0,,
5659623,E19980509-2081606,2081606,heavy-rain,Heavy Rain,SI,1998-05-09 01:00:00,1998-05-10 22:30:00,0,ok,0,ok,,missing,,,,,TRAINED SPOTTER,,,,
5658725,E19980612-2082399,2082399,heavy-rain,Heavy Rain,BK,1998-06-12 21:00:00,1998-06-14 18:00:00,0,ok,0,ok,,missing,,,,,TRAINED SPOTTER,,,,
5636619,E19980409-2075378,2075378,thunderstorm,Thunderstorm Wind,MN,1998-04-09 20:45:00,1998-04-09 20:45:00,1,ok,0,ok,,missing,50,,,,,40.78,-73.97,,
5636620,E19980409-2075378,2075378,thunderstorm,Thunderstorm Wind,SI,1998-04-09 20:45:00,1998-04-09 20:45:00,0,ok,0,ok,,missing,50,,,,,40.58,-74.17,,
5658659,E19980612-2082399,2082399,heavy-rain,Heavy Rain,MN,1998-06-13 09:00:00,1998-06-14 18:00:00,0,ok,0,ok,,missing,,,,,"AWOS,ASOS,MESONET,ETC",,,,
5658642,E19980613-2082396,2082396,flash-flooding,Flash Flood,BX,1998-06-13 10:55:00,1998-06-13 10:55:00,0,ok,0,ok,,missing,,,,,TRAINED SPOTTER,,,,
5658844,E19980630-2082409,2082409,hail,Hail,BX,1998-06-30 19:15:00,1998-06-30 19:15:00,0,ok,0,ok,,missing,.75,,,,TRAINED SPOTTER,40.83,-73.9,,
5658845,E19980630-2082409,2082409,thunderstorm,Thunderstorm Wind,QN,1998-06-30 19:20:00,1998-06-30 19:20:00,0,ok,3,ok,,missing,55,,,,TRAINED SPOTTER,40.7,-73.82,,
5658846,E19980630-2082409,2082409,thunderstorm,Thunderstorm Wind,SI,1998-06-30 19:02:00,1998-06-30 19:02:00,0,ok,0,ok,,missing,50,,,,TRAINED SPOTTER,40.55,-74.17,,
5660637,E19980817-2083240,2083240,flash-flooding,Flash Flood,SI,1998-08-17 14:00:00,1998-08-17 14:00:00,0,ok,0,ok,,missing,,,,,TRAINED SPOTTER,,,,
5660638,E19980817-2083240,2083240,flash-flooding,Flash Flood,MN,1998-08-17 14:00:00,1998-08-17 14:00:00,0,ok,0,ok,,missing,,,,,TRAINED SPOTTER,,,,
5660641,E19980817-2083240,2083240,flash-flooding,Flash Flood,QN,1998-08-17 14:00:00,1998-08-17 14:00:00,0,ok,0,ok,,missing,,,,,TRAINED SPOTTER,,,,
5660639,E19980817-2083240,2083240,flash-flooding,Flash Flood,BX,1998-08-17 14:10:00,1998-08-17 14:10:00,0,ok,0,ok,,missing,,,,,TRAINED SPOTTER,,,,
5661442,E19980824-2083245,2083245,coastal-hazard,Rip Current,QN,1998-08-24 16:00:00,1998-08-24 16:00:00,1,ok,0,ok,,missing,,,,,NEWSPAPER,,,,
5636889,E19980204-1058525,1058525,high-winds,High Wind,MN,1998-02-04 22:50:00,1998-02-04 22:50:00,0,ok,1,ok,,missing,50,,,,,,,,
5658650,E19980613-2082396,2082396,flash-flooding,Flash Flood,SI,1998-06-13 10:45:00,1998-06-13 10:45:00,0,ok,0,ok,,missing,,,,,NEWSPAPER,,,,
5637027,E19980309-2075309,2075309,inland-flooding,Flood,BX,1998-03-09 01:00:00,1998-03-09 07:00:00,0,ok,0,ok,,missing,,,,,,,,,
5637029,E19980309-2075309,2075309,inland-flooding,Flood,SI,1998-03-09 01:00:00,1998-03-09 07:00:00,0,ok,0,ok,,missing,,,,,,,,,
5636891,E19980205-2075303,2075303,coastal-flooding,Coastal Flood,SI,1998-02-05 01:00:00,1998-02-05 05:00:00,0,ok,0,ok,,missing,,,,,,,,,
5637031,E19980309-2075309,2075309,inland-flooding,Flood,QN,1998-03-09 01:00:00,1998-03-09 07:00:00,0,ok,0,ok,,missing,,,,,,,,,
5637028,E19980309-2075309,2075309,inland-flooding,Flood,MN,1998-03-09 01:00:00,1998-03-09 07:00:00,0,ok,0,ok,,missing,,,,,,,,,
5637030,E19980309-2075309,2075309,inland-flooding,Flood,BK,1998-03-09 01:00:00,1998-03-09 07:00:00,0,ok,0,ok,,missing,,,,,,,,,
5696065,E19990103-1502938,1502938,heavy-rain,Heavy Rain,MN,1999-01-03 11:00:00,1999-01-03 11:00:00,0,ok,0,ok,,missing,,,,,TRAINED SPOTTER,,,,
5696066,E19990103-1502938,1502938,inland-flooding,Flood,BX,1999-01-03 11:05:00,1999-01-03 11:05:00,0,ok,0,ok,,missing,,,,,TRAINED SPOTTER,,,,
5696162,E19990103-1502938,1502938,heavy-rain,Heavy Rain,SI,1999-01-03 10:55:00,1999-01-03 10:55:00,0,ok,0,ok,,missing,,,,,TRAINED SPOTTER,,,,
5696163,E19990103-1502938,1502938,flash-flooding,Flash Flood,BK,1999-01-03 13:18:00,1999-01-03 13:18:00,0,ok,0,ok,,missing,,,,,TRAINED SPOTTER,,,,
5696164,E19990103-1502938,1502938,flash-flooding,Flash Flood,QN,1999-01-03 13:18:00,1999-01-03 13:18:00,0,ok,0,ok,500000,ok,,,,,TRAINED SPOTTER,,,,
5696283,E19990118-1502940,1502940,thunderstorm,Lightning,SI,1999-01-18 15:15:00,1999-01-18 15:15:00,0,ok,0,ok,,missing,,,,,NEWSPAPER,,,,
5696280,E19990118-1502940,1502940,thunderstorm,Thunderstorm Wind,QN,1999-01-18 18:00:00,1999-01-18 18:00:00,0,ok,1,ok,,missing,50,,,,NWS EMPLOYEE(OFF DUTY),40.7,-73.85,,
5717767,E19990811-2412802,2412802,hail,Hail,SI,1999-08-11 15:59:00,1999-08-11 15:59:00,0,ok,0,ok,,missing,1.00,,,,BROADCAST MEDIA,40.57,-74.17,,
5717789,E19990826-2412807,2412807,flash-flooding,Flash Flood,BX,1999-08-26 06:30:00,1999-08-26 08:30:00,0,ok,0,ok,,missing,,,,,EMERGENCY MANAGER,,,,
5717787,E19990826-2412807,2412807,flash-flooding,Flash Flood,MN,1999-08-26 06:30:00,1999-08-26 08:30:00,0,ok,0,ok,,missing,,,,,EMERGENCY MANAGER,,,,
5717788,E19990826-2412807,2412807,inland-flooding,Flood,QN,1999-08-26 06:30:00,1999-08-26 08:30:00,0,ok,0,ok,,missing,,,,,EMERGENCY MANAGER,,,,
5696191,E19990115-1502823,1502823,flash-flooding,Flash Flood,SI,1999-01-15 09:15:00,1999-01-15 09:15:00,0,ok,0,ok,,missing,,,,,NEWSPAPER,,,,
5696279,E19990118-1502940,1502940,thunderstorm,Thunderstorm Wind,SI,1999-01-18 17:47:00,1999-01-18 17:47:00,0,ok,0,ok,,missing,52,,,,TRAINED SPOTTER,40.6,-74.18,,
5700898,E19990318-2408178,2408178,high-winds,Strong Wind,MN,1999-03-18 13:15:00,1999-03-18 13:15:00,0,ok,3,ok,,missing,,,,,NEWSPAPER,,,,
5717682,E19990805-2413584,2413584,thunderstorm,Thunderstorm Wind,SI,1999-08-05 13:45:00,1999-08-05 13:45:00,0,ok,0,ok,,missing,50,,,,EMERGENCY MANAGER,40.57,-74.17,,
5701090,E19990704-2408194,2408194,extreme-heat,Heat,QN,1999-07-04 15:30:00,1999-07-06 16:30:00,3,ok,0,ok,,missing,,,,,EMERGENCY MANAGER,,,,
5701091,E19990704-2408194,2408194,extreme-heat,Heat,BX,1999-07-04 15:30:00,1999-07-06 16:30:00,1,ok,0,ok,,missing,,,,,BROADCAST MEDIA,,,,
5701092,E19990704-2408194,2408194,extreme-heat,Heat,SI,1999-07-04 15:30:00,1999-07-06 16:30:00,0,ok,0,ok,,missing,,,,,BROADCAST MEDIA,,,,
5701119,E19990724-2408895,2408895,thunderstorm,Thunderstorm Wind,SI,1999-07-24 17:10:00,1999-07-24 17:10:00,0,ok,0,ok,,missing,50,,,,TRAINED SPOTTER,40.57,-74.17,,
5717765,E19990813-2413586,2413586,thunderstorm,Thunderstorm Wind,SI,1999-08-13 14:25:00,1999-08-13 14:25:00,0,ok,0,ok,,missing,50,,,,EMERGENCY MANAGER,40.57,-74.17,,
5701089,E19990704-2408194,2408194,extreme-heat,Heat,BK,1999-07-04 15:30:00,1999-07-06 16:30:00,14,ok,0,ok,,missing,,,,,EMERGENCY MANAGER,,,,
5717757,E19990805-2413584,2413584,hail,Hail,QN,1999-08-05 15:00:00,1999-08-05 15:00:00,0,ok,0,ok,,missing,.75,,,,EMERGENCY MANAGER,40.55,-73.92,,
5717754,E19990805-2413584,2413584,thunderstorm,Thunderstorm Wind,BK,1999-08-05 14:00:00,1999-08-05 14:00:00,0,ok,0,ok,,missing,50,,,,TRAINED SPOTTER,40.65,-73.93,,
5717756,E19990805-2413584,2413584,thunderstorm,Thunderstorm Wind,BK,1999-08-05 14:50:00,1999-08-05 14:50:00,0,ok,0,ok,,missing,52,,,,TRAINED SPOTTER,40.65,-73.93,,
5724751,E19990916-2414117,2414117,flash-flooding,Flash Flood,QN,1999-09-16 11:08:00,1999-09-16 19:00:00,0,ok,0,ok,,missing,,,,,EMERGENCY MANAGER,,,,
5724747,E19990916-2414117,2414117,flash-flooding,Flash Flood,BX,1999-09-16 11:08:00,1999-09-16 19:00:00,0,ok,0,ok,,missing,,,,,EMERGENCY MANAGER,,,,
5724748,E19990916-2414117,2414117,flash-flooding,Flash Flood,MN,1999-09-16 11:08:00,1999-09-16 19:00:00,0,ok,0,ok,,missing,,,,,EMERGENCY MANAGER,,,,
5724750,E19990916-2414117,2414117,flash-flooding,Flash Flood,BK,1999-09-16 11:08:00,1999-09-16 19:00:00,0,ok,0,ok,,missing,,,,,EMERGENCY MANAGER,,,,
5724749,E19990916-2414117,2414117,flash-flooding,Flash Flood,SI,1999-09-16 11:08:00,1999-09-16 19:00:00,0,ok,0,ok,,missing,,,,,EMERGENCY MANAGER,,,,
5701088,E19990704-2408194,2408194,extreme-heat,Heat,MN,1999-07-04 15:30:00,1999-07-06 16:30:00,13,ok,0,ok,,missing,,,,,EMERGENCY MANAGER,,,,
5128129,E20000127-1090042,1090042,extreme-cold,Extreme Cold/Wind Chill,SI,2000-01-27 23:00:00,2000-01-28 10:00:00,0,ok,0,ok,,missing,,,,,BROADCAST MEDIA,,,,
5128130,E20000127-1090042,1090042,extreme-cold,Extreme Cold/Wind Chill,BK,2000-01-27 23:00:00,2000-01-28 10:00:00,0,ok,0,ok,,missing,,,,,BROADCAST MEDIA,,,,
5128131,E20000127-1090042,1090042,extreme-cold,Extreme Cold/Wind Chill,QN,2000-01-27 23:00:00,2000-01-28 10:00:00,0,ok,0,ok,,missing,,,,,"AWOS,ASOS,MESONET,ETC",,,,
5128128,E20000127-1090042,1090042,extreme-cold,Extreme Cold/Wind Chill,MN,2000-01-27 23:00:00,2000-01-28 10:00:00,0,ok,0,ok,,missing,,,,,"AWOS,ASOS,MESONET,ETC",,,,
5128641,E20000121-2414736,2414736,extreme-cold,Extreme Cold/Wind Chill,MN,2000-01-21 14:00:00,2000-01-21 20:00:00,0,ok,0,ok,,missing,,,,,"AWOS,ASOS,MESONET,ETC",,,,
5128642,E20000121-2414736,2414736,extreme-cold,Extreme Cold/Wind Chill,BX,2000-01-21 14:00:00,2000-01-21 20:00:00,0,ok,0,ok,,missing,,,,,BROADCAST MEDIA,,,,
5128644,E20000121-2414736,2414736,extreme-cold,Extreme Cold/Wind Chill,BK,2000-01-21 14:00:00,2000-01-21 20:00:00,0,ok,0,ok,,missing,,,,,BROADCAST MEDIA,,,,
5128645,E20000121-2414736,2414736,extreme-cold,Extreme Cold/Wind Chill,QN,2000-01-21 14:00:00,2000-01-21 20:00:00,0,ok,0,ok,,missing,,,,,"AWOS,ASOS,MESONET,ETC",,,,
5128643,E20000121-2414736,2414736,extreme-cold,Extreme Cold/Wind Chill,SI,2000-01-21 14:00:00,2000-01-21 20:00:00,0,ok,0,ok,,missing,,,,,BROADCAST MEDIA,,,,
5128127,E20000127-1090042,1090042,extreme-cold,Extreme Cold/Wind Chill,BX,2000-01-27 23:00:00,2000-01-28 10:00:00,0,ok,0,ok,,missing,,,,,BROADCAST MEDIA,,,,
5127570,E20000117-1090039,1090039,extreme-cold,Extreme Cold/Wind Chill,BK,2000-01-17 02:00:00,2000-01-18 10:00:00,1,ok,0,ok,,missing,,,,,BROADCAST MEDIA,,,,
5127573,E20000117-1090039,1090039,extreme-cold,Extreme Cold/Wind Chill,SI,2000-01-17 02:00:00,2000-01-18 10:00:00,0,ok,0,ok,,missing,,,,,BROADCAST MEDIA,,,,
5127572,E20000117-1090039,1090039,extreme-cold,Extreme Cold/Wind Chill,MN,2000-01-17 02:00:00,2000-01-18 10:00:00,0,ok,0,ok,,missing,,,,,"AWOS,ASOS,MESONET,ETC",,,,
5139446,E20000513-1093224,1093224,thunderstorm,Lightning,BK,2000-05-13 20:30:00,2000-05-13 20:30:00,0,ok,0,ok,,missing,,,,,TRAINED SPOTTER,,,,
5127569,E20000117-1090039,1090039,extreme-cold,Extreme Cold/Wind Chill,QN,2000-01-17 02:00:00,2000-01-18 10:00:00,2,ok,0,ok,,missing,,,,,NEWSPAPER,,,,
5127571,E20000117-1090039,1090039,extreme-cold,Extreme Cold/Wind Chill,BX,2000-01-17 02:00:00,2000-01-18 10:00:00,0,ok,0,ok,,missing,,,,,BROADCAST MEDIA,,,,
5127156,E20000219-1090091,1090091,winter-storm,Winter Storm,MN,2000-02-19 03:38:00,2000-02-19 03:38:00,0,ok,0,ok,,missing,,,,,EMERGENCY MANAGER,,,,
5127157,E20000219-1090091,1090091,winter-storm,Winter Storm,QN,2000-02-19 04:00:00,2000-02-19 04:00:00,0,ok,0,ok,,missing,,,,,EMERGENCY MANAGER,,,,
5139175,E20000518-1093218,1093218,thunderstorm,Thunderstorm Wind,BX,2000-05-18 18:04:00,2000-05-18 18:04:00,0,ok,0,ok,,missing,50,E,,,TRAINED SPOTTER,40.83333,-73.9,,
5139176,E20000518-1093218,1093218,hail,Hail,SI,2000-05-18 18:20:00,2000-05-18 18:20:00,0,ok,0,ok,,missing,0.75,,,,EMERGENCY MANAGER,40.56667,-74.16667,,
5139179,E20000518-1093218,1093218,thunderstorm,Thunderstorm Wind,BK,2000-05-18 18:18:00,2000-05-18 18:18:00,0,ok,0,ok,,missing,50,E,,,TRAINED SPOTTER,40.65,-73.93333,,
5139177,E20000518-1093218,1093218,hail,Hail,QN,2000-05-18 18:11:00,2000-05-18 18:11:00,0,ok,0,ok,,missing,1.00,,,,TRAINED SPOTTER,40.75,-73.91667,,
5139684,E20000311-1093244,1093244,heavy-rain,Heavy Rain,QN,2000-03-11 14:00:00,2000-03-11 22:00:00,0,ok,0,ok,,missing,,,,,"AWOS,ASOS,MESONET,ETC",,,,
5161010,E20001110-1104220,1104220,heavy-rain,Heavy Rain,QN,2000-11-10 03:00:00,2000-11-10 08:00:00,0,ok,0,ok,,missing,,,,,"AWOS,ASOS,MESONET,ETC",,,,
5154965,E20000703-1100597,1100597,flash-flooding,Flash Flood,SI,2000-07-03 17:05:00,2000-07-03 17:05:00,0,ok,0,ok,,missing,,,,,EMERGENCY MANAGER,,,,
5155055,E20000726-1100605,1100605,heavy-rain,Heavy Rain,QN,2000-07-26 07:00:00,2000-07-26 19:00:00,0,ok,0,ok,,missing,,,,,"AWOS,ASOS,MESONET,ETC",,,,
5155054,E20000726-1100605,1100605,heavy-rain,Heavy Rain,BK,2000-07-26 07:00:00,2000-07-26 19:00:00,0,ok,0,ok,,missing,,,,,TRAINED SPOTTER,,,,
5157189,E20000903-1102812,1102812,flash-flooding,Flash Flood,QN,2000-09-03 13:30:00,2000-09-03 13:50:00,0,ok,0,ok,,missing,,,,,LAW ENFORCEMENT,,,,
5154966,E20000703-1100597,1100597,flash-flooding,Flash Flood,BK,2000-07-03 17:36:00,2000-07-03 17:36:00,0,ok,0,ok,,missing,,,,,EMERGENCY MANAGER,,,,
5154967,E20000703-1100597,1100597,flash-flooding,Flash Flood,QN,2000-07-03 18:00:00,2000-07-03 18:00:00,0,ok,0,ok,,missing,,,,,EMERGENCY MANAGER,,,,
5154983,E20000726-1100605,1100605,heavy-rain,Heavy Rain,BX,2000-07-26 07:00:00,2000-07-26 19:00:00,0,ok,0,ok,,missing,,,,,BROADCAST MEDIA,,,,
5154984,E20000726-1100605,1100605,heavy-rain,Heavy Rain,MN,2000-07-26 07:00:00,2000-07-26 19:00:00,0,ok,0,ok,,missing,,,,,"AWOS,ASOS,MESONET,ETC",,,,
5154985,E20000726-1100605,1100605,heavy-rain,Heavy Rain,SI,2000-07-26 07:00:00,2000-07-26 19:00:00,0,ok,0,ok,,missing,,,,,BROADCAST MEDIA,,,,
5164879,E20000606-1098924,1098924,heavy-rain,Heavy Rain,MN,2000-06-06 05:00:00,2000-06-07 01:00:00,0,ok,0,ok,,missing,,,,,"AWOS,ASOS,MESONET,ETC",,,,
5167876,E20001230-1105306,1105306,heavy-snow,Heavy Snow,QN,2000-12-30 08:50:00,2000-12-30 08:50:00,0,ok,0,ok,,missing,,,,,TRAINED SPOTTER,,,,
5164881,E20000606-1098924,1098924,heavy-rain,Heavy Rain,QN,2000-06-06 05:00:00,2000-06-06 13:00:00,0,ok,0,ok,,missing,,,,,"AWOS,ASOS,MESONET,ETC",,,,
5169549,E20000811-1101398,1101398,flash-flooding,Flash Flood,QN,2000-08-12 06:12:00,2000-08-12 06:12:00,0,ok,0,ok,,missing,,,,,TRAINED SPOTTER,,,,
5169463,E20001212-1105302,1105302,high-winds,High Wind,SI,2000-12-12 08:45:00,2000-12-12 08:45:00,0,ok,0,ok,,missing,50,E,,,BROADCAST MEDIA,,,,
5167999,E20001217-1105310,1105310,thunderstorm,Thunderstorm Wind,QN,2000-12-17 12:35:00,2000-12-17 12:35:00,0,ok,0,ok,,missing,50,E,,,TRAINED SPOTTER,40.7,-73.85,,
5169466,E20001212-1105302,1105302,high-winds,High Wind,BX,2000-12-12 08:50:00,2000-12-12 08:50:00,0,ok,0,ok,,missing,50,E,,,BROADCAST MEDIA,,,,
5169467,E20001212-1105302,1105302,high-winds,High Wind,MN,2000-12-12 09:00:00,2000-12-12 09:00:00,0,ok,0,ok,,missing,50,E,,,BROADCAST MEDIA,,,,
5169468,E20001212-1105302,1105302,high-winds,High Wind,BK,2000-12-12 09:00:00,2000-12-12 09:00:00,0,ok,3,ok,,missing,50,E,,,BROADCAST MEDIA,,,,
5169469,E20001212-1105302,1105302,high-winds,High Wind,QN,2000-12-12 08:59:00,2000-12-12 08:59:00,0,ok,0,ok,,missing,52,M,,,"AWOS,ASOS,MESONET,ETC",,,,
5169539,E20000827-1101396,1101396,flash-flooding,Flash Flood,SI,2000-08-27 20:35:00,2000-08-27 21:05:00,0,ok,0,ok,,missing,,,,,TRAINED SPOTTER,,,,
5169541,E20000828-1101397,1101397,flash-flooding,Flash Flood,QN,2000-08-28 13:20:00,2000-08-28 13:20:00,0,ok,0,ok,,missing,,,,,EMERGENCY MANAGER,,,,
5169547,E20000811-1101398,1101398,flash-flooding,Flash Flood,BX,2000-08-11 18:10:00,2000-08-11 18:10:00,0,ok,0,ok,,missing,,,,,TRAINED SPOTTER,,,,
5164985,E20000602-1098927,1098927,thunderstorm,Thunderstorm Wind,BX,2000-06-02 18:50:00,2000-06-02 18:50:00,0,ok,0,ok,,missing,52,E,,,TRAINED SPOTTER,40.83333,-73.9,,
5164986,E20000602-1098927,1098927,thunderstorm,Thunderstorm Wind,BK,2000-06-02 18:55:00,2000-06-02 18:58:00,0,ok,1,ok,,missing,50,E,,,TRAINED SPOTTER,40.65,-73.93333,,
5164987,E20000602-1098927,1098927,thunderstorm,Thunderstorm Wind,MN,2000-06-02 18:55:00,2000-06-02 19:00:00,0,ok,2,ok,,missing,50,E,,,TRAINED SPOTTER,40.73333,-74.0,,
5164988,E20000602-1098927,1098927,thunderstorm,Thunderstorm Wind,QN,2000-06-02 19:00:00,2000-06-02 19:00:00,0,ok,0,ok,,missing,70,E,,,TRAINED SPOTTER,40.71667,-73.75,,
5164878,E20000606-1098924,1098924,heavy-rain,Heavy Rain,BX,2000-06-06 05:00:00,2000-06-07 01:00:00,0,ok,0,ok,,missing,,,,,TRAINED SPOTTER,,,,
5164993,E20000602-1098927,1098927,thunderstorm,Lightning,BK,2000-06-02 19:40:00,2000-06-02 19:40:00,0,ok,5,ok,,missing,,,,,BROADCAST MEDIA,,,,
5167872,E20001230-1105306,1105306,heavy-snow,Heavy Snow,MN,2000-12-30 09:00:00,2000-12-30 09:00:00,0,ok,0,ok,,missing,,,,,TRAINED SPOTTER,,,,
5167873,E20001230-1105306,1105306,heavy-snow,Heavy Snow,BX,2000-12-30 09:00:00,2000-12-30 09:00:00,0,ok,0,ok,,missing,,,,,TRAINED SPOTTER,,,,
5167874,E20001230-1105306,1105306,heavy-snow,Heavy Snow,SI,2000-12-30 08:00:00,2000-12-30 08:00:00,0,ok,0,ok,,missing,,,,,TRAINED SPOTTER,,,,
5167875,E20001230-1105306,1105306,heavy-snow,Heavy Snow,BK,2000-12-30 08:30:00,2000-12-30 08:30:00,0,ok,0,ok,,missing,,,,,TRAINED SPOTTER,,,,
5164880,E20000606-1098924,1098924,heavy-rain,Heavy Rain,BK,2000-06-06 05:00:00,2000-06-06 13:00:00,0,ok,0,ok,,missing,,,,,TRAINED SPOTTER,,,,
5127544,E20000125-2414730,2414730,winter-storm,Winter Storm,MN,2000-01-25 09:45:00,2000-01-25 09:45:00,0,ok,0,ok,,missing,,,,,TRAINED SPOTTER,,,,
5127545,E20000125-2414730,2414730,winter-storm,Winter Storm,BK,2000-01-25 10:00:00,2000-01-25 10:00:00,0,ok,0,ok,,missing,,,,,TRAINED SPOTTER,,,,
5127551,E20000125-2414730,2414730,winter-storm,Winter Storm,BX,2000-01-25 19:15:00,2000-01-25 19:15:00,0,ok,0,ok,,missing,,,,,TRAINED SPOTTER,,,,
5127552,E20000125-2414730,2414730,winter-storm,Winter Storm,SI,2000-01-25 19:15:00,2000-01-25 19:15:00,0,ok,0,ok,,missing,,,,,NEWSPAPER,,,,
5127553,E20000125-2414730,2414730,winter-storm,Winter Storm,QN,2000-01-25 19:45:00,2000-01-25 19:45:00,0,ok,0,ok,,missing,,,,,TRAINED SPOTTER,,,,
5228762,E20010121-1110093,1110093,winter-storm,Winter Storm,SI,2001-01-21 07:00:00,2001-01-21 07:00:00,0,ok,0,ok,,missing,,,,,TRAINED SPOTTER,,,,
5228764,E20010121-1110093,1110093,winter-storm,Winter Storm,QN,2001-01-21 07:00:00,2001-01-21 07:00:00,0,ok,0,ok,,missing,,,,,TRAINED SPOTTER,,,,
5228760,E20010121-1110093,1110093,winter-storm,Winter Storm,MN,2001-01-21 07:00:00,2001-01-21 07:00:00,0,ok,0,ok,,missing,,,,,TRAINED SPOTTER,,,,
5228761,E20010121-1110093,1110093,winter-storm,Winter Storm,BX,2001-01-21 07:00:00,2001-01-21 07:00:00,0,ok,0,ok,,missing,,,,,TRAINED SPOTTER,,,,
5228763,E20010121-1110093,1110093,winter-storm,Winter Storm,BK,2001-01-21 07:00:00,2001-01-21 07:00:00,0,ok,0,ok,,missing,,,,,TRAINED SPOTTER,,,,
5233515,E20010222-1111341,1111341,heavy-snow,Heavy Snow,MN,2001-02-22 22:30:00,2001-02-22 22:30:00,0,ok,0,ok,,missing,,,,,TRAINED SPOTTER,,,,
5233516,E20010222-1111341,1111341,heavy-snow,Heavy Snow,BX,2001-02-22 22:30:00,2001-02-22 22:30:00,0,ok,0,ok,,missing,,,,,TRAINED SPOTTER,,,,
5238956,E20010330-1112431,1112431,inland-flooding,Flood,BX,2001-03-30 10:00:00,2001-03-30 10:00:00,0,ok,0,ok,,missing,,,,,TRAINED SPOTTER,,,,
5238952,E20010321-1112430,1112430,heavy-rain,Heavy Rain,SI,2001-03-21 18:00:00,2001-03-22 18:00:00,0,ok,0,ok,,missing,,,,,OFFICIAL NWS OBS.,,,,
5233517,E20010222-1111341,1111341,heavy-snow,Heavy Snow,SI,2001-02-22 22:30:00,2001-02-22 22:30:00,0,ok,0,ok,,missing,,,,,TRAINED SPOTTER,,,,
5233518,E20010222-1111341,1111341,heavy-snow,Heavy Snow,BK,2001-02-22 22:30:00,2001-02-22 22:30:00,0,ok,0,ok,,missing,,,,,TRAINED SPOTTER,,,,
5233519,E20010222-1111341,1111341,heavy-snow,Heavy Snow,QN,2001-02-22 22:30:00,2001-02-22 22:30:00,0,ok,0,ok,,missing,,,,,TRAINED SPOTTER,,,,
5238955,E20010330-1112431,1112431,inland-flooding,Flood,BK,2001-03-30 10:00:00,2001-03-30 10:00:00,0,ok,0,ok,,missing,,,,,TRAINED SPOTTER,,,,
5238954,E20010330-1112431,1112431,inland-flooding,Flood,MN,2001-03-30 10:00:00,2001-03-30 10:00:00,0,ok,0,ok,,missing,,,,,TRAINED SPOTTER,,,,
5238951,E20010321-1112430,1112430,heavy-rain,Heavy Rain,BK,2001-03-21 18:00:00,2001-03-22 18:00:00,0,ok,0,ok,,missing,,,,,OFFICIAL NWS OBS.,,,,
5238958,E20010330-1112431,1112431,inland-flooding,Flood,QN,2001-03-30 10:00:00,2001-03-30 10:00:00,0,ok,0,ok,,missing,,,,,TRAINED SPOTTER,,,,
5238957,E20010330-1112431,1112431,inland-flooding,Flood,SI,2001-03-30 09:45:00,2001-03-30 09:45:00,0,ok,0,ok,,missing,,,,,TRAINED SPOTTER,,,,
5238950,E20010321-1112430,1112430,high-winds,High Wind,MN,2001-03-21 19:00:00,2001-03-21 19:00:00,0,ok,0,ok,,missing,,,,,TRAINED SPOTTER,,,,
5238931,E20010306-1112426,1112426,winter-storm,Winter Storm,MN,2001-03-06 14:30:00,2001-03-06 14:30:00,0,ok,0,ok,,missing,,,,,TRAINED SPOTTER,,,,
5238932,E20010306-1112426,1112426,winter-storm,Winter Storm,BX,2001-03-06 17:00:00,2001-03-06 17:00:00,0,ok,0,ok,,missing,,,,,TRAINED SPOTTER,,,,
5238933,E20010306-1112426,1112426,winter-storm,Winter Storm,QN,2001-03-06 12:00:00,2001-03-06 12:00:00,0,ok,0,ok,,missing,,,,,TRAINED SPOTTER,,,,
5245610,E20010529-1114921,1114921,hail,Hail,QN,2001-05-29 14:55:00,2001-05-29 14:55:00,0,ok,0,ok,,missing,0.75,,,,TRAINED SPOTTER,40.78333,-73.83333,,
5245611,E20010529-1114921,1114921,thunderstorm,Thunderstorm Wind,QN,2001-05-29 15:00:00,2001-05-29 15:00:00,0,ok,0,ok,,missing,65,E,,,EMERGENCY MANAGER,40.78333,-73.83333,,
5245612,E20010529-1114921,1114921,hail,Hail,BK,2001-05-29 18:20:00,2001-05-29 18:20:00,0,ok,0,ok,,missing,0.75,,,,TRAINED SPOTTER,40.65,-73.93333,,
5251320,E20010617-1116569,1116569,flash-flooding,Flash Flood,QN,2001-06-17 10:30:00,2001-06-17 13:15:00,0,ok,0,ok,,missing,,,,,TRAINED SPOTTER,,,,
5251323,E20010617-1116569,1116569,inland-flooding,Flood,MN,2001-06-17 10:00:00,2001-06-17 13:00:00,0,ok,0,ok,,missing,,,,,TRAINED SPOTTER,,,,
5251324,E20010617-1116569,1116569,inland-flooding,Flood,BX,2001-06-17 10:30:00,2001-06-17 13:00:00,0,ok,0,ok,,missing,,,,,TRAINED SPOTTER,,,,
5251319,E20010617-1116569,1116569,flash-flooding,Flash Flood,BK,2001-06-17 10:30:00,2001-06-17 13:15:00,0,ok,0,ok,,missing,,,,,TRAINED SPOTTER,,,,
5251265,E20010623-1116564,1116564,inland-flooding,Flood,SI,2001-06-23 13:00:00,2001-06-23 13:00:00,0,ok,0,ok,,missing,,,,,TRAINED SPOTTER,,,,
5251266,E20010623-1116564,1116564,inland-flooding,Flood,MN,2001-06-23 13:00:00,2001-06-23 13:00:00,0,ok,0,ok,,missing,,,,,TRAINED SPOTTER,,,,
5259358,E20010723-1119680,1119680,coastal-hazard,Rip Current,QN,2001-07-23 08:00:00,2001-07-23 08:00:00,3,ok,0,ok,,missing,,,,,NEWSPAPER,,,,
5265154,E20010813-1121919,1121919,flash-flooding,Flash Flood,QN,2001-08-13 12:30:00,2001-08-13 12:30:00,0,ok,0,ok,,missing,,,,,BROADCAST MEDIA,,,,
5265162,E20010814-1121921,1121921,inland-flooding,Flood,MN,2001-08-14 18:45:00,2001-08-14 18:45:00,0,ok,0,ok,,missing,,,,,TRAINED SPOTTER,,,,
5265163,E20010814-1121921,1121921,inland-flooding,Flood,BK,2001-08-14 18:50:00,2001-08-14 18:50:00,0,ok,0,ok,,missing,,,,,TRAINED SPOTTER,,,,
5265161,E20010814-1121921,1121921,inland-flooding,Flood,QN,2001-08-14 19:00:00,2001-08-14 19:00:00,0,ok,0,ok,,missing,,,,,TRAINED SPOTTER,,,,
5265058,E20010808-1121914,1121914,extreme-heat,Heat,BX,2001-08-08 16:00:00,2001-08-10 14:00:00,0,ok,0,ok,,missing,,,,,BROADCAST MEDIA,,,,
5265059,E20010808-1121914,1121914,extreme-heat,Heat,MN,2001-08-08 16:00:00,2001-08-10 14:00:00,3,ok,0,ok,,missing,,,,,"AWOS,ASOS,MESONET,ETC",,,,
5265060,E20010808-1121914,1121914,extreme-heat,Heat,SI,2001-08-08 16:00:00,2001-08-10 14:00:00,0,ok,0,ok,,missing,,,,,BROADCAST MEDIA,,,,
5265061,E20010808-1121914,1121914,extreme-heat,Heat,BK,2001-08-08 16:00:00,2001-08-10 14:00:00,1,ok,0,ok,,missing,,,,,OFFICIAL NWS OBS.,,,,
5265062,E20010808-1121914,1121914,extreme-heat,Heat,QN,2001-08-08 16:00:00,2001-08-10 14:00:00,0,ok,0,ok,,missing,,,,,"AWOS,ASOS,MESONET,ETC",,,,
5325417,E20021225-1146456,1146456,heavy-snow,Heavy Snow,BX,2002-12-25 20:00:00,2002-12-26 00:00:00,0,ok,0,ok,,missing,,,,,OFFICIAL NWS OBS.,,,,
5325418,E20021225-1146456,1146456,heavy-snow,Heavy Snow,QN,2002-12-25 19:30:00,2002-12-26 00:00:00,0,ok,0,ok,,missing,,,,,OFFICIAL NWS OBS.,,,,
5325296,E20021205-1146452,1146452,heavy-snow,Heavy Snow,MN,2002-12-05 17:30:00,2002-12-05 17:30:00,0,ok,0,ok,,missing,,,,,OFFICIAL NWS OBS.,,,,
5325297,E20021205-1146452,1146452,heavy-snow,Heavy Snow,BX,2002-12-05 17:30:00,2002-12-05 17:30:00,0,ok,0,ok,,missing,,,,,OFFICIAL NWS OBS.,,,,
5325298,E20021205-1146452,1146452,heavy-snow,Heavy Snow,SI,2002-12-05 16:30:00,2002-12-05 17:30:00,0,ok,0,ok,,missing,,,,,OFFICIAL NWS OBS.,,,,
5325299,E20021205-1146452,1146452,heavy-snow,Heavy Snow,BK,2002-12-05 16:30:00,2002-12-05 17:30:00,0,ok,0,ok,,missing,,,,,OFFICIAL NWS OBS.,,,,
5320628,E20020701-1143500,1143500,drought,Drought,MN,2002-07-01 00:00:00,2002-07-31 23:59:00,0,ok,0,ok,,missing,,,,,OTHER FEDERAL AGENCY,,,,
5320629,E20020701-1143500,1143500,drought,Drought,BX,2002-07-01 00:00:00,2002-07-31 23:59:00,0,ok,0,ok,,missing,,,,,OTHER FEDERAL AGENCY,,,,
5320425,E20020926-1143491,1143491,heavy-rain,Heavy Rain,BK,2002-09-26 09:00:00,2002-09-28 09:00:00,0,ok,0,ok,,missing,,,,,OFFICIAL NWS OBS.,,,,
5320424,E20020926-1143491,1143491,heavy-rain,Heavy Rain,BX,2002-09-26 09:00:00,2002-09-28 09:00:00,0,ok,0,ok,,missing,,,,,OFFICIAL NWS OBS.,,,,
5320427,E20020926-1143491,1143491,heavy-rain,Heavy Rain,MN,2002-09-26 09:00:00,2002-09-28 09:00:00,0,ok,0,ok,,missing,,,,,OFFICIAL NWS OBS.,,,,
5320524,E20020911-1143496,1143496,high-winds,High Wind,BX,2002-09-11 09:30:00,2002-09-11 15:30:00,1,ok,3,ok,,missing,,,,,TRAINED SPOTTER,,,,
5320528,E20020911-1143496,1143496,high-winds,High Wind,QN,2002-09-11 09:30:00,2002-09-11 15:30:00,0,ok,0,ok,,missing,52,M,,,"AWOS,ASOS,MESONET,ETC",,,,
5320627,E20020701-1143500,1143500,drought,Drought,BK,2002-07-01 00:00:00,2002-07-31 23:59:00,0,ok,0,ok,,missing,,,,,OTHER FEDERAL AGENCY,,,,
5320525,E20020911-1143496,1143496,high-winds,High Wind,MN,2002-09-11 09:30:00,2002-09-11 15:30:00,0,ok,4,ok,,missing,,,,,EMERGENCY MANAGER,,,,
5320625,E20020701-1143500,1143500,drought,Drought,QN,2002-07-01 00:00:00,2002-07-31 23:59:00,0,ok,0,ok,,missing,,,,,OTHER FEDERAL AGENCY,,,,
5320526,E20020911-1143496,1143496,high-winds,High Wind,SI,2002-09-11 09:30:00,2002-09-11 15:30:00,0,ok,0,ok,,missing,,,,,EMERGENCY MANAGER,,,,
5320527,E20020911-1143496,1143496,high-winds,High Wind,BK,2002-09-11 09:30:00,2002-09-11 15:30:00,0,ok,0,ok,,missing,,,,,EMERGENCY MANAGER,,,,
5325398,E20021205-1146452,1146452,heavy-snow,Heavy Snow,QN,2002-12-05 16:30:00,2002-12-05 17:30:00,0,ok,0,ok,,missing,,,,,OFFICIAL NWS OBS.,,,,
5320626,E20020701-1143500,1143500,drought,Drought,SI,2002-07-01 00:00:00,2002-07-31 23:59:00,0,ok,0,ok,,missing,,,,,OTHER FEDERAL AGENCY,,,,
5320430,E20020926-1143491,1143491,heavy-rain,Heavy Rain,QN,2002-09-26 09:00:00,2002-09-28 09:00:00,0,ok,0,ok,,missing,,,,,OFFICIAL NWS OBS.,,,,
5320514,E20020902-1143494,1143494,flash-flooding,Flash Flood,QN,2002-09-02 08:00:00,2002-09-02 08:15:00,0,ok,0,ok,,missing,,,,,TRAINED SPOTTER,,,,"Spotters reported significant widespread street flooding in Woodside, including a stalled car trapped on a flooded street."
5320515,E20020902-1143494,1143494,flash-flooding,Flash Flood,BK,2002-09-02 08:10:00,2002-09-02 08:30:00,0,ok,0,ok,,missing,,,,,TRAINED SPOTTER,,,,A spotter reported significant street flooding in the Greenpoint section of Brooklyn and on the Brooklyn-Queens Expressway (278). Another spotter reported flooding on a few parts of the Belt Parkway.
5277220,E20020101-1130178,1130178,drought,Drought,BX,2002-01-01 00:00:00,2002-01-31 23:59:00,0,ok,0,ok,,missing,,,,,OTHER FEDERAL AGENCY,,,,
5277223,E20020101-1130178,1130178,drought,Drought,SI,2002-01-01 00:00:00,2002-01-31 23:59:00,0,ok,0,ok,,missing,,,,,OTHER FEDERAL AGENCY,,,,
5277224,E20020101-1130178,1130178,drought,Drought,QN,2002-01-01 00:00:00,2002-01-31 23:59:00,0,ok,0,ok,,missing,,,,,OTHER FEDERAL AGENCY,,,,
5277221,E20020101-1130178,1130178,drought,Drought,MN,2002-01-01 00:00:00,2002-01-31 23:59:00,0,ok,0,ok,,missing,,,,,OTHER FEDERAL AGENCY,,,,
5282895,E20020401-1130915,1130915,drought,Drought,BX,2002-04-01 00:00:00,2002-04-30 23:59:00,0,ok,0,ok,,missing,,,,,OTHER FEDERAL AGENCY,,,,
5282896,E20020401-1130915,1130915,drought,Drought,MN,2002-04-01 00:00:00,2002-04-30 23:59:00,0,ok,0,ok,,missing,,,,,OTHER FEDERAL AGENCY,,,,
5282897,E20020401-1130915,1130915,drought,Drought,BK,2002-04-01 00:00:00,2002-04-30 23:59:00,0,ok,0,ok,,missing,,,,,OTHER FEDERAL AGENCY,,,,
5282898,E20020401-1130915,1130915,drought,Drought,SI,2002-04-01 00:00:00,2002-04-30 23:59:00,0,ok,0,ok,,missing,,,,,OTHER FEDERAL AGENCY,,,,
5282899,E20020401-1130915,1130915,drought,Drought,QN,2002-04-01 00:00:00,2002-04-30 23:59:00,0,ok,0,ok,,missing,,,,,OTHER FEDERAL AGENCY,,,,
5277222,E20020101-1130178,1130178,drought,Drought,BK,2002-01-01 00:00:00,2002-01-31 23:59:00,0,ok,0,ok,,missing,,,,,OTHER FEDERAL AGENCY,,,,
5289762,E20020326-1132547,1132547,thunderstorm,Marine Thunderstorm Wind,HARBOR,2002-03-26 10:20:00,2002-03-26 10:20:00,0,ok,0,ok,,missing,34,E,,,"AWOS,ASOS,MESONET,ETC",40.63333,-74.15,,
5289798,E20020419-1132656,1132656,thunderstorm,Thunderstorm Wind,SI,2002-04-19 17:10:00,2002-04-19 17:10:00,0,ok,0,ok,,missing,52,E,,,LAW ENFORCEMENT,40.56667,-74.16667,,
5289800,E20020419-1132656,1132656,thunderstorm,Thunderstorm Wind,BK,2002-04-19 17:10:00,2002-04-19 17:15:00,1,ok,0,ok,,missing,52,E,,,BROADCAST MEDIA,40.65,-73.93333,,
5289801,E20020419-1132656,1132656,thunderstorm,Thunderstorm Wind,QN,2002-04-19 17:08:00,2002-04-19 17:11:00,0,ok,0,ok,,missing,60,M,,,"AWOS,ASOS,MESONET,ETC",40.78333,-73.83333,,
5296934,E20020531-1134891,1134891,thunderstorm,Thunderstorm Wind,BX,2002-05-31 18:30:00,2002-05-31 18:30:00,0,ok,0,ok,,missing,50,E,,,EMERGENCY MANAGER,40.83333,-73.9,,"As a severe thunderstorm moved east, it produced high winds that downed trees at the intersection of the Henry Hudson Parkway and West 247th Street."
5296836,E20020501-1134887,1134887,drought,Drought,MN,2002-05-01 00:00:00,2002-05-31 23:59:00,0,ok,0,ok,,missing,,,,,OTHER FEDERAL AGENCY,,,,
5296940,E20020531-1134891,1134891,thunderstorm,Thunderstorm Wind,BK,2002-05-31 19:49:00,2002-05-31 19:49:00,0,ok,0,ok,,missing,52,E,,,EMERGENCY MANAGER,40.65,-73.93333,,"As a severe thunderstorm moved rapidly east, it produced high winds that downed trees and several utility wires at many locations throughout Brooklyn, including:  the intersection of Ave. R and East 22nd Street, Flatbush Ave., the intersection of East 56th Street and Ave. H, the intersection of Gerretson Ave. and Ave. T, and at the intersection of Ave. T and East 22nd Street."
5296833,E20020501-1134887,1134887,drought,Drought,QN,2002-05-01 00:00:00,2002-05-31 23:59:00,0,ok,0,ok,,missing,,,,,OTHER FEDERAL AGENCY,,,,
5296835,E20020501-1134887,1134887,drought,Drought,BK,2002-05-01 00:00:00,2002-05-31 23:59:00,0,ok,0,ok,,missing,,,,,OTHER FEDERAL AGENCY,,,,
5296834,E20020501-1134887,1134887,drought,Drought,SI,2002-05-01 00:00:00,2002-05-31 23:59:00,0,ok,0,ok,,missing,,,,,OTHER FEDERAL AGENCY,,,,
5296837,E20020501-1134887,1134887,drought,Drought,BX,2002-05-01 00:00:00,2002-05-31 23:59:00,0,ok,0,ok,,missing,,,,,OTHER FEDERAL AGENCY,,,,
5289818,E20020419-1132658,1132658,thunderstorm,Marine Thunderstorm Wind,HARBOR,2002-04-19 17:12:00,2002-04-19 17:12:00,0,ok,0,ok,,missing,52,M,,,"AWOS,ASOS,MESONET,ETC",40.46667,-74.01667,,
5289799,E20020419-1132656,1132656,thunderstorm,Thunderstorm Wind,MN,2002-04-19 17:00:00,2002-04-19 17:05:00,0,ok,2,ok,,missing,50,E,,,LAW ENFORCEMENT,40.73333,-74.0,,
5301681,E20020729-1137415,1137415,extreme-heat,Heat,BX,2002-07-29 12:00:00,2002-07-31 23:59:00,0,ok,0,ok,,missing,,,,,"AWOS,ASOS,MESONET,ETC",,,,
5301682,E20020729-1137415,1137415,extreme-heat,Heat,MN,2002-07-29 12:00:00,2002-07-31 23:59:00,0,ok,0,ok,,missing,,,,,"AWOS,ASOS,MESONET,ETC",,,,
5301683,E20020729-1137415,1137415,extreme-heat,Heat,SI,2002-07-29 12:00:00,2002-07-31 23:59:00,0,ok,0,ok,,missing,,,,,"AWOS,ASOS,MESONET,ETC",,,,
5301684,E20020729-1137415,1137415,extreme-heat,Heat,BK,2002-07-29 12:00:00,2002-07-31 23:59:00,0,ok,0,ok,,missing,,,,,"AWOS,ASOS,MESONET,ETC",,,,
5301586,E20020702-1137414,1137414,extreme-heat,Heat,MN,2002-07-02 12:00:00,2002-07-04 17:00:00,0,ok,0,ok,,missing,,,,,"AWOS,ASOS,MESONET,ETC",,,,
5301587,E20020702-1137414,1137414,extreme-heat,Heat,SI,2002-07-02 12:00:00,2002-07-04 17:00:00,0,ok,0,ok,,missing,,,,,"AWOS,ASOS,MESONET,ETC",,,,
5309808,E20020626-1141277,1141277,thunderstorm,Thunderstorm Wind,BX,2002-06-26 16:35:00,2002-06-26 16:35:00,0,ok,0,ok,,missing,50,E,,,LAW ENFORCEMENT,40.83333,-73.9,,Police reported that strong winds knocked down several trees and power lines.
5309810,E20020626-1141277,1141277,flash-flooding,Flash Flood,BX,2002-06-26 14:20:00,2002-06-26 14:20:00,0,ok,0,ok,,missing,,,,,BROADCAST MEDIA,,,,Radio media reported widespread street flooding in the Bronx.
5301398,E20020611-1137401,1137401,thunderstorm,Marine Thunderstorm Wind,HARBOR,2002-06-11 19:06:00,2002-06-11 19:06:00,0,ok,0,ok,,missing,35,M,,,"AWOS,ASOS,MESONET,ETC",40.46667,-74.01667,,
5301589,E20020702-1137414,1137414,extreme-heat,Heat,QN,2002-07-02 12:00:00,2002-07-04 17:00:00,0,ok,0,ok,,missing,,,,,"AWOS,ASOS,MESONET,ETC",,,,
5301588,E20020702-1137414,1137414,extreme-heat,Heat,BK,2002-07-02 12:00:00,2002-07-04 17:00:00,0,ok,0,ok,,missing,,,,,"AWOS,ASOS,MESONET,ETC",,,,
5301400,E20020612-1137402,1137402,thunderstorm,Marine Thunderstorm Wind,HARBOR,2002-06-12 15:06:00,2002-06-12 15:06:00,0,ok,0,ok,,missing,36,M,,,"AWOS,ASOS,MESONET,ETC",40.46667,-74.01667,,
5301685,E20020729-1137415,1137415,extreme-heat,Heat,QN,2002-07-29 12:00:00,2002-07-31 23:59:00,0,ok,0,ok,,missing,,,,,"AWOS,ASOS,MESONET,ETC",,,,
5301585,E20020702-1137414,1137414,extreme-heat,Heat,BX,2002-07-02 12:00:00,2002-07-04 17:00:00,0,ok,0,ok,,missing,,,,,"AWOS,ASOS,MESONET,ETC",,,,
5314294,E20020601-1141282,1141282,drought,Drought,BK,2002-06-01 00:00:00,2002-06-30 23:59:00,0,ok,0,ok,,missing,,,,,OTHER FEDERAL AGENCY,,,,
5314293,E20020601-1141282,1141282,drought,Drought,MN,2002-06-01 00:00:00,2002-06-30 23:59:00,0,ok,0,ok,,missing,,,,,OTHER FEDERAL AGENCY,,,,
5313087,E20020816-1142034,1142034,thunderstorm,Thunderstorm Wind,QN,2002-08-16 14:55:00,2002-08-16 14:55:00,0,ok,0,ok,,missing,50,E,,,TRAINED SPOTTER,40.76667,-73.75,,A spotter reported that severe thunderstorm winds downed trees.
5314292,E20020601-1141282,1141282,drought,Drought,BX,2002-06-01 00:00:00,2002-06-30 23:59:00,0,ok,0,ok,,missing,,,,,OTHER FEDERAL AGENCY,,,,
5313084,E20020816-1142034,1142034,thunderstorm,Thunderstorm Wind,BX,2002-08-16 14:30:00,2002-08-16 14:30:00,0,ok,0,ok,,missing,50,E,,,EMERGENCY MANAGER,40.85,-73.86667,,New York City Office of Emergency Management reported that numerous trees and power lines were knocked down by this storm.
5313085,E20020816-1142034,1142034,flash-flooding,Flash Flood,BX,2002-08-16 14:39:00,2002-08-16 14:39:00,0,ok,0,ok,,missing,,,,,EMERGENCY MANAGER,,,,New York City Office of Emergency Management reported flooding that shut down the Major Deegan Expressway near West Tremont. NYCOEM and local media reported that there was three feet of water on the Major Deegan Expressway at the Cross Bronx Expressway interchange which required police rescues.
5313086,E20020816-1142034,1142034,flash-flooding,Flash Flood,MN,2002-08-16 14:39:00,2002-08-16 14:39:00,0,ok,0,ok,,missing,,,,,EMERGENCY MANAGER,,,,New York City Office of Emergency Management reported flooding which required in a shutdown of the Henry Hudson Parkway from 96th street to 125th street.
5313090,E20020816-1142034,1142034,thunderstorm,Thunderstorm Wind,QN,2002-08-16 15:45:00,2002-08-16 15:45:00,0,ok,0,ok,,missing,50,E,,,TRAINED SPOTTER,40.71667,-73.75,,Spotters reported that high winds produced by severe thunderstorms downed several trees.
5313093,E20020816-1142034,1142034,flash-flooding,Flash Flood,QN,2002-08-16 16:05:00,2002-08-16 16:05:00,0,ok,0,ok,,missing,,,,,TRAINED SPOTTER,,,,Torrential rain produced significant urban flooding in Far Rockaway.
5313169,E20020810-1142037,1142037,coastal-hazard,Rip Current,QN,2002-08-10 17:15:00,2002-08-10 17:15:00,1,ok,0,ok,,missing,,,,,NEWSPAPER,,,,
5314296,E20020601-1141282,1141282,drought,Drought,QN,2002-06-01 00:00:00,2002-06-30 23:59:00,0,ok,0,ok,,missing,,,,,OTHER FEDERAL AGENCY,,,,
5318397,E20020801-1144334,1144334,drought,Drought,BX,2002-08-01 00:00:00,2002-08-31 23:59:00,0,ok,0,ok,,missing,,,,,OTHER FEDERAL AGENCY,,,,
5313004,E20020802-1142030,1142030,thunderstorm,Thunderstorm Wind,BX,2002-08-02 18:10:00,2002-08-02 18:10:00,0,ok,0,ok,,missing,50,E,,,LAW ENFORCEMENT,40.86667,-73.88333,,"Local police reported downed power lines in the vicinity of Fordham University. A local newspaper reported that a large tree fell across City Island Avenue, which stalled traffic in both directions."
5313006,E20020802-1142030,1142030,hail,Hail,SI,2002-08-02 19:30:00,2002-08-02 19:30:00,0,ok,0,ok,,missing,0.75,,,,TRAINED SPOTTER,40.58333,-74.15,,A spotter reported dime size hail.
5313007,E20020802-1142030,1142030,thunderstorm,Lightning,MN,2002-08-02 19:35:00,2002-08-02 19:35:00,1,ok,1,ok,,missing,,,,,NEWSPAPER,,,,A 25 year old man was struck and killed by lightning at 835 pm while watching thunderstorms from the roof of a four-story building located at 365 Broome Street.  A 24 year old woman was also injured in the event.
5314295,E20020601-1141282,1141282,drought,Drought,SI,2002-06-01 00:00:00,2002-06-30 23:59:00,0,ok,0,ok,,missing,,,,,OTHER FEDERAL AGENCY,,,,
5313008,E20020802-1142030,1142030,thunderstorm,Thunderstorm Wind,SI,2002-08-02 19:45:00,2002-08-02 19:45:00,0,ok,0,ok,,missing,50,E,,,LAW ENFORCEMENT,40.55,-74.2,,Local police reported that several trees and power lines were knocked down by this storm.
5313082,E20020816-1142034,1142034,thunderstorm,Thunderstorm Wind,BX,2002-08-16 13:45:00,2002-08-16 13:45:00,0,ok,0,ok,,missing,60,E,,,EMERGENCY MANAGER,40.83333,-73.9,,New York City Office of Emergency Management reported a building collapse.
5309747,E20020626-1141277,1141277,thunderstorm,Thunderstorm Wind,MN,2002-06-26 13:10:00,2002-06-26 13:10:00,0,ok,0,ok,,missing,52,E,,,BROADCAST MEDIA,40.73333,-74.0,,Television media reported that strong winds knocked over a 50 foot tree in Washington Heights.
5309745,E20020626-1141277,1141277,thunderstorm,Thunderstorm Wind,BX,2002-06-26 13:05:00,2002-06-26 13:05:00,0,ok,0,ok,,missing,50,E,,,LAW ENFORCEMENT,40.83333,-73.9,,Police reported that several trees were knocked down in the Bronx.
5318522,E20020901-1144338,1144338,drought,Drought,MN,2002-09-01 00:00:00,2002-09-30 23:59:00,0,ok,0,ok,,missing,,,,,OTHER FEDERAL AGENCY,,,,
5318536,E20021011-1144342,1144342,heavy-rain,Heavy Rain,BX,2002-10-11 18:00:00,2002-10-12 18:00:00,0,ok,0,ok,,missing,,,,,OFFICIAL NWS OBS.,,,,
5318537,E20021011-1144342,1144342,heavy-rain,Heavy Rain,BK,2002-10-11 18:00:00,2002-10-12 18:00:00,0,ok,0,ok,,missing,,,,,OFFICIAL NWS OBS.,,,,
5318399,E20020801-1144334,1144334,drought,Drought,BK,2002-08-01 00:00:00,2002-08-31 23:59:00,0,ok,0,ok,,missing,,,,,OTHER FEDERAL AGENCY,,,,
5318523,E20020901-1144338,1144338,drought,Drought,BX,2002-09-01 00:00:00,2002-09-30 23:59:00,0,ok,0,ok,,missing,,,,,OTHER FEDERAL AGENCY,,,,
5318400,E20020801-1144334,1144334,drought,Drought,SI,2002-08-01 00:00:00,2002-08-31 23:59:00,0,ok,0,ok,,missing,,,,,OTHER FEDERAL AGENCY,,,,
5318413,E20021001-1144335,1144335,drought,Drought,MN,2002-10-01 00:00:00,2002-10-31 23:59:00,0,ok,0,ok,,missing,,,,,OTHER FEDERAL AGENCY,,,,
5318415,E20021001-1144335,1144335,drought,Drought,SI,2002-10-01 00:00:00,2002-10-31 23:59:00,0,ok,0,ok,,missing,,,,,OTHER FEDERAL AGENCY,,,,
5318521,E20020901-1144338,1144338,drought,Drought,BK,2002-09-01 00:00:00,2002-09-30 23:59:00,0,ok,0,ok,,missing,,,,,OTHER FEDERAL AGENCY,,,,
5318398,E20020801-1144334,1144334,drought,Drought,MN,2002-08-01 00:00:00,2002-08-31 23:59:00,0,ok,0,ok,,missing,,,,,OTHER FEDERAL AGENCY,,,,
5318414,E20021001-1144335,1144335,drought,Drought,BK,2002-10-01 00:00:00,2002-10-31 23:59:00,0,ok,0,ok,,missing,,,,,OTHER FEDERAL AGENCY,,,,
5318412,E20021001-1144335,1144335,drought,Drought,BX,2002-10-01 00:00:00,2002-10-31 23:59:00,0,ok,0,ok,,missing,,,,,OTHER FEDERAL AGENCY,,,,
5318542,E20021011-1144342,1144342,heavy-rain,Heavy Rain,QN,2002-10-11 18:00:00,2002-10-12 18:00:00,0,ok,0,ok,,missing,,,,,OFFICIAL NWS OBS.,,,,
5318519,E20020901-1144338,1144338,drought,Drought,QN,2002-09-01 00:00:00,2002-09-30 23:59:00,0,ok,0,ok,,missing,,,,,OTHER FEDERAL AGENCY,,,,
5318543,E20021011-1144342,1144342,heavy-rain,Heavy Rain,SI,2002-10-11 18:00:00,2002-10-12 18:00:00,0,ok,0,ok,,missing,,,,,OFFICIAL NWS OBS.,,,,
5318416,E20021001-1144335,1144335,drought,Drought,QN,2002-10-01 00:00:00,2002-10-31 23:59:00,0,ok,0,ok,,missing,,,,,OTHER FEDERAL AGENCY,,,,
5318520,E20020901-1144338,1144338,drought,Drought,SI,2002-09-01 00:00:00,2002-09-30 23:59:00,0,ok,0,ok,,missing,,,,,OTHER FEDERAL AGENCY,,,,
5318401,E20020801-1144334,1144334,drought,Drought,QN,2002-08-01 00:00:00,2002-08-31 23:59:00,0,ok,0,ok,,missing,,,,,OTHER FEDERAL AGENCY,,,,
5318539,E20021011-1144342,1144342,heavy-rain,Heavy Rain,MN,2002-10-11 18:00:00,2002-10-12 18:00:00,0,ok,0,ok,,missing,,,,,OFFICIAL NWS OBS.,,,,
5320508,E20020926-1143491,1143491,heavy-rain,Heavy Rain,SI,2002-09-26 09:00:00,2002-09-28 09:00:00,0,ok,0,ok,,missing,,,,,OFFICIAL NWS OBS.,,,,
5329162,E20031205-1165251,1165251,winter-storm,Blizzard,QN,2003-12-06 15:00:00,2003-12-06 18:00:00,0,ok,0,ok,,missing,,,,,"AWOS,ASOS,MESONET,ETC",,,,
5328862,E20031205-1165251,1165251,heavy-snow,Heavy Snow,MN,2003-12-05 17:00:00,2003-12-07 01:00:00,0,ok,0,ok,,missing,,,,,TRAINED SPOTTER,,,,
5328863,E20031205-1165251,1165251,heavy-snow,Heavy Snow,BX,2003-12-05 17:00:00,2003-12-07 01:00:00,0,ok,0,ok,,missing,,,,,TRAINED SPOTTER,,,,
5328864,E20031205-1165251,1165251,heavy-snow,Heavy Snow,SI,2003-12-05 17:00:00,2003-12-07 01:00:00,0,ok,0,ok,,missing,,,,,TRAINED SPOTTER,,,,
5328865,E20031205-1165251,1165251,heavy-snow,Heavy Snow,BK,2003-12-05 17:00:00,2003-12-07 01:00:00,0,ok,0,ok,,missing,,,,,TRAINED SPOTTER,,,,
5328866,E20031205-1165251,1165251,heavy-snow,Heavy Snow,QN,2003-12-05 18:00:00,2003-12-07 01:00:00,0,ok,0,ok,,missing,,,,,TRAINED SPOTTER,,,,
5331442,E20031113-1164506,1164506,high-winds,High Wind,BX,2003-11-13 08:35:00,2003-11-13 23:00:00,0,ok,0,ok,,missing,50,EG,,,BROADCAST MEDIA,,,,
5331443,E20031113-1164506,1164506,high-winds,High Wind,MN,2003-11-13 08:30:00,2003-11-13 23:00:00,0,ok,0,ok,,missing,50,EG,,,BROADCAST MEDIA,,,,
5331444,E20031113-1164506,1164506,high-winds,High Wind,SI,2003-11-13 08:25:00,2003-11-13 23:00:00,0,ok,0,ok,,missing,50,EG,,,BROADCAST MEDIA,,,,
5331445,E20031113-1164506,1164506,high-winds,High Wind,BK,2003-11-13 08:30:00,2003-11-13 23:00:00,0,ok,0,ok,,missing,50,EG,,,BROADCAST MEDIA,,,,
5331446,E20031113-1164506,1164506,high-winds,High Wind,QN,2003-11-13 09:56:00,2003-11-13 23:00:00,0,ok,0,ok,,missing,54,MG,,,"AWOS,ASOS,MESONET,ETC",,,,
5335056,E20030923-1163171,1163171,flash-flooding,Flash Flood,BX,2003-09-23 09:15:00,2003-09-23 10:00:00,0,ok,0,ok,,missing,,,,,EMERGENCY MANAGER,,,,
5335057,E20030923-1163171,1163171,flash-flooding,Flash Flood,MN,2003-09-23 09:30:00,2003-09-23 10:00:00,0,ok,0,ok,,missing,,,,,EMERGENCY MANAGER,,,,
5335058,E20030923-1163171,1163171,flash-flooding,Flash Flood,QN,2003-09-23 09:30:00,2003-09-23 10:00:00,0,ok,0,ok,,missing,,,,,TRAINED SPOTTER,,,,
5335059,E20030923-1163171,1163171,flash-flooding,Flash Flood,BK,2003-09-23 09:35:00,2003-09-23 10:00:00,0,ok,0,ok,,missing,,,,,TRAINED SPOTTER,,,,
5334807,E20030722-1159585,1159585,flash-flooding,Flash Flood,QN,2003-07-22 15:40:00,2003-07-22 16:10:00,0,ok,0,ok,,missing,,,,,TRAINED SPOTTER,,,,Spotters reported significant street flooding in Bayside Hills and Ridgewood.
5334808,E20030722-1159585,1159585,flash-flooding,Flash Flood,SI,2003-07-22 15:58:00,2003-07-22 16:28:00,0,ok,0,ok,,missing,,,,,EMERGENCY MANAGER,,,,Consolidated Edison reported significant flooding that resulted in street closings in the vicinity of Richmond Avenue and Victory Boulevard.
5334809,E20030722-1159585,1159585,thunderstorm,Thunderstorm Wind,BK,2003-07-22 13:52:00,2003-07-22 13:52:00,1,ok,0,ok,,missing,50,EG,,,EMERGENCY MANAGER,40.65,-73.93333,,A 52 year old female was fatally injured when a large branch dislodged from a tree and fell on her. This accident occurred on the corner of Avenue J and East 19th Street in the Flatbush section of Brooklyn.
5334543,E20030722-1159585,1159585,hail,Hail,MN,2003-07-22 13:41:00,2003-07-22 13:41:00,0,ok,0,ok,,missing,0.75,,,,TRAINED SPOTTER,40.73333,-74.0,,A trained spotter reported penny size hail in Lower Manhattan.
5334584,E20030722-1159585,1159585,hail,Hail,SI,2003-07-22 13:40:00,2003-07-22 13:40:00,0,ok,0,ok,,missing,0.88,,,,TRAINED SPOTTER,40.56667,-74.13333,,A trained spotter reported nickle size hail in Oakwood.
5334585,E20030722-1159585,1159585,thunderstorm,Thunderstorm Wind,SI,2003-07-22 14:00:00,2003-07-22 14:00:00,0,ok,0,ok,,missing,60,EG,,,NEWSPAPER,40.6,-74.18333,,"Several newspaper clippings reported severe wind damage.  Damage included downed power and cable television lines, a tree down on Mill Road in New Dorp and a tree down on Grandview Terrace in Great Kills."
5334586,E20030722-1159585,1159585,hail,Hail,SI,2003-07-22 15:15:00,2003-07-22 15:15:00,0,ok,0,ok,,missing,0.75,,,,NWS EMPLOYEE(OFF DUTY),40.6,-74.18333,,An off-duty National Weather Service Meteorologist reported penny size hail.
5336226,E20030918-1163161,1163161,tropical-cyclone,Tropical Storm,SI,2003-09-18 17:00:00,2003-09-19 03:00:00,0,ok,0,ok,,missing,,,,,PARK/FOREST SERVICE,,,,
5336227,E20030918-1163161,1163161,tropical-cyclone,Tropical Storm,BK,2003-09-18 17:00:00,2003-09-19 03:00:00,0,ok,0,ok,,missing,,,,,PARK/FOREST SERVICE,,,,
5336228,E20030918-1163161,1163161,tropical-cyclone,Tropical Storm,QN,2003-09-18 17:00:00,2003-09-19 03:00:00,0,ok,0,ok,,missing,,,,,PARK/FOREST SERVICE,,,,
5336229,E20030918-1163161,1163161,high-winds,Strong Wind,BX,2003-09-18 12:00:00,2003-09-19 05:00:00,0,ok,1,ok,,missing,40,EG,,,BROADCAST MEDIA,,,,
5337911,E20030817-1162197,1162197,flash-flooding,Flash Flood,BK,2003-08-17 18:22:00,2003-08-17 19:22:00,0,ok,0,ok,,missing,,,,,EMERGENCY MANAGER,,,,
5344495,E20030217-1147980,1147980,heavy-snow,Heavy Snow,BX,2003-02-17 03:00:00,2003-02-17 20:00:00,0,ok,0,ok,,missing,,,,,OFFICIAL NWS OBS.,,,,
5344497,E20030217-1147980,1147980,heavy-snow,Heavy Snow,BK,2003-02-17 02:00:00,2003-02-17 20:00:00,0,ok,0,ok,,missing,,,,,OFFICIAL NWS OBS.,,,,
5344496,E20030217-1147980,1147980,heavy-snow,Heavy Snow,SI,2003-02-17 01:00:00,2003-02-17 20:00:00,0,ok,0,ok,,missing,,,,,OFFICIAL NWS OBS.,,,,
5346011,E20030207-1147977,1147977,heavy-snow,Heavy Snow,BX,2003-02-07 12:30:00,2003-02-07 15:00:00,0,ok,0,ok,,missing,,,,,OFFICIAL NWS OBS.,,,,
5346017,E20030207-1147977,1147977,heavy-snow,Heavy Snow,QN,2003-02-07 15:00:00,2003-02-07 15:00:00,0,ok,0,ok,,missing,,,,,OFFICIAL NWS OBS.,,,,
5344494,E20030217-1147980,1147980,heavy-snow,Heavy Snow,MN,2003-02-17 02:00:00,2003-02-17 20:00:00,0,ok,0,ok,20000000,ok,,,,,OFFICIAL NWS OBS.,,,,
5347404,E20030321-1148808,1148808,hail,Hail,QN,2003-03-21 19:00:00,2003-03-21 19:00:00,0,ok,0,ok,,missing,0.75,,,,TRAINED SPOTTER,40.8,-73.8,,A trained spotter reported penny size hail in Whitestone at 700 pm.
5344498,E20030217-1147980,1147980,heavy-snow,Heavy Snow,QN,2003-02-17 02:00:00,2003-02-17 20:00:00,0,ok,0,ok,,missing,,,,,OFFICIAL NWS OBS.,,,,
5350123,E20030407-1150135,1150135,heavy-snow,Heavy Snow,BK,2003-04-07 16:00:00,2003-04-07 17:00:00,0,ok,0,ok,,missing,,,,,TRAINED SPOTTER,,,,
5350124,E20030407-1150135,1150135,heavy-snow,Heavy Snow,QN,2003-04-07 16:00:00,2003-04-07 17:00:00,0,ok,0,ok,,missing,,,,,TRAINED SPOTTER,,,,
5350120,E20030407-1150135,1150135,heavy-snow,Heavy Snow,MN,2003-04-07 16:00:00,2003-04-07 17:00:00,0,ok,0,ok,,missing,,,,,TRAINED SPOTTER,,,,
5350121,E20030407-1150135,1150135,heavy-snow,Heavy Snow,BX,2003-04-07 16:00:00,2003-04-07 17:00:00,0,ok,0,ok,,missing,,,,,TRAINED SPOTTER,,,,
5350122,E20030407-1150135,1150135,heavy-snow,Heavy Snow,SI,2003-04-07 16:00:00,2003-04-07 17:00:00,0,ok,0,ok,,missing,,,,,TRAINED SPOTTER,,,,
5371579,E20031027-1163396,1163396,tornado,Tornado,SI,2003-10-27 16:20:00,2003-10-27 16:20:00,0,ok,0,ok,,missing,,,,F0,NWS EMPLOYEE(OFF DUTY),40.6,-74.2,,"A weak tornado developed along the leading edge of a line of heavy showers and thunderstorms. A storm damage assessment team observed rotational tree damage on Morani and Leona Streets, bound by Richmond Avenue to the West, and Victory Boulevard to the East. At least 8 trees were uprooted and 2 others were damaged. Some aluminum siding was ripped off the sides of 2 houses. A non-NWS Meteorologist observed that the rear end of two cars moved from their parked position toward the middle of the street. Based on the damage, wind speeds were estimated at around 70 mph."
5371588,E20031015-1163401,1163401,high-winds,High Wind,QN,2003-10-15 00:00:00,2003-10-15 23:59:00,0,ok,0,ok,100000,ok,39,MS,,,NEWSPAPER,,,,
5374404,E20030804-1162176,1162176,flash-flooding,Flash Flood,SI,2003-08-04 15:22:00,2003-08-04 15:37:00,0,ok,0,ok,,missing,,,,,TRAINED SPOTTER,,,,
5374405,E20030804-1162176,1162176,flash-flooding,Flash Flood,MN,2003-08-04 15:30:00,2003-08-04 15:45:00,0,ok,0,ok,,missing,,,,,EMERGENCY MANAGER,,,,
5373259,E20030614-1156617,1156617,thunderstorm,Thunderstorm Wind,QN,2003-06-14 15:30:00,2003-06-14 15:30:00,0,ok,0,ok,,missing,52,EG,,,EMERGENCY MANAGER,40.7,-73.85,,
5374406,E20030804-1162176,1162176,flash-flooding,Flash Flood,BK,2003-08-04 16:30:00,2003-08-04 16:45:00,0,ok,0,ok,,missing,,,,,EMERGENCY MANAGER,,,,
5374407,E20030804-1162176,1162176,flash-flooding,Flash Flood,QN,2003-08-04 16:30:00,2003-08-04 16:45:00,0,ok,0,ok,,missing,,,,,EMERGENCY MANAGER,,,,
5371582,E20031027-1163397,1163397,thunderstorm,Thunderstorm Wind,SI,2003-10-27 16:28:00,2003-10-27 16:28:00,0,ok,0,ok,,missing,60,EG,,,NWS STORM SURVEY,40.6,-74.16667,,"A weak gustnado developed along the leading edge of a line of heavy showers and thunderstorms. A storm damage assessment team observed tree damage on Buchanan Avenue, where a 30 foot Pine tree was downed and another tree was uprooted. An eyewitness observed a swirling column of air at 428 pm that lasted about 10 seconds before moving northeast."
5381615,E20040115-1165465,1165465,heavy-snow,Heavy Snow,BX,2004-01-15 07:00:00,2004-01-15 07:00:00,0,ok,0,ok,,missing,,,,,TRAINED SPOTTER,,,,
5430907,E20041223-1182721,1182721,high-winds,Strong Wind,QN,2004-12-23 15:50:00,2004-12-23 15:50:00,1,ok,0,ok,,missing,40,EG,,,TRAINED SPOTTER,,,,
5430902,E20041223-1182720,1182720,thunderstorm,Marine Thunderstorm Wind,HARBOR,2004-12-23 16:44:00,2004-12-23 16:44:00,0,ok,0,ok,,missing,37,MG,,,"AWOS,ASOS,MESONET,ETC",,,,
5430910,E20041201-1182722,1182722,high-winds,High Wind,BK,2004-12-01 14:54:00,2004-12-01 14:54:00,0,ok,0,ok,,missing,55,MG,,,"AWOS,ASOS,MESONET,ETC",,,,
5381618,E20040115-1165465,1165465,heavy-snow,Heavy Snow,QN,2004-01-15 07:00:00,2004-01-15 07:00:00,0,ok,0,ok,,missing,,,,,TRAINED SPOTTER,,,,
5381758,E20040128-1165472,1165472,winter-storm,Winter Storm,BX,2004-01-28 00:00:00,2004-01-28 00:00:00,0,ok,0,ok,,missing,,,,,TRAINED SPOTTER,,,,
5381743,E20040115-1165469,1165469,extreme-cold,Cold/Wind Chill,BK,2004-01-15 20:00:00,2004-01-16 04:00:00,0,ok,0,ok,,missing,,,,,"AWOS,ASOS,MESONET,ETC",,,,
5381744,E20040115-1165469,1165469,extreme-cold,Cold/Wind Chill,QN,2004-01-15 20:00:00,2004-01-16 04:00:00,0,ok,0,ok,,missing,,,,,"AWOS,ASOS,MESONET,ETC",,,,
5381616,E20040115-1165465,1165465,heavy-snow,Heavy Snow,SI,2004-01-15 07:00:00,2004-01-15 07:00:00,0,ok,0,ok,,missing,,,,,TRAINED SPOTTER,,,,
5381617,E20040115-1165465,1165465,heavy-snow,Heavy Snow,BK,2004-01-15 07:00:00,2004-01-15 07:00:00,0,ok,0,ok,,missing,,,,,TRAINED SPOTTER,,,,
5381741,E20040115-1165469,1165469,extreme-cold,Cold/Wind Chill,MN,2004-01-15 20:00:00,2004-01-16 04:00:00,0,ok,0,ok,,missing,,,,,"AWOS,ASOS,MESONET,ETC",,,,
5381742,E20040115-1165469,1165469,extreme-cold,Cold/Wind Chill,SI,2004-01-15 20:00:00,2004-01-16 04:00:00,0,ok,0,ok,,missing,,,,,"AWOS,ASOS,MESONET,ETC",,,,
5381740,E20040115-1165469,1165469,extreme-cold,Cold/Wind Chill,BX,2004-01-15 20:00:00,2004-01-16 04:00:00,0,ok,0,ok,,missing,,,,,"AWOS,ASOS,MESONET,ETC",,,,
5381762,E20040128-1165472,1165472,winter-storm,Winter Storm,QN,2004-01-28 02:00:00,2004-01-28 02:00:00,0,ok,0,ok,,missing,,,,,TRAINED SPOTTER,,,,
5381759,E20040128-1165472,1165472,winter-storm,Winter Storm,MN,2004-01-28 00:00:00,2004-01-28 00:00:00,0,ok,0,ok,,missing,,,,,TRAINED SPOTTER,,,,
5381760,E20040128-1165472,1165472,winter-storm,Winter Storm,SI,2004-01-28 00:00:00,2004-01-28 00:00:00,0,ok,0,ok,,missing,,,,,TRAINED SPOTTER,,,,
5381761,E20040128-1165472,1165472,winter-storm,Winter Storm,BK,2004-01-28 01:00:00,2004-01-28 01:00:00,0,ok,0,ok,,missing,,,,,TRAINED SPOTTER,,,,
5413520,E20040702-1176216,1176216,flash-flooding,Flash Flood,QN,2004-07-02 18:15:00,2004-07-02 18:45:00,0,ok,0,ok,,missing,,,,,EMERGENCY MANAGER,,,,Bell Boulevard and 208 Place intersection flooded with two people having to be rescued from cars.
5413521,E20040702-1176216,1176216,flash-flooding,Flash Flood,BX,2004-07-02 18:15:00,2004-07-02 18:45:00,0,ok,0,ok,,missing,,,,,EMERGENCY MANAGER,,,,179th and Major Deegan flooded. Roads closed due to deep water.
5413467,E20040625-1176212,1176212,flash-flooding,Flash Flood,SI,2004-06-25 17:33:00,2004-06-25 17:45:00,0,ok,0,ok,,missing,,,,,EMERGENCY MANAGER,,,,Intersection of Bay and Water Streets flooded.
5413469,E20040625-1176212,1176212,flash-flooding,Flash Flood,QN,2004-06-25 17:46:00,2004-06-25 18:15:00,0,ok,0,ok,,missing,,,,,EMERGENCY MANAGER,,,,One car trapped in two feet of water at the intersection of Flushing Avenue and 5 Sixth Street.
5413574,E20040705-1176222,1176222,thunderstorm,Lightning,BK,2004-07-05 14:00:00,2004-07-05 14:00:00,0,ok,0,ok,,missing,,,,,NEWSPAPER,,,,Lightning from a thunderstorm ignited a 6 alarm fire at a mattress factory in Bushwick. Nine firefighters were injured.
5413575,E20040714-1176223,1176223,thunderstorm,Lightning,MN,2004-07-14 17:45:00,2004-07-14 17:45:00,0,ok,0,ok,,missing,,,,,NEWSPAPER,,,,Lightning from a thunderstorm struck the chimney of an apartment building in Chelsea...and shattered it. As a result...dozens of bricks rained on the streets below.
5413468,E20040625-1176212,1176212,flash-flooding,Flash Flood,SI,2004-06-25 17:44:00,2004-06-25 18:00:00,0,ok,0,ok,,missing,,,,,EMERGENCY MANAGER,,,,Several cars trapped in flood waters at intersection of Clove Road and Narrow Road North.
5418912,E20040811-1178433,1178433,flash-flooding,Flash Flood,QN,2004-08-11 16:40:00,2004-08-11 17:20:00,0,ok,0,ok,,missing,,,,,EMERGENCY MANAGER,,,,"John F. Kennedy Airport was flooded by torrential downpours, which resulted in its' closure."
5413508,E20040617-1176213,1176213,flash-flooding,Flash Flood,BX,2004-06-17 15:40:00,2004-06-17 15:55:00,0,ok,0,ok,,missing,,,,,TRAINED SPOTTER,,,,Torrential rains flooded several roadways in the Bronx. Significant flash flooding on the Thruway resulted in people needin the be rescued from their cars.
5413510,E20040617-1176213,1176213,flash-flooding,Flash Flood,MN,2004-06-17 19:30:00,2004-06-17 20:00:00,0,ok,0,ok,,missing,,,,,EMERGENCY MANAGER,,,,Major street flooding in Southern Manhattan due to torrential thunderstorm rains.
5413511,E20040617-1176213,1176213,flash-flooding,Flash Flood,BK,2004-06-17 19:30:00,2004-06-17 20:00:00,0,ok,0,ok,,missing,,,,,EMERGENCY MANAGER,,,,Major street flooding on the expressway due to torrential rainfall.
5418913,E20040811-1178433,1178433,hail,Hail,BX,2004-08-11 13:55:00,2004-08-11 13:55:00,0,ok,0,ok,,missing,1.00,,,,GENERAL PUBLIC,40.83333,-73.9,,
5418852,E20040811-1178433,1178433,thunderstorm,Thunderstorm Wind,BX,2004-08-11 13:55:00,2004-08-11 13:55:00,0,ok,0,ok,,missing,50,EG,,,GENERAL PUBLIC,40.83333,-73.9,,A large tree was downed on Van Ness Street.
5413512,E20040617-1176213,1176213,flash-flooding,Flash Flood,QN,2004-06-17 19:30:00,2004-06-17 20:00:00,0,ok,0,ok,,missing,,,,,EMERGENCY MANAGER,,,,Major street flooding on the Long Island Expressway.
5418999,E20040821-1178438,1178438,hail,Hail,QN,2004-08-21 14:15:00,2004-08-21 14:15:00,0,ok,0,ok,,missing,1.75,,,,TRAINED SPOTTER,40.81667,-73.85,,Golfball size hail was observed in Rego Park.
5413571,E20040723-1176220,1176220,heavy-rain,Heavy Rain,QN,2004-07-23 20:00:00,2004-07-23 21:00:00,0,ok,1,ok,,missing,,,,,NEWSPAPER,,,,Thunderstorms producing torrential rainfall aided in the collapse of an overpass on Grand Central Parkway.
5421689,E20040928-1180030,1180030,flash-flooding,Flash Flood,BK,2004-09-28 17:25:00,2004-09-28 18:00:00,0,ok,0,ok,,missing,,,,,TRAINED SPOTTER,,,,Belt Parkway closed due to flash flooding.
5421467,E20040908-1180022,1180022,flash-flooding,Flash Flood,BK,2004-09-08 07:58:00,2004-09-08 08:10:00,0,ok,0,ok,,missing,,,,,EMERGENCY MANAGER,,,,Flash flooding on the BQE at Flushing Boulevard.
5421469,E20040908-1180022,1180022,flash-flooding,Flash Flood,BX,2004-09-08 08:30:00,2004-09-08 08:45:00,0,ok,0,ok,,missing,,,,,EMERGENCY MANAGER,,,,Flash flooding on the Bronx River Parkway.
5421687,E20040928-1180030,1180030,flash-flooding,Flash Flood,BX,2004-09-28 17:15:00,2004-09-28 18:00:00,0,ok,0,ok,,missing,,,,,BROADCAST MEDIA,,,,Bronx River Parkway closed at Hartsdale due to flash flooding.
5421688,E20040928-1180030,1180030,flash-flooding,Flash Flood,MN,2004-09-28 17:05:00,2004-09-28 17:55:00,0,ok,0,ok,,missing,,,,,EMERGENCY MANAGER,,,,FDR Drive closed due to flash flooding.
5421696,E20040928-1180030,1180030,flash-flooding,Flash Flood,BX,2004-09-28 21:45:00,2004-09-28 22:00:00,0,ok,0,ok,,missing,,,,,TRAINED SPOTTER,,,,Roads closed due to flash flooding.
5421690,E20040928-1180030,1180030,flash-flooding,Flash Flood,QN,2004-09-28 18:00:00,2004-09-28 18:45:00,0,ok,0,ok,,missing,,,,,TRAINED SPOTTER,,,,Major highways and roads closed due to flash flooding.
5421691,E20040928-1180030,1180030,flash-flooding,Flash Flood,BX,2004-09-28 18:50:00,2004-09-28 19:25:00,0,ok,0,ok,,missing,,,,,TRAINED SPOTTER,,,,Sawmill River Parkway closed due to flash flooding.
5421692,E20040928-1180030,1180030,flash-flooding,Flash Flood,MN,2004-09-28 19:01:00,2004-09-28 19:30:00,0,ok,0,ok,,missing,,,,,EMERGENCY MANAGER,,,,FDR drive closed due to flash flooding.
5421693,E20040928-1180030,1180030,flash-flooding,Flash Flood,BK,2004-09-28 19:10:00,2004-09-28 19:40:00,0,ok,0,ok,,missing,,,,,TRAINED SPOTTER,,,,Numerous roads closed due to flash flooding. Belt Parkway closed.
5421699,E20040928-1180030,1180030,flash-flooding,Flash Flood,BK,2004-09-28 20:45:00,2004-09-28 21:30:00,0,ok,0,ok,,missing,,,,,TRAINED SPOTTER,,,,Significant street flooding in Graves End.
5421700,E20040928-1180030,1180030,flash-flooding,Flash Flood,QN,2004-09-28 21:00:00,2004-09-28 21:30:00,0,ok,0,ok,,missing,,,,,TRAINED SPOTTER,,,,Significant street flooding across Queens. BQE experienced major flash flooding.
5421701,E20040928-1180030,1180030,flash-flooding,Flash Flood,SI,2004-09-28 20:00:00,2004-09-28 21:00:00,0,ok,0,ok,,missing,,,,,TRAINED SPOTTER,,,,Route 440 closed due to a foot of water on the road.
5421698,E20040928-1180030,1180030,flash-flooding,Flash Flood,MN,2004-09-28 21:45:00,2004-09-28 22:15:00,0,ok,0,ok,,missing,,,,,EMERGENCY MANAGER,,,,FDR drive closed once again due to flash flooding.
5421539,E20040918-1180026,1180026,flash-flooding,Flash Flood,BX,2004-09-18 08:50:00,2004-09-18 09:20:00,0,ok,0,ok,,missing,,,,,TRAINED SPOTTER,,,,Torrential rains resulted in numerous road closures in and near Rivervale.
5421537,E20040918-1180026,1180026,flash-flooding,Flash Flood,SI,2004-09-18 08:58:00,2004-09-18 09:20:00,0,ok,0,ok,,missing,,,,,AMATEUR RADIO,,,,Very heavy rains resulted in significant street and highway flooding. Several road closures occured in Huguenot and Great Kills.
5421538,E20040918-1180026,1180026,flash-flooding,Flash Flood,MN,2004-09-18 09:20:00,2004-09-18 09:55:00,0,ok,0,ok,,missing,,,,,EMERGENCY MANAGER,,,,Torrential rains caused flash flooding that resulted in flooded subways and streets in Manhattan.
5421540,E20040918-1180026,1180026,flash-flooding,Flash Flood,QN,2004-09-18 08:55:00,2004-09-18 09:15:00,0,ok,0,ok,,missing,,,,,EMERGENCY MANAGER,,,,Grand Central Parkway flooded. Lane closures near LaGuardia Airport.
5422659,E20040908-1180022,1180022,flash-flooding,Flash Flood,MN,2004-09-08 05:30:00,2004-09-08 05:45:00,0,ok,0,ok,,missing,,,,,EMERGENCY MANAGER,,,,Flash flooding was the cause of flooding on FDR drive. Lanes were closed between 96th and 123rd streets.
5422660,E20040908-1180022,1180022,flash-flooding,Flash Flood,QN,2004-09-08 06:05:00,2004-09-08 06:25:00,0,ok,0,ok,,missing,,,,,EMERGENCY MANAGER,,,,"Flash flooding caused numerous road closures across Queens. Major roads closed included the Long Island Expressway, Utopia Parkway, Grand Central Parkway, and The Van Wyck. The Belt Parkway near JFK airport was also flooded."
5422661,E20040908-1180022,1180022,flash-flooding,Flash Flood,BX,2004-09-08 07:00:00,2004-09-08 07:45:00,0,ok,0,ok,,missing,,,,,EMERGENCY MANAGER,,,,Torrential rains caused flash flooding of many roadways in the Bronx. Cars were abandoned at several locations.
5418908,E20040811-1178433,1178433,flash-flooding,Flash Flood,QN,2004-08-11 14:04:00,2004-08-11 14:20:00,2,ok,0,ok,,missing,,,,,EMERGENCY MANAGER,,,,Flash flooding of roads occurred at College Point.  Two occupants of a vehicle were electrocuted by a fallen power line when they apparently stepped out of their vehicle into several feet of water.
5418909,E20040811-1178433,1178433,thunderstorm,Lightning,QN,2004-08-11 14:19:00,2004-08-11 14:19:00,0,ok,2,ok,,missing,,,,,EMERGENCY MANAGER,,,,Two children were struck by lightning at Jamaica Mall.  Both were hospitalized with injuries.
5418910,E20040811-1178433,1178433,flash-flooding,Flash Flood,QN,2004-08-11 15:00:00,2004-08-11 15:20:00,0,ok,0,ok,,missing,,,,,EMERGENCY MANAGER,,,,Flash flooding from thunderstorms caused basement flooding at Flushing Hospital.
5418911,E20040811-1178433,1178433,flash-flooding,Flash Flood,QN,2004-08-11 15:00:00,2004-08-11 15:25:00,0,ok,0,ok,,missing,,,,,EMERGENCY MANAGER,,,,Thunderstorms with torrential downpours caused significant flash flooding on the Whitestone Expressway and Cross Island Parkway intersection.
5421620,E20040928-1180030,1180030,flash-flooding,Flash Flood,SI,2004-09-28 16:30:00,2004-09-28 17:00:00,0,ok,0,ok,,missing,,,,,TRAINED SPOTTER,,,,All lanes closed on Route 440 due to flash flooding.
5421535,E20040918-1180026,1180026,flash-flooding,Flash Flood,BK,2004-09-18 08:00:00,2004-09-18 08:25:00,0,ok,0,ok,,missing,,,,,TRAINED SPOTTER,,,,Torrential rains caused flash flooding on the Belt Parkway near Bensonhurst. The parkway was closed for a short period of time.
5433545,E20050122-1183728,1183728,heavy-snow,Heavy Snow,BK,2005-01-22 17:30:00,2005-01-22 17:30:00,0,ok,0,ok,,missing,,,,,TRAINED SPOTTER,,,,
5433546,E20050122-1183728,1183728,heavy-snow,Heavy Snow,SI,2005-01-22 18:00:00,2005-01-22 18:00:00,0,ok,0,ok,,missing,,,,,TRAINED SPOTTER,,,,
5433547,E20050122-1183728,1183728,heavy-snow,Heavy Snow,QN,2005-01-22 18:00:00,2005-01-22 18:00:00,0,ok,0,ok,,missing,,,,,TRAINED SPOTTER,,,,
5433554,E20050122-1183728,1183728,heavy-snow,Heavy Snow,MN,2005-01-22 19:30:00,2005-01-22 19:30:00,0,ok,0,ok,,missing,,,,,TRAINED SPOTTER,,,,
5433555,E20050122-1183728,1183728,heavy-snow,Heavy Snow,BX,2005-01-22 20:00:00,2005-01-22 20:00:00,0,ok,0,ok,,missing,,,,,TRAINED SPOTTER,,,,
5437589,E20050225-1185035,1185035,heavy-snow,Heavy Snow,MN,2005-02-25 03:00:00,2005-02-25 03:00:00,0,ok,0,ok,,missing,,,,,TRAINED SPOTTER,,,,
5437682,E20050225-1185035,1185035,heavy-snow,Heavy Snow,BK,2005-02-25 03:00:00,2005-02-25 03:00:00,0,ok,0,ok,,missing,,,,,TRAINED SPOTTER,,,,
5437683,E20050225-1185035,1185035,heavy-snow,Heavy Snow,QN,2005-02-25 03:00:00,2005-02-25 03:00:00,0,ok,0,ok,,missing,,,,,TRAINED SPOTTER,,,,
5437681,E20050225-1185035,1185035,heavy-snow,Heavy Snow,SI,2005-02-25 03:00:00,2005-02-25 03:00:00,0,ok,0,ok,,missing,,,,,TRAINED SPOTTER,,,,
5436953,E20050221-1185029,1185029,heavy-snow,Heavy Snow,MN,2005-02-21 07:00:00,2005-02-21 07:00:00,0,ok,0,ok,,missing,,,,,TRAINED SPOTTER,,,,
5437317,E20050225-1185035,1185035,heavy-snow,Heavy Snow,BX,2005-02-25 03:00:00,2005-02-25 03:00:00,0,ok,0,ok,,missing,,,,,TRAINED SPOTTER,,,,
5436952,E20050221-1185029,1185029,heavy-snow,Heavy Snow,BX,2005-02-21 07:00:00,2005-02-21 07:00:00,0,ok,0,ok,,missing,,,,,TRAINED SPOTTER,,,,
5442555,E20050301-1186713,1186713,heavy-snow,Heavy Snow,MN,2005-03-01 06:00:00,2005-03-01 06:00:00,0,ok,0,ok,,missing,,,,,TRAINED SPOTTER,,,,
5444772,E20050308-1186719,1186719,winter-storm,Winter Weather,QN,2005-03-08 15:00:00,2005-03-08 15:00:00,0,ok,0,ok,,missing,,,,,BROADCAST MEDIA,,,,
5443417,E20050328-1187233,1187233,heavy-rain,Heavy Rain,QN,2005-03-28 12:00:00,2005-03-28 23:30:00,0,ok,0,ok,,missing,,,,,"AWOS,ASOS,MESONET,ETC",,,,
5443339,E20050328-1187233,1187233,heavy-rain,Heavy Rain,SI,2005-03-28 12:00:00,2005-03-28 23:30:00,0,ok,0,ok,,missing,,,,,"AWOS,ASOS,MESONET,ETC",,,,
5443340,E20050328-1187233,1187233,heavy-rain,Heavy Rain,BK,2005-03-28 12:00:00,2005-03-28 23:30:00,0,ok,0,ok,,missing,,,,,"AWOS,ASOS,MESONET,ETC",,,,
5443435,E20050428-1187237,1187237,high-winds,Strong Wind,MN,2005-04-28 15:15:00,2005-04-28 15:15:00,0,ok,2,ok,,missing,31,MG,,,EMERGENCY MANAGER,,,,
5443431,E20050428-1187235,1187235,thunderstorm,Marine Thunderstorm Wind,HARBOR,2005-04-28 15:05:00,2005-04-28 15:05:00,0,ok,0,ok,,missing,49,MG,,,COASTAL OBSERVING STATION,40.63333,-74.15,,
5442556,E20050301-1186713,1186713,heavy-snow,Heavy Snow,SI,2005-03-01 06:00:00,2005-03-01 06:00:00,0,ok,0,ok,,missing,,,,,TRAINED SPOTTER,,,,
5442557,E20050301-1186713,1186713,heavy-snow,Heavy Snow,BK,2005-03-01 06:00:00,2005-03-01 06:00:00,0,ok,0,ok,,missing,,,,,TRAINED SPOTTER,,,,
5444778,E20050308-1186719,1186719,high-winds,High Wind,QN,2005-03-08 19:10:00,2005-03-08 19:10:00,0,ok,0,ok,,missing,50,MG,,,"AWOS,ASOS,MESONET,ETC",,,,
5444779,E20050308-1186719,1186719,winter-storm,Winter Weather,MN,2005-03-08 15:00:00,2005-03-08 15:00:00,0,ok,0,ok,,missing,,,,,BROADCAST MEDIA,,,,
5443338,E20050328-1187233,1187233,heavy-rain,Heavy Rain,MN,2005-03-28 12:00:00,2005-03-28 23:30:00,0,ok,0,ok,,missing,,,,,"AWOS,ASOS,MESONET,ETC",,,,
5443337,E20050328-1187233,1187233,heavy-rain,Heavy Rain,BX,2005-03-28 12:00:00,2005-03-28 23:30:00,0,ok,0,ok,,missing,,,,,"AWOS,ASOS,MESONET,ETC",,,,
5444770,E20050308-1186719,1186719,winter-storm,Winter Weather,BK,2005-03-08 15:00:00,2005-03-08 15:00:00,0,ok,0,ok,,missing,,,,,BROADCAST MEDIA,,,,
5444769,E20050308-1186719,1186719,winter-storm,Winter Weather,BX,2005-03-08 14:30:00,2005-03-08 14:30:00,0,ok,0,ok,,missing,,,,,BROADCAST MEDIA,,,,
5444771,E20050308-1186719,1186719,winter-storm,Winter Weather,SI,2005-03-08 15:00:00,2005-03-08 15:00:00,0,ok,0,ok,,missing,,,,,BROADCAST MEDIA,,,,
5442558,E20050301-1186713,1186713,heavy-snow,Heavy Snow,QN,2005-03-01 06:30:00,2005-03-01 06:30:00,0,ok,0,ok,,missing,,,,,TRAINED SPOTTER,,,,
5443452,E20050402-1187241,1187241,heavy-rain,Heavy Rain,BX,2005-04-02 10:00:00,2005-04-02 10:00:00,0,ok,0,ok,,missing,,,,,"AWOS,ASOS,MESONET,ETC",,,,
5443519,E20050402-1187241,1187241,heavy-rain,Heavy Rain,MN,2005-04-02 10:00:00,2005-04-02 10:00:00,0,ok,0,ok,,missing,,,,,"AWOS,ASOS,MESONET,ETC",,,,
5443520,E20050402-1187241,1187241,heavy-rain,Heavy Rain,SI,2005-04-02 09:00:00,2005-04-02 09:00:00,0,ok,0,ok,,missing,,,,,"AWOS,ASOS,MESONET,ETC",,,,
5443521,E20050402-1187241,1187241,heavy-rain,Heavy Rain,BK,2005-04-02 09:00:00,2005-04-02 09:00:00,0,ok,0,ok,,missing,,,,,"AWOS,ASOS,MESONET,ETC",,,,
5443522,E20050402-1187241,1187241,heavy-rain,Heavy Rain,QN,2005-04-02 09:00:00,2005-04-02 09:00:00,0,ok,0,ok,,missing,,,,,"AWOS,ASOS,MESONET,ETC",,,,
5443525,E20050402-1187242,1187242,high-winds,High Wind,QN,2005-04-02 19:36:00,2005-04-02 19:36:00,0,ok,0,ok,,missing,50,MG,,,"AWOS,ASOS,MESONET,ETC",,,,
5450021,E20050528-1189485,1189485,thunderstorm,Thunderstorm Wind,QN,2005-05-28 17:30:00,2005-05-28 17:30:00,0,ok,0,ok,,missing,50,EG,,,EMERGENCY MANAGER,40.7,-73.85,,
5450022,E20050528-1189486,1189486,thunderstorm,Marine Thunderstorm Wind,HARBOR,2005-05-28 17:00:00,2005-05-28 17:00:00,0,ok,0,ok,,missing,38,MG,,,"AWOS,ASOS,MESONET,ETC",40.78333,-73.78333,,
5456645,E20050622-1191051,1191051,thunderstorm,Thunderstorm Wind,SI,2005-06-22 14:45:00,2005-06-22 14:45:00,0,ok,0,ok,,missing,61,MG,,,TRAINED SPOTTER,40.55,-74.2,,
5456698,E20050622-1191055,1191055,thunderstorm,Marine Thunderstorm Wind,HARBOR,2005-06-22 14:36:00,2005-06-22 14:36:00,0,ok,0,ok,,missing,36,MG,,,BUOY,40.63333,-74.15,,36 KT thunderstorm gust observed by the Bayonne Bridge NOS station.
5456633,E20050605-1191045,1191045,coastal-hazard,Rip Current,BK,2005-06-05 17:30:00,2005-06-05 17:30:00,2,ok,0,ok,,missing,,,,,LAW ENFORCEMENT,,,,"Two swimmers, 16 and 40 years of age, drown as they were caught in a rip current at the beach off 93rd street in the Rockaways. Two others escaped without injury. Weather conditions included south winds at 10 to 15 MPH at the time, with no long period swells reported."
5463760,E20050706-1195421,1195421,flash-flooding,Flash Flood,BK,2005-07-06 18:30:00,2005-07-06 18:40:00,0,ok,0,ok,,missing,,,,,NEWSPAPER,40.65,-73.96667,,Strong thunderstorms containing torrential downpours caused flash flooding of streets and businesses. Flash flood waters submerged 9th street between 2nd and 3rd avenues with between 3 and 5 feet of water in a very short period of time.
5463762,E20050709-1195422,1195422,thunderstorm,Marine Thunderstorm Wind,HARBOR,2005-07-09 14:33:00,2005-07-09 14:33:00,0,ok,0,ok,,missing,42,MG,,,"AWOS,ASOS,MESONET,ETC",40.78333,-73.78333,,Measured gusts of 47.8 and 43.0 MPH at two AWS stations on the Southerwesternmost end of Brooklyn. A gust to 36 kt was also measured at Robbins Reef.
5472756,E20050814-1197526,1197526,thunderstorm,Marine Thunderstorm Wind,HARBOR,2005-08-14 18:00:00,2005-08-14 18:00:00,0,ok,0,ok,,missing,38,MG,,,"AWOS,ASOS,MESONET,ETC",40.78333,-73.78333,,
5472757,E20050804-1197527,1197527,thunderstorm,Thunderstorm Wind,MN,2005-08-04 14:13:00,2005-08-04 14:13:00,0,ok,0,ok,,missing,50,EG,,,"AWOS,ASOS,MESONET,ETC",40.8,-73.93333,,Harlem AWS site reported a wind gust of 55 mph. Large branches reported down.
5472758,E20050804-1197527,1197527,thunderstorm,Thunderstorm Wind,BX,2005-08-04 14:25:00,2005-08-04 14:25:00,0,ok,0,ok,,missing,50,EG,,,EMERGENCY MANAGER,40.81667,-73.91667,,"Numerous trees down, some of which fell on cars."
5472663,E20050814-1197524,1197524,thunderstorm,Thunderstorm Wind,QN,2005-08-14 15:45:00,2005-08-14 15:45:00,0,ok,0,ok,,missing,51,MG,,,TRAINED SPOTTER,40.73333,-73.93333,,
5472664,E20050814-1197524,1197524,thunderstorm,Thunderstorm Wind,BK,2005-08-14 15:38:00,2005-08-14 15:38:00,0,ok,0,ok,,missing,50,EG,,,LAW ENFORCEMENT,40.65,-73.93333,,Trees down.
5467757,E20050727-1195432,1195432,thunderstorm,Marine Thunderstorm Wind,HARBOR,2005-07-27 17:00:00,2005-07-27 17:00:00,0,ok,0,ok,,missing,39,MG,,,"AWOS,ASOS,MESONET,ETC",40.78333,-73.78333,,A line of thunderstorms entered New York Harbor and produced wind gusts around 45 MPH.
5481971,E20051025-1201195,1201195,high-winds,Strong Wind,BX,2005-10-25 07:10:00,2005-10-25 07:10:00,0,ok,0,ok,2000,ok,42,EG,,,EMERGENCY MANAGER,,,,
5481973,E20051025-1201195,1201195,high-winds,Strong Wind,SI,2005-10-25 07:10:00,2005-10-25 07:10:00,0,ok,0,ok,3000,ok,42,EG,,,EMERGENCY MANAGER,,,,
5481966,E20051016-1201192,1201192,high-winds,Strong Wind,BK,2005-10-16 13:18:00,2005-10-16 14:46:00,0,ok,0,ok,5000,ok,40,EG,,,EMERGENCY MANAGER,,,,
5481960,E20051014-1201191,1201191,flash-flooding,Flash Flood,BK,2005-10-14 16:00:00,2005-10-14 17:00:00,0,ok,0,ok,,missing,,,,,TRAINED SPOTTER,40.65,-73.96667,,
5481961,E20051014-1201191,1201191,flash-flooding,Flash Flood,QN,2005-10-14 16:00:00,2005-10-14 17:00:00,0,ok,0,ok,,missing,,,,,TRAINED SPOTTER,40.7,-73.85,,
5481732,E20051012-1201190,1201190,inland-flooding,Flood,QN,2005-10-12 10:53:00,2005-10-12 16:53:00,0,ok,0,ok,,missing,,,,,EMERGENCY MANAGER,,,,
5481733,E20051012-1201190,1201190,inland-flooding,Flood,BX,2005-10-12 13:09:00,2005-10-12 19:09:00,0,ok,0,ok,,missing,,,,,BROADCAST MEDIA,43.25,-78.23333,,
5481734,E20051012-1201190,1201190,inland-flooding,Flood,SI,2005-10-12 13:09:00,2005-10-12 19:09:00,0,ok,0,ok,,missing,,,,,BROADCAST MEDIA,,,,
5481972,E20051025-1201195,1201195,high-winds,Strong Wind,MN,2005-10-25 07:10:00,2005-10-25 07:10:00,0,ok,0,ok,2000,ok,42,EG,,,EMERGENCY MANAGER,,,,
5481679,E20051124-1201204,1201204,high-winds,Strong Wind,MN,2005-11-24 11:30:00,2005-11-24 11:30:00,0,ok,2,ok,,missing,35,EG,,,EMERGENCY MANAGER,,,,
5481974,E20051025-1201195,1201195,high-winds,Strong Wind,BK,2005-10-25 07:10:00,2005-10-25 07:10:00,0,ok,0,ok,10000,ok,42,EG,,,EMERGENCY MANAGER,,,,
5481949,E20051012-1201190,1201190,inland-flooding,Flood,BK,2005-10-12 13:09:00,2005-10-12 19:09:00,0,ok,0,ok,,missing,,,,,BROADCAST MEDIA,43.41667,-76.13333,,
5481965,E20051016-1201192,1201192,high-winds,Strong Wind,SI,2005-10-16 13:39:00,2005-10-16 14:10:00,0,ok,0,ok,5000,ok,40,EG,,,EMERGENCY MANAGER,,,,
5481964,E20051016-1201192,1201192,high-winds,Strong Wind,MN,2005-10-16 12:30:00,2005-10-16 12:30:00,0,ok,0,ok,1000,ok,31,MG,,,EMERGENCY MANAGER,,,,
5481975,E20051025-1201195,1201195,high-winds,Strong Wind,QN,2005-10-25 07:10:00,2005-10-25 07:10:00,0,ok,0,ok,17000,ok,42,MG,,,EMERGENCY MANAGER,,,,
5481978,E20051012-1201198,1201198,coastal-flooding,Storm Surge/Tide,QN,2005-10-12 14:00:00,2005-10-12 16:00:00,0,ok,0,ok,,missing,,,,,COASTAL OBSERVING STATION,,,,
5482769,E20051209-1202599,1202599,heavy-snow,Heavy Snow,BX,2005-12-09 09:30:00,2005-12-09 09:30:00,0,ok,0,ok,,missing,,,,,TRAINED SPOTTER,,,,
5481963,E20051016-1201192,1201192,high-winds,Strong Wind,QN,2005-10-16 11:30:00,2005-10-16 15:10:00,0,ok,0,ok,5000,ok,40,MG,,,EMERGENCY MANAGER,,,,
5482768,E20051209-1202599,1202599,heavy-snow,Heavy Snow,MN,2005-12-09 09:00:00,2005-12-09 09:00:00,0,ok,0,ok,,missing,,,,,TRAINED SPOTTER,,,,
5481707,E20051008-1201184,1201184,inland-flooding,Flood,BK,2005-10-08 09:00:00,2005-10-08 15:00:00,0,ok,0,ok,,missing,,,,,TRAINED SPOTTER,43.41667,-76.13333,,
5481708,E20051008-1201184,1201184,inland-flooding,Flood,QN,2005-10-08 09:00:00,2005-10-08 15:00:00,0,ok,0,ok,,missing,,,,,TRAINED SPOTTER,,,,
5481704,E20051008-1201184,1201184,inland-flooding,Flood,BX,2005-10-08 09:00:00,2005-10-08 15:00:00,0,ok,0,ok,,missing,,,,,TRAINED SPOTTER,43.25,-78.23333,,
5481705,E20051008-1201184,1201184,inland-flooding,Flood,MN,2005-10-08 09:00:00,2005-10-08 15:00:00,0,ok,0,ok,,missing,,,,,TRAINED SPOTTER,,,,
5481706,E20051008-1201184,1201184,inland-flooding,Flood,SI,2005-10-08 09:00:00,2005-10-08 15:00:00,0,ok,0,ok,,missing,,,,,TRAINED SPOTTER,,,,
5481950,E20051012-1201190,1201190,inland-flooding,Flood,MN,2005-10-12 14:49:00,2005-10-12 20:49:00,0,ok,0,ok,,missing,,,,,BROADCAST MEDIA,,,,
5487219,E20060118-1203762,1203762,high-winds,High Wind,MN,2006-01-18 07:35:00,2006-01-18 07:35:00,0,ok,0,ok,,missing,50,EG,,,EMERGENCY MANAGER,,,,
5487205,E20060115-1203758,1203758,high-winds,High Wind,QN,2006-01-15 12:35:00,2006-01-15 12:35:00,0,ok,1,ok,,missing,55,MG,,,"AWOS,ASOS,MESONET,ETC",,,,Tree and live wires down on car.
5491425,E20060212-1204309,1204309,heavy-snow,Heavy Snow,SI,2006-02-12 05:00:00,2006-02-12 05:00:00,0,ok,0,ok,,missing,,,,,TRAINED SPOTTER,,,,
5491423,E20060212-1204309,1204309,heavy-snow,Heavy Snow,MN,2006-02-12 05:00:00,2006-02-12 05:00:00,0,ok,0,ok,,missing,,,,,GENERAL PUBLIC,,,,
5491701,E20060217-1204312,1204312,high-winds,High Wind,SI,2006-02-17 11:48:00,2006-02-17 11:48:00,0,ok,0,ok,,missing,53,MG,,,"AWOS,ASOS,MESONET,ETC",,,,
5491702,E20060217-1204312,1204312,high-winds,High Wind,BK,2006-02-17 11:48:00,2006-02-17 11:48:00,0,ok,0,ok,,missing,51,MG,,,"AWOS,ASOS,MESONET,ETC",,,,
5491424,E20060212-1204309,1204309,heavy-snow,Heavy Snow,BX,2006-02-12 05:00:00,2006-02-12 05:00:00,0,ok,0,ok,,missing,,,,,TRAINED SPOTTER,,,,
5491703,E20060217-1204312,1204312,high-winds,High Wind,QN,2006-02-17 11:36:00,2006-02-17 11:36:00,0,ok,0,ok,,missing,50,EG,,,TRAINED SPOTTER,,,,
5487223,E20060118-1203763,1203763,high-winds,High Wind,QN,2006-01-18 07:35:00,2006-01-18 07:35:00,0,ok,0,ok,,missing,50,EG,,,EMERGENCY MANAGER,,,,
5487222,E20060118-1203763,1203763,high-winds,High Wind,BK,2006-01-18 07:30:00,2006-01-18 07:30:00,0,ok,0,ok,,missing,50,EG,,,EMERGENCY MANAGER,,,,
5487220,E20060118-1203762,1203762,high-winds,High Wind,BX,2006-01-18 07:35:00,2006-01-18 07:35:00,0,ok,0,ok,,missing,59,MG,,,"AWOS,ASOS,MESONET,ETC",,,,
5487221,E20060118-1203762,1203762,high-winds,High Wind,SI,2006-01-18 07:30:00,2006-01-18 07:30:00,0,ok,0,ok,,missing,50,EG,,,EMERGENCY MANAGER,,,,
5491426,E20060212-1204309,1204309,heavy-snow,Heavy Snow,BK,2006-02-12 05:00:00,2006-02-12 05:00:00,0,ok,0,ok,,missing,,,,,TRAINED SPOTTER,,,,
5491427,E20060212-1204309,1204309,heavy-snow,Heavy Snow,QN,2006-02-12 06:00:00,2006-02-12 06:00:00,0,ok,0,ok,,missing,,,,,TRAINED SPOTTER,,,,
5515017,E20060601-1212709,1212709,thunderstorm,Lightning,SI,2006-06-01 20:00:00,2006-06-01 20:00:00,0,ok,0,ok,,missing,,,,,NEWSPAPER,,,,"Lightning struck a police car, narrowly missing a police officer standing in front of the North Shore's 120th precinct station house."
5515023,E20060602-1212711,1212711,flash-flooding,Flash Flood,QN,2006-06-02 15:30:00,2006-06-02 16:00:00,0,ok,0,ok,,missing,,,,,EMERGENCY MANAGER,,,,Heavy rainfall caused flash flooding of roadways.
5515021,E20060602-1212711,1212711,flash-flooding,Flash Flood,SI,2006-06-02 16:00:00,2006-06-02 17:00:00,0,ok,0,ok,,missing,,,,,NEWSPAPER,,,,Rainfall falling at the rate of nearly two inches per hour caused flash flooding of streets across Staten Island. Hylan Blvd was affected the worst with at least a foot of water being observed flowing swiftly down the street.
5515022,E20060602-1212711,1212711,flash-flooding,Flash Flood,MN,2006-06-02 15:30:00,2006-06-02 16:30:00,0,ok,0,ok,,missing,,,,,EMERGENCY MANAGER,,,,"Flash flooding occurred on the FDR, causing it to be closed."
5515082,E20060629-1212716,1212716,thunderstorm,Thunderstorm Wind,SI,2006-06-29 17:45:00,2006-06-29 17:50:00,0,ok,0,ok,,missing,50,EG,,,LAW ENFORCEMENT,40.5,-74.23333,,Trees and power lines downed.
5515083,E20060629-1212716,1212716,flash-flooding,Flash Flood,SI,2006-06-29 18:00:00,2006-06-29 19:00:00,0,ok,0,ok,,missing,,,,,LAW ENFORCEMENT,,,,Flash flooding of roads submerged vehicles. A few houses were surrounded by 5 feet of water.
5515012,E20060601-1212708,1212708,flash-flooding,Flash Flood,SI,2006-06-01 19:00:00,2006-06-01 20:00:00,0,ok,0,ok,,missing,,,,,EMERGENCY MANAGER,,,,Flash flooding on the West Shore Expressway.
5515084,E20060629-1212716,1212716,flash-flooding,Flash Flood,MN,2006-06-29 18:30:00,2006-06-29 19:00:00,0,ok,0,ok,,missing,,,,,LAW ENFORCEMENT,,,,Major flash flooding on FDR Drive.
5515085,E20060629-1212716,1212716,hail,Hail,QN,2006-06-29 18:45:00,2006-06-29 18:45:00,0,ok,0,ok,,missing,0.88,,,,TRAINED SPOTTER,40.75,-73.78333,,
5515086,E20060629-1212716,1212716,hail,Hail,SI,2006-06-29 17:45:00,2006-06-29 17:50:00,0,ok,0,ok,,missing,0.88,,,,TRAINED SPOTTER,40.5,-74.23333,,Penny to nickel size hail was observed.
5515087,E20060629-1212717,1212717,thunderstorm,Lightning,BX,2006-06-29 18:15:00,2006-06-29 18:15:00,0,ok,1,ok,,missing,,,,,LAW ENFORCEMENT,,,,Lightning stuck a person at Crotona Park pool. Extent of injuries unknown.
5515090,E20060629-1212719,1212719,thunderstorm,Marine Thunderstorm Wind,HARBOR,2006-06-29 17:55:00,2006-06-29 17:55:00,0,ok,0,ok,,missing,35,MG,,,BUOY,,,,
5506696,E20060519-1209568,1209568,tornado,Waterspout,HARBOR,2006-05-19 09:30:00,2006-05-19 09:33:00,0,ok,0,ok,,missing,,,,,LAW ENFORCEMENT,,,,A funnel cloud briefly touched down as a waterspout over Newark Bay in a very moist and unstable environment conducive for thunderstorms.
5506705,E20060529-1209572,1209572,thunderstorm,Thunderstorm Wind,BK,2006-05-29 18:15:00,2006-05-29 18:15:00,0,ok,0,ok,,missing,50,EG,,,LAW ENFORCEMENT,40.65,-73.93333,,Trees downed in Flatbush and Bensonhurst.
5525900,E20060721-1218217,1218217,flash-flooding,Flash Flood,MN,2006-07-21 16:35:00,2006-07-21 16:44:00,0,ok,0,ok,,missing,,,,,BROADCAST MEDIA,,,,
5525899,E20060721-1218217,1218217,thunderstorm,Lightning,MN,2006-07-21 14:10:00,2006-07-21 14:10:00,0,ok,1,ok,,missing,,,,,EMERGENCY MANAGER,,,,
5525909,E20060702-1218220,1218220,thunderstorm,Marine Thunderstorm Wind,HARBOR,2006-07-02 18:25:00,2006-07-02 18:25:00,0,ok,0,ok,,missing,37,MG,,,"AWOS,ASOS,MESONET,ETC",,,,
5526004,E20060712-1218230,1218230,thunderstorm,Thunderstorm Wind,QN,2006-07-12 16:45:00,2006-07-12 16:45:00,0,ok,0,ok,,missing,50,EG,,,EMERGENCY MANAGER,40.7,-73.85,,
5526003,E20060712-1218230,1218230,thunderstorm,Thunderstorm Wind,BK,2006-07-12 16:15:00,2006-07-12 16:15:00,0,ok,0,ok,,missing,50,EG,,,EMERGENCY MANAGER,40.65,-73.93333,,
5525888,E20060727-1218215,1218215,thunderstorm,Lightning,SI,2006-07-27 20:15:00,2006-07-27 20:15:00,0,ok,0,ok,,missing,,,,,GENERAL PUBLIC,,,,
5526006,E20060712-1218230,1218230,thunderstorm,Thunderstorm Wind,MN,2006-07-12 22:00:00,2006-07-12 22:00:00,0,ok,0,ok,,missing,50,EG,,,EMERGENCY MANAGER,40.73333,-74.0,,
5526007,E20060712-1218230,1218230,thunderstorm,Thunderstorm Wind,QN,2006-07-12 22:05:00,2006-07-12 22:05:00,0,ok,0,ok,,missing,52,EG,,,TRAINED SPOTTER,40.71667,-73.78333,,
5526011,E20060712-1218230,1218230,flash-flooding,Flash Flood,MN,2006-07-12 16:20:00,2006-07-12 16:35:00,0,ok,0,ok,,missing,,,,,TRAINED SPOTTER,,,,
5525895,E20060721-1218217,1218217,flash-flooding,Flash Flood,BK,2006-07-21 16:36:00,2006-07-21 16:51:00,0,ok,0,ok,,missing,,,,,BROADCAST MEDIA,,,,
5525896,E20060721-1218217,1218217,flash-flooding,Flash Flood,QN,2006-07-21 16:10:00,2006-07-21 16:49:00,0,ok,0,ok,,missing,,,,,BROADCAST MEDIA,,,,
5526018,E20060712-1218233,1218233,thunderstorm,Marine Thunderstorm Wind,HARBOR,2006-07-12 21:45:00,2006-07-12 21:45:00,0,ok,0,ok,,missing,38,MG,,,BUOY,,,,
5526002,E20060712-1218230,1218230,thunderstorm,Thunderstorm Wind,SI,2006-07-12 16:12:00,2006-07-12 16:12:00,0,ok,0,ok,,missing,50,EG,,,EMERGENCY MANAGER,40.58333,-74.15,,
5525804,E20060728-1218212,1218212,thunderstorm,Thunderstorm Wind,BK,2006-07-28 15:25:00,2006-07-28 15:25:00,0,ok,0,ok,,missing,52,EG,,,EMERGENCY MANAGER,40.65,-73.93333,,
5525812,E20060728-1218214,1218214,thunderstorm,Marine Thunderstorm Wind,HARBOR,2006-07-28 15:18:00,2006-07-28 15:18:00,0,ok,0,ok,,missing,41,MG,,,"AWOS,ASOS,MESONET,ETC",,,,
5525893,E20060721-1218217,1218217,thunderstorm,Thunderstorm Wind,BK,2006-07-21 15:50:00,2006-07-21 15:50:00,0,ok,0,ok,,missing,52,EG,,,EMERGENCY MANAGER,40.65,-73.93333,,
5525894,E20060721-1218217,1218217,flash-flooding,Flash Flood,SI,2006-07-21 16:12:00,2006-07-21 16:27:00,0,ok,0,ok,,missing,,,,,BROADCAST MEDIA,,,,
5525892,E20060721-1218217,1218217,thunderstorm,Thunderstorm Wind,SI,2006-07-21 15:35:00,2006-07-21 15:35:00,0,ok,0,ok,,missing,52,EG,,,TRAINED SPOTTER,40.53,-74.25,,
5525797,E20060704-1218210,1218210,thunderstorm,Thunderstorm Wind,BK,2006-07-04 15:28:00,2006-07-04 15:28:00,0,ok,0,ok,,missing,50,EG,,,LAW ENFORCEMENT,,,,
5525798,E20060704-1218210,1218210,thunderstorm,Thunderstorm Wind,QN,2006-07-04 15:41:00,2006-07-04 15:41:00,0,ok,0,ok,,missing,50,EG,,,LAW ENFORCEMENT,40.67,-74.03333,,"As a line of severe thunderstorms moved east across the area, it produced high winds that downed trees in Flatbush and Ozone Park."
5525802,E20060728-1218212,1218212,thunderstorm,Thunderstorm Wind,QN,2006-07-28 15:13:00,2006-07-28 15:13:00,0,ok,0,ok,,missing,52,EG,,,AMATEUR RADIO,40.71667,-73.68333,,
5525987,E20060704-1218223,1218223,thunderstorm,Marine Thunderstorm Wind,HARBOR,2006-07-04 15:30:00,2006-07-04 15:30:00,0,ok,0,ok,,missing,38,MG,,,COASTAL OBSERVING STATION,,,,
5525803,E20060728-1218212,1218212,thunderstorm,Thunderstorm Wind,SI,2006-07-28 15:18:00,2006-07-28 15:18:00,0,ok,0,ok,,missing,52,EG,,,EMERGENCY MANAGER,40.5,-74.23333,,
5531731,E20060825-1220635,1220635,flash-flooding,Flash Flood,QN,2006-08-25 10:25:00,2006-08-25 10:40:00,0,ok,0,ok,,missing,,,,,TRAINED SPOTTER,,,,
5531724,E20060810-1220630,1220630,flash-flooding,Flash Flood,MN,2006-08-10 19:00:00,2006-08-10 19:30:00,0,ok,0,ok,,missing,,,,,BROADCAST MEDIA,,,,
5531725,E20060810-1220630,1220630,flash-flooding,Flash Flood,QN,2006-08-10 19:00:00,2006-08-10 19:30:00,0,ok,0,ok,,missing,,,,,BROADCAST MEDIA,,,,
5531730,E20060825-1220635,1220635,flash-flooding,Flash Flood,BX,2006-08-25 10:17:00,2006-08-25 10:32:00,0,ok,0,ok,,missing,,,,,EMERGENCY MANAGER,,,,
5531646,E20060801-1220620,1220620,extreme-heat,Heat,BX,2006-08-01 11:00:00,2006-08-03 17:00:00,3,ok,0,ok,,missing,,,,,"AWOS,ASOS,MESONET,ETC",,,,
5531648,E20060801-1220620,1220620,extreme-heat,Heat,SI,2006-08-01 11:00:00,2006-08-03 17:00:00,0,ok,0,ok,,missing,,,,,"AWOS,ASOS,MESONET,ETC",,,,
5531680,E20060810-1220628,1220628,thunderstorm,Thunderstorm Wind,SI,2006-08-10 15:40:00,2006-08-10 15:40:00,0,ok,0,ok,,missing,50,EG,,,EMERGENCY MANAGER,40.58333,-74.13333,,
5531647,E20060801-1220620,1220620,extreme-heat,Heat,MN,2006-08-01 11:00:00,2006-08-03 17:00:00,9,ok,0,ok,,missing,,,,,"AWOS,ASOS,MESONET,ETC",,,,
5531649,E20060801-1220620,1220620,extreme-heat,Heat,BK,2006-08-01 11:00:00,2006-08-03 17:00:00,14,ok,0,ok,,missing,,,,,"AWOS,ASOS,MESONET,ETC",,,,
5531650,E20060801-1220620,1220620,extreme-heat,Heat,QN,2006-08-01 11:00:00,2006-08-03 17:00:00,14,ok,0,ok,,missing,,,,,"AWOS,ASOS,MESONET,ETC",,,,
5534567,E20060902-1221076,1221076,heavy-rain,Heavy Rain,BK,2006-09-02 09:00:00,2006-09-02 21:00:00,0,ok,0,ok,,missing,,,,,COOP STATION,,,,
5534568,E20060902-1221076,1221076,heavy-rain,Heavy Rain,QN,2006-09-02 09:00:00,2006-09-02 21:00:00,0,ok,0,ok,,missing,,,,,COOP STATION,,,,
5534569,E20060902-1221076,1221076,heavy-rain,Heavy Rain,SI,2006-09-02 09:00:00,2006-09-02 21:00:00,0,ok,0,ok,,missing,,,,,COOP STATION,,,,
5534664,E20060929-1221080,1221080,thunderstorm,Thunderstorm Wind,QN,2006-09-29 00:15:00,2006-09-29 00:15:00,0,ok,0,ok,,missing,50,EG,,,NEWSPAPER,40.7,-73.81667,,
5525898,E20060721-1218217,1218217,thunderstorm,Lightning,QN,2006-07-21 09:06:00,2006-07-21 09:06:00,0,ok,1,ok,,missing,,,,,EMERGENCY MANAGER,,,,
3914,E20061028-899,899,flash-flooding,Flash Flood,BX,2006-10-28 12:50:00,2006-10-28 13:05:00,0,ok,0,ok,0,ok,,,Heavy Rain,,Broadcast Media,40.83,-73.9,,Heavy rain produced flash flooding along portions of the Bronx River Parkway and Bruckner Expressway in East Tremont.
5039,E20061108-1128,1128,flash-flooding,Flash Flood,SI,2006-11-08 14:00:00,2006-11-08 18:00:00,0,ok,0,ok,0,ok,,,Heavy Rain,,Newspaper,40.5,-74.23,,Heavy rain flooded multiple basements and closed numerous streets.  Staten Island Railroad service was suspended as well due to flash flooding across tracks.
3904,E20061020-896,896,high-winds,High Wind,SI,2006-10-20 13:30:00,2006-10-20 13:42:00,0,ok,0,ok,0,ok,50.00,EG,,,Emergency Manager,,,,
14171,E20070120-2750,2750,high-winds,Strong Wind,MN,2007-01-20 09:00:00,2007-01-20 16:00:00,0,ok,1,ok,0,ok,41.00,MG,,,Emergency Manager,,,,Strong northwest winds resulted in 1 injury in Midtown Manhattan.  Metal blew off a construction scaffold and injured a pedestrian near the intersection of 1st Avenue and East 82nd Street.  Glass blew off a building under construction near the intersection of West 40th and 8th Avenues.  A 20 by 10 foot billboard blew down into a parking lot near Remsen and Ave A in Brooklyn.
37235,E20070516-6419,6419,thunderstorm,Marine Thunderstorm Wind,HARBOR,2007-05-17 15:00:00,2007-05-17 15:00:00,0,ok,0,ok,0,ok,63.00,MG,,,C-MAN Station,40.78,-73.78,,Robbin's Reef C-MAN Station measured 49kt Sustained with a gust to 63 kt.
37555,E20070520-6462,6462,thunderstorm,Marine Thunderstorm Wind,HARBOR,2007-05-20 16:50:00,2007-05-20 16:50:00,0,ok,0,ok,0,ok,34.00,MG,,,C-MAN Station,40.47,-74.02,,Measured wind gust of 34 kt at Sandy Hook.
50027,E20070711-8750,8750,flash-flooding,Flash Flood,MN,2007-07-11 17:10:00,2007-07-11 17:45:00,0,ok,0,ok,0,ok,,,Heavy Rain,,Broadcast Media,40.7102,-74.0108,,Flooding on West Side Highway.
42680,E20070621-7433,7433,thunderstorm,Marine Thunderstorm Wind,HARBOR,2007-06-21 17:56:00,2007-06-21 17:56:00,0,ok,0,ok,0,ok,35.00,MG,,,Buoy,40.5211,-73.9528,,
42686,E20070621-7433,7433,thunderstorm,Marine Thunderstorm Wind,HARBOR,2007-06-21 17:30:00,2007-06-21 17:30:00,0,ok,0,ok,0,ok,45.00,MG,,,Buoy,40.78,-73.78,,
58888,E20070808-10350,10350,thunderstorm,Marine Thunderstorm Wind,HARBOR,2007-08-08 05:32:00,2007-08-08 05:32:00,0,ok,0,ok,0,ok,36.00,MG,,,Mesonet,40.78,-73.7227,,"The weather station at Intermediate School 30 (Mary White Ovington) measured a peak gust of 42 mph, which is about 1 mile north of Bay Ridge, NY."
37236,E20070516-6419,6419,thunderstorm,Marine Thunderstorm Wind,HARBOR,2007-05-16 15:18:00,2007-05-16 15:18:00,0,ok,0,ok,0,ok,35.00,MG,,,Buoy,40.47,-74.02,,A wind gust to 35 kt was measured at the Sandy Hook NOS-Tide Gage.
19116,E20070204-2751,2751,extreme-cold,Extreme Cold/Wind Chill,BX,2007-02-04 00:00:00,2007-02-08 23:59:00,3,ok,0,ok,0,ok,,,,,Emergency Manager,,,,
18861,E20070213-3273,3273,winter-storm,Winter Storm,QN,2007-02-13 19:00:00,2007-02-14 17:00:00,0,ok,0,ok,0,ok,,,,,Trained Spotter,,,,"Light snow began during the late evening on Tuesday Feb. 13, then mixed with sleet during the early morning hours. A moderate to heavy sleet developed Wednesday morning, Feb. 14, and continued into the early afternoon before ending as some light snow. The accumulation of 2 to 4 inches of sleet caused major mass transit problems along with severe delays at the major airports."
18858,E20070213-3273,3273,winter-storm,Winter Storm,QN,2007-02-13 19:00:00,2007-02-14 16:00:00,0,ok,0,ok,0,ok,,,,,Trained Spotter,,,,"Light snow began during the late evening on Tuesday Feb. 13, then mixed with sleet during the early morning hours. A moderate to heavy sleet developed Wednesday morning, Feb. 14, and continued into the early afternoon before ending as some light snow. The accumulation of 2 to 4 inches of sleet caused major mass transit problems along with severe delays at the major airports."
18860,E20070213-3273,3273,winter-storm,Winter Storm,BK,2007-02-13 19:00:00,2007-02-14 16:00:00,0,ok,0,ok,0,ok,,,,,Trained Spotter,,,,"Light snow began during the late evening on Tuesday Feb. 13, then mixed with sleet during the early morning hours. A moderate to heavy sleet developed Wednesday morning, Feb. 14, and continued into the early afternoon before ending as some light snow. The accumulation of 2 to 4 inches of sleet caused major mass transit problems along with severe delays at the major airports."
18856,E20070213-3273,3273,winter-storm,Winter Storm,MN,2007-02-13 20:00:00,2007-02-14 16:00:00,0,ok,0,ok,0,ok,,,,,Trained Spotter,,,,"Light snow began during the late evening on Tuesday Feb. 13, then mixed with sleet during the early morning hours. A moderate to heavy sleet developed Wednesday morning, Feb. 14, and continued into the early afternoon before ending as some light snow. The accumulation of 2 to 4 inches of sleet caused major mass transit problems along with severe delays at the major airports."
19117,E20070204-2751,2751,extreme-cold,Extreme Cold/Wind Chill,MN,2007-02-04 00:00:00,2007-02-08 23:59:00,1,ok,0,ok,0,ok,,,,,Emergency Manager,,,,
14173,E20070204-2751,2751,extreme-cold,Extreme Cold/Wind Chill,BK,2007-02-04 00:00:00,2007-02-08 23:59:00,3,ok,0,ok,0,ok,,,,,Newspaper,,,,
14175,E20070204-2751,2751,extreme-cold,Extreme Cold/Wind Chill,QN,2007-02-04 00:00:00,2007-02-08 23:59:00,4,ok,0,ok,0,ok,,,,,Newspaper,,,,
18857,E20070213-3273,3273,winter-storm,Winter Storm,BX,2007-02-13 20:00:00,2007-02-14 16:00:00,0,ok,0,ok,0,ok,,,,,Trained Spotter,,,,"Light snow began during the late evening on Tuesday Feb. 13, then mixed with sleet during the early morning hours. A moderate to heavy sleet developed Wednesday morning, Feb. 14, and continued into the early afternoon before ending as some light snow. The accumulation of 2 to 4 inches of sleet caused major mass transit problems along with severe delays at the major airports."
24248,E20070316-4074,4074,winter-storm,Winter Storm,QN,2007-03-16 08:00:00,2007-03-17 10:00:00,0,ok,0,ok,0,ok,,,,,Broadcast Media,,,,
23807,E20070316-4074,4074,winter-storm,Winter Storm,BX,2007-03-16 08:00:00,2007-03-17 09:00:00,0,ok,0,ok,0,ok,,,,,COOP Observer,,,,
24247,E20070316-4074,4074,winter-storm,Winter Storm,BK,2007-03-16 08:00:00,2007-03-17 10:00:00,0,ok,0,ok,0,ok,,,,,Broadcast Media,,,,
23806,E20070316-4074,4074,winter-storm,Winter Storm,MN,2007-03-16 08:00:00,2007-03-17 10:00:00,0,ok,0,ok,0,ok,,,,,Park/Forest Service,,,,
19124,E20070306-3487,3487,extreme-cold,Extreme Cold/Wind Chill,BX,2007-03-06 00:00:00,2007-03-09 23:59:00,1,ok,0,ok,0,ok,,,,,Emergency Manager,,,,
37211,E20070516-6413,6413,thunderstorm,Thunderstorm Wind,SI,2007-05-16 14:58:00,2007-05-16 14:58:00,0,ok,0,ok,0,ok,55.00,EG,,,Trained Spotter,40.63,-74.08,,Trees downed.
37214,E20070516-6413,6413,thunderstorm,Thunderstorm Wind,SI,2007-05-16 14:58:00,2007-05-16 14:58:00,0,ok,0,ok,0,ok,54.00,EG,,,Trained Spotter,40.62,-74.0929,,Trees downed.
29916,E20070427-5136,5136,flash-flooding,Flash Flood,MN,2007-04-27 09:10:00,2007-04-27 09:10:00,0,ok,0,ok,0,ok,,,Heavy Rain,,Broadcast Media,40.78,-73.95,,
29912,E20070427-5136,5136,flash-flooding,Flash Flood,QN,2007-04-27 09:09:00,2007-04-27 10:00:00,0,ok,0,ok,0,ok,,,Heavy Rain,,Broadcast Media,40.7289,-73.82,,
46203,E20070415-8019,8019,coastal-flooding,Coastal Flood,SI,2007-04-15 19:00:00,2007-04-15 20:00:00,0,ok,0,ok,0,ok,,,,,Newspaper,,,,
46202,E20070415-8019,8019,coastal-flooding,Coastal Flood,BX,2007-04-15 22:00:00,2007-04-16 00:00:00,0,ok,0,ok,0,ok,,,,,Newspaper,,,,
46211,E20070415-8019,8019,coastal-flooding,Coastal Flood,BK,2007-04-16 06:45:00,2007-04-16 07:30:00,0,ok,0,ok,0,ok,,,,,Official NWS Observations,,,,
46205,E20070415-8019,8019,coastal-flooding,Coastal Flood,QN,2007-04-15 19:00:00,2007-04-15 19:30:00,0,ok,0,ok,0,ok,,,,,Official NWS Observations,,,,
46204,E20070415-8019,8019,coastal-flooding,Coastal Flood,BK,2007-04-16 06:45:00,2007-04-16 07:30:00,0,ok,0,ok,0,ok,,,,,Official NWS Observations,,,,
43355,E20070604-7548,7548,flash-flooding,Flash Flood,BK,2007-06-04 08:25:00,2007-06-04 08:40:00,0,ok,0,ok,0,ok,,,Heavy Rain,,Broadcast Media,40.65,-73.93,,Flash Flooding on Prospect Expressway (Rt 27) at Fort Hamilton Parkway.
43356,E20070604-7548,7548,flash-flooding,Flash Flood,MN,2007-06-04 09:14:00,2007-06-04 09:29:00,0,ok,0,ok,0,ok,,,Heavy Rain,,Broadcast Media,40.8234,-73.95,,Flash Flooding of Henry Hudson Parkway (RT 9) Southbound after Dyckman St.
43153,E20070627-7501,7501,flash-flooding,Flash Flood,QN,2007-06-27 19:07:00,2007-06-27 21:30:00,0,ok,0,ok,0,ok,,,Heavy Rain,,Broadcast Media,40.75,-73.83,,"Torrential rain also caused flash flooding along I-678 north bound near the Grand Central Parkway in Flushing, and up to 2 feet of water on rail road tracks in Jamaica. Flooding also blocked all lanes on portions of the Jackie Robinson Parkway between the Bronx-Queens Expressway and Van Wyck Expressway."
45275,E20070627-7501,7501,thunderstorm,Thunderstorm Wind,QN,2007-06-27 17:30:00,2007-06-27 17:30:00,0,ok,0,ok,0,ok,55.00,EG,,,Broadcast Media,40.68,-73.77,,"Multiple trees down across Queens from Springfield Gardens to Hollis, including in Jamaica."
45276,E20070627-7501,7501,thunderstorm,Thunderstorm Wind,BX,2007-06-27 17:30:00,2007-06-27 17:30:00,0,ok,0,ok,0,ok,55.00,EG,,,Newspaper,40.83,-73.9,,Large Tree and limbs down on West 231st Street between Palisade and Independence Avenues.
43357,E20070604-7548,7548,flash-flooding,Flash Flood,QN,2007-06-04 09:17:00,2007-06-04 10:56:00,0,ok,0,ok,0,ok,,,Heavy Rain,,Broadcast Media,40.75,-73.83,,All lanes on Jackie Robinson Parkway at Myrtle Avenue closed due to flash flooding.
29911,E20070427-5136,5136,flash-flooding,Flash Flood,BX,2007-04-27 08:23:00,2007-04-27 10:00:00,0,ok,0,ok,0,ok,,,Heavy Rain,,Broadcast Media,40.87,-73.88,,
29576,E20070415-5088,5088,inland-flooding,Flood,BK,2007-04-15 07:25:00,2007-04-15 21:15:00,0,ok,0,ok,0,ok,,,Heavy Rain,,Broadcast Media,40.65,-73.93,,
29581,E20070415-5088,5088,inland-flooding,Flood,MN,2007-04-15 07:25:00,2007-04-15 21:15:00,0,ok,0,ok,0,ok,,,Heavy Rain,,Broadcast Media,40.73,-74.0,,
29587,E20070415-5088,5088,inland-flooding,Flood,QN,2007-04-15 10:26:00,2007-04-15 21:15:00,0,ok,0,ok,0,ok,,,Heavy Rain,,Broadcast Media,40.63,-73.78,,
29757,E20070415-5088,5088,inland-flooding,Flood,BX,2007-04-15 07:25:00,2007-04-15 21:15:00,0,ok,0,ok,0,ok,,,Heavy Rain,,Newspaper,40.83,-73.9,,
29760,E20070415-5088,5088,inland-flooding,Flood,SI,2007-04-15 07:25:00,2007-04-15 21:15:00,0,ok,0,ok,0,ok,,,Heavy Rain,,Newspaper,40.57,-74.17,,
57680,E20070817-10371,10371,thunderstorm,Marine Thunderstorm Wind,HARBOR,2007-08-17 15:50:00,2007-08-17 15:50:00,0,ok,0,ok,0,ok,49.00,MG,,,C-MAN Station,40.5722,-73.8855,,Measured at Ambrose Light.
52209,E20070718-9275,9275,flash-flooding,Flash Flood,QN,2007-07-18 06:45:00,2007-07-18 06:58:00,0,ok,0,ok,0,ok,,,Heavy Rain,,Emergency Manager,40.75,-73.83,,"Flash flooding occurred along portions of the Long Island Expressway at Exit 18, Maurice Avenue and at Northern Blvd. on the Cross Island Parkway."
52217,E20070718-9275,9275,flash-flooding,Flash Flood,BK,2007-07-18 07:05:00,2007-07-18 07:20:00,0,ok,0,ok,0,ok,,,Heavy Rain,,Broadcast Media,40.62,-74.02,,"Flash flooding occurred along portions of the Gowanus Expressway near I-278, Brooklyn Queens Expressway."
52230,E20070718-9275,9275,flash-flooding,Flash Flood,QN,2007-07-18 08:58:00,2007-07-18 10:03:00,0,ok,0,ok,0,ok,,,Heavy Rain,,Emergency Manager,40.7878,-73.7735,,Flash flooding resulted in a road closure at 188th Street along the Long Island Expressway.  The Long Island Railroad Station in Bayside was flooded.  The Cross Island Parkway flooded at the Throgs Neck Bridge.
52231,E20070718-9275,9275,flash-flooding,Flash Flood,BK,2007-07-18 09:04:00,2007-07-18 09:19:00,0,ok,0,ok,0,ok,,,Heavy Rain,,Emergency Manager,40.62,-73.89,,Flash flooding was reported along the east bound portion of the Belt Parkway near the Mill Basin Draw Bridge.
52207,E20070718-9275,9275,flash-flooding,Flash Flood,MN,2007-07-18 06:39:00,2007-07-18 06:54:00,0,ok,0,ok,0,ok,,,Heavy Rain,,Emergency Manager,40.7945,-73.95,,Flash flooding closed portions of the FDR Drive at 106th Street and 78th Street.
60260,E20071011-10901,10901,flash-flooding,Flash Flood,MN,2007-10-11 17:52:00,2007-10-11 19:05:00,0,ok,0,ok,0,ok,,,Heavy Rain,,Broadcast Media,40.787,-73.9722,,Flash flooding was observed on the West Side Highway.
60259,E20071011-10901,10901,flash-flooding,Flash Flood,BX,2007-10-11 17:23:00,2007-10-11 18:23:00,0,ok,0,ok,0,ok,,,Heavy Rain,,Broadcast Media,40.88,-73.88,,Flash flooding was reported on the Henry Hudson Parkway at 232nd Street.
60255,E20071011-10901,10901,flash-flooding,Flash Flood,BK,2007-10-11 17:14:00,2007-10-11 18:52:00,0,ok,0,ok,0,ok,,,Heavy Rain,,Broadcast Media,40.6208,-73.98,,Flash flooding was reported on the Belt Parkway near Bay Parkway in Brooklyn.  Two lanes were blocked on the Belt Parkway westbound from Farmers Blvd. to Flatbush Avenue.  A spotter at Sheepshead Bay measured 1.75 inches of rain.
60256,E20071011-10901,10901,flash-flooding,Flash Flood,QN,2007-10-11 17:19:00,2007-10-11 18:52:00,0,ok,0,ok,0,ok,,,Heavy Rain,,Broadcast Media,40.7411,-73.7883,,"Flash flooding was reported on the Van Wyck Expressway at Jewel Avenue. At least one lane was closed due to flooding on the Grand Central Parkway from the Van Wyck Expressway to the Long Island Expressway. Flooding blocked all lanes on the Grand Central Parkway both eastbound and westbound at Hoyt Avenue.  Flooding occurred on the F transit subway line at Sutphin Blvd.  Flooding also occurred on the Belt Parkway eastbound between JFK Airport and Brookville Blvd, where 2 lanes were closed.||At JFK Airport, 1.71 inches of rain was measured.|"
61116,E20071019-10922,10922,thunderstorm,Thunderstorm Wind,BK,2007-10-19 23:00:00,2007-10-19 23:00:00,0,ok,0,ok,0,ok,50.00,EG,,,Emergency Manager,40.5902,-73.9665,,A severe thunderstorm produced high winds that downed a tree and large limbs.
61123,E20071019-11124,11124,thunderstorm,Marine Thunderstorm Wind,HARBOR,2007-10-19 22:54:00,2007-10-19 22:54:00,0,ok,0,ok,0,ok,39.00,MG,,,Other Federal Agency,40.78,-73.78,,The Robins Reef weather station measured a wind gust to 39 knots.
57520,E20070808-10328,10328,tornado,Tornado,BK,2007-08-08 05:32:00,2007-08-08 05:40:00,0,ok,9,ok,0,ok,,,,EF2,NWS Storm Survey,40.6155,-74.0267,,"This circulation intensified as it moved east across the Verrazano Narrows. The tornado re-developed by the time the circulation moved on shore in Brooklyn. Damage in the form of fallen trees and structural roof damage occurred in Bay Ridge starting in the area from Shore Road between 71st and 78th Streets eastward to Bay Ridge Blvd. This occurred at approximately 6:32 am. The tornado may have briefly lifted and then touched down again on Bay Ridge Avenue between 3rd and 4th Avenues, and continued on an east-northeast path across 68th Street between 3rd and 4th Avenues. Eleven homes in this section had moderate to severe roof damage. The storm continued to move east-northeast into Leif Ericson Park Square, where severe damage to trees occurred. As the tornado lifted, it tore off the roof of the Nissan car dealership at the corner of 66th Street and Fifth Avenue. The tornado returned to the ground farther northeast, with scattered tree damage along 6th avenue. Based on the assessed damage in Bay Ridge, this tornadic damage is classified as EF-2 with estimated wind speeds of 111 to 135 mph.||The tornado returned to the ground as another pocket of significant damage occurred on 58th Street between 5th and 6th Avenues. The roof was ripped off of 5 homes, and tree damage indicated strong EF-1 damage.||The tornado then headed east, and touched down for at least the fourth, but final time, in Kensington just east of the intersection of Church Avenue and Beverly Road at approximately 6:40 am. Numerous trees, approximately 30, were uprooted along Ocean Parkway as the tornado moved east. The tornado produced significant damage to trees and structures in the area with East 8th and 7th Streets being hit hard. Damage was reported as far east as Argyle Road. The tornado was on the ground for approximately 1/2 mile in this area before it lifted.|"
57544,E20070808-10328,10328,flash-flooding,Flash Flood,MN,2007-08-08 05:43:00,2007-08-08 07:30:00,0,ok,0,ok,0,ok,,,Heavy Rain,,Emergency Manager,40.78,-73.9309,,Torrenial rain resulted in widespread flash flooding.  Lane closures were reported on FDR Drive between 63rd and 78th streets at 6:43 am.  Flooding was reported on Harlem River Drive near 145th Street at 6:46 am.
57556,E20070808-10328,10328,flash-flooding,Flash Flood,QN,2007-08-08 05:59:00,2007-08-08 07:30:00,0,ok,0,ok,0,ok,,,Heavy Rain,,Emergency Manager,40.72,-73.8,,Widespread significant flash flooding occurred at many locations throughout Queens.||Severe flooding was reported on the Grand Central Parkway (GCP) at Jackie Robinson Parkway at 6:59 am.  It was also reported on the GCP at the entrance to the Triborough Bridge at 7:05 am.  Severe flooding occurred on the Belt Parkway along 225th Street at 7:36 am and on the Cross Island Parkway near the Throgs Neck Bridge at 7:39 am.
58387,E20070804-10503,10503,thunderstorm,Marine Thunderstorm Wind,HARBOR,2007-08-04 01:46:00,2007-08-04 01:46:00,0,ok,0,ok,0,ok,39.00,MG,,,Mesonet,40.57,-74.18,,A weather station at 75 Frank D Paulo in Annadale measured a wind gust to 39 knots.
57542,E20070808-10328,10328,flash-flooding,Flash Flood,BK,2007-08-08 05:43:00,2007-08-08 07:30:00,0,ok,0,ok,0,ok,,,Heavy Rain,,Emergency Manager,40.6895,-73.9516,,Flooding on the Brooklyn-Queens Expressway closing multiple lanes.
57566,E20070808-10328,10328,flash-flooding,Flash Flood,BX,2007-08-08 07:28:00,2007-08-08 07:30:00,0,ok,0,ok,0,ok,,,Heavy Rain,,Emergency Manager,40.8977,-73.8534,,Flooding closed the Bronx River Parkway at 233rd Street.
57570,E20070808-10328,10328,heavy-rain,Heavy Rain,SI,2007-08-08 04:49:00,2007-08-08 04:49:00,0,ok,0,ok,0,ok,,,,,Emergency Manager,40.61,-74.13,,Heavy rain and ponding of water caused driver to pull over on the Staten Island Expressway at Bradley Avenue. The vehicle was rear ended.
57491,E20070808-10328,10328,tornado,Tornado,SI,2007-08-08 05:22:00,2007-08-08 05:30:00,0,ok,0,ok,0,ok,,,,EF1,NWS Storm Survey,40.627,-74.1078,,"The first tornado touchdown was in Staten Island at approximately |6:22 am in the vicinity of St. Austins Place in the Livingston-Randall Manor area. The tornado moved east, with additional damage occurring in the Tompkinsville area. Most of the damage in Staten Island was to trees, and estimated at EF-1 on the Enhanced Fujita Scale, with winds of 86 to 100 mph. ||Based on re-analysis of radar data, the Staten Island tornado apparently dissipated as a second circulation developed just north of the first circulation. The damage in Tompkinsville may be a result of this second circulation.   |"
57525,E20070808-10328,10328,thunderstorm,Thunderstorm Wind,BK,2007-08-08 05:41:00,2007-08-08 05:41:00,0,ok,0,ok,0,ok,60.00,EG,,,Trained Spotter,40.63,-73.99,,Numerous trees/wires down.
57526,E20070808-10328,10328,thunderstorm,Thunderstorm Wind,BK,2007-08-08 05:42:00,2007-08-08 05:42:00,0,ok,0,ok,0,ok,60.00,EG,,,Trained Spotter,40.66,-73.98,,Numerous trees and wires down.
37217,E20070516-6413,6413,thunderstorm,Thunderstorm Wind,BK,2007-05-16 15:03:00,2007-05-16 15:03:00,0,ok,0,ok,0,ok,61.00,MG,,,Mesonet,40.6989,-73.983,,Gust measured at New Utrech H.S.
43358,E20070604-7548,7548,flash-flooding,Flash Flood,BX,2007-06-04 10:00:00,2007-06-04 10:15:00,0,ok,0,ok,0,ok,,,Heavy Rain,,Broadcast Media,40.83,-73.9,,Flash Flooding of Major Deegan Expressway (I-87) Soutbound at 230th St (W).
52213,E20070718-9275,9275,flash-flooding,Flash Flood,QN,2007-07-18 07:09:00,2007-07-18 07:24:00,0,ok,0,ok,0,ok,,,Heavy Rain,,Emergency Manager,40.75,-73.78,,Flash flooding of the Clearview Expressway occurred at 35th Avenue.
78361,E20080130-13951,13951,high-winds,Strong Wind,BK,2008-01-30 14:39:00,2008-01-30 14:39:00,0,ok,0,ok,2000,ok,46.00,EG,,,Emergency Manager,,,,"A cinder block wall collapsed, causing minor damage to an adjacent building."
78365,E20080109-13955,13955,high-winds,Strong Wind,MN,2008-01-09 13:00:00,2008-01-09 13:00:00,0,ok,0,ok,5000,ok,34.00,EG,,,Newspaper,,,,Windows were broken on the 22nd floor of the New York Times building and 52nd floor of the Bank of New York Building.
78939,E20080111-14024,14024,thunderstorm,Marine Thunderstorm Wind,HARBOR,2008-01-11 19:00:00,2008-01-11 19:00:00,0,ok,0,ok,0,ok,35.00,MG,,,Other Federal Agency,40.78,-73.78,,A peak wind gust of 35 knots was measured by the NOS Robins Reef tidal gauge at 2 pm.
117815,E20080622-19858,19858,hail,Hail,BX,2008-06-22 13:53:00,2008-06-22 13:53:00,0,ok,0,ok,0,ok,0.75,,,,Trained Spotter,40.8576,-73.8527,,Penny size hail was reported along the Pelham Parkway.
120862,E20080628-20274,20274,thunderstorm,Marine Thunderstorm Wind,HARBOR,2008-06-28 17:08:00,2008-06-28 17:08:00,0,ok,0,ok,0,ok,39.00,MG,,,Mesonet,40.6167,-73.9784,,A wind gust of 39kt was measured at Bishop Kearney High School in Brooklyn.
133640,E20080815-22775,22775,thunderstorm,Marine Thunderstorm Wind,HARBOR,2008-08-15 18:12:00,2008-08-15 18:12:00,0,ok,0,ok,,missing,35.00,MG,,,Official NWS Observations,40.47,-74.02,,A 35 knot wind gust was recorded at Sandy Hook.
130738,E20080811-22223,22223,flash-flooding,Flash Flood,QN,2008-08-11 10:39:00,2008-08-11 10:54:00,0,ok,0,ok,0,ok,,,Heavy Rain,,Emergency Manager,40.7892,-73.7829,,Cars were stranded in 3 to 4 ft. of water at 212th St. and Bell Boulevard in Bayside.
139403,E20081025-23901,23901,high-winds,Strong Wind,BX,2008-10-25 15:00:00,2008-10-25 19:00:00,0,ok,0,ok,5000,ok,44.00,MG,,,Mesonet,,,,The weather station at Cardinal Hayes High School measured a wind gust to 51 mph at 6:39 pm EDT.
130763,E20080811-22223,22223,flash-flooding,Flash Flood,MN,2008-08-11 09:45:00,2008-08-11 10:00:00,0,ok,0,ok,0,ok,,,Heavy Rain,,Broadcast Media,40.749,-73.9912,,The torrential rainfall caused a sewer to collapse producing a 6 ft deep sinkhole outside of FDNY ladder company 24 on W. 31st Street in Manhattan.
133598,E20080815-22774,22774,thunderstorm,Thunderstorm Wind,BX,2008-08-15 16:42:00,2008-08-15 16:42:00,0,ok,0,ok,,missing,62.00,EG,,,Mesonet,40.87,-73.83,,A wind gust of 71 mph was measured at Cardinal Spellman High School.
147569,E20081219-25283,25283,heavy-snow,Heavy Snow,BX,2008-12-19 11:00:00,2008-12-19 20:00:00,0,ok,0,ok,,missing,,,,,Trained Spotter,,,,
78360,E20080130-13951,13951,high-winds,Strong Wind,BK,2008-01-30 10:00:00,2008-01-30 10:00:00,1,ok,1,ok,,missing,40.00,EG,,,Emergency Manager,,,,"Strong winds caused a scaffold to collapse, killing one person and injuring another."
78362,E20080130-13951,13951,high-winds,Strong Wind,QN,2008-01-30 12:00:00,2008-01-30 12:00:00,0,ok,0,ok,7500,ok,44.00,EG,,,Emergency Manager,,,,A tractor trailer overturned on the Whitestone Bridge.
140345,E20080726-24089,24089,coastal-hazard,Rip Current,BK,2008-07-26 16:27:00,2008-07-26 16:27:00,1,ok,0,ok,0,ok,,,,,Newspaper,,,,
140349,E20080725-24090,24090,coastal-hazard,Rip Current,QN,2008-07-25 20:00:00,2008-07-25 20:00:00,1,ok,0,ok,0,ok,,,,,Newspaper,,,,
83534,E20080222-14735,14735,heavy-snow,Heavy Snow,BK,2008-02-22 07:00:00,2008-02-22 19:00:00,0,ok,0,ok,0,ok,,,,,Trained Spotter,,,,
83533,E20080222-14735,14735,heavy-snow,Heavy Snow,SI,2008-02-22 07:00:00,2008-02-22 19:00:00,0,ok,0,ok,0,ok,,,,,Trained Spotter,,,,
83535,E20080222-14735,14735,heavy-snow,Heavy Snow,QN,2008-02-22 07:00:00,2008-02-22 19:00:00,0,ok,0,ok,0,ok,,,,,Trained Spotter,,,,
83531,E20080222-14735,14735,heavy-snow,Heavy Snow,MN,2008-02-22 07:00:00,2008-02-22 19:00:00,0,ok,0,ok,0,ok,,,,,Trained Spotter,,,,
83532,E20080222-14735,14735,heavy-snow,Heavy Snow,BX,2008-02-22 07:00:00,2008-02-22 19:00:00,0,ok,0,ok,0,ok,,,,,Trained Spotter,,,,
90070,E20080308-15735,15735,high-winds,High Wind,BK,2008-03-08 13:30:00,2008-03-08 13:30:00,0,ok,0,ok,10000,ok,55.00,EG,,,Emergency Manager,,,,A tree and large branches fell into a Garage between east 18th Street and Avenue L.
90071,E20080308-15735,15735,high-winds,High Wind,BX,2008-03-08 14:30:00,2008-03-08 14:30:00,0,ok,0,ok,0,ok,50.00,EG,,,Emergency Manager,,,,Multiple power lines were reported down 3 miles South West of Pelham Manor in the Bronx.
90072,E20080308-15735,15735,high-winds,High Wind,MN,2008-03-08 19:30:00,2008-03-08 19:30:00,0,ok,0,ok,5000,ok,50.00,EG,,,Emergency Manager,,,,Scaffold collapsed from the 12th floor into the 11th floor of a building at 400 West Street.
90051,E20080305-15732,15732,thunderstorm,Thunderstorm Wind,BK,2008-03-05 04:06:00,2008-03-05 04:06:00,0,ok,0,ok,0,ok,51.00,MG,,,Public,40.58,-73.98,,
90052,E20080305-15732,15732,thunderstorm,Thunderstorm Wind,BK,2008-03-05 04:12:00,2008-03-05 04:12:00,0,ok,0,ok,0,ok,50.00,MG,,,Public,40.7,-73.98,,
90061,E20080305-15732,15732,thunderstorm,Thunderstorm Wind,QN,2008-03-05 04:20:00,2008-03-05 04:20:00,0,ok,0,ok,0,ok,50.00,EG,,,Public,40.71,-73.79,,"A 58 mph wind gust was measured in Jamaica, Queens."
90062,E20080305-15732,15732,thunderstorm,Thunderstorm Wind,QN,2008-03-05 04:21:00,2008-03-05 04:21:00,0,ok,0,ok,0,ok,53.00,MG,,,ASOS,40.66,-73.78,,A wind gust of 53 knots was measured at the JFK ASOS.
90065,E20080305-15732,15732,thunderstorm,Thunderstorm Wind,QN,2008-03-05 04:45:00,2008-03-05 04:45:00,0,ok,0,ok,0,ok,60.00,EG,,,Newspaper,40.75,-73.87,,Large trees and wires down near corner of 107th Street and 37th Drive in Corona.
114857,E20080614-18713,18713,flash-flooding,Flash Flood,QN,2008-06-14 20:41:00,2008-06-14 20:56:00,0,ok,0,ok,0,ok,,,Heavy Rain,,Broadcast Media,40.7198,-73.8316,,Water blocking all lanes eastbound on the Grand Central Parkway at exit 13.
114924,E20080614-18713,18713,flash-flooding,Flash Flood,QN,2008-06-14 18:48:00,2008-06-14 20:56:00,0,ok,0,ok,0,ok,,,Heavy Rain,,Emergency Manager,40.7061,-73.8613,,Occupied vehicles were stuck in rising water at the intersection of Union Tpke. and Woodhaven Blvd.
114928,E20080614-18713,18713,flash-flooding,Flash Flood,QN,2008-06-14 18:51:00,2008-06-14 20:56:00,0,ok,0,ok,0,ok,,,Heavy Rain,,Emergency Manager,40.7034,-73.8797,,Occupied vehicles were stuck in rising water at the intersection of Cooper Ave. and 72nd St.
114933,E20080614-18713,18713,flash-flooding,Flash Flood,QN,2008-06-14 19:25:00,2008-06-14 20:56:00,0,ok,0,ok,0,ok,,,Heavy Rain,,Emergency Manager,40.7313,-73.8062,,Occupied vehicles were stuck in rising water at the intersection of  164th Street and 71st Ave.
114995,E20080614-18713,18713,flash-flooding,Flash Flood,QN,2008-06-14 19:51:00,2008-06-14 20:56:00,0,ok,0,ok,0,ok,,,Heavy Rain,,Emergency Manager,40.7344,-73.7981,,Occupied vehicles were stuck in rising water at the intersection of 172nd St. and 68th Ave.
115362,E20080614-18713,18713,flash-flooding,Flash Flood,QN,2008-06-14 19:52:00,2008-06-14 20:56:00,0,ok,0,ok,0,ok,,,Heavy Rain,,Emergency Manager,40.7303,-73.7504,,Occupied vehicles were stuck in rising water at the intersection of Spencer Ave. and the Grand Central Pkwy.
115370,E20080614-18713,18713,flash-flooding,Flash Flood,QN,2008-06-14 19:55:00,2008-06-14 20:56:00,0,ok,0,ok,0,ok,,,Heavy Rain,,Emergency Manager,40.7113,-73.7717,,Occupied vehicles were stuck in rising water at the intersection of 188th St. and Jamaica Ave.
115380,E20080614-18713,18713,flash-flooding,Flash Flood,QN,2008-06-14 19:57:00,2008-06-14 20:56:00,0,ok,0,ok,0,ok,,,Heavy Rain,,Emergency Manager,40.7347,-73.7905,,Occupied vehicles were stuck in rising water at the intersection of 182nd St. and 69th Ave.
115386,E20080614-18713,18713,flash-flooding,Flash Flood,QN,2008-06-14 20:02:00,2008-06-14 20:56:00,0,ok,0,ok,0,ok,,,Heavy Rain,,Emergency Manager,40.7674,-73.7826,,Occupied vehicles were stuck in rising water at the intersection of the Clearview Expressway and 35th Ave.
115387,E20080614-18713,18713,flash-flooding,Flash Flood,QN,2008-06-14 20:03:00,2008-06-14 20:56:00,0,ok,0,ok,0,ok,,,Heavy Rain,,Emergency Manager,40.759,-73.7785,,Occupied vehicles were stuck in rising water at the intersection of the Clearview Expressway and Northern Blvd.
115389,E20080614-18713,18713,flash-flooding,Flash Flood,QN,2008-06-14 20:34:00,2008-06-14 20:56:00,0,ok,0,ok,0,ok,,,Heavy Rain,,Emergency Manager,40.6598,-73.7285,,Occupied vehicles were stuck in rising water at the intersection of Hook Creek Blvd. and 257th St.
115617,E20080614-18713,18713,flash-flooding,Flash Flood,QN,2008-06-14 19:00:00,2008-06-14 19:15:00,0,ok,0,ok,0,ok,,,Heavy Rain,,Newspaper,40.707,-73.8651,,Several feet of water flooded roadways and nearby basements of as many as 20 homes near the intersection of 85th St. and 77th Ave.
114935,E20080614-18713,18713,flash-flooding,Flash Flood,QN,2008-06-14 19:30:00,2008-06-14 20:56:00,0,ok,0,ok,0,ok,,,Heavy Rain,,Emergency Manager,40.7154,-73.7743,,Occupied vehicles were stuck in rising water at the intersection of Hillside Ave. and 188th St.
114936,E20080614-18713,18713,flash-flooding,Flash Flood,QN,2008-06-14 19:34:00,2008-06-14 20:56:00,0,ok,0,ok,0,ok,,,Heavy Rain,,Emergency Manager,40.7253,-73.7924,,"Occupied vehicles were stuck in rising water at the intersection of the Long Island Expressway and Utopia Pkwy, and 64th Ave and Utopia Pkwy. Water inundated the basement of a building at the intersection of Utopia Pkwy. and 68th Ave as well as many residents' basements on Utopia Pkwy between the Long Island Expressway and Union Tpke. Water was waist high in some areas."
114938,E20080614-18713,18713,flash-flooding,Flash Flood,QN,2008-06-14 19:37:00,2008-06-14 20:56:00,0,ok,0,ok,0,ok,,,Heavy Rain,,Emergency Manager,40.7117,-73.7678,,Occupied vehicles were stuck in rising water at the intersection of Woodhull Ave. and 193rd St.
114979,E20080614-18713,18713,flash-flooding,Flash Flood,QN,2008-06-14 19:30:00,2008-06-14 20:56:00,0,ok,0,ok,0,ok,,,Heavy Rain,,Emergency Manager,40.7183,-73.8343,,"The Kew Gardens Interchange (where the Van Wyck Expressway, Grand Central Pkwy and Jackie Robinson Pkwy all intersect), was closed in all directions with occupied vehicles stuck in rising water. Mesonet sources in Forest Hills and Rego Park reported storm total rainfall of 2.46 inches and 2.18 inches respectively."
114989,E20080614-18713,18713,flash-flooding,Flash Flood,QN,2008-06-14 19:40:00,2008-06-14 20:56:00,0,ok,0,ok,0,ok,,,Heavy Rain,,Emergency Manager,40.7403,-73.8169,,Occupied vehicles were stuck in rising water at the intersection of the Long Island Expressway and Kissena Blvd.
114992,E20080614-18713,18713,flash-flooding,Flash Flood,QN,2008-06-14 19:47:00,2008-06-14 20:56:00,0,ok,0,ok,0,ok,,,Heavy Rain,,Emergency Manager,40.7537,-73.765,,Occupied vehicles were stuck in rising water at the intersection of Bell Blvd. and 216th St.
114993,E20080614-18713,18713,flash-flooding,Flash Flood,QN,2008-06-14 19:51:00,2008-06-14 20:56:00,0,ok,0,ok,0,ok,,,Heavy Rain,,Emergency Manager,40.7322,-73.8019,,Occupied vehicles were stuck in rising water at the intersection of Jewel Ave. and 168th St.
114856,E20080614-18713,18713,flash-flooding,Flash Flood,QN,2008-06-14 20:00:00,2008-06-14 20:56:00,0,ok,0,ok,0,ok,,,Heavy Rain,,Emergency Manager,40.7386,-73.7905,,Long Island Expressway closed in both directions between exits 25 (Utopia Parkway) and 26 (Francis Lewis Boulevard).  Approximately 25 cars were stuck in water. JFK International Airport reported 1.36 inches of rain between 7:51 pm and 8:51 pm. LaGuardia Airport reported 1.31 inches of rain between 7:51 pm and 8:51 pm.
113310,E20080610-19205,19205,thunderstorm,Marine Thunderstorm Wind,HARBOR,2008-06-10 20:40:00,2008-06-10 20:40:00,0,ok,0,ok,0,ok,60.00,MG,,,Mariner,40.5,-74.1,,A ship in New York Harbor measured a wind gust of 69 mph.
120894,E20080629-20279,20279,hail,Hail,SI,2008-06-29 13:02:00,2008-06-29 13:02:00,0,ok,0,ok,500,ok,0.75,,,,Public,40.5572,-74.1541,,Penny size hail and some downed branches were reported near the corner of Leverett Avenue and Steig Avenue in the Great Kills section of Staten Island.
120908,E20080629-20285,20285,thunderstorm,Marine Thunderstorm Wind,HARBOR,2008-06-29 13:01:00,2008-06-29 13:01:00,0,ok,0,ok,0,ok,47.00,MG,,,Mesonet,40.5526,-74.1371,,A wind gust of 47 knots was measured at PS 53- Bay Terrace School.
113420,E20080614-19225,19225,thunderstorm,Thunderstorm Wind,QN,2008-06-14 18:17:00,2008-06-14 18:17:00,0,ok,0,ok,6000,ok,61.00,EG,,,Trained Spotter,40.7016,-73.8858,,Numerous trees were reported down from Glendale to Maspeth.
113422,E20080614-19225,19225,thunderstorm,Thunderstorm Wind,QN,2008-06-14 18:27:00,2008-06-14 18:27:00,0,ok,0,ok,6000,ok,61.00,EG,,,Newspaper,40.7025,-73.8501,,Numerous trees were reported down from Forest Park to Forest Hills.
113427,E20080614-19225,19225,thunderstorm,Thunderstorm Wind,QN,2008-06-14 18:30:00,2008-06-14 18:30:00,0,ok,0,ok,6000,ok,61.00,EG,,,Newspaper,40.6989,-73.8252,,Numerous trees were reported down from Richmond Hill to Kew Gardens.
113193,E20080610-19179,19179,thunderstorm,Thunderstorm Wind,MN,2008-06-10 20:20:00,2008-06-10 20:20:00,0,ok,0,ok,10000,ok,61.00,EG,,,Emergency Manager,40.81,-73.95,,"Dozens of trees were reported down across central Manhattan and Harlem, including Amsterdam Avenue, Riverside Drive, Park Avenue, 2nd Avenue, and the west side of Main Street."
116973,E20080622-19723,19723,flash-flooding,Flash Flood,BX,2008-06-22 14:30:00,2008-06-22 14:45:00,0,ok,0,ok,0,ok,,,Heavy Rain,,Newspaper,40.8627,-73.8909,,Torrential rain caused the intersection of E. 193rd St. and Webster Ave. to be impassable.
121031,E20080616-20303,20303,thunderstorm,Marine Thunderstorm Wind,HARBOR,2008-06-16 18:05:00,2008-06-16 18:05:00,0,ok,0,ok,0,ok,41.00,MG,,,Mesonet,40.63,-74.04,,A 41 knot wind gust was reported at a mesonet site four miles southeast of Bayonne.
121032,E20080616-20303,20303,thunderstorm,Marine Thunderstorm Wind,HARBOR,2008-06-16 18:06:00,2008-06-16 18:06:00,0,ok,0,ok,0,ok,50.00,MG,,,Other Federal Agency,40.63,-74.15,,An National Ocean Service anomometer measured a wind gust of 50 knots.
121016,E20080616-19295,19295,thunderstorm,Thunderstorm Wind,SI,2008-06-16 18:04:00,2008-06-16 18:04:00,0,ok,0,ok,13500,ok,61.00,EG,,,Emergency Manager,40.5895,-74.1351,,The Department of Parks and Recreation reported 27 downed trees across Staten Island.
113175,E20080610-19179,19179,thunderstorm,Thunderstorm Wind,MN,2008-06-10 20:22:00,2008-06-10 20:22:00,0,ok,0,ok,40000,ok,70.00,EG,,,Emergency Manager,40.8,-73.96,,The roof top blew off a building at 63rd and Broadway.
113196,E20080610-19179,19179,thunderstorm,Thunderstorm Wind,QN,2008-06-10 20:30:00,2008-06-10 20:30:00,0,ok,0,ok,10000,ok,61.00,EG,,,Emergency Manager,40.71,-73.83,,"Dozens of trees and tree limbs were reported down across Northern Queens including in the Flushing, Astoria, and Corona sections."
113224,E20080610-19179,19179,thunderstorm,Thunderstorm Wind,BX,2008-06-10 21:00:00,2008-06-10 21:00:00,0,ok,0,ok,10000,ok,61.00,EG,,,Newspaper,40.8341,-73.8831,,"Dozens of trees were reported down across central Sections of the Bronx, especially between the East Tremont and Parkchester."
113841,E20080616-19295,19295,thunderstorm,Thunderstorm Wind,QN,2008-06-16 18:04:00,2008-06-16 18:04:00,0,ok,0,ok,1000,ok,61.00,EG,,,Trained Spotter,40.72,-73.86,,A two foot diameter tree was downed.
128442,E20080727-21730,21730,hail,Hail,SI,2008-07-27 13:43:00,2008-07-27 13:43:00,0,ok,0,ok,,missing,1.00,,,,Trained Spotter,40.56,-74.21,,Nickel to quarter size hail was reported on Staten Island.
127061,E20080727-21274,21274,flash-flooding,Flash Flood,SI,2008-07-27 19:03:00,2008-07-27 19:15:00,0,ok,0,ok,0,ok,,,Heavy Rain,,Newspaper,40.5109,-74.2178,,Deep standing water (estimated to be at least 6 inches) accumulated on Hylan Blvd. near Mount Loretto.
131519,E20080808-22397,22397,thunderstorm,Marine Thunderstorm Wind,HARBOR,2008-08-08 14:54:00,2008-08-08 14:54:00,0,ok,0,ok,0,ok,40.00,MG,,,Other Federal Agency,40.6547,-74.0897,,"A wind gust of 40 knots was measured at the Robin's Reef Tide Gage, operated by the National Ocean Service."
131520,E20080808-22397,22397,thunderstorm,Marine Thunderstorm Wind,HARBOR,2008-08-08 15:12:00,2008-08-08 15:12:00,0,ok,0,ok,0,ok,35.00,MG,,,Other Federal Agency,40.6547,-74.0897,,"A wind gust of 35 knots was measured at the Robin's Reef Tide Gage, operated by the National Ocean Service."
131139,E20080814-22304,22304,flash-flooding,Flash Flood,QN,2008-08-14 16:12:00,2008-08-14 16:27:00,0,ok,0,ok,0,ok,,,Heavy Rain,,Broadcast Media,40.7414,-73.7301,,Impassable flooding was reported on the Cross Island Pkwy. at Union Tpke. in Glen Oaks. Mesonet storm total rainfall reports from Fresh Meadows and Bayside were 1.49 and 1.43 inches respectively.
131226,E20080815-22308,22308,flash-flooding,Flash Flood,MN,2008-08-15 18:10:00,2008-08-15 18:56:00,0,ok,0,ok,0,ok,,,Heavy Rain,,Emergency Manager,40.8754,-73.9289,,New York City Office of Emergency Management reported that all lanes were flooded on the Henry Hudson Bridge between Manhattan and The Bronx.
132821,E20080815-22308,22308,flash-flooding,Flash Flood,BX,2008-08-15 17:00:00,2008-08-15 17:15:00,0,ok,0,ok,0,ok,,,Heavy Rain,,Newspaper,40.8931,-73.8667,,The Bronx River Pkwy. was closed at E. 233rd St. in Woodlawn due to flooding.
133134,E20080814-22661,22661,hail,Hail,QN,2008-08-14 16:29:00,2008-08-14 16:29:00,0,ok,0,ok,,missing,0.75,,,,Trained Spotter,40.75,-73.8,,Penny size hail was reported.
133123,E20080814-22661,22661,hail,Hail,QN,2008-08-14 16:36:00,2008-08-14 16:36:00,0,ok,0,ok,,missing,1.00,,,,Trained Spotter,40.75,-73.78,,Quarter size hail was reported near the Clearview Expressway in Bayside.
133562,E20080811-22766,22766,thunderstorm,Thunderstorm Wind,QN,2008-08-11 10:49:00,2008-08-11 10:49:00,0,ok,0,ok,750,ok,52.00,EG,,,Broadcast Media,40.778,-73.7678,,Two southbound lanes of the Cross Island Parkway at Bayside Marina were  blocked due to a large downed tree limb.
133564,E20080811-22766,22766,hail,Hail,MN,2008-08-11 10:41:00,2008-08-11 10:41:00,0,ok,0,ok,0,ok,0.75,,,,Public,40.7593,-73.981,,Penny size hail was reported.
133895,E20080811-22766,22766,hail,Hail,BX,2008-08-11 10:35:00,2008-08-11 10:50:00,0,ok,0,ok,15000,ok,1.75,,,,Newspaper,40.82,-73.82,,"Hail up to golf ball in size pelted portions of Locust Point, Silver Beach and Fort Schuyler. The hail accumulated up to one inch in depth in places, caused damage to the siding on the Locust Point Civic Association Clubhouse, put dents in multiple cars, and destroyed numerous flower and vegetable gardens."
133601,E20080815-22774,22774,thunderstorm,Thunderstorm Wind,BX,2008-08-15 16:50:00,2008-08-15 16:50:00,0,ok,0,ok,1500,ok,61.00,EG,,,NWS Storm Survey,40.8953,-73.8445,,"Large tree limbs were reported down on Baychester Avenue, near Bussing Avenue."
133146,E20080814-22670,22670,thunderstorm,Marine Thunderstorm Wind,HARBOR,2008-08-14 16:24:00,2008-08-14 16:24:00,0,ok,0,ok,,missing,34.00,MG,,,Other Federal Agency,40.78,-73.78,,The anemometer at the National Ocean Service's Robins Reef Tide Gage measured a wind gust of 34 kt.
133542,E20080811-22766,22766,hail,Hail,QN,2008-08-11 10:06:00,2008-08-11 10:06:00,0,ok,0,ok,,missing,0.75,,,,Official NWS Observations,40.7765,-73.8747,,Penny size hail was reported by the observer at LaGuardia Airpoirt.
133561,E20080811-22766,22766,thunderstorm,Thunderstorm Wind,QN,2008-08-11 10:24:00,2008-08-11 10:24:00,0,ok,0,ok,7500,ok,61.00,EG,,,Emergency Manager,40.79,-73.79,,A large tree was reported to have fallen into a house just northeast of Flushing.
133576,E20080811-22770,22770,thunderstorm,Marine Thunderstorm Wind,HARBOR,2008-08-11 09:48:00,2008-08-11 09:48:00,0,ok,0,ok,0,ok,38.00,MG,,,Other Federal Agency,40.47,-74.02,,A wind gust to 38 knots was measured by the anemometer on the National Ocean Service Tide Gage at Sandy Hook.
131350,E20080802-22350,22350,thunderstorm,Marine Thunderstorm Wind,HARBOR,2008-08-02 11:36:00,2008-08-02 11:36:00,0,ok,0,ok,0,ok,41.00,MG,,,Other Federal Agency,40.47,-74.02,,A wind gust of 40.6 knots was measured at the National Ocean Service Tide Gage at Sandy Hook.
125771,E20080706-21263,21263,thunderstorm,Lightning,BK,2008-07-06 14:00:00,2008-07-06 14:00:00,0,ok,0,ok,5000,ok,,,,,Newspaper,40.6192,-74.0282,,"A four story brick residence was struck by lightning, causing damage to portions of the roof. A two by three foot section of the brick roof was dislodged and fell to the street and sidewalk below. No injuries were reported."
135318,E20080906-23184,23184,tropical-cyclone,Tropical Storm,MN,2008-09-06 13:00:00,2008-09-07 04:00:00,0,ok,0,ok,4000,ok,,,,,Newspaper,,,,Scattered trees were reported down in Manhattan from Tropical Storm Hanna. Wind gusts ranged from 24 kt. (28 mph) at Central Park to 38 kt. (44 mph) reported at Public School 124. Rainfall of 3.54 inches was measured in Central Park.
136485,E20080906-23289,23289,flash-flooding,Flash Flood,QN,2008-09-06 17:20:00,2008-09-06 17:35:00,0,ok,0,ok,0,ok,,,Heavy Rain / Tropical System,,Newspaper,40.7484,-73.7611,,Portions of Bell Blvd. in Bayside were flooded.
136489,E20080906-23289,23289,flash-flooding,Flash Flood,QN,2008-09-06 17:20:00,2008-09-06 17:35:00,0,ok,0,ok,0,ok,,,Heavy Rain / Tropical System,,Newspaper,40.7392,-73.8995,,"In Woodside, 66th Street and 48th Ave. were inundated with water, which flooded some adjoining residential properties."
136564,E20080906-23289,23289,flash-flooding,Flash Flood,QN,2008-09-06 17:20:00,2008-09-06 17:35:00,0,ok,0,ok,0,ok,,,Heavy Rain / Tropical System,,Broadcast Media,40.659,-73.7727,,"In Springfield Gardens, 147th Ave. was closed due to flooding. Water levels were approximately 6 inches deep on 147th St. in Rosedale, where  local authorities taped off the road. Flood waters also caused raw sewage to back up into some homes in Rosedale."
136014,E20080906-23289,23289,flash-flooding,Flash Flood,BX,2008-09-06 17:55:00,2008-09-06 20:04:00,0,ok,0,ok,0,ok,,,Heavy Rain / Tropical System,,Trained Spotter,40.853,-73.8917,,"Flooding caused a one story building to partially collapse with people trapped in it at 3rd Ave. and East 182nd St. in East Tremont.  Local media reported that there were no injuries, but the fire department determined that the remaining portion of the structure was too unstable and had to be demolished."
136019,E20080906-23289,23289,flash-flooding,Flash Flood,BX,2008-09-06 18:22:00,2008-09-06 20:04:00,0,ok,0,ok,0,ok,,,Heavy Rain / Tropical System,,Broadcast Media,40.8922,-73.8626,,All lanes on the Bronx River Pkwy. northbound at E. 233rd St. in East Tremont were closed due to flooding.
136027,E20080906-23289,23289,flash-flooding,Flash Flood,SI,2008-09-06 19:40:00,2008-09-06 19:55:00,0,ok,0,ok,0,ok,,,Heavy Rain / Tropical System,,Broadcast Media,40.6284,-74.123,,There were many flooded highways and road closures in Port Richmond.
136030,E20080906-23289,23289,flash-flooding,Flash Flood,BK,2008-09-06 20:00:00,2008-09-06 20:15:00,0,ok,0,ok,0,ok,,,Heavy Rain / Tropical System,,Broadcast Media,40.5986,-74.0085,,The Belt Parkway in Bensonhurst was closed due to flooding.
136127,E20080906-23289,23289,flash-flooding,Flash Flood,BK,2008-09-06 17:10:00,2008-09-06 20:15:00,0,ok,0,ok,0,ok,,,Heavy Rain / Tropical System,,Broadcast Media,40.7097,-73.9546,,I-278 (Brooklyn-Queens Expressway) was closed in both directions at Broadway due to flooding.
135315,E20080906-23184,23184,tropical-cyclone,Tropical Storm,BX,2008-09-06 13:00:00,2008-09-07 04:00:00,0,ok,0,ok,4000,ok,,,,,Newspaper,,,,Scattered trees were reported down in the Bronx from Tropical Storm Hanna. A wind gust of 34 kt (39 mph) was reported at a mesonet location.
135316,E20080906-23184,23184,tropical-cyclone,Tropical Storm,BK,2008-09-06 13:00:00,2008-09-07 04:00:00,0,ok,0,ok,4000,ok,,,,,Newspaper,,,,Scattered trees were reported down in Brooklyn from Tropical Storm Hanna. A wind gust of 39 kt (45 mph) was reported at a mesonet location. Rainfall amounts ranged from 2.90 inches in Brooklyn to 3.00 inches at Sheepshead Bay.
136468,E20080906-23289,23289,flash-flooding,Flash Flood,BK,2008-09-06 19:50:00,2008-09-06 20:15:00,0,ok,0,ok,0,ok,,,Heavy Rain / Tropical System,,Broadcast Media,40.5942,-73.9052,,The Belt Pkwy. eastbound exit ramp to Flatbush Ave. was closed due to flooding.
136471,E20080906-23289,23289,flash-flooding,Flash Flood,BX,2008-09-06 19:49:00,2008-09-06 20:04:00,0,ok,0,ok,0,ok,,,Heavy Rain / Tropical System,,Broadcast Media,40.8982,-73.8619,,The Bronx River Pkwy. (northbound) was closed at 236th St. due to flooding.
135333,E20080906-23184,23184,tropical-cyclone,Tropical Storm,SI,2008-09-06 13:00:00,2008-09-07 04:00:00,0,ok,0,ok,4000,ok,,,,,Newspaper,,,,Scattered trees were reported down on Staten Island from Tropical Storm Hanna. A wind gust of 32 kt (37 mph) was reported at a mesonet location. Rainfall of 4.78 inches was reported in Great Kills.
135332,E20080906-23184,23184,tropical-cyclone,Tropical Storm,QN,2008-09-06 13:00:00,2008-09-07 04:00:00,0,ok,0,ok,4000,ok,,,,,Newspaper,,,,Scattered trees were reported down in Queens from Tropical Storm Hanna. Wind gusts ranged from 33 kt. (38 mph) at a mesonet location in Astoria to 41 kt. (47 mph) at a mesonet location in Jamaica. Rainfall ranged from 2.89 inches at JFK International Airport to 3.29 inches at LaGuardia Airport.
114934,E20080614-18713,18713,flash-flooding,Flash Flood,QN,2008-06-14 19:27:00,2008-06-14 20:56:00,0,ok,0,ok,0,ok,,,Heavy Rain,,Emergency Manager,40.7123,-73.8216,,Occupied vehicles were stuck in rising water at the intersection of Queens Blvd. and the Van Wyck Expressway.
133541,E20080811-22766,22766,hail,Hail,QN,2008-08-11 09:45:00,2008-08-11 09:45:00,0,ok,0,ok,,missing,0.75,,,,Trained Spotter,40.7645,-73.823,,Penny size hail was reported.
201115,E20091007-34873,34873,high-winds,Strong Wind,BX,2009-10-07 11:18:00,2009-10-07 13:00:00,0,ok,1,ok,0,ok,45.00,EG,,,Newspaper,,,,"Strong winds downed a tree branch on a woman in the Bronx, who was taken to a hospital after receiving a minor injury to her head."
200950,E20091024-34842,34842,thunderstorm,Marine Thunderstorm Wind,HARBOR,2009-10-24 21:08:00,2009-10-24 21:08:00,0,ok,0,ok,0,ok,37.00,MG,,,Mesonet,40.47,-74.01,,A wind gust of 37.4 knots was measured at a Sandy Hook coastal station.
179343,E20090626-30617,30617,thunderstorm,Marine Thunderstorm Wind,HARBOR,2009-06-26 17:49:00,2009-06-26 17:49:00,0,ok,0,ok,,missing,46.00,MG,,,Mesonet,40.47,-74.02,,A gust to 46 kt was measured at Sandy Hook.
202310,E20091113-35045,35045,coastal-hazard,High Surf,QN,2009-11-13 10:20:00,2009-11-13 10:20:00,1,ok,0,ok,0,ok,,,,,Newspaper,,,,A man surfing alone in the waters off Rockaway Beach drowned when his leg strap became tangled and rough surf pulled him underwater.
201086,E20091007-34873,34873,high-winds,Strong Wind,QN,2009-10-07 11:18:00,2009-10-07 11:22:00,0,ok,0,ok,5000,ok,49.00,MG,,,ASOS,,,,"Peak wind gusts of 56 mph was measured by ASOS at JFK Airport at 12:18 pm (EDT).||Peak wind gusts of 50 mph was measured by ASOS at LaGuardia Airport at 12:22 pm (EDT).||Tree limbs fell on a car, through a rear window and caved in the back of the roof in Queens.||In Howard Beach, a tree landed on a car on 157th Avenue and 83rd Street."
195151,E20090818-33584,33584,hail,Hail,BX,2009-08-18 21:10:00,2009-08-18 21:10:00,0,ok,0,ok,,missing,0.75,,,,Trained Spotter,40.85,-73.86,,Penny sized hail was reported.
208406,E20091219-35979,35979,heavy-snow,Heavy Snow,SI,2009-12-19 13:00:00,2009-12-20 11:00:00,0,ok,0,ok,0,ok,,,,,Official NWS Observations,,,,
208408,E20091219-35979,35979,heavy-snow,Heavy Snow,MN,2009-12-19 13:00:00,2009-12-20 11:00:00,0,ok,0,ok,0,ok,,,,,Official NWS Observations,,,,
208404,E20091219-35979,35979,heavy-snow,Heavy Snow,BK,2009-12-19 13:00:00,2009-12-20 11:00:00,0,ok,0,ok,0,ok,,,,,Official NWS Observations,,,,
208405,E20091219-35979,35979,heavy-snow,Heavy Snow,QN,2009-12-19 13:00:00,2009-12-20 11:00:00,0,ok,0,ok,0,ok,,,,,Official NWS Observations,,,,
208403,E20091219-35979,35979,heavy-snow,Heavy Snow,BX,2009-12-19 13:00:00,2009-12-20 10:00:00,0,ok,0,ok,0,ok,,,,,Official NWS Observations,,,,
190036,E20090729-32457,32457,thunderstorm,Marine Thunderstorm Wind,HARBOR,2009-07-29 18:55:00,2009-07-29 18:55:00,0,ok,0,ok,0,ok,37.00,MG,,,Mesonet,40.47,-74.02,,A gust of 37 knots was measured at Sandy Hook.
189666,E20090726-32385,32385,thunderstorm,Marine Thunderstorm Wind,HARBOR,2009-07-26 19:40:00,2009-07-26 19:40:00,0,ok,0,ok,0,ok,46.00,EG,,,Mesonet,40.5015,-74.2693,,A wind gust of 46 knots was reported by a MESONET station at Perth Amboy.
200922,E20091024-34831,34831,inland-flooding,Flood,SI,2009-10-24 21:00:00,2009-10-24 21:15:00,0,ok,0,ok,0,ok,,,Heavy Rain,,Newspaper,40.5179,-74.2358,,Several motorists were stranded in high water (approximately 2 ft. deep) on Page Ave. near Amboy Rd.
201129,E20091007-34873,34873,high-winds,Strong Wind,BK,2009-10-07 11:18:00,2009-10-07 13:00:00,0,ok,0,ok,5000,ok,45.00,EG,,,Newspaper,,,,"Strong winds downed trees and tree limbs in parts of the Williamsburg and Gravesend sections of Brooklyn.  In Bensonhurst, a tree fell on a house on 21st Avenue that caused structural damage.  Parts of Dyker Heights reported power failures."
190030,E20090729-32457,32457,thunderstorm,Marine Thunderstorm Wind,HARBOR,2009-07-29 13:54:00,2009-07-29 13:54:00,0,ok,0,ok,0,ok,50.00,MG,,,Mesonet,40.657,-74.065,,A gust of 50 knots was measured at Robins Reef.
190032,E20090729-32457,32457,thunderstorm,Marine Thunderstorm Wind,HARBOR,2009-07-29 14:40:00,2009-07-29 14:40:00,0,ok,0,ok,0,ok,42.00,MG,,,Mesonet,40.63,-74.15,,A gust of 42 knots was measured at the Bayonne Bridge.
201087,E20091007-34873,34873,high-winds,Strong Wind,SI,2009-10-07 12:00:00,2009-10-07 13:00:00,0,ok,0,ok,5000,ok,45.00,EG,,,Newspaper,,,,Strong winds downed trees and tree limbs onto wires and cars.  Power failures were reported in the Huguenot and Huguenot Beach sections.  A tree fell on the Staten Island Railway's St. George-bound train track near Grasmere station around 1:40 pm EDT.
154192,E20090212-26180,26180,high-winds,High Wind,MN,2009-02-12 07:00:00,2009-02-12 15:00:00,0,ok,0,ok,,missing,50.00,EG,,,Newspaper,,,,"High winds toppled a 50-foot-long, 10-foot-high brick and cinderblock wall into a playground at a vacant school in the East Village. There were no injuries."
154195,E20090212-26180,26180,high-winds,High Wind,QN,2009-02-12 07:00:00,2009-02-12 15:00:00,0,ok,0,ok,,missing,53.00,MG,,,Mesonet,,,,
154193,E20090212-26180,26180,high-winds,High Wind,SI,2009-02-12 07:00:00,2009-02-12 15:00:00,1,ok,1,ok,,missing,50.00,EG,,,Broadcast Media,,,,"High winds knocked down a cinder block wall, killing a 59-year-old male construction worker at approximately 0832EST in the Rosebank section of Staten Island."
154191,E20090212-26180,26180,high-winds,High Wind,BX,2009-02-12 07:00:00,2009-02-12 15:00:00,0,ok,0,ok,,missing,51.00,MG,,,Mesonet,,,,
154194,E20090212-26180,26180,high-winds,High Wind,BK,2009-02-12 07:00:00,2009-02-12 15:00:00,0,ok,1,ok,,missing,56.00,EG,,,Mesonet,,,,"At 0740EST, a tree fell, injuring a man on Avenue H."
161116,E20090329-27454,27454,hail,Hail,BK,2009-03-29 19:30:00,2009-03-29 19:30:00,0,ok,0,ok,,missing,0.88,,,,Public,40.5746,-73.9953,,Nickel size hail was reported in Coney Island.
161114,E20090329-27454,27454,hail,Hail,SI,2009-03-29 19:15:00,2009-03-29 19:15:00,0,ok,0,ok,,missing,0.88,,,,Public,40.5697,-74.1447,,Nickel size hail was reported in Staten Island.
162566,E20090301-27666,27666,heavy-snow,Heavy Snow,BK,2009-03-01 20:00:00,2009-03-02 15:00:00,0,ok,0,ok,,missing,,,,,Public,,,,
162562,E20090301-27666,27666,heavy-snow,Heavy Snow,MN,2009-03-01 21:00:00,2009-03-02 15:00:00,0,ok,0,ok,,missing,,,,,Public,,,,
162563,E20090301-27666,27666,heavy-snow,Heavy Snow,BX,2009-03-01 21:00:00,2009-03-02 15:00:00,0,ok,0,ok,,missing,,,,,Public,,,,
162565,E20090301-27666,27666,heavy-snow,Heavy Snow,SI,2009-03-01 21:00:00,2009-03-02 15:00:00,0,ok,0,ok,,missing,,,,,Public,,,,
162600,E20090301-27666,27666,heavy-snow,Heavy Snow,QN,2009-03-01 20:00:00,2009-03-02 15:00:00,0,ok,0,ok,,missing,,,,,Public,,,,The snowstorm grounded 115 flights at Kennedy Airport and 450 at LaGuardia Airport.
179345,E20090626-30617,30617,thunderstorm,Marine Thunderstorm Wind,HARBOR,2009-06-26 17:25:00,2009-06-26 17:35:00,0,ok,0,ok,,missing,46.00,MG,,,Mesonet,40.5026,-74.2693,,Wind gusts from 38 to 46 kt were measured at Perth Amboy from 6:25-6:35 pm EDT.
179370,E20090613-30619,30619,coastal-hazard,Rip Current,QN,2009-06-13 07:15:00,2009-06-13 07:15:00,1,ok,0,ok,,missing,,,,,Newspaper,,,,"A 35-year old man drowned in East Rockaway Inlet, about 300 yards offshore from Far Rockway beaches, after being impacted by a rip-current."
190019,E20090729-32395,32395,thunderstorm,Thunderstorm Wind,SI,2009-07-29 13:38:00,2009-07-29 13:38:00,0,ok,0,ok,1500,ok,52.00,EG,,,Public,40.5586,-74.1492,,Large tree limbs were reported down on Leverette Avenue in Great Kills.
190022,E20090729-32395,32395,thunderstorm,Lightning,SI,2009-07-29 14:14:00,2009-07-29 14:14:00,0,ok,1,ok,0,ok,,,,,Emergency Manager,40.6449,-74.0773,,"A female, age 49, was injured while in contact with scaffolding at the Richmond County Family Court Building, 100 Richmond Terrace, when it was struck by lightning."
189595,E20090726-32366,32366,thunderstorm,Thunderstorm Wind,QN,2009-07-26 15:20:00,2009-07-26 15:20:00,0,ok,0,ok,2500,ok,52.00,EG,,,Law Enforcement,40.673,-73.8374,,Wires and large tree limbs were reported down at the intersection of Pitkin Avenue and Hawtree Street.
189738,E20090729-32395,32395,flash-flooding,Flash Flood,BK,2009-07-29 14:38:00,2009-07-29 14:53:00,0,ok,0,ok,0,ok,,,Heavy Rain,,Public,40.6982,-73.9939,,Clark St. was closed at the Brooklyn Queens Expressway due to flooding.
189742,E20090729-32395,32395,flash-flooding,Flash Flood,BX,2009-07-29 15:28:00,2009-07-29 15:43:00,0,ok,0,ok,0,ok,,,Heavy Rain,,Public,40.8288,-73.9077,,"In the neighborhood of Morrisania in the Bronx, 3rd Ave. in the vicinity of the Bronx-Lebanon Hospital was closed due to flooding."
189757,E20090729-32395,32395,flash-flooding,Flash Flood,SI,2009-07-29 14:40:00,2009-07-29 14:55:00,0,ok,0,ok,0,ok,,,Heavy Rain,,Department of Highways,40.6118,-74.1549,,"The entrance to the westbound Staten Island Expressway (I-278) from Richmond Ave. was closed due to flooding.  In addition, floodwaters were 1-2 ft high on Richmond Terrance near Nicholas Ave. in the neighboorhood of Port Richmond."
189762,E20090729-32395,32395,flash-flooding,Flash Flood,MN,2009-07-29 15:00:00,2009-07-29 15:15:00,0,ok,0,ok,0,ok,,,Heavy Rain,,Emergency Manager,40.7287,-73.9724,,Southbound FDR Drive was closed due to flooding at 14th St.
189765,E20090729-32395,32395,flash-flooding,Flash Flood,MN,2009-07-29 15:28:00,2009-07-29 15:43:00,0,ok,0,ok,0,ok,,,Heavy Rain,,Public,40.7226,-73.9753,,Exit 5 (Houston St.) on the FDR Drive southbound was closed due to flooding.
189902,E20090729-32395,32395,thunderstorm,Thunderstorm Wind,QN,2009-07-29 15:00:00,2009-07-29 15:00:00,0,ok,0,ok,2000,ok,61.00,EG,,,Emergency Manager,40.7721,-73.9198,,A traffic sign was reported down on the Grand Central Parkway.
190015,E20090729-32395,32395,hail,Hail,SI,2009-07-29 13:38:00,2009-07-29 13:38:00,0,ok,0,ok,,missing,0.75,,,,Public,40.5551,-74.1536,,Penny size hail was reported in Great Kills.
189431,E20090725-32350,32350,thunderstorm,Marine Thunderstorm Wind,HARBOR,2009-07-25 13:35:00,2009-07-25 13:35:00,0,ok,0,ok,0,ok,38.00,MG,,,Other Federal Agency,40.47,-74.02,,A gust to 38 knots was measured at Sandy Hook Coast Guard Station.
189811,E20090731-32408,32408,thunderstorm,Marine Thunderstorm Wind,HARBOR,2009-07-31 14:48:00,2009-07-31 14:48:00,0,ok,0,ok,0,ok,38.00,MG,,,Buoy,40.7,-74.02,,
189553,E20090726-32366,32366,hail,Hail,QN,2009-07-26 15:20:00,2009-07-26 15:20:00,0,ok,0,ok,,missing,0.75,,,,Law Enforcement,40.6521,-73.8468,,Penny size hail was reported in Howard Beach.
189763,E20090731-32400,32400,coastal-hazard,Rip Current,QN,2009-07-31 19:00:00,2009-07-31 19:00:00,1,ok,0,ok,0,ok,,,,,Broadcast Media,,,,A 21 year old man drowned due to a rip current in the waters off Jacob Riis Park in Queens.
189669,E20090726-32385,32385,thunderstorm,Marine Thunderstorm Wind,HARBOR,2009-07-26 20:00:00,2009-07-26 20:00:00,0,ok,0,ok,0,ok,42.00,EG,,,Other Federal Agency,40.63,-74.15,,A wind gust of 42 knots was reported by the NOS observation platform at the Bayonne Bridge.
189664,E20090726-32385,32385,thunderstorm,Marine Thunderstorm Wind,HARBOR,2009-07-26 18:42:00,2009-07-26 18:42:00,0,ok,0,ok,0,ok,40.00,EG,,,Other Federal Agency,40.78,-73.78,,A wind gust of 40 knots was reported at the NOS obseravtion platform at Robins Reef.
189612,E20090726-32366,32366,thunderstorm,Thunderstorm Wind,QN,2009-07-26 15:30:00,2009-07-26 15:30:00,0,ok,1,ok,7500,ok,52.00,EG,,,Newspaper,40.807,-73.8568,,A man was injured when a tree fell on his car near the intersection of 164th Street and Underhill Avenue.
189730,E20090726-32366,32366,thunderstorm,Funnel Cloud,QN,2009-07-26 17:45:00,2009-07-26 17:45:00,0,ok,0,ok,0,ok,,,,,Trained Spotter,40.76,-73.84,,A funnel cloud was reported.
189815,E20090726-32366,32366,flash-flooding,Flash Flood,MN,2009-07-26 21:20:00,2009-07-26 22:30:00,0,ok,0,ok,0,ok,,,Heavy Rain,,NWS Employee,40.7584,-73.9862,,Six inches of standing water accumulated at the intersection of W. 46th St. and Broadway.
189816,E20090726-32366,32366,flash-flooding,Flash Flood,MN,2009-07-26 19:49:00,2009-07-26 20:04:00,0,ok,0,ok,0,ok,,,Heavy Rain,,Emergency Manager,40.7957,-73.9311,,FDR Drive was closed at 116th St. due to flooding.
197785,E20090928-34176,34176,thunderstorm,Marine Thunderstorm Wind,HARBOR,2009-09-28 17:26:00,2009-09-28 17:26:00,0,ok,0,ok,0,ok,48.00,MG,,,Mesonet,40.42,-73.98,,A 48 knot wind gust was measured at Sandy Hook.
189571,E20090726-32366,32366,thunderstorm,Lightning,BK,2009-07-26 15:07:00,2009-07-26 15:07:00,0,ok,1,ok,0,ok,,,,,Emergency Manager,40.6077,-73.9348,,A man was injured by a lightning strike at cricket field near Avenue S and East 32nd Street.
189561,E20090726-32366,32366,hail,Hail,BX,2009-07-26 17:43:00,2009-07-26 17:43:00,0,ok,0,ok,,missing,1.00,,,,Trained Spotter,40.84,-73.83,,Quarter size hail was reported in northeastern portions of the Bronx.
189565,E20090726-32366,32366,hail,Hail,QN,2009-07-26 17:50:00,2009-07-26 17:50:00,0,ok,0,ok,,missing,1.00,,,,Public,40.7694,-73.7777,,Hail up to quarter size was reported in the Bayside section of Queens.
189567,E20090726-32366,32366,hail,Hail,QN,2009-07-26 17:50:00,2009-07-26 17:50:00,0,ok,0,ok,,missing,1.00,,,,Public,40.7873,-73.787,,Hail up to quarter size was reported in the Baybridge Condominiums in the Bayside section of Queens.
189578,E20090726-32366,32366,thunderstorm,Thunderstorm Wind,QN,2009-07-26 16:35:00,2009-07-26 16:35:00,0,ok,0,ok,1500,ok,52.00,EG,,,Emergency Manager,40.7505,-73.7627,,A tree was reported down on Bell Boulevard between 56th Avenue and 58th Avenue.
189579,E20090726-32366,32366,thunderstorm,Thunderstorm Wind,QN,2009-07-26 16:36:00,2009-07-26 16:36:00,0,ok,0,ok,4000,ok,52.00,EG,,,Emergency Manager,40.7545,-73.7642,,Trees and wires were reported down at 215-90 50th Avenue.
189582,E20090726-32366,32366,thunderstorm,Thunderstorm Wind,QN,2009-07-26 16:39:00,2009-07-26 16:39:00,0,ok,0,ok,1000,ok,52.00,EG,,,Emergency Manager,40.7531,-73.7427,,Tree down near the intersection of the Cross Island Parkway and the Long Island Expressway.
189586,E20090726-32366,32366,thunderstorm,Thunderstorm Wind,QN,2009-07-26 16:48:00,2009-07-26 16:48:00,0,ok,0,ok,1000,ok,52.00,EG,,,Emergency Manager,40.7264,-73.7801,,A tree was reported down at the intersection of Perth Road and 188th Street.
195152,E20090818-33584,33584,thunderstorm,Thunderstorm Wind,MN,2009-08-18 21:03:00,2009-08-18 21:07:00,0,ok,0,ok,300000,ok,70.00,EG,,,Emergency Manager,40.79,-73.96,,"The New York City Office of Emergency Management reported a few hundred trees down in Central Park, with the most significant tree damage in Western Central park between 90th and 100th Street. Numerous other trees were also reported down in Manhattan, including several on automobiles."
189555,E20090726-32366,32366,hail,Hail,QN,2009-07-26 16:30:00,2009-07-26 16:30:00,0,ok,0,ok,,missing,0.75,,,,Law Enforcement,40.6937,-73.811,,Penny Size hail was reported in Jamaica.
195153,E20090818-33584,33584,thunderstorm,Thunderstorm Wind,QN,2009-08-18 21:13:00,2009-08-18 21:17:00,0,ok,0,ok,100000,ok,61.00,EG,,,Emergency Manager,40.7874,-73.8082,,"Just under 100 trees were reported down across Queens by the New York City Office of Emergency Management, with most down north of the Long Island Expressway. Some of the trees fell on automobiles."
195158,E20090818-33586,33586,thunderstorm,Marine Thunderstorm Wind,HARBOR,2009-08-18 20:25:00,2009-08-18 20:25:00,0,ok,0,ok,,missing,37.00,MG,,,Mesonet,40.5063,-74.2648,,A 37 knot gust was measured at a mesonet site in Perth Amboy.
195159,E20090818-33586,33586,thunderstorm,Marine Thunderstorm Wind,HARBOR,2009-08-18 20:42:00,2009-08-18 20:42:00,0,ok,0,ok,,missing,35.00,MG,,,Other Federal Agency,40.47,-74.02,,A 35 knot gust was measured at the NOS site at Sandy Hook.
194765,E20090803-33502,33502,coastal-hazard,Rip Current,QN,2009-08-03 19:00:00,2009-08-03 19:00:00,1,ok,0,ok,0,ok,,,,,Newspaper,,,,A 21 year old male died in strong rip currents in the Atlantic Ocean off Jacob Riis Park in Queens.
195182,E20090821-33590,33590,thunderstorm,Marine Thunderstorm Wind,HARBOR,2009-08-21 15:18:00,2009-08-21 15:18:00,0,ok,0,ok,,missing,35.00,MG,,,Other Federal Agency,40.657,-74.065,,A gust of 35 knots was measured at the NOS site at Robbins Reef.
194762,E20090801-33501,33501,coastal-hazard,Rip Current,QN,2009-08-01 14:00:00,2009-08-01 14:00:00,1,ok,0,ok,0,ok,,,,,Newspaper,,,,"A 19 year old male drowned, due to strong rip currents, in the Atlantic Ocean off the 25th Street Beach in the Rockaways."
190026,E20090729-32457,32457,thunderstorm,Marine Thunderstorm Wind,HARBOR,2009-07-29 13:50:00,2009-07-29 13:50:00,0,ok,0,ok,0,ok,42.00,MG,,,Mesonet,40.63,-74.15,,A gust of 42 knots was measured at Bayonne Bridge.
195154,E20090818-33584,33584,thunderstorm,Thunderstorm Wind,BX,2009-08-18 21:23:00,2009-08-18 21:27:00,0,ok,0,ok,200000,ok,70.00,EG,,,Emergency Manager,40.8385,-73.8638,,Around 100 trees were reported down in the Bronx by the New York City Office of Emergency Management. Several of these trees fell on automobiles.
195160,E20090818-33586,33586,thunderstorm,Marine Thunderstorm Wind,HARBOR,2009-08-18 20:48:00,2009-08-18 20:48:00,0,ok,0,ok,,missing,43.00,MG,,,Mesonet,40.6104,-74.0252,,A 43 knot gust was measured at a mesonet site in Southern Manhattan.
269671,E20101117-46522,46522,high-winds,Strong Wind,BK,2010-11-17 14:00:00,2010-11-17 16:00:00,0,ok,1,ok,750,ok,45.00,MG,,,Newspaper,,,,"Based on a news story from the Daily News:  FIERCE winds ripped a 20-foot-long branch from aa tree in Brooklyn, sending it plunging to the ground where it struck and critically injured a young woman.  The branch fell from East Seventh street just after 2 pm.||Peak wind gusts of 52 mph was measured at John F. Kennedy Airport, 51 mph at La Guardia Airport, 48 mph at Farmingdale Airport, and 47 mph at Bayville."
269663,E20101117-46519,46519,thunderstorm,Marine Thunderstorm Wind,HARBOR,2010-11-17 04:20:00,2010-11-17 04:20:00,0,ok,0,ok,,missing,42.00,MG,,,Mesonet,40.5,-74.28,,A gust of 42 knots was measured at the mesonet location at Perth Amboy.
269664,E20101117-46519,46519,thunderstorm,Marine Thunderstorm Wind,HARBOR,2010-11-17 04:30:00,2010-11-17 04:30:00,0,ok,0,ok,,missing,47.00,MG,,,Mesonet,40.67,-74.09,,A gust of 47 knots was measured at the mesonet location at Bayonne.
211913,E20100125-36556,36556,high-winds,Strong Wind,QN,2010-01-25 09:00:00,2010-01-25 15:00:00,0,ok,0,ok,10000,ok,45.00,EG,,,Newspaper,,,,Strong winds brought down scaffolding outside 433 Beach 40th Street around 12 noon in Rockaway Beach NY.
211892,E20100103-36548,36548,high-winds,Strong Wind,BK,2010-01-03 08:00:00,2010-01-03 13:00:00,0,ok,0,ok,5000,ok,41.00,EG,,,ASOS,,,,Strong northwest winds behind deep low pressure over the western Atlantic Ocean ripped scores of bricks from a building on Pacific Steet in Brooklyn NY.  No one was injured.
211893,E20100125-36551,36551,high-winds,Strong Wind,BX,2010-01-25 06:00:00,2010-01-25 12:00:00,0,ok,1,ok,1000,ok,48.00,EG,,,ASOS,,,,"Sidewalk bridging along Alcott Place collapsed, injuring one person."
274037,E20101226-47091,47091,winter-storm,Blizzard,QN,2010-12-26 11:00:00,2010-12-27 07:00:00,0,ok,0,ok,0,ok,,,,,Official NWS Observations,,,,
274038,E20101226-47091,47091,winter-storm,Blizzard,BK,2010-12-26 11:00:00,2010-12-27 07:00:00,0,ok,0,ok,0,ok,,,,,Official NWS Observations,,,,
274039,E20101226-47091,47091,winter-storm,Blizzard,SI,2010-12-26 11:00:00,2010-12-27 07:00:00,0,ok,0,ok,0,ok,,,,,Official NWS Observations,,,,"Strong winds blew roofing material off a warehouse on the 2900 Block of Richmond Terrace in Mariner's Harbor, striking nearby power cables and resulting in the streets closure between Union and Dehart Avenues Sunday night, December 27th. Strong winds and whiteout conditions forced the closure of the lower level of the Verrazano Narrows Bridge Sunday night as well."
260922,E20100922-45026,45026,thunderstorm,Thunderstorm Wind,QN,2010-09-22 19:54:00,2010-09-22 19:54:00,0,ok,0,ok,2000,ok,52.00,EG,,,Public,40.5993,-73.7532,,Two trees were reported down on Brookhaven Avenue near St. John���s Hospital in Far Rockaway.
260928,E20100922-45026,45026,thunderstorm,Thunderstorm Wind,SI,2010-09-22 19:30:00,2010-09-22 19:30:00,0,ok,0,ok,5000,ok,52.00,EG,,,Public,40.515,-74.2346,,Trees were reported down near the intersection of Bethel Avenue and Amboy Road.
214130,E20100125-36827,36827,high-winds,Strong Wind,MN,2010-01-25 06:00:00,2010-01-25 11:00:00,0,ok,0,ok,25000,ok,48.00,EG,,,Emergency Manager,,,,Debris was blown off a building northwest of Crown Heights Brooklyn due to strong and gusty winds.
262537,E20100916-45251,45251,tornado,Tornado,QN,2010-09-16 16:42:00,2010-09-16 16:46:00,1,ok,1,ok,17200000,ok,,,,EF1,NWS Storm Survey,40.74,-73.84,,"A National Weather Service Storm Survey Team confirmed a tornado in Queens.||The tornado impacted Flushing and Bayside.  In Flushing, on Browne Street between Roosevelt and 38th Avenues, the third floor of a residential brick building was severely damaged structurally.  Large tree tops were lying on top of buildings and shot like projectiles between buildings.  Sides of houses were peeled back.  There was clear evidence of twisted metal along the side of the building.  On Warren Street near the intersection of Roosevelt Avenue, a steel framed water tower was blown over on the roof.  There was a partial roof collapse on another residential building.||A Pennsylvania woman was killed in her car by a falling tree on Grand Central Parkway.  Her passenger was injured.  A man trying to assist the woman suffered a brain aneurysm and died. ||The tornado touched down around 2.5 miles south of Flushing and lifted 1 mile northeast of Bayside over Little Neck Bay."
262536,E20100916-45251,45251,tornado,Tornado,BK,2010-09-16 16:33:00,2010-09-16 16:35:00,0,ok,0,ok,8500000,ok,,,,EF0,NWS Storm Survey,40.67,-73.99,,"A National Weather Service Storm Survey Team confirmed a tornado near Park Slope in Brooklyn.||In the northern portion of Prospect Park, there were signs of tree damage that converged towards a well defined narrow path.  Tree tops were twisted and sheared off.  The location of the tornado was bounded by Prospect Park on the west, Flatbush Avenue on the east and Subway Grand Army Plaza to the north.  The tornado formed just southwest of the Brooklyn Public Library and lifted around 2 miles northeast of Park Slope."
262527,E20100916-45251,45251,thunderstorm,Thunderstorm Wind,SI,2010-09-16 16:30:00,2010-09-16 16:30:00,0,ok,0,ok,1700000,ok,61.00,EG,,,Trained Spotter,40.64,-74.13,,Numerous trees were downed on Staten Island.
217745,E20100225-37422,37422,heavy-snow,Heavy Snow,MN,2010-02-25 07:00:00,2010-02-26 19:00:00,1,ok,0,ok,0,ok,,,,,Broadcast Media,,,,Heavy wet snow accumulated on trees.  One branch fell on and killed a male in his 30s in Central Park around 3:58 pm EST.  Numerous trees were downed from 69th through 71st streets along 5th Avenue.  One tree fell on and crushed a city bus with people in it.  No injuries were reported.
217496,E20100209-37383,37383,heavy-snow,Heavy Snow,BK,2010-02-09 22:00:00,2010-02-11 01:00:00,0,ok,0,ok,0,ok,,,,,Official NWS Observations,,,,
217497,E20100209-37383,37383,heavy-snow,Heavy Snow,SI,2010-02-09 21:00:00,2010-02-11 01:00:00,0,ok,0,ok,0,ok,,,,,Official NWS Observations,,,,
217746,E20100225-37422,37422,heavy-snow,Heavy Snow,BX,2010-02-25 07:00:00,2010-02-26 19:00:00,0,ok,0,ok,0,ok,,,,,Official NWS Observations,,,,
217747,E20100225-37422,37422,heavy-snow,Heavy Snow,BK,2010-02-25 10:00:00,2010-02-26 19:00:00,0,ok,0,ok,0,ok,,,,,Official NWS Observations,,,,
217908,E20100225-37422,37422,heavy-snow,Heavy Snow,QN,2010-02-25 10:00:00,2010-02-26 19:00:00,0,ok,0,ok,0,ok,,,,,Official NWS Observations,,,,
217909,E20100225-37422,37422,heavy-snow,Heavy Snow,SI,2010-02-25 10:00:00,2010-02-26 19:00:00,0,ok,0,ok,0,ok,,,,,Official NWS Observations,,,,
217494,E20100209-37383,37383,heavy-snow,Heavy Snow,BX,2010-02-09 22:00:00,2010-02-11 01:00:00,0,ok,0,ok,0,ok,,,,,Official NWS Observations,,,,
217495,E20100209-37383,37383,heavy-snow,Heavy Snow,QN,2010-02-09 22:00:00,2010-02-11 01:00:00,0,ok,0,ok,0,ok,,,,,Official NWS Observations,,,,
217500,E20100209-37383,37383,heavy-snow,Heavy Snow,MN,2010-02-09 22:00:00,2010-02-11 01:00:00,0,ok,0,ok,0,ok,,,,,Official NWS Observations,,,,
274035,E20101226-47091,47091,winter-storm,Blizzard,MN,2010-12-26 11:00:00,2010-12-27 07:00:00,0,ok,0,ok,0,ok,,,,,Official NWS Observations,,,,
274036,E20101226-47091,47091,winter-storm,Blizzard,QN,2010-12-26 11:00:00,2010-12-27 07:00:00,0,ok,0,ok,0,ok,,,,,Official NWS Observations,,,,
274034,E20101226-47091,47091,winter-storm,Blizzard,BX,2010-12-26 11:00:00,2010-12-27 07:00:00,0,ok,0,ok,0,ok,,,,,Official NWS Observations,,,,
217060,E20100313-37306,37306,high-winds,High Wind,BK,2010-03-13 21:00:00,2010-03-13 21:00:00,0,ok,0,ok,100000,ok,56.00,EG,,,Public,,,,A wind gust to 65 mph was reported by the public in Coney Island. This wind gust was recorded at 9 pm.  Large trees were knocked down on cars and houses.  Boats in bays were damaged.
222672,E20100313-38336,38336,heavy-rain,Heavy Rain,MN,2010-03-13 00:00:00,2010-03-14 00:00:00,0,ok,0,ok,0,ok,,,,,Official NWS Observations,40.7795,-73.969,,The Central Park Automated Surface Observing System recorded 3.84 inches of rainfall on March 13.  This was the greatest 24-hour rainfall total for March 2010.
222674,E20100313-38336,38336,heavy-rain,Heavy Rain,QN,2010-03-13 00:00:00,2010-03-14 00:00:00,0,ok,0,ok,0,ok,,,,,Official NWS Observations,40.779,-73.8743,,The Automated Surface Observing System at LaGuardia Airport recorded 3.16 inches of rainfall on March 13.  This was the greatest 24-hour rainfall total for March 2010.
221038,E20100313-37982,37982,coastal-hazard,High Surf,SI,2010-03-13 18:45:00,2010-03-13 18:45:00,0,ok,0,ok,0,ok,,,,,Emergency Manager,,,,The Staten Island ferry was closed for a time due to high surf the evening of March 13th.
222487,E20100313-37294,37294,high-winds,High Wind,SI,2010-03-13 16:00:00,2010-03-13 22:00:00,0,ok,0,ok,100000,ok,50.00,EG,,,Newspaper,,,,There were 560 trees downed across the Island due to the high winds from the storm.|Power lines were downed as well.
221376,E20100328-37981,37981,heavy-rain,Heavy Rain,QN,2010-03-28 18:00:00,2010-03-31 07:00:00,0,ok,0,ok,0,ok,,,,,ASOS,40.63,-73.78,,"Total rainfall recorded at John F. Kennedy (JFK) International Airport and LaGuardia Airport was 4.52 inches and 4.16 inches respectively. In addition, total precipitation for the month of March was 8.62 inches at JFK Airport which broke the old record of 8.17 inches set in 1980. On March 30, 2.29 inches of this record rainfall fell within a 24 hour period.  Total precipitation for the month of March was 8.62 inches at JFK Airport which broke the old record of 8.17 inches set in 1980. On March 30, 2.29 inches of this record rainfall fell within a 24 hour period.  The total monthly precipitation for March at LaGuardia Airport was 9.55 inches which also broke its previous record of 8.73 inches set in 1953."
265389,E20101001-44969,44969,inland-flooding,Flood,BK,2010-10-01 05:50:00,2010-10-01 06:45:00,0,ok,0,ok,0,ok,,,Heavy Rain / Tropical System,,Trained Spotter,40.6532,-73.8587,,All lanes flooded on the Belt Pkwy. from the Brooklyn-Queens County line to Flatbush Avenue.
221360,E20100328-37981,37981,heavy-rain,Heavy Rain,BX,2010-03-30 06:19:00,2010-03-30 10:00:00,0,ok,0,ok,0,ok,,,,,Broadcast Media,40.9153,-73.9103,,"A prolonged period of heavy rain caused a mudslide onto the railroad tracks near the Metro North Riverdale train station, which temporarily disrupted service."
221367,E20100328-37981,37981,heavy-rain,Heavy Rain,MN,2010-03-28 18:00:00,2010-03-31 07:00:00,0,ok,0,ok,0,ok,,,,,ASOS,40.7814,-73.9667,,"Total rainfall recorded at Belvedere Castle in Central Park was 4.38 inches. In addition, total precipitation for the month of March was 10.69 inches which broke the old record of 10.54 inches set in 1983."
266106,E20101001-44969,44969,flash-flooding,Flash Flood,MN,2010-10-01 05:00:00,2010-10-01 06:45:00,0,ok,0,ok,0,ok,,,Heavy Rain / Tropical System,,Newspaper,40.7941,-73.9704,,"Full service on the 1, 2 and 3 subway lines in Manhattan was suspended due to flooding.  The ASOS in Central Park recorded 3.56 inches of total rainfall."
265388,E20101001-44969,44969,inland-flooding,Flood,BX,2010-10-01 06:06:00,2010-10-01 06:45:00,0,ok,0,ok,0,ok,,,Heavy Rain / Tropical System,,Broadcast Media,40.8816,-73.9026,,Flooding occurred on the southbound Major Deegan Expressway at 233rd St in the Bronx.
221024,E20100313-37982,37982,coastal-flooding,Coastal Flood,SI,2010-03-13 17:12:00,2010-03-13 19:48:00,0,ok,0,ok,0,ok,,,,,Other Federal Agency,,,,Water rose to 8.32 ft. MLLW at the NOS tidal gage at Sandy Hook at 536 pm EST on March 13th. This is .22 ft. above the moderate flooding benchmark.
221026,E20100313-37982,37982,coastal-flooding,Coastal Flood,BK,2010-03-13 17:12:00,2010-03-13 19:48:00,0,ok,0,ok,0,ok,,,,,Other Federal Agency,,,,"Water rose to 8.32 ft. MLLW at the NOS tidal gage at Sandy Hook at 536 pm EST on March 13th. This is .22 ft. above the moderate flooding benchmark. Water rose to 8.7 ft. MLLW at the USGS tidal gage at Rockaway Inlet at Floyd Bennet Field on the evening of March 13th. This is .20 ft. above the moderate flooding benchmark.  In addition, the Belt Parkway was closed in both directions from Bay 8th Street to Bay Parkway due to coastal flooding. Storm surges left thick ocean debris along Shore Blvd. near Exeter Street as well as Holocaust Memorial Park.  At Manhattan Beach and Sheepshead Bay, two sailboats were sunk and numerous boats ripped off their moorings by the high waters and rough surf."
221019,E20100313-37982,37982,coastal-flooding,Coastal Flood,QN,2010-03-13 20:24:00,2010-03-13 23:18:00,0,ok,0,ok,0,ok,,,,,Other Federal Agency,,,,Water rose to 12.36 ft. MLLW at the NOS tidal gage at Kings Point at 10 pm EST on March 13th. This is 1.86 ft. above the moderate flooding benchmark. Water rose to 8.7 ft. MLLW at the USGS tidal gage at Rockaway Inlet at Floyd Bennet Field on the evening of March 13th. This is .20 ft. above the moderate flooding benchmark.
221020,E20100313-37982,37982,coastal-flooding,Coastal Flood,MN,2010-03-13 17:36:00,2010-03-13 20:12:00,0,ok,0,ok,0,ok,,,,,Other Federal Agency,,,,Water rose to 8.50 ft. MLLW at the NOS tidal gage at The Battery at 7 pm EST on March 13th. This is .50 ft. above the moderate flooding benchmark.
221021,E20100313-37982,37982,coastal-flooding,Coastal Flood,BX,2010-03-13 20:24:00,2010-03-13 23:18:00,0,ok,0,ok,0,ok,,,,,Other Federal Agency,,,,Water rose to 12.36 ft. MLLW at the NOS tidal gage at Kings Point at 10 pm EST on March 13th. This is 1.86 ft. above the moderate flooding benchmark.
221359,E20100328-37981,37981,inland-flooding,Flood,QN,2010-03-30 09:35:00,2010-03-31 01:00:00,0,ok,0,ok,0,ok,,,Heavy Rain,,Broadcast Media,40.7908,-73.793,,The entrance ramp from the Throgs Neck Bridge onto the southbound Cross Island Pkwy. in Bayside was closed due to flooding.||Total rainfall amounts received across Queens County ranged from 3.86 in South Ozone Park to 4.52 inches at John F. Kennedy International Airport.
266126,E20101011-45875,45875,flash-flooding,Flash Flood,BK,2010-10-11 19:45:00,2010-10-11 20:00:00,0,ok,0,ok,0,ok,,,Heavy Rain,,Public,40.673,-73.9937,,Several inches of water was rushing down Eighth St. and entering some residences in Park Slope.
230030,E20100504-39576,39576,thunderstorm,Marine Thunderstorm Wind,HARBOR,2010-05-04 16:35:00,2010-05-04 16:35:00,0,ok,0,ok,,missing,39.00,MG,,,Mesonet,40.63,-74.15,,A 39 knot wind gust was recorded at the Bayonne Bridge Mesonet.
230033,E20100504-39576,39576,thunderstorm,Marine Thunderstorm Wind,HARBOR,2010-05-04 16:30:00,2010-05-04 16:30:00,0,ok,0,ok,,missing,34.00,MG,,,Mesonet,40.63,-74.15,,A 34 knot wind gust was recorded at the Bayonne Bridge Mesonet.
230035,E20100504-39576,39576,thunderstorm,Marine Thunderstorm Wind,HARBOR,2010-05-04 17:00:00,2010-05-04 17:00:00,0,ok,0,ok,0,ok,34.00,MG,,,Mesonet,40.55,-73.93,,A 34 knot wind gust was recorded at the Breezy Point Mesonet.
241985,E20100624-41524,41524,thunderstorm,Thunderstorm Wind,QN,2010-06-24 13:45:00,2010-06-24 13:45:00,0,ok,0,ok,100000,ok,70.00,EG,,,Fire Department/Rescue,40.7722,-73.7401,,"Numerous utility poles, street lamps, and trees were reported down in Northeastern Queens, with the worst damage in Little Neck and Douglaston. At least one chimney was collapsed, and trees fell on several vehicles, including a mini-van, totaling the vehicle, and destroying a double bass inside."
240243,E20100601-41273,41273,thunderstorm,Marine Thunderstorm Wind,HARBOR,2010-06-01 16:12:00,2010-06-01 16:12:00,0,ok,0,ok,,missing,41.00,MG,,,Mesonet,40.47,-74.02,,A 41 knot wind gust was recorded at Sandy Hook.
242510,E20100629-41624,41624,coastal-hazard,Rip Current,QN,2010-06-29 18:00:00,2010-06-29 18:00:00,1,ok,0,ok,0,ok,,,,,Newspaper,,,,"Shortly after 7 pm on Tuesday June 29th, 14 yr old Scott McLeish of Flatlands was swept to sea by a rip current. His body was not recovered. The incident happened after life guards went off duty, and boy was not a strong swimmer.||Strong rip currents were reported at Jones Beach and  Robert Moses, with dangerous rip currents at  Hither Hills."
241997,E20100624-41524,41524,thunderstorm,Thunderstorm Wind,QN,2010-06-24 13:39:00,2010-06-24 13:39:00,0,ok,0,ok,,missing,54.00,MG,,,ASOS,40.7794,-73.8808,,A gust of 54 knots was measured at LaGuardia Airport.
241965,E20100624-41524,41524,hail,Hail,QN,2010-06-24 13:44:00,2010-06-24 13:44:00,0,ok,0,ok,2000,ok,1.75,,,,Trained Spotter,40.788,-73.7911,,"Hail of at least golf ball size fell on the Queens side of the Throgs Neck Bridge, with at least one car dented."
245185,E20100606-42028,42028,high-winds,Strong Wind,QN,2010-06-06 15:40:00,2010-06-06 15:40:00,0,ok,0,ok,6000,ok,43.00,EG,,,Broadcast Media,,,,Two people were injured when gusty winds brought a tree limb down on a car.
228406,E20100508-39310,39310,high-winds,Strong Wind,QN,2010-05-08 12:00:00,2010-05-08 19:00:00,0,ok,0,ok,200000,ok,46.00,EG,,,Newspaper,,,,"Strong winds knocked down numerous trees across Queens County during the afternoon and evening. Flushing, Queensboro Hill, College Point, Malba, Whitestone and Bay Terrace were among the locations where trees were reported downed. Power outages occurred and a tree fell onto a car on College Point Blvd. at 25th Avenue."
249917,E20100719-42881,42881,thunderstorm,Marine Thunderstorm Wind,HARBOR,2010-07-19 18:55:00,2010-07-19 18:55:00,0,ok,0,ok,,missing,36.00,MG,,,Mesonet,40.5013,-74.2837,,A gust of 36 knots was measured at the Perth Amboy mesonet location.
258273,E20100704-42875,42875,extreme-heat,Excessive Heat,SI,2010-07-04 00:00:00,2010-07-07 23:00:00,2,ok,0,ok,0,ok,,,,,Emergency Manager,,,,Hot temperatures in excess of 90 degrees began July 4th and continued through July 7th. The temperature eclipsed 100 degrees at several locations during this time.
250301,E20100723-42930,42930,thunderstorm,Lightning,BK,2010-07-23 20:00:00,2010-07-23 20:00:00,0,ok,1,ok,,missing,,,,,Newspaper,40.6694,-73.9449,,A man was struck by lightning along Eastern Avenue in the Crown Heights section of Brooklyn.
250302,E20100723-42930,42930,thunderstorm,Lightning,BX,2010-07-23 20:04:00,2010-07-23 20:04:00,0,ok,1,ok,,missing,,,,,Newspaper,40.85,-73.8845,,A woman was struck by lightning along Garden Street in the Belmont section of the Bronx.
250278,E20100723-42930,42930,thunderstorm,Thunderstorm Wind,QN,2010-07-23 19:53:00,2010-07-23 19:53:00,0,ok,0,ok,5000,ok,52.00,EG,,,Emergency Manager,40.7232,-73.8888,,Power lines were reported down in Middle Village in between 60th  and 62nd Avenues on the north and south and 69th Place and 71st Street on the west and east.
262520,E20100916-45248,45248,thunderstorm,Marine Thunderstorm Wind,HARBOR,2010-09-16 16:48:00,2010-09-16 16:48:00,0,ok,0,ok,,missing,39.00,MG,,,Mesonet,40.48,-73.98,,A 39 kt wind gust was recorded at a mesonet near Coney Island.
262506,E20100916-45251,45251,thunderstorm,Thunderstorm Wind,QN,2010-09-16 16:40:00,2010-09-16 16:40:00,0,ok,0,ok,,missing,61.00,EG,,,Broadcast Media,40.72,-73.88,,Trees were downed near Crown Heights.
262507,E20100916-45251,45251,thunderstorm,Thunderstorm Wind,QN,2010-09-16 16:42:00,2010-09-16 16:42:00,0,ok,0,ok,,missing,61.00,EG,,,Public,40.7489,-73.8907,,"Trees were down on 75th Street and 37th Avenue, partially blocking the road."
249841,E20100704-42875,42875,extreme-heat,Excessive Heat,QN,2010-07-04 00:00:00,2010-07-07 23:00:00,4,ok,0,ok,0,ok,,,,,Emergency Manager,,,,Hot temperatures in excess of 90 degrees began July 4th and continued through July 7th. The temperature eclipsed 100 degrees at several locations during this time.
249876,E20100704-42875,42875,extreme-heat,Excessive Heat,MN,2010-07-04 00:00:00,2010-07-07 23:00:00,2,ok,0,ok,0,ok,,,,,Emergency Manager,,,,Hot temperatures in excess of 90 degrees began July 4th and continued through July 7th. The temperature eclipsed 100 degrees at several locations during this time.
262508,E20100916-45251,45251,thunderstorm,Thunderstorm Wind,QN,2010-09-16 16:42:00,2010-09-16 16:42:00,0,ok,0,ok,,missing,61.00,EG,,,Broadcast Media,40.72,-73.85,,Large tree limbs were downed on power lines.
262510,E20100916-45251,45251,thunderstorm,Thunderstorm Wind,QN,2010-09-16 16:42:00,2010-09-16 16:42:00,0,ok,0,ok,,missing,65.00,EG,,,Public,40.72,-73.87,,Multiple large trees and wires were downed with several roads blocked. Multiple trees were also downed on houses. The siding of a church was torn off.
260948,E20100922-45031,45031,thunderstorm,Marine Thunderstorm Wind,HARBOR,2010-09-22 19:15:00,2010-09-22 19:15:00,0,ok,0,ok,,missing,43.00,MG,,,Mesonet,40.5,-74.28,,A gust of 43 knots was measured at Perth Amboy.
257997,E20100822-44442,44442,high-winds,Strong Wind,QN,2010-08-22 16:15:00,2010-08-22 16:15:00,0,ok,0,ok,10000,ok,43.00,EG,,,Newspaper,,,,"Large branches and power lines were reported down in Ozone Park, in Queens. One of the branches landed on a car."
262511,E20100916-45251,45251,thunderstorm,Thunderstorm Wind,QN,2010-09-16 16:42:00,2010-09-16 16:42:00,0,ok,0,ok,,missing,61.00,EG,,,Broadcast Media,40.7124,-73.8753,,Trees were downed on Metropolitan Avenue.
262512,E20100916-45251,45251,thunderstorm,Thunderstorm Wind,QN,2010-09-16 16:42:00,2010-09-16 16:42:00,0,ok,0,ok,,missing,61.00,EG,,,Public,40.73,-73.83,,A garage complex in the Joyce Garden Co-op collapsed with multiple cars inside.
262513,E20100916-45251,45251,thunderstorm,Thunderstorm Wind,QN,2010-09-16 16:44:00,2010-09-16 16:44:00,0,ok,0,ok,,missing,61.00,EG,,,Trained Spotter,40.73,-73.78,,Parts of some roofs were torn off in Fresh Meadows.
262514,E20100916-45251,45251,thunderstorm,Thunderstorm Wind,QN,2010-09-16 16:45:00,2010-09-16 16:45:00,0,ok,0,ok,,missing,61.00,EG,,,Public,40.7222,-73.8441,,"On 108th Street facing Queens Boulevard, a patio door blew in on the 15th floor terrace. There were 15 smashed windows in the building. Roof vents were torn off and metal patio railing was pulled off."
262516,E20100916-45251,45251,thunderstorm,Thunderstorm Wind,QN,2010-09-16 16:45:00,2010-09-16 16:45:00,0,ok,0,ok,,missing,61.00,EG,,,NWS Employee,40.7709,-73.8014,,A tree limb measuring 1.5 inches in diameter and 50 feet in length was downed on 163rd Street and 29th Avenue.
262518,E20100916-45251,45251,thunderstorm,Thunderstorm Wind,QN,2010-09-16 16:50:00,2010-09-16 16:50:00,0,ok,0,ok,,missing,61.00,EG,,,Broadcast Media,40.7656,-73.7751,,A large tree was uprooted between 38th Avenue and 211th Street.
262523,E20100916-45251,45251,thunderstorm,Thunderstorm Wind,SI,2010-09-16 16:21:00,2010-09-16 16:21:00,0,ok,0,ok,,missing,61.00,EG,,,Broadcast Media,40.63,-74.14,,Trees were downed on Innis Street and Port Richmond High School.
249896,E20100724-42880,42880,extreme-heat,Excessive Heat,BK,2010-07-24 00:00:00,2010-07-25 23:00:00,2,ok,0,ok,0,ok,,,,,Emergency Manager,,,,Hot temperatures and high humidity began July 24th and continued through July 25th.
262524,E20100916-45251,45251,thunderstorm,Thunderstorm Wind,SI,2010-09-16 16:23:00,2010-09-16 16:23:00,0,ok,0,ok,,missing,61.00,EG,,,Broadcast Media,40.53,-74.23,,Trees were downed on cars.
262525,E20100916-45251,45251,thunderstorm,Thunderstorm Wind,SI,2010-09-16 16:25:00,2010-09-16 16:25:00,0,ok,0,ok,,missing,61.00,EG,,,NWS Employee,40.63,-74.11,,A tree was downed on a house.
262526,E20100916-45251,45251,thunderstorm,Thunderstorm Wind,SI,2010-09-16 16:27:00,2010-09-16 16:27:00,0,ok,0,ok,,missing,61.00,EG,,,Broadcast Media,40.64,-74.09,,A tree fell through the roof of a home in New Brighton.
262528,E20100916-45251,45251,thunderstorm,Thunderstorm Wind,BK,2010-09-16 16:32:00,2010-09-16 16:32:00,0,ok,0,ok,,missing,61.00,EG,,,Broadcast Media,40.67,-73.99,,Numerous trees and wires were downed.
262529,E20100916-45251,45251,thunderstorm,Thunderstorm Wind,BK,2010-09-16 16:35:00,2010-09-16 16:35:00,0,ok,0,ok,,missing,52.00,EG,,,Trained Spotter,40.69,-74.0,,A trained spotter estimated 60 mph winds.
262530,E20100916-45251,45251,thunderstorm,Thunderstorm Wind,SI,2010-09-16 16:35:00,2010-09-16 16:35:00,0,ok,0,ok,,missing,61.00,EG,,,Public,40.56,-74.16,,The public estimated 70 mph winds.
262531,E20100916-45251,45251,thunderstorm,Thunderstorm Wind,BK,2010-09-16 16:37:00,2010-09-16 16:37:00,0,ok,0,ok,,missing,57.00,MG,,,Mesonet,40.69,-73.98,,A 66 mph wind gust was recorded at Bishop Loughlin Memorial High School.
262532,E20100916-45251,45251,thunderstorm,Thunderstorm Wind,BK,2010-09-16 16:38:00,2010-09-16 16:38:00,0,ok,0,ok,,missing,61.00,EG,,,Broadcast Media,40.63,-73.92,,A large tree was downed on a car.
262533,E20100916-45251,45251,thunderstorm,Thunderstorm Wind,QN,2010-09-16 16:42:00,2010-09-16 16:42:00,0,ok,0,ok,,missing,61.00,EG,,,Broadcast Media,40.72,-73.85,,An 80 foot tree was downed on a house.
262534,E20100916-45251,45251,thunderstorm,Thunderstorm Wind,QN,2010-09-16 16:42:00,2010-09-16 16:42:00,0,ok,0,ok,,missing,61.00,EG,,,NWS Employee,40.72,-73.85,,A roof was blown off of a building and into another building on Burns Street.
262538,E20100916-45251,45251,thunderstorm,Thunderstorm Wind,BK,2010-09-16 16:33:00,2010-09-16 16:33:00,0,ok,1,ok,,missing,61.00,EG,,,Broadcast Media,40.67,-73.98,,A deliveryman was injured at 7th Avenue and 9th Street as plate-glass windows were blown out of the Brooklyn Industries Store.
262490,E20100916-45248,45248,thunderstorm,Marine Thunderstorm Wind,HARBOR,2010-09-16 16:20:00,2010-09-16 16:20:00,0,ok,0,ok,,missing,64.00,MG,,,Mesonet,40.51,-74.24,,A 64 kt wind gust was recorded at the Perth Amboy mesonet.
262515,E20100916-45251,45251,thunderstorm,Thunderstorm Wind,QN,2010-09-16 16:45:00,2010-09-16 16:45:00,0,ok,0,ok,,missing,61.00,EG,,,Public,40.74,-73.82,,"Numerous trees were downed on the Queens College campus.  Large trees were snapped in half, and some were completely blown over at the roots.  A street light was also blown onto a bus stop at Jewel Avenue."
262535,E20100916-45251,45251,thunderstorm,Thunderstorm Wind,QN,2010-09-16 16:45:00,2010-09-16 16:45:00,0,ok,0,ok,,missing,61.00,EG,,,Public,40.7222,-73.847,,Extensive tree damage was reported at MacDonald Park.
262545,E20100916-45251,45251,thunderstorm,Thunderstorm Wind,QN,2010-09-16 16:40:00,2010-09-16 16:40:00,0,ok,0,ok,,missing,109.00,EG,,,NWS Storm Survey,40.7155,-73.8247,,"A National Weather Service Storm Survey verified the occurance of a macroburst in Queens.  The path extended from Middle Village east across Forest Hills.||In Forest Hills, at MacDonald Park, a field of trees were sheared off which completely demolished the park.  Many whole trees and large branches were downed in a divergent pattern.  This was a clear signature of macroburst wind damage.||The area of the macroburst was bounded by Queens Boulevard and 69th Road to the northeast near the intersection of Yellowstone Boulevard.||Just southwest of the Long Island Expressway along 63rd Avenue and near the intersections of Reeves Avenue and 146th Street, many huge healthy 36 inch diameter trees fell in nearly the same direction in narrow roads.  Downed trees destroyed many cars and made entries to houses impassable.  Widespread tree damage made many secondary and tertiary roads impassable.||Many whole trees and large branches were downed near Queens College, along Dartmouth Street and in Forest Hills Garden, and along Park Drive East in Kew Garden Hills."
262492,E20100916-45248,45248,thunderstorm,Marine Thunderstorm Wind,HARBOR,2010-09-16 16:30:00,2010-09-16 16:30:00,0,ok,0,ok,0,ok,106.00,MG,,,Official NWS Observations,40.78,-73.78,,A 106 kt wind gust was recorded at the Robins Reef NOAA weather station.  The anemometer height is 72 feet.
256941,E20100822-44211,44211,flash-flooding,Flash Flood,QN,2010-08-22 21:25:00,2010-08-22 22:32:00,0,ok,0,ok,0,ok,,,Heavy Rain,,Fire Department/Rescue,40.6822,-73.7358,,"Several vehicles became stuck in flood waters with occupants rescued by the local fire department on 147th Ave., 225 St. and 144th Ave. in Brookville."
262491,E20100916-45248,45248,thunderstorm,Marine Thunderstorm Wind,HARBOR,2010-09-16 16:25:00,2010-09-16 16:25:00,0,ok,0,ok,,missing,44.00,MG,,,Mesonet,40.63,-74.15,,A 44 kt wind gust was recorded at the Bayonne Bridge.
257966,E20100822-44211,44211,flash-flooding,Flash Flood,QN,2010-08-22 21:30:00,2010-08-22 21:32:00,0,ok,0,ok,30000,ok,,,Heavy Rain,,Newspaper,40.715,-73.7356,,"In Springfield Gardens, Springfield Blvd. became impassable due to flood waters.  A bus became submerged in high water on Springfield Blvd. near 140th St. and its occupants were rescued by the local fire department.  Water accumulated under the underpasses on the Belt Parkway, causing the road to be closed in both directions.  Multiple people were trapped in vehicles, which local fire departments responded to in addition to flooding of many residential homes.  A resident on Edgewood Ave. needed assistance escaping the deluge of water entering her basement apartment."
266019,E20101004-45855,45855,coastal-flooding,Storm Surge/Tide,QN,2010-10-04 17:30:00,2010-10-04 18:00:00,0,ok,0,ok,0,ok,,,,,Emergency Manager,,,,"Some minor coastal flooding was reported in the area of Rockaway Boulevard and Brookville Boulevard near John F. Kennedy International Airport, as a few vehicles were stuck in flood waters between 5:30 pm and 6:00 pm (EDT).  Three calls were placed to 911 for assistance.  No injuries were reported and the coastal flooding resulted in a temporary road closure until the waters receded."
264739,E20101001-45598,45598,high-winds,Strong Wind,QN,2010-10-01 04:00:00,2010-10-01 07:00:00,0,ok,0,ok,20000,ok,44.00,MG,,,ASOS,,,,The ASOS at Laguardia Airport measured a wind gust to 51 mph at 5:01 am.
253528,E20100725-43551,43551,tornado,Tornado,BX,2010-07-25 13:55:00,2010-07-25 14:00:00,0,ok,7,ok,150000,ok,,,,EF1,Emergency Manager,40.91,-73.91,,"The tornado touched down on the grounds of the Hebrew Home for the Aged along the east bank of the Hudson River west of Palisade Avenue in Riverdale. High winds flattened a flag pole, downed trees and snapped and sheared off many tree tops. A few trees crashed through first floor windows that caused them to shatter resulting in 7 minor injuries. On the south side of the building, large trees were totally stripped of their canopies and one became a projectile as it was wedged between an upstream tree. An eyewitness account at this location stated that he saw funnel clouds develop upstream over the Hudson as the thunderstorm approached.||Several eyewitnesses along the southeast path of this storm stated that they saw clouds and debris swirl in white out conditions as many tree tops were snapped and sheared off. Significant damage occurred along West 254th Street northwest across Netherlands and Arlington Streets, where at least one residential roof was damaged west of 254th Street."
253521,E20100725-43551,43551,thunderstorm,Thunderstorm Wind,BX,2010-07-25 14:07:00,2010-07-25 14:07:00,0,ok,0,ok,4000,ok,61.00,EG,,,Public,40.84,-73.86,,A large tree damaged a car.
265390,E20101001-44969,44969,inland-flooding,Flood,QN,2010-10-01 07:00:00,2010-10-01 07:15:00,0,ok,0,ok,0,ok,,,Heavy Rain / Tropical System,,Broadcast Media,40.6652,-73.7822,,The left and right lanes on the Belt Pkwy. were closed due to flooding from JFK Airport to the Brooklyn-Queens County line.  Total rainfall recorded by the ASOS at JFK Airport and LaGuardia Airport were 3.08 inches and 3.06 inches respectively.
244699,E20100624-41524,41524,thunderstorm,Thunderstorm Wind,BX,2010-06-24 13:42:00,2010-06-24 13:42:00,0,ok,0,ok,7500,ok,61.00,EG,,,Public,40.8118,-73.8017,,Trees and tree limbs were reported down on the campus of SUNY Maritime.
265386,E20101001-44969,44969,flash-flooding,Flash Flood,MN,2010-10-01 06:30:00,2010-10-01 06:45:00,0,ok,0,ok,0,ok,,,Heavy Rain / Tropical System,,Broadcast Media,40.7603,-73.9555,,The FDR Drive was closed northbound at 61st St. due to flooding.
280086,E20110219-48002,48002,high-winds,High Wind,QN,2011-02-19 05:00:00,2011-02-19 09:00:00,0,ok,0,ok,100000,ok,51.00,EG,,,Mesonet,,,,A wind gust up to 59 mph was reported in Bayside at 7:39 am.  These winds resulted in downed trees or tree limbs across portions of the entire area.
280085,E20110219-48002,48002,high-winds,High Wind,QN,2011-02-19 10:00:00,2011-02-19 14:00:00,0,ok,0,ok,100000,ok,52.00,EG,,,ASOS,,,,The ASOS at JFK Airport reported a wind gust up to 60 mph at 12:13 pm.  These winds resulted in downed trees or tree limbs across portions of the entire area.
287559,E20110201-49067,49067,freezing-precipitation,Ice Storm,BX,2011-02-01 01:00:00,2011-02-02 11:00:00,0,ok,0,ok,0,ok,,,,,Official NWS Observations,,,,
287560,E20110201-49067,49067,freezing-precipitation,Ice Storm,QN,2011-02-01 01:00:00,2011-02-02 11:00:00,0,ok,0,ok,0,ok,,,,,Official NWS Observations,,,,
287561,E20110201-49067,49067,freezing-precipitation,Ice Storm,MN,2011-02-01 01:00:00,2011-02-02 11:00:00,0,ok,0,ok,0,ok,,,,,Official NWS Observations,,,,
303880,E20110416-51145,51145,coastal-flooding,Coastal Flood,QN,2011-04-16 17:18:00,2011-04-16 18:06:00,0,ok,0,ok,0,ok,,,,,Other Federal Agency,,,,"Water levels rose to 5.64 feet NGVD, 0.14 feet above the stage for moderate flooding at the USGS tidal gage in East Rockaway Inlet at Atlantic Beach."
301892,E20110417-51015,51015,thunderstorm,Lightning,MN,2011-04-17 20:05:00,2011-04-17 20:05:00,0,ok,0,ok,10000,ok,,,,,Broadcast Media,40.8541,-73.9314,,"Lightning struck the top of the building located at 621 West 188th Street, near Wadsworth Avenue in Upper Manhattan."
303868,E20110416-51145,51145,coastal-flooding,Coastal Flood,SI,2011-04-16 18:30:00,2011-04-16 19:36:00,0,ok,0,ok,0,ok,,,,,Other Federal Agency,,,,"Water levels rose to 8.68 feet MLLW, 0.18 feet above the stage for moderate flooding at the Bergen Point West Reach NOS tidal gage."
303870,E20110416-51145,51145,coastal-flooding,Coastal Flood,MN,2011-04-16 18:42:00,2011-04-16 19:24:00,0,ok,0,ok,0,ok,,,,,Other Federal Agency,,,,"Water levels rose to 8.12 feet MLLW, 0.12 feet above the stage for moderate flooding at the Battery NOS tidal gage."
352919,E20111029-58892,58892,winter-storm,Winter Storm,MN,2011-10-29 10:00:00,2011-10-30 00:00:00,0,ok,0,ok,0,ok,,,,,Emergency Manager,,,,"Widespread tree damage and power outages occurred due to 2 to 4 inches of heavy wet snow. A significant number of trees came down across the county starting around 1 pm EST due to the combined heavy wet snow and 15 to 20 mph winds. Hundreds of trees and thousands of tree limbs were downed through the storm, especially in Central Park."
352920,E20111029-58892,58892,winter-storm,Winter Storm,QN,2011-10-29 10:00:00,2011-10-30 01:00:00,0,ok,0,ok,0,ok,,,,,Emergency Manager,,,,A significant number of trees came down across the county starting around 1 pm EST due to the combination of 1 to 3 inches of heavy wet snow and 15 to 20 mph winds.  Hundreds of trees were downed through the storm.
343568,E20110828-57294,57294,coastal-flooding,Storm Surge/Tide,MN,2011-08-28 06:30:00,2011-08-28 10:00:00,0,ok,0,ok,0,ok,,,,,Official NWS Observations,,,,"The NOS tidal gauge at the Battery recorded a maximum water level of 9.50 ft. MLLW at 842 am on August 28 2011, which is well above the NWS threshold for moderate coastal flooding.||These water levels caused widespread moderate to major coastal flooding.  In the Red Hook section of Brooklyn, water inundated about 100 yards inland along portions of Gowanus Bay/Canal.  In the Battery Park City section of Manhattan, 1 to 2 ft. of inundation occurred along the promenade.  In addition, 1 foot of water inundation was experienced over the marina in front of the Mercatile Exchange.  On the East Side of Manhattan, the combination of heavy rain and storm surge caused inundation of a few feet of water onto both directions of the FDR at Houston Street and necessitated its closure. About a foot of water inundated the streets in South Street Seaport. On the west side of Manhattan, the southbound Henry Hudson Drive was closed in Harlem due to combined heavy rain and storm surge causing 3 feet of water to stand over the roadway.  Similarly, the north part of the Holland Tunnel was closed due to heavy rain and storm surge flooding.  Also the West Village Houses on the southern end of 10th Ave. were closed with 2 cars stuck due to heavy rain and storm surge flooding."
352922,E20111029-58892,58892,winter-storm,Winter Storm,BK,2011-10-29 10:00:00,2011-10-30 01:00:00,0,ok,0,ok,0,ok,,,,,Emergency Manager,,,,A significant number of trees came down across the county starting around 1 pm EST due to the combination of 1 to 3 inches of heavy wet snow and 15 to 20 mph winds.  Hundreds of trees were downed through the storm.
352918,E20111029-58892,58892,winter-storm,Winter Storm,SI,2011-10-29 10:00:00,2011-10-30 00:00:00,0,ok,0,ok,0,ok,,,,,Emergency Manager,,,,"Widespread tree damage and power outages occurred due to 2 to 4 inches of heavy wet snow. A significant number of trees came down across the county starting around 1 pm EST due to the combined heavy wet snow and 15 to 20 mph winds.  Hundreds of trees were downed through the storm. ||Specifically, numerous trees were reported down on Bard Avenue between Clove Road and Forest Avenue, with downed power lines on Victory Boulevard between I-278 and Bard Avenue by the late evening of the 29th."
352917,E20111029-58892,58892,winter-storm,Winter Storm,BX,2011-10-29 10:00:00,2011-10-30 00:00:00,0,ok,0,ok,0,ok,,,,,Emergency Manager,,,,"Between 2 to 6 inches of heavy wet snow fell across the county, with the heaviest amounts across the northwest corner of the county. A significant number of trees came down across the county starting around 1 pm EST due to the combined heavy wet snow and 15 to 20 mph winds.  Hundreds of trees were downed through the storm."
281101,E20110126-48153,48153,heavy-snow,Heavy Snow,BK,2011-01-26 07:30:00,2011-01-27 05:00:00,0,ok,0,ok,0,ok,,,,,Official NWS Observations,,,,
279968,E20110111-47978,47978,heavy-snow,Heavy Snow,MN,2011-01-11 21:00:00,2011-01-12 07:00:00,0,ok,0,ok,0,ok,,,,,Official NWS Observations,,,,
281102,E20110126-48153,48153,heavy-snow,Heavy Snow,QN,2011-01-26 07:30:00,2011-01-27 05:30:00,0,ok,0,ok,0,ok,,,,,Official NWS Observations,,,,
281103,E20110126-48153,48153,heavy-snow,Heavy Snow,QN,2011-01-26 07:30:00,2011-01-27 05:30:00,0,ok,0,ok,0,ok,,,,,Official NWS Observations,,,,
279963,E20110111-47978,47978,heavy-snow,Heavy Snow,BX,2011-01-11 21:00:00,2011-01-12 07:00:00,0,ok,0,ok,0,ok,,,,,Official NWS Observations,,,,
279964,E20110111-47978,47978,heavy-snow,Heavy Snow,QN,2011-01-11 21:00:00,2011-01-12 07:00:00,0,ok,0,ok,0,ok,,,,,Official NWS Observations,,,,
281098,E20110126-48153,48153,heavy-snow,Heavy Snow,MN,2011-01-26 07:30:00,2011-01-27 05:00:00,0,ok,0,ok,0,ok,,,,,Official NWS Observations,,,,
279965,E20110111-47978,47978,heavy-snow,Heavy Snow,QN,2011-01-11 21:00:00,2011-01-12 07:00:00,0,ok,0,ok,0,ok,,,,,Official NWS Observations,,,,
279966,E20110111-47978,47978,heavy-snow,Heavy Snow,SI,2011-01-11 20:00:00,2011-01-12 06:00:00,0,ok,0,ok,0,ok,,,,,Official NWS Observations,,,,
281099,E20110126-48153,48153,heavy-snow,Heavy Snow,BX,2011-01-26 08:00:00,2011-01-27 05:00:00,0,ok,0,ok,0,ok,,,,,Official NWS Observations,,,,
281100,E20110126-48153,48153,heavy-snow,Heavy Snow,SI,2011-01-26 07:30:00,2011-01-27 05:00:00,0,ok,0,ok,0,ok,,,,,Official NWS Observations,,,,
279967,E20110111-47978,47978,heavy-snow,Heavy Snow,BK,2011-01-11 20:00:00,2011-01-12 06:00:00,0,ok,0,ok,0,ok,,,,,Official NWS Observations,,,,
317187,E20110516-53019,53019,coastal-flooding,Coastal Flood,QN,2011-05-16 19:30:00,2011-05-16 21:00:00,0,ok,0,ok,0,ok,,,,,Emergency Manager,,,,Tidal surge inundated the corner of 101st Street and 160th Avenue in Howard Beach in Queens as well as Cross Bay Blvd. between West 19th and 20th Streets in Broad Channel Queens between 10:00 pm and 11:00 pm EST on the evening of May 16th.
347411,E20110827-57824,57824,inland-flooding,Flood,BK,2011-08-28 07:44:00,2011-08-28 11:40:00,0,ok,0,ok,0,ok,,,Heavy Rain / Tropical System,,Broadcast Media,40.5836,-73.9269,,The Belt Pkwy. was closed eastbound at Knapp St. due to flooding.
347412,E20110827-57824,57824,inland-flooding,Flood,QN,2011-08-28 07:44:00,2011-08-28 11:40:00,0,ok,0,ok,0,ok,,,Heavy Rain / Tropical System,,Broadcast Media,40.671,-73.7376,,The Belt Pkwy. was closed westbound at Francis Lewis Blvd. due to flooding.
347637,E20110827-57824,57824,inland-flooding,Flood,QN,2011-08-28 07:56:00,2011-08-28 11:40:00,0,ok,0,ok,0,ok,,,Heavy Rain / Tropical System,,Public,40.7409,-73.8191,,The Long Island Expressway was closed westbound at Kissena Blvd. in Flushing due to flooding.
347407,E20110827-57824,57824,inland-flooding,Flood,MN,2011-08-28 08:32:00,2011-08-28 11:40:00,0,ok,0,ok,0,ok,,,Heavy Rain / Tropical System,,Emergency Manager,40.7216,-73.9765,,The FDR Drive was closed in both directions at Houston St. due to flooding.
348495,E20110827-57824,57824,inland-flooding,Flood,MN,2011-08-28 09:10:00,2011-08-28 11:40:00,0,ok,0,ok,0,ok,,,Heavy Rain / Tropical System,,Broadcast Media,40.7958,-73.9745,,The southbound Henry Hudson Pkwy. in Harlem was closed due to flooding.  Three feet of water accumulated on the roadway.
347001,E20110827-57824,57824,inland-flooding,Flood,QN,2011-08-27 23:30:00,2011-08-28 11:40:00,0,ok,0,ok,0,ok,,,Heavy Rain / Tropical System,,Department of Highways,40.7189,-73.8384,,The Belt Parkway in South Ozone Park was closed due to flooding.  The Van Wyck Expressway at the Grand Central Pkwy. in Kew Gardens was also closed due to flooding.
347002,E20110827-57824,57824,inland-flooding,Flood,SI,2011-08-27 23:40:00,2011-08-28 11:40:00,0,ok,0,ok,0,ok,,,Heavy Rain / Tropical System,,Department of Highways,40.6119,-74.103,,"The Staten Island Expressway, Interstate 278, was closed at Clove Rd. due to flooding."
347402,E20110827-57824,57824,inland-flooding,Flood,SI,2011-08-27 23:46:00,2011-08-28 11:40:00,0,ok,0,ok,0,ok,,,Heavy Rain / Tropical System,,Emergency Manager,40.6058,-74.0702,,The Staten Island Expressway was closed at Fingerboard Rd. due to flooding.
347403,E20110827-57824,57824,inland-flooding,Flood,QN,2011-08-27 23:52:00,2011-08-28 11:40:00,0,ok,0,ok,0,ok,,,Heavy Rain / Tropical System,,Department of Highways,40.7908,-73.7933,,"In Beechhurst, the exit ramp to the Cross Island Pkwy. from the Throgs Neck Bridge was closed due to flooding."
347405,E20110827-57824,57824,inland-flooding,Flood,MN,2011-08-28 07:34:00,2011-08-28 11:40:00,0,ok,0,ok,0,ok,,,Heavy Rain / Tropical System,,Broadcast Media,40.7238,-74.0081,,The north tube of the Holland Tunnel in Manhattan was closed due to flooding at the New Jersey-bound entrance.  Two cars also became stuck in flood waters on 10th Ave. in the West Village.
343597,E20110828-57294,57294,coastal-flooding,Storm Surge/Tide,BX,2011-08-28 08:45:00,2011-08-28 13:00:00,1,ok,0,ok,0,ok,,,,,Official NWS Observations,,,,"The NOS tidal gauge at Kings Point recorded a maximum water level of 12.36 ft. MLLW at 1000 am on August 28 2011.||A 68 year old male drowned in a marina off City Island, where he had gone to check on his boat."
346934,E20110819-57815,57815,flash-flooding,Flash Flood,QN,2011-08-19 19:00:00,2011-08-19 19:30:00,0,ok,0,ok,0,ok,,,Heavy Rain,,Emergency Manager,40.7518,-73.9164,,Multiple vehicles were stranded in flood waters at the intersection of 48th St. and 37th Ave. in Woodside.
351815,E20110801-58666,58666,flash-flooding,Flash Flood,QN,2011-08-01 18:45:00,2011-08-01 19:15:00,0,ok,0,ok,0,ok,,,Heavy Rain,,Public,40.7694,-73.7636,,The public reported Cross Island Parkway closed near Douglaston due to flash flooding.
349952,E20110821-58344,58344,thunderstorm,Thunderstorm Wind,QN,2011-08-21 15:35:00,2011-08-21 15:35:00,0,ok,0,ok,5000,ok,52.00,EG,,,Broadcast Media,40.6659,-73.7356,,Trees were reported down across the railroad tracks at the Rosedale Long Island Railroad Station.
349712,E20110928-58306,58306,coastal-flooding,Coastal Flood,QN,2011-09-28 11:15:00,2011-09-28 12:30:00,0,ok,0,ok,0,ok,,,,,Other Federal Agency,,,,The NOS tidal gauge at Kings Point recorded a water level of 10.54 ft. MLLW during the morning high tide cycle of September 28 2011.  This is .04 ft. above the threshold for moderate coastal flooding established by the National Weather Service.
348809,E20110828-58163,58163,tropical-cyclone,Tropical Storm,QN,2011-08-28 06:13:00,2011-08-28 15:48:00,0,ok,0,ok,0,ok,,,,,Official NWS Observations,,,,The maximum sustained winds measured by ASOS at John F. Kennedy Airport was west at 40 knots.  The peak gust was south at 51 knots.
349953,E20110821-58344,58344,thunderstorm,Thunderstorm Wind,QN,2011-08-21 15:39:00,2011-08-21 15:39:00,0,ok,0,ok,5000,ok,52.00,EG,,,Emergency Manager,40.6685,-73.7517,,Trees were reported down across the railroad tracks at the Laurelton Long Island Railroad Station.
348814,E20110828-58163,58163,tropical-cyclone,Tropical Storm,BX,2011-08-28 01:58:00,2011-08-28 15:38:00,0,ok,0,ok,0,ok,,,,,Official NWS Observations,,,,The maximum sustained wind measured by ASOS was west at 39 knots at Newark Liberty Airport.  The peak gust was west at 53 knots.  The peak gust measured at Central Park was east at 52 knots.  The peak gust measured at Westchester County Airport was west at 49 knots.
352921,E20111029-58892,58892,winter-storm,Winter Storm,QN,2011-10-29 10:00:00,2011-10-30 01:00:00,0,ok,0,ok,0,ok,,,,,Emergency Manager,,,,A significant number of trees came down across the county starting around 1 pm EST due to the combined heavy wet snow and 15 to 20 mph winds.  Hundreds of trees were downed through the storm.
348810,E20110828-58163,58163,tropical-cyclone,Tropical Storm,QN,2011-08-28 02:10:00,2011-08-28 02:10:00,0,ok,0,ok,0,ok,,,,,Official NWS Observations,,,,The maximum sustained winds measured by ASOS at LaGuardia Airport was east at 45 knots.  The peak gust was southeast at 58 knots.
348811,E20110828-58163,58163,tropical-cyclone,Tropical Storm,BK,2011-08-28 02:10:00,2011-08-28 02:10:00,0,ok,0,ok,0,ok,,,,,Official NWS Observations,,,,The maximum sustained winds measured by ASOS at LaGuardia Airport was east at 45 knots.  The peak gust was southeast at 58 knots.
348812,E20110828-58163,58163,tropical-cyclone,Tropical Storm,SI,2011-08-28 01:58:00,2011-08-28 14:54:00,0,ok,0,ok,0,ok,,,,,Official NWS Observations,,,,The maximum sustained wind measured by ASOS was west at 39 knots at Newark Liberty Airport.  The peak gust was west at 53 knots.  The peak gust measured at Central Park was east at 52 knots.
349929,E20110828-58163,58163,tornado,Tornado,QN,2011-08-28 03:00:00,2011-08-28 03:01:00,0,ok,0,ok,,missing,,,,EF0,NWS Storm Survey,40.73,-73.76,,"Based on an NWS Storm Survey, a weak F0 tornado was confirmed in Cunningham Park, near the Grand Central Parkway and Clearview Expressway intersection northwest toward the Long Island Expressway.||The estimated maximum wind gust was 85 mph.||This weak tornado was spawned by a rotating thunderstorm within a spiral rain band rotating around then Hurricane Irene several hours before it made landfall in New York City."
348813,E20110828-58163,58163,tropical-cyclone,Tropical Storm,MN,2011-08-28 01:58:00,2011-08-28 14:54:00,0,ok,0,ok,0,ok,,,,,Official NWS Observations,,,,The maximum sustained wind measured by ASOS was west at 39 knots at Newark Liberty Airport.  The peak gust was west at 53 knots.  The peak gust measured at Central Park was east at 52 knots.
326425,E20110601-54365,54365,thunderstorm,Marine Thunderstorm Wind,HARBOR,2011-06-01 16:36:00,2011-06-01 16:36:00,0,ok,0,ok,,missing,35.00,MG,,,Other Federal Agency,40.47,-74.02,,A wind gust of 35 kt was measured at the NOS tidal gage at Sandy Hook.
328205,E20110721-54662,54662,extreme-heat,Excessive Heat,BK,2011-07-21 10:00:00,2011-07-23 23:59:00,7,ok,0,ok,0,ok,,,,,Mesonet,,,,"Excessive heat between 95 and 105 degrees, along with heat indices in excess of 105 degrees occurred for a couple of days."
328208,E20110721-54662,54662,extreme-heat,Excessive Heat,BX,2011-07-21 10:00:00,2011-07-23 23:59:00,6,ok,0,ok,0,ok,,,,,Mesonet,,,,"Excessive heat between 95 and 105 degrees, along with heat indices in excess of 105 degrees occurred for a couple of days. LGA airport and Central Park reached 104 degrees on July 22nd."
328480,E20110721-54662,54662,extreme-heat,Excessive Heat,MN,2011-07-21 10:00:00,2011-07-23 23:59:00,4,ok,0,ok,0,ok,,,,,ASOS,,,,"Excessive heat between 95 and 105 degrees, along with heat indices in excess of 105 degrees occurred for a couple of days. The heat index was as high as 114 degrees at noon and 1 PM in Central Park (KNYC) on July 22nd."
346215,E20110801-57614,57614,hail,Hail,QN,2011-08-01 14:55:00,2011-08-01 14:55:00,0,ok,0,ok,1000,ok,2.00,,,,Newspaper,40.747,-73.7115,,Lime size hail damaged a car in the Glen Oaks section of Queens.
328486,E20110721-54662,54662,extreme-heat,Excessive Heat,QN,2011-07-21 10:00:00,2011-07-23 23:59:00,0,ok,0,ok,0,ok,,,,,ASOS,,,,"Excessive heat between 95 and 105 degrees, along with heat indices in excess of 105 degrees occurred for a couple of days. The heat index was as high as 108 degrees at noon, 1 pm and 3 pm at Laguardia Airport (KLGA) on July 22nd."
328511,E20110721-54662,54662,extreme-heat,Excessive Heat,SI,2011-07-21 10:00:00,2011-07-23 23:59:00,0,ok,0,ok,0,ok,,,,,Mesonet,,,,"Excessive heat between 95 and 105 degrees, along with heat indices in excess of 105 degrees occurred for a couple of days. The heat index was as high as 116 degrees at 3 PM and 5 PM at Newark International Airport (KEWR), and 114 degrees at JFK Airport (KJFK) at 2 PM on July 22nd."
328206,E20110721-54662,54662,extreme-heat,Excessive Heat,QN,2011-07-21 10:00:00,2011-07-23 23:59:00,2,ok,0,ok,0,ok,,,,,ASOS,,,,"Excessive heat between 95 and 105 degrees, along with heat indices in excess of 105 degrees occurred for a couple of days. JFK airport reached 103 degrees on July 22nd, and 102 on the 23rd."
345949,E20110801-57614,57614,hail,Hail,BX,2011-08-01 18:21:00,2011-08-01 18:21:00,0,ok,0,ok,,missing,1.25,,,,COOP Observer,40.84,-73.86,,Half-dollar size hail was reported by the Bronx Cooperative Observer.
337655,E20110726-56306,56306,thunderstorm,Marine Thunderstorm Wind,HARBOR,2011-07-26 19:36:00,2011-07-26 19:36:00,0,ok,0,ok,,missing,34.00,MG,,,Other Federal Agency,40.66,-74.07,,Gust measured at National Ocean Service observation platform at Robbins Reef.
337770,E20110729-56316,56316,thunderstorm,Thunderstorm Wind,BK,2011-07-29 18:39:00,2011-07-29 18:39:00,0,ok,0,ok,1500,ok,52.00,EG,,,Law Enforcement,40.6428,-73.8932,,"Large tree branches were reported down, taking down power lines along East 102nd Street in the Canarsie section of Brooklyn."
337905,E20110617-56339,56339,hail,Hail,MN,2011-06-17 14:00:00,2011-06-17 14:00:00,0,ok,0,ok,,missing,0.88,,,,Trained Spotter,40.7743,-73.9594,,Nickel size hail was reported at the intersection of 78th Street and Lexington Avenue.
340886,E20110814-56884,56884,inland-flooding,Flood,BK,2011-08-14 09:00:00,2011-08-14 09:30:00,0,ok,0,ok,0,ok,,,Heavy Rain,,COOP Observer,40.6371,-73.9747,,The basements of several residences in Midwood were flooded.  Storm total rainfall amounts reported in Kings County ranged from 7.38 inches in Midwood to 8.75 inches in Sheepshead Bay.
345950,E20110801-57614,57614,hail,Hail,QN,2011-08-01 18:36:00,2011-08-01 18:36:00,0,ok,0,ok,3000,ok,2.75,,,,Public,40.75,-73.78,,Baseball size hail was reported in the Bayside section of Queens. This hail was reported to have damaged some cars.
345325,E20110814-56884,56884,flash-flooding,Flash Flood,QN,2011-08-14 12:30:00,2011-08-14 13:15:00,0,ok,0,ok,0,ok,,,Heavy Rain,,Newspaper,40.6124,-73.7457,,Service on the Far Rockaway branch of the Long Island Rail Road was suspended due to flooding.  There was also extremely high water in the train storage yard.  The Automated Surface Observing System at John F. Kennedy International Airport recorded 2.83 inches of rainfall between 3:51 and 4:51 EST and 1.39 inches between 2:51 and 3:51 EST at LaGuardia Airport with storm total amounts of 7.80 inches and 6.60 inches respectively.  Other storm total rainfall amounts reported in Queens County ranged from 6.03 inches in Rego Park to 8.81 inches in South Ozone Park.
337293,E20110713-56236,56236,thunderstorm,Marine Thunderstorm Wind,HARBOR,2011-07-13 18:18:00,2011-07-13 18:18:00,0,ok,0,ok,0,ok,43.00,MG,,,ASOS,40.69,-74.18,,The gust was measured at Newark-Liberty International Airport.
337295,E20110713-56236,56236,thunderstorm,Marine Thunderstorm Wind,HARBOR,2011-07-13 18:35:00,2011-07-13 18:35:00,0,ok,0,ok,0,ok,40.00,MG,,,Mesonet,40.55,-73.93,,The gust was measured at Breezy Point in Queens.
346142,E20110821-57656,57656,flash-flooding,Flash Flood,QN,2011-08-21 19:56:00,2011-08-21 20:26:00,0,ok,0,ok,0,ok,,,Heavy Rain,,Emergency Manager,40.6561,-73.7276,,Several vehicles were stranded in flood waters at the intersection of 147th Dr. and Hook Creek Blvd. in Rosedale.
345886,E20110814-56884,56884,inland-flooding,Flood,SI,2011-08-14 21:00:00,2011-08-14 22:00:00,0,ok,0,ok,0,ok,,,Heavy Rain,,Broadcast Media,40.5595,-74.206,,Two Sport Utility Vehicles were pulled out of flood waters at the Arden Ave. exit on the West Shore Expressway in Staten Island.
343590,E20110828-57294,57294,coastal-flooding,Storm Surge/Tide,BK,2011-08-28 07:00:00,2011-08-28 11:00:00,0,ok,0,ok,0,ok,,,,,Official NWS Observations,,,,"The USGS tidal gauge at Jamaica Bay at Inwood recorded a maximum water level of 7.53 ft NGVD at 930 am on August 28th 2011, which is well above the NWS threshold for moderate coastal flooding. The USGS tidal gauge at Rockaway Inlet near Floyd Bennet Field recorded a maximum water level of 7.58 ft NGVD at 830 am on August 28th 2011, which is well above the NWS threshold for moderate coastal flooding. ||These water levels caused widespread moderate to major coastal flooding along the coastline. In East New York, the right lane of Erskine St was closed due to inundation from heavy rain and storm surge. In Coney Island, several harbor facing streets and the subway train storage yard were underwater. In Sheepshead Bay, the Belt Parkway eastbound at Knapp Street was closed due to a combination of heavy rain and storm surge. Additionally, the Belt Parkway was closed in both directions from Bay 8th Street to Bay Parkway due to coastal flooding."
343565,E20110828-57294,57294,coastal-flooding,Storm Surge/Tide,QN,2011-08-28 08:45:00,2011-08-28 13:00:00,0,ok,0,ok,0,ok,,,,,Official NWS Observations,,,,"The NOS tidal gauge at Kings Point recorded a maximum water level of 12.36 ft. MLLW at 1000 am on August 28 2011.  In Astoria, this resulted in inundation of 1 to 2 feet of water onto Shore Blvd. in Astoria from Long Island Sound."
345770,E20110818-57605,57605,thunderstorm,Thunderstorm Wind,SI,2011-08-18 18:33:00,2011-08-18 18:33:00,0,ok,0,ok,1000,ok,52.00,EG,,,Fire Department/Rescue,40.6448,-74.0801,,Power lines were reported down near the High School in Saint George.
345773,E20110818-57606,57606,thunderstorm,Marine Thunderstorm Wind,HARBOR,2011-08-18 18:36:00,2011-08-18 18:36:00,0,ok,0,ok,,missing,36.00,MG,,,Other Federal Agency,40.66,-74.07,,The National Ocean Service anemometer at Robbins Reef measured this gust.
345790,E20110819-57608,57608,thunderstorm,Thunderstorm Wind,BK,2011-08-19 18:44:00,2011-08-19 18:44:00,0,ok,0,ok,3000,ok,52.00,EG,,,Emergency Manager,40.5952,-73.9552,,A tree was down across the railroad tracks near Gravesend Neck and Neck Roads in the Sheepshead Bay section of Brooklyn.
345801,E20110819-57612,57612,thunderstorm,Marine Thunderstorm Wind,HARBOR,2011-08-19 18:10:00,2011-08-19 18:10:00,0,ok,0,ok,0,ok,38.00,MG,,,Other Federal Agency,40.63,-74.15,,A National Ocean Service anemometer measured this gust.
345802,E20110819-57612,57612,thunderstorm,Marine Thunderstorm Wind,HARBOR,2011-08-19 18:12:00,2011-08-19 18:12:00,0,ok,0,ok,0,ok,45.00,MG,,,Other Federal Agency,40.66,-74.07,,A National Ocean Service anemometer at Robins Reef measured this gust.
343600,E20110828-57294,57294,coastal-flooding,Storm Surge/Tide,SI,2011-08-28 06:30:00,2011-08-28 10:00:00,0,ok,0,ok,0,ok,,,,,Official NWS Observations,,,,"The NOS tidal gauge at the Bergen Point recorded a maximum water level of 10.22 ft MLLW at 842 am on August 28 2011, which is well above the NWS threshold for moderate coastal flooding."
343588,E20110828-57294,57294,coastal-flooding,Storm Surge/Tide,QN,2011-08-28 07:00:00,2011-08-28 11:30:00,0,ok,0,ok,0,ok,,,,,Official NWS Observations,,,,"The USGS tidal gauge in Jamaica Bay at Inwood recorded a maximum water level of 7.53 ft. NGVD at 930 am on August 28 2011, which is well above the NWS threshold for moderate coastal flooding. ||These water levels caused widespread moderate to major coastal flooding along the coastline.  In Broad Channel, several feet of inundation occurred across many streets with people rowing down streets in boats.  Many residents said their basements had been flooded when the high tide began coming in between 7:30 a.m. and 8 a.m. Sunday.  Two bungalows that could only be reached by a damaged pier off of 12th Road were destroyed, leaving a pile of wood and personal items floating in the water. The Broad Channel neighborhood was completely cut off during the storm as both the Addabbo Bridge to Howard Beach and Cross Bay Bridge to Rockaway were closed.|In Inwood, several feet of inundation occurred on Brookville Blvd. from 149th Street to Rockaway Boulevard.  In Howard Beach, Hawtreek and Shellbank Basins rose over their banks, flooding Cross Bay Boulevard for a short time around 161st Avenue.  First Street in Hamilton Beach bore the brunt of the floodwaters, with the streets around Coleman Square and the Howard Beach subway station also flooding.  In the Rockaways, inundation was reported onto several main streets with 2 feet of water in the middle of Rockaway Beach Boulevard."
421584,E20121107-69984,69984,heavy-snow,Heavy Snow,QN,2012-11-07 14:00:00,2012-11-08 01:30:00,0,ok,0,ok,0,ok,,,,,Trained Spotter,,,,Snowfall ranged from 4.2 inches in Astoria to 7.9 inches in Bayside.
416831,E20121029-sandy,68867,high-winds,High Wind,BX,2012-10-29 17:00:00,2012-10-29 22:00:00,0,ok,0,ok,0,ok,64.00,MG,,,ASOS,,,,A wind gust of 74 mph was measured at LaGuardia Airport at 655 pm.
413127,E20121029-sandy,68867,high-winds,High Wind,SI,2012-10-29 13:00:00,2012-10-29 22:00:00,1,ok,0,ok,1000000,ok,70.00,EG,,,Emergency Manager,,,,Many trees were downed due to the high winds. Winds ranged from 60 to 80 mph across the area during the late afternoon and through the evening hours.
413125,E20121029-sandy,68867,high-winds,High Wind,QN,2012-10-29 17:00:00,2012-10-29 21:00:00,1,ok,0,ok,1000000,ok,69.00,EG,,,Mesonet,,,,"A wind gust up to 79 mph was reported near Jackson Heights at 802 pm.  In addition, a wind gust up to 74 mph was measured at LaGuardia Airport at 655 pm. In Flatbush, a 30 year old male was killed when a tree fell onto his house."
421254,E20121107-70145,70145,high-winds,High Wind,QN,2012-11-07 16:00:00,2012-11-07 23:00:00,0,ok,0,ok,100000,ok,50.00,EG,,,Broadcast Media,,,,"In Little Neck Queens, high winds downed utility poles and wires on the Port Washington Branch of the Long Island Railroad around 6 pm. Gusts at Laguardia Airport measured 44 mph at 10:51 pm on November 7th."
421130,E20121029-sandy,70044,coastal-flooding,Coastal Flood,QN,2012-10-29 07:00:00,2012-10-30 00:00:00,7,ok,0,ok,0,ok,,,,,Official NWS Observations,,,,"Coastal communities along Southern Queens experienced two successive tidal cycles with at least moderate coastal flooding. The peak of this surge occurred Monday Night as Sandy made landfall in Southern New Jersey, with widespread record coastal flooding occurring along Jamaica Bay exceeding the FEMA 100 year base flood elevations. Peak storm tides surpassed all previously documented high water marks, including the October 31, 1991 and December 11, 1992 nor'easters and the recorded peaks from Hurricane Irene in 2011 and Hurricane Donna in 1960.||The storm tide levels along the Queens shores resulted from a peak storm surge of about 7 to 9 feet that coincided with normal high tides. This resulted in up to 3 to 5 feet of inundation of communities in and along Jamaica Bay. Inundation several blocks inland was experienced across coastal communities such as Howard Beach, Brookville and Inwood. Widespread major residential damage was experienced across areas such as Broad Channel, Meadowmere Park, and Old Howard Beach, where some of the deeper inundation occurred. In addition, JFK Airport experienced 1 to 3 feet of inundation onto portions of their runways.||Across the Rockaways, up to 4 and 7 feet of inundation occurred over the peninsula due to surge from Jamaica Bay on the north side and from surge and wave action from the Atlantic Ocean on the south side. Widespread major damage was experienced across the entire length of the Rockaways, with numerous homes and businesses in Breezy Point, Arverne-Edgemere and Seaside experiencing complete destruction. Atlantic Ocean facing shoreline structures, such as boardwalks and several oceanfront homes were destroyed due to runup and setup on top of storm tide from high wave action of at least 10 to 15 feet from the Atlantic Ocean.||Six fatalities were directly attributed to the storm surge and high surf in Queens."
393361,E20120604-65689,65689,coastal-flooding,Coastal Flood,QN,2012-06-04 22:54:00,2012-06-05 00:54:00,0,ok,0,ok,0,ok,,,,,Official NWS Observations,,,,"The NOS tidal gauge at Kings Point recorded a water level of 10.81 ft. MLLW during the high tide cycle of the night of June 4, 2012. This is .31 ft. above the threshold for moderate coastal flooding at this location established by the National Weather Service."
393368,E20120604-65689,65689,coastal-flooding,Coastal Flood,QN,2012-06-04 20:42:00,2012-06-04 21:24:00,0,ok,0,ok,0,ok,,,,,Official NWS Observations,,,,"The USGS tidal gauge in Jamaica Bay at Inwood recorded a water level of 8.7 ft. MLLW during the evening high tide cycle of June 4, 2012.  This is at the threshold for moderate coastal flooding at this location established by the National Weather Service.  As a result, a few feet of inundation was reported in the Rosedale section of Queens at Brookville Blvd. from 149th Street to Rockaway Blvd., with several stuck automobiles and even a city bus.  A few feet of inundation was also reported in the Arverne section of Queens at Beach 72nd Street and Thursby Avenue with stuck automobiles."
381738,E20120620-63787,63787,extreme-heat,Excessive Heat,QN,2012-06-20 10:00:00,2012-06-21 18:00:00,1,ok,0,ok,0,ok,,,,,Emergency Manager,,,,"Excessive heat resulted in the death of an 81 year old man in southern Queens on June 21.  High temperatures reached 94 degrees on June 20 and 97 degrees on June 21 at JFK Airport.  At LaGuardia Airport, the high was 98 degrees on June 20 and June 21.  In Central Park, the high temperature was 94 degrees both June 20 and 21."
389087,E20120606-64950,64950,flash-flooding,Flash Flood,SI,2012-06-06 19:50:00,2012-06-06 20:20:00,0,ok,0,ok,0,ok,,,Heavy Rain,,Park/Forest Service,40.5228,-74.1917,,The intersection of Hyland Blvd. and Cornelia Ave. was closed due to flooding.
389177,E20120622-64956,64956,flash-flooding,Flash Flood,SI,2012-06-22 13:30:00,2012-06-22 14:20:00,0,ok,0,ok,0,ok,,,Heavy Rain,,Public,40.5945,-74.0857,,The intersection of Hylan Blvd. and Reid Ave. in Bay Terrace was closed due to flooding.  Slosson Ave. at Todt Hill Rd. in Castleton Corners was also closed due to flooding.
389265,E20120622-64956,64956,flash-flooding,Flash Flood,SI,2012-06-22 13:50:00,2012-06-22 14:20:00,0,ok,0,ok,0,ok,,,Heavy Rain,,Public,40.5525,-74.1903,,Arden Ave. was closed at Vespa Ave. in Rossville due to flooding.
427384,E20121226-71097,71097,coastal-flooding,Coastal Flood,QN,2012-12-27 08:00:00,2012-12-27 09:00:00,0,ok,0,ok,0,ok,,,,,Emergency Manager,,,,"Rockaway Boulevard was closed at Brookville Boulevard during the morning high tide on December 27th, due to several feet of inundation.  The FDNY reported multiple vehicles stuck in the water."
427378,E20121226-71097,71097,coastal-flooding,Coastal Flood,BX,2012-12-26 22:00:00,2012-12-27 01:00:00,0,ok,0,ok,0,ok,,,,,Official NWS Observations,,,,"The NOS tidal gauge at Kings Point recorded a water level of 11.17 ft. MLLW during the nighttime high tide cycle of December 26th, 2012. This is .67 feet above the threshold for moderate coastal flooding established by the National Weather Service."
427376,E20121226-71097,71097,coastal-flooding,Coastal Flood,QN,2012-12-26 22:00:00,2012-12-27 01:00:00,0,ok,0,ok,0,ok,,,,,Other Federal Agency,,,,"The NOS tidal gauge at Kings Point recorded a water level of 11.17 ft. MLLW during the nighttime high tide cycle of December 26th, 2012. This is .67 feet above the threshold for moderate coastal flooding established by the National Weather Service."
421136,E20121029-sandy,70044,coastal-flooding,Coastal Flood,QN,2012-10-29 09:30:00,2012-10-30 00:30:00,0,ok,0,ok,0,ok,,,,,Official NWS Observations,,,,"Coastal communities along Northern Queens experienced two successive tidal cycles  with at least moderate coastal flooding. The peak of this surge occurred Monday Night as Sandy made landfall in Southern New Jersey, with widespread major coastal flooding occurring along Western Long Island Sound. Peak storm tides surpassed water levels from the October 31, 1991 and December 11, 1992 nor'easters and the recorded peaks from Hurricane Irene in 2011. The storm tide levels in Western Long Island Sound resulted from a peak storm surge of about 8 to 10 feet that coincided with normal high tides.||These storm tides resulted in up to 3 to 6 feet of inundation within a few blocks of the East River and Newtown Creek in Hunters Point as well as Astoria along the East River. ||Additionally, 2 to 4 feet of inundation was observed over runway 13 and the northern portion of runway 22 at LaGuardia Airport, with water making it all the way to the terminal building."
420710,E20121029-sandy,70044,coastal-flooding,Coastal Flood,BX,2012-10-29 09:30:00,2012-10-30 00:30:00,0,ok,0,ok,0,ok,,,,,Official NWS Observations,,,,"Coastal communities along the Bronx experienced two successive tidal cycles with at least moderate coastal flooding. The peak of this surge occurred Monday Night as Sandy made landfall in Southern New Jersey, with widespread major coastal flooding occurring along Western Long Island Sound. Peak storm tides surpassed water levels from the October 31, 1991 and December 11, 1992 nor'easters and the recorded peaks from Hurricane Irene in 2011. The major storm tide levels in Western Long Island Sound resulted from a peak storm surge of about 8 to 10 feet that coincided with normal high tides. ||These storm tides resulted in up to 2 to 4 feet of inundation several blocks inland along Long Island Sound, East River and Harlem River and in adjacent communities in areas such as Harding Park, Port Morris, Mott Haven, Locust Point, Clason Point, City Island and Edgewater Park. Two or more Harding Park homes were condemned and a handful of Edgewater Park homes were completely destroyed. Flood waters also surged in Mott Haven late Monday, inundating the intersection of Bruckner Blvd. and Alexander Ave. for several hours. Warehouses and monuments in Port Morris suffered water damage."
420465,E20121029-sandy,70044,coastal-flooding,Coastal Flood,MN,2012-10-29 07:18:00,2012-10-30 00:07:00,2,ok,0,ok,0,ok,,,,,Official NWS Observations,,,,"Southern, Eastern and Western portions of Manhattan experienced two successive tidal cycles with at least moderate coastal flooding. The peak of this surge occurred Monday Night as Sandy made landfall in Southern New Jersey, with widespread record coastal flooding occurring in Lower New York Harbor exceeding the FEMA 100 year base flood elevations. Peak storm tides surpassed all previously documented high water marks, including the October 31, 1991 and December 11, 1992 nor'easters and the recorded peaks from Hurricane Irene in 2011 and Hurricane Donna in 1960.||The record storm tide levels along the south shore of New York City resulted from a peak storm surge of about 8 to 10 feet that coincided with normal high tides. These storm tides resulted in up to 3 to 6 feet of inundation along the south shore of Manhattan, with up to 2 to 4 feet of inundation along the East River and Hudson River neighborhoods.||Two fatalities were attributed to the storm surge in Manhattan."
420534,E20121029-sandy,70044,coastal-flooding,Coastal Flood,SI,2012-10-29 07:18:00,2012-10-30 00:07:00,23,ok,0,ok,0,ok,,,,,Official NWS Observations,,,,"Widespread record coastal flooding occurred in Lower New York Harbor exceeding the FEMA 100 year base flood elevations.  Peak storm tides surpassed all previously documented high water marks, including the October 31, 1991 and December 11, 1992 nor'easters and the recorded peaks from Hurricane Irene in 2011 and Hurricane Donna in 1960.||The record storm tide levels along the Eastern Shore of Staten Island resulted from a peak storm surge of about 9 to 11 feet that coincided with normal high tides. These storm tides in conjunction with several feet of wave action resulted in up to 5 to 8 feet of inundation along the northeast coast of Staten Island. Townships such as South Beach, Midland Beach, New Dorp, Oakwood Beach, and Great Kills sustained widespread major property damage and loss of life.||Up to 4 to 6 feet of inundation was experienced across the southeast tip of Staten Island, with 2 to 6 feet of inundation along the Arthur Kill in Western Staten Island.||Twenty three fatalities were directly attributed to the storm surge and high surf in Staten Island."
413120,E20121029-sandy,68867,high-winds,High Wind,BK,2012-10-29 17:00:00,2012-10-29 23:00:00,2,ok,0,ok,1000000,ok,60.00,EG,,,Mesonet,,,,"A wind gust up to 69 mph was reported in Coney Island at 642 pm, and winds of 58 mph were reported in Flatbush at 905 pm. A male and female, both age 24, were killed when a tree fell on them."
421109,E20121029-sandy,70044,coastal-flooding,Coastal Flood,BK,2012-10-29 07:00:00,2012-10-30 00:00:00,5,ok,0,ok,0,ok,,,,,Official NWS Observations,,,,"Coastal communities along Southern Brooklyn experienced two successive tidal cycles with at least moderate coastal flooding. The peak of this surge occurred Monday Night as Sandy made landfall in Southern New Jersey, with widespread record coastal flooding occurring along New York Harbor and Jamaica Bay exceeding the FEMA 100 year base flood elevations. Peak storm tides surpassed all previously documented high water marks, including the October 31, 1991 and December 11, 1992 nor'easters and the recorded peaks from Hurricane Irene in 2011 and Hurricane Donna in 1960. ||The storm tide levels along the Brooklyn shores resulted from a peak storm surge of about 7 to 10 feet that coincided with normal high tides. These storm tides resulted in up to 3 to 5 feet of inundation along the northeastern and southern coasts of Brooklyn.||The hardest hit area in Northeast Brooklyn was Red Hook getting inundated from Upper New York Bay. Additionally, other areas hard hit were Greenpoint and Williamsburg from inundation of Newtown Creek; and Brooklyn Heights from inundation of the East River and Upper New York Bay. ||In southwest Brooklyn; the shoreline communities including Sea Gate, Coney Island, and Manhattan Beach, experienced significant inundation from storm tide and wave action. Numerous homes in this area experienced major structural damage. Inundation extended inland to Avenue X into Bensonhurst, Gravesend and Sheepshead Bay, shutting down the Belt Parkway.||In southeast Brooklyn, the hardest hit areas were Gerritsen Beach, Floyd Bennet, Bergen Beach, Mill Basin, and Canarsie due to inundation from Jamaica Bay and Rockaway Inlet several blocks inland.||Five fatalities were directly attributed to the surge in Brooklyn."
413126,E20121029-sandy,68867,high-winds,High Wind,QN,2012-10-29 18:00:00,2012-10-29 22:00:00,3,ok,0,ok,1000000,ok,74.00,EG,,,ASOS,,,,A wind gust up to 85 mph was reported at JFK International Airport at 802 PM. Wind gusts up to 78 MPH were reported at Breezy Point at 830 PM.
413123,E20121029-sandy,68867,high-winds,High Wind,MN,2012-10-29 14:00:00,2012-10-29 22:00:00,1,ok,0,ok,1000000,ok,54.00,MG,,,ASOS,,,,"A wind gust up to 62 mph was measured in Central Park at 313 pm. A 30 year old man was found dead apparently trapped underneat a tree inside his home at 166th street due to the winds. Another man of unknown age was trapped underneath a downed tree in his home in Upper Manhattan due to the high winds. A woman of unknown age died when power was cut to her home, cutting off her oxygen supply due to the winds."
421794,E20121226-70240,70240,high-winds,High Wind,MN,2012-12-26 20:00:00,2012-12-26 23:00:00,0,ok,0,ok,2000,ok,50.00,EG,,,Emergency Manager,,,,"At 9:03 pm, a 20 foot section of a 1 story scaffold collapsed at 275 Convent Avenue. At roughly the same time, a compromised light pole was knocked down by high winds over the Harlem River Drive."
421792,E20121226-70240,70240,high-winds,High Wind,BK,2012-12-26 21:00:00,2012-12-27 00:00:00,0,ok,0,ok,,missing,51.00,MG,,,Mesonet,,,,"On December 26, a mesonet measured a wind gust of 59 mph near Rockaway Beach at 10:40 pm."
421793,E20121226-70240,70240,high-winds,High Wind,QN,2012-12-26 21:00:00,2012-12-27 00:00:00,0,ok,0,ok,,missing,51.00,EG,,,Mesonet,,,,"On December 26, a mesonet measured a wind gust of 59 mph near Rockaway Beach at 10:40 pm."
421782,E20121221-70238,70238,high-winds,High Wind,BK,2012-12-21 03:00:00,2012-12-21 09:00:00,0,ok,0,ok,100000,ok,50.00,EG,,,Emergency Manager,,,,High winds knocked down scaffolding at Bay Parkway and 72nd street at 3:17 am. Scaffold collapsed at 47th and 8th Avenues at 4:30 am.
421783,E20121221-70238,70238,high-winds,High Wind,QN,2012-12-21 07:00:00,2012-12-21 10:00:00,0,ok,0,ok,,missing,53.00,MG,,,ASOS,,,,A wind gust up to 61 mph was measured by the ASOS at Laguardia Airport at 7:59 am.
403807,E20120726-67348,67348,thunderstorm,Marine Thunderstorm Wind,HARBOR,2012-07-26 19:00:00,2012-07-26 19:00:00,0,ok,0,ok,,missing,48.00,MG,,,Mesonet,40.47,-74.02,,A gust of 48 knots was measured at the NOS site at Sandy Hook.
403344,E20120718-67262,67262,thunderstorm,Marine Thunderstorm Wind,HARBOR,2012-07-18 15:48:00,2012-07-18 15:48:00,0,ok,0,ok,,missing,36.00,MG,,,Other Federal Agency,40.78,-73.78,,A 36 knot gust was reported at the NOS Site at Robins Reef.
398847,E20120718-66512,66512,flash-flooding,Flash Flood,MN,2012-07-18 15:53:00,2012-07-18 17:10:00,0,ok,0,ok,0,ok,,,Heavy Rain,,Broadcast Media,40.7837,-73.9442,,Heavy rain caused flooding across the FDR Dr. between 34th St. and 96th St. in Manhattan.
398864,E20120718-66512,66512,flash-flooding,Flash Flood,QN,2012-07-18 16:20:00,2012-07-18 17:10:00,0,ok,0,ok,0,ok,,,Heavy Rain,,Emergency Manager,40.77,-73.91,,Heavy rain caused flooding on the Grand Central Pkwy. eastbound at the Brooklyn-Queens Expressway exit.
400361,E20120718-66725,66725,extreme-heat,Excessive Heat,MN,2012-07-18 12:00:00,2012-07-18 16:00:00,0,ok,0,ok,0,ok,,,,,ASOS,,,,The heat index reached or exceeded 105 degrees in Central Park.
400363,E20120718-66725,66725,extreme-heat,Excessive Heat,QN,2012-07-18 12:00:00,2012-07-18 16:00:00,0,ok,0,ok,0,ok,,,,,ASOS,,,,The heat index reached or exceeded 105 degrees at Laguardia airport.
403760,E20120724-67342,67342,thunderstorm,Marine Thunderstorm Wind,HARBOR,2012-07-24 18:45:00,2012-07-24 18:45:00,0,ok,0,ok,,missing,35.00,MG,,,Other Federal Agency,40.47,-74.02,,A gust of 35 knots was measured at the NOS site at Sandy Hook.
408891,E20120815-68159,68159,flash-flooding,Flash Flood,QN,2012-08-15 13:05:00,2012-08-15 14:00:00,0,ok,0,ok,0,ok,,,Heavy Rain,,NWS Employee,40.6986,-73.8396,,"In Richmond Hill, the intersection of 86th Ave. and 110th St. was impassable due to two ft. of standing water."
411588,E20120815-68159,68159,flash-flooding,Flash Flood,QN,2012-08-15 13:30:00,2012-08-15 14:00:00,0,ok,0,ok,0,ok,,,Heavy Rain,,Broadcast Media,40.7172,-73.8302,,All lanes were blocked with several disabled vehicles due to flooding on the eastbound Grand Central Pkwy. at the Kew Gardens Interchange. All lanes were also blocked due to flooding on the northbound Van Wyck Expressway between JFK Federal Circle and the Grand Central Pkwy.
411589,E20120815-68159,68159,flash-flooding,Flash Flood,QN,2012-08-15 15:30:00,2012-08-15 16:10:00,0,ok,0,ok,0,ok,,,Heavy Rain,,Broadcast Media,40.7156,-73.8309,,The westbound Grand Central Pkwy. was closed at the Van Wyck Expy. due to flooding.
403304,E20120715-67254,67254,thunderstorm,Marine Thunderstorm Wind,HARBOR,2012-07-15 20:24:00,2012-07-15 20:24:00,0,ok,0,ok,,missing,36.00,MG,,,Other Federal Agency,40.47,-74.02,,A gust of 36 knots was measured at the NOS site at Sandy Hook.
403318,E20120718-67257,67257,hail,Hail,QN,2012-07-18 15:50:00,2012-07-18 15:50:00,0,ok,0,ok,,missing,1.00,,,,Public,40.7,-73.81,,Quarter size hail was reported just west of Jamaica Station.
403775,E20120726-67343,67343,thunderstorm,Lightning,BK,2012-07-26 19:14:00,2012-07-26 19:14:00,0,ok,0,ok,5000,ok,,,,,Emergency Manager,40.6858,-73.9968,,"Lightning struck the steeple of Christ Church in Cobble Hill causing the steeple to crash into the sanctuary. This caused scaffolding around the church to collapse on a pedestrian, killing the man."
403327,E20120718-67257,67257,hail,Hail,MN,2012-07-18 15:10:00,2012-07-18 15:10:00,0,ok,0,ok,,missing,0.88,,,,Trained Spotter,40.7586,-73.9788,,Nickle size hail was reported at Rockefeller Plaza.
403328,E20120718-67257,67257,hail,Hail,MN,2012-07-18 15:25:00,2012-07-18 15:25:00,0,ok,0,ok,,missing,1.00,,,,Trained Spotter,40.723,-73.9988,,Quarter size hail was reported covering the ground at West Broadway and Spring Street.
403777,E20120726-67343,67343,thunderstorm,Thunderstorm Wind,SI,2012-07-26 18:45:00,2012-07-26 18:45:00,0,ok,0,ok,1000,ok,52.00,EG,,,Trained Spotter,40.5481,-74.2258,,A sixty-five foot tree was split in two on Arthur Kill Road.
403802,E20120726-67348,67348,thunderstorm,Marine Thunderstorm Wind,HARBOR,2012-07-26 18:42:00,2012-07-26 18:42:00,0,ok,0,ok,,missing,43.00,MG,,,Other Federal Agency,40.64,-74.147,,A gust of 43 knots was measured at the NOS site at Bergen Point West Reach.
403803,E20120726-67348,67348,thunderstorm,Marine Thunderstorm Wind,HARBOR,2012-07-26 18:54:00,2012-07-26 18:54:00,0,ok,0,ok,,missing,47.00,MG,,,Other Federal Agency,40.64,-74.147,,A gust of 47 knots was measured at the NOS site at Robins Reef.
408747,E20120805-68111,68111,thunderstorm,Thunderstorm Wind,QN,2012-08-05 18:57:00,2012-08-05 18:57:00,0,ok,0,ok,2000,ok,52.00,EG,,,Emergency Manager,40.7559,-73.7861,,Trees were reported down on 45th Avenue.
408902,E20120815-68127,68127,hail,Hail,QN,2012-08-15 14:50:00,2012-08-15 14:50:00,0,ok,0,ok,,missing,1.50,,,,Public,40.7278,-73.9067,,
408903,E20120815-68127,68127,hail,Hail,QN,2012-08-15 14:58:00,2012-08-15 14:58:00,0,ok,0,ok,,missing,1.00,,,,Public,40.7367,-73.9249,,
410078,E20120815-68127,68127,hail,Hail,QN,2012-08-15 15:05:00,2012-08-15 15:05:00,0,ok,0,ok,,missing,0.88,,,,Public,40.72,-73.88,,
406882,E20120801-67829,67829,flash-flooding,Flash Flood,QN,2012-08-01 11:25:00,2012-08-01 12:45:00,0,ok,0,ok,0,ok,,,Heavy Rain,,Broadcast Media,40.7164,-73.8369,,The Grand Central Pkwy eastbound was closed at the Kew Gardens Interchange due to flooding.
406883,E20120801-67829,67829,flash-flooding,Flash Flood,QN,2012-08-01 11:35:00,2012-08-01 12:45:00,0,ok,0,ok,0,ok,,,Heavy Rain,,Broadcast Media,40.7031,-73.8176,,The Long Island Expressway at Francis Lewis Blvd. and the Van Wyck Expressway southbound at Hillside Ave. were both closed due to flooding.
408899,E20120815-68127,68127,thunderstorm,Thunderstorm Wind,QN,2012-08-15 12:29:00,2012-08-15 12:29:00,0,ok,0,ok,2000,ok,56.00,EG,,,Utility Company,40.7179,-73.8735,,Multiple power lines were downed across Middle Village that created numerous power outages.
408900,E20120815-68127,68127,thunderstorm,Thunderstorm Wind,QN,2012-08-15 12:52:00,2012-08-15 12:52:00,0,ok,0,ok,1000,ok,52.00,EG,,,Utility Company,40.6721,-73.7335,,"Multiple power lines were downed across Rosedale, which led to numerous power outages."
408904,E20120815-68127,68127,thunderstorm,Thunderstorm Wind,BK,2012-08-15 15:05:00,2012-08-15 15:05:00,0,ok,0,ok,1000,ok,52.00,EG,,,Trained Spotter,40.6864,-73.9675,,A large tree branch was downed on a car and across Clinton Ave. near the intersection of Clinton and Greene Avenues.
408667,E20120805-68104,68104,thunderstorm,Marine Thunderstorm Wind,HARBOR,2012-08-05 16:30:00,2012-08-05 16:30:00,0,ok,0,ok,,missing,40.00,MG,,,Other Federal Agency,40.63,-74.15,,A gust of 40 knots was measured at the National Ocean Service location at the Bayonne Bridge.
408673,E20120805-68104,68104,thunderstorm,Marine Thunderstorm Wind,HARBOR,2012-08-05 22:00:00,2012-08-05 22:00:00,0,ok,0,ok,,missing,61.00,MG,,,Other Federal Agency,40.47,-74.02,,A gust of 61 knots was measured at the National Ocean Service location at Sandy Hook.
408711,E20120805-68104,68104,thunderstorm,Marine Thunderstorm Wind,HARBOR,2012-08-05 18:36:00,2012-08-05 18:36:00,0,ok,0,ok,,missing,50.00,MG,,,Other Federal Agency,40.78,-73.78,,A gust of 50 knots was reported by the National Ocean Service site at Robins Reef.
414433,E20120918-69086,69086,thunderstorm,Marine Thunderstorm Wind,HARBOR,2012-09-18 19:15:00,2012-09-18 19:15:00,0,ok,0,ok,,missing,37.00,MG,,,Mesonet,40.4247,-73.9844,,A gust of 37 knots was measured at the mesonet site at Sandy Hook.
414424,E20120918-69086,69086,thunderstorm,Marine Thunderstorm Wind,HARBOR,2012-09-18 18:18:00,2012-09-18 18:18:00,0,ok,0,ok,,missing,38.00,MG,,,Other Federal Agency,40.47,-74.02,,A gust of 38 knots was measured at the National Ocean Service site at Sandy Hook.
414372,E20120908-69078,69078,tornado,Waterspout,HARBOR,2012-09-08 09:59:00,2012-09-08 10:01:00,0,ok,0,ok,,missing,,,,,NWS Storm Survey,40.5605,-73.927,,"This is the third segment in a four segment combined waterspout and tornado event. The storm originated as a waterspout about 1 mile south of the tip of Breezy Point around 10:56 am and moved northeast, making landfall about 2500 feet northeast of the tip of Breezy Point, Queens, near the Breezy Point Surf Club, around 10:58 am. The storm then crossed Breezy Point Queens as an EF0 tornado from 10:58 to 10:59 am, before reemerging into the eastern arm of Lower New York Harbor approximately 12500 feet west of Rockaway Inlet. Based on photographic and video evidence showing a waterspout near the southwest and northeast points of the track, and no radar evidence of weakening of the circulation, there is no reason to believe the waterspout was not continuous as it traversed the New York Harbor from 10:59 to 11:01 am. The waterspout then crossed land to the southeast of Plumb Beach in Kings County/Brooklyn about 11:01 am. The EF1 tornado continued northeast to Canarsie, Brooklyn where it lifted at 11:05 am."
414405,E20120918-69081,69081,thunderstorm,Thunderstorm Wind,QN,2012-09-18 19:00:00,2012-09-18 19:00:00,0,ok,0,ok,6000,ok,70.00,EG,,,Public,40.7704,-73.9141,,Three large trees were reported down at 35th Street North of Astoria Boulevard.
414426,E20120918-69086,69086,thunderstorm,Marine Thunderstorm Wind,HARBOR,2012-09-18 18:36:00,2012-09-18 18:36:00,0,ok,0,ok,,missing,48.00,MG,,,Mesonet,40.6726,-74.092,,A gust of 48 knots was measured at the mesonet site at Bayonne.
414339,E20120908-69067,69067,thunderstorm,Thunderstorm Wind,SI,2012-09-08 17:00:00,2012-09-08 17:05:00,0,ok,0,ok,5000,ok,52.00,EG,,,County Official,40.6,-74.18,,One tree and multiple tree limbs were reported down across the northeastern half of Staten Island.
414295,E20120908-69067,69067,tornado,Tornado,QN,2012-09-08 09:58:00,2012-09-08 09:59:00,0,ok,0,ok,20000,ok,,,,EF0,NWS Storm Survey,40.5468,-73.9329,,"This is the second of four segments of a combined waterspout tornado event. The tornado originated as a waterspout approximately 1 mile south of the tip of Breezy Point at 10:56 am in ANZ-355, and crossed onto land, as a tornado approximately 2500 feet northeast of the tip of Breezy Point, Queens at 10:58 am. The tornado caused structural damage to the Breezy Point Surf Club near where the waterspout came onshore as a tornado. Damage was also reported near its exit point off Breezy Point, with multiple trees and power lines reported down near the Beach 216th Street, at 10:59 am. At this point the tornado exited as a waterspout into the eastern arm of Lower New York Harbor, ANZ-338, about 12,500 feet west of Rockaway Inlet. The waterspout then continued northeast until making landfall as a tornado in Kings County/Brooklyn to the southeast of Plumb Beach about 750 feet south of the Belt Parkway at 11:01 am. The tornado then continued moving northeast into Brooklyn where it produced EF1 damage in Canarsie, Brooklyn before lifting at 11:05 am."
414374,E20120908-69078,69078,thunderstorm,Marine Thunderstorm Wind,HARBOR,2012-09-08 16:36:00,2012-09-08 16:48:00,0,ok,0,ok,,missing,37.00,MG,,,Other Federal Agency,40.78,-73.78,,Gusts of 35-37 knots were measured at the National Ocean Service location at Robins Reef.
414375,E20120908-69078,69078,thunderstorm,Marine Thunderstorm Wind,HARBOR,2012-09-08 17:06:00,2012-09-08 17:06:00,0,ok,0,ok,,missing,34.00,MG,,,Other Federal Agency,40.47,-74.02,,A gust of 34 knots was measured at the National Ocean Service location at Sandy Hook.
412638,E20120908-68789,68789,flash-flooding,Flash Flood,QN,2012-09-08 10:30:00,2012-09-08 11:00:00,0,ok,0,ok,0,ok,,,Heavy Rain,,Emergency Manager,40.7181,-73.819,,All lanes of the Grand Central Pkwy. were closed at the Van Wyck Expy. due to flooding.
414334,E20120908-69067,69067,thunderstorm,Thunderstorm Wind,BX,2012-09-08 17:00:00,2012-09-08 17:05:00,0,ok,0,ok,12500,ok,61.00,EG,,,County Official,40.83,-73.9,,Numerous trees and limbs were reported down throughout the Bronx.
414335,E20120908-69067,69067,thunderstorm,Thunderstorm Wind,QN,2012-09-08 17:05:00,2012-09-08 17:10:00,0,ok,0,ok,50000,ok,61.00,EG,,,County Official,40.7673,-73.9294,,Numerous trees and limbs were reported down throughout the Borough of Queens.
414336,E20120908-69067,69067,thunderstorm,Thunderstorm Wind,BK,2012-09-08 17:05:00,2012-09-08 17:10:00,0,ok,0,ok,25000,ok,61.00,EG,,,County Official,40.69,-73.9957,,Numerous trees and limbs were reported down throughout the Borough of Brooklyn/Kings County.
414337,E20120908-69067,69067,thunderstorm,Thunderstorm Wind,MN,2012-09-08 17:00:00,2012-09-08 17:00:00,0,ok,0,ok,1500,ok,52.00,EG,,,County Official,40.78,-73.95,,A tree was reported down in Central Park and a tree limb down in Riverside Park.
414368,E20120908-69067,69067,thunderstorm,Thunderstorm Wind,BK,2012-09-08 09:38:00,2012-09-08 09:38:00,0,ok,0,ok,7500,ok,61.00,EG,,,Emergency Manager,40.6419,-73.9579,,Multiple trees and power lines were reported down in Flatbush.
396048,E20120622-66022,66022,thunderstorm,Thunderstorm Wind,SI,2012-06-22 13:15:00,2012-06-22 13:15:00,0,ok,0,ok,,missing,50.00,MG,,,Public,40.6069,-74.0437,,A 58 mph wind gust was measured midway across the Verrazano-Narrows Bridge.
396079,E20120625-66028,66028,thunderstorm,Lightning,SI,2012-06-25 07:43:00,2012-06-25 07:43:00,0,ok,0,ok,50000,ok,,,,,Emergency Manager,40.593,-74.1891,,"Lightning struck the steeple of St. Anthony of Padua Catholic Church, causing a fire and a hole in the roof."
396050,E20120622-66027,66027,thunderstorm,Marine Thunderstorm Wind,HARBOR,2012-06-22 13:00:00,2012-06-22 13:00:00,0,ok,0,ok,,missing,41.00,MG,,,Other Federal Agency,40.78,-73.78,,A gust of 41 knots was reported at the NOS site at Robins Reef.
396051,E20120622-66027,66027,thunderstorm,Marine Thunderstorm Wind,HARBOR,2012-06-22 13:00:00,2012-06-22 13:00:00,0,ok,0,ok,,missing,50.00,MG,,,Public,40.6071,-74.0431,,A gust of 50 knots was reported midway across the Verrazano-Narrows Bridge.
396056,E20120622-66027,66027,thunderstorm,Marine Thunderstorm Wind,HARBOR,2012-06-22 13:50:00,2012-06-22 13:50:00,0,ok,0,ok,,missing,35.00,MG,,,Other Federal Agency,40.47,-74.02,,A gust of 35 knots was reported at the NOS site at Sandy Hook.
396117,E20120625-66030,66030,thunderstorm,Marine Thunderstorm Wind,HARBOR,2012-06-25 07:24:00,2012-06-25 07:24:00,0,ok,0,ok,,missing,36.00,EG,,,Other Federal Agency,40.47,-74.02,,A gust of 36 knots was reported at the NOS site at Sandy Hook.
395981,E20120606-66011,66011,hail,Hail,SI,2012-06-06 19:00:00,2012-06-06 19:00:00,0,ok,0,ok,,missing,1.00,,,,Public,40.6364,-74.1255,,Quarter size hail was reported in Port Richmond.
403549,E20120718-66725,66725,extreme-heat,Excessive Heat,BX,2012-07-18 12:00:00,2012-07-18 16:00:00,0,ok,0,ok,0,ok,,,,,ASOS,,,,The heat index reached or exceeded 105 degrees at Central Park and Laguardia Airport.
395992,E20120606-66013,66013,hail,Marine Hail,HARBOR,2012-06-06 19:00:00,2012-06-06 19:00:00,0,ok,0,ok,,missing,1.00,,,,Public,40.637,-74.1257,,
395584,E20120601-65954,65954,thunderstorm,Marine Thunderstorm Wind,HARBOR,2012-06-01 22:48:00,2012-06-01 22:48:00,0,ok,0,ok,,missing,39.00,MG,,,Other Federal Agency,40.78,-73.78,,A 39 kt wind gust was reported by the NOS site at Robins Reef.
395585,E20120601-65954,65954,thunderstorm,Marine Thunderstorm Wind,HARBOR,2012-06-01 23:00:00,2012-06-01 23:04:00,0,ok,0,ok,,missing,35.00,MG,,,Other Federal Agency,40.78,-73.78,,A 35 kt wind gust was reported by the NOS site at Robins Reef.
395586,E20120601-65954,65954,thunderstorm,Marine Thunderstorm Wind,HARBOR,2012-06-01 23:10:00,2012-06-01 23:10:00,0,ok,0,ok,,missing,43.00,MG,,,Other Federal Agency,40.47,-74.02,,A 43 kt wind gust was reported by the NOS site at Sandy Hook.
395587,E20120601-65954,65954,thunderstorm,Marine Thunderstorm Wind,HARBOR,2012-06-01 23:24:00,2012-06-01 23:24:00,0,ok,0,ok,,missing,34.00,MG,,,Other Federal Agency,40.78,-73.78,,A 34 kt wind gust was reported by the NOS site at Robins Reef.
395588,E20120601-65954,65954,thunderstorm,Marine Thunderstorm Wind,HARBOR,2012-06-01 23:36:00,2012-06-01 23:36:00,0,ok,0,ok,,missing,34.00,MG,,,Other Federal Agency,40.78,-73.78,,A 34 kt wind gust was reported by the NOS site at Robins Reef.
395589,E20120601-65954,65954,thunderstorm,Marine Thunderstorm Wind,HARBOR,2012-06-01 23:48:00,2012-06-01 23:54:00,0,ok,0,ok,,missing,35.00,MG,,,Other Federal Agency,40.78,-73.78,,A 35 kt wind gust was reported by the NOS site at Robins Reef.
414332,E20120908-69067,69067,tornado,Tornado,BK,2012-09-08 10:01:00,2012-09-08 10:05:00,0,ok,0,ok,250000,ok,,,,EF1,NWS Storm Survey,40.582,-73.9165,,"This is the fourth segment of a combined waterspout/tornado that originated as a waterspout about 1 mile south of the tip of Breezy Point in ANZ-355 (Coastal Waters From Sandy Hook NJ to Fire Island Inlet NY out to 20 Nautical Miles) at 10:56 am.  The waterspout then reached land and crossed Breezy Point Queens as an EF0 tornado from 10:58 to 10:59 am. The tornado then went back over water, traversing the Eastern Arm of Lower New York Harbor (ANZ-338), to the west of Rockaway Inlet, from 10:59-11:00 am as a waterspout. At 11:01 am, the waterspout made landfall as a tornado to the southeast of Plumb Beach, about 750 feet south of the Belt Parkway. The tornado traversed northeast across Marine Park, based on video evidence, then through the Mill Basin Section of Kings County/Brooklyn where it brought down a tree and limbs along Whitman Drive around 11:02 am. The tornado continued heading northeast into Bergen Beach where it downed a tree and several limbs between the corner of East 70th Street and Avenue Y and the corner of Royce Street and Avenue W around 11:03 am. The tornado then crossed the Canarsie section of Kings County/Brooklyn from 11:04 to 11:05 am before lifting near the corner of East 94th Street and Avenue N. In Canarsie, the tornado caused structural damage to several homes and to several trees in and around Canarsie Park."
408669,E20120805-68104,68104,thunderstorm,Marine Thunderstorm Wind,HARBOR,2012-08-05 16:37:00,2012-08-05 16:37:00,0,ok,0,ok,,missing,40.00,MG,,,Other Federal Agency,40.63,-74.15,,A gust of 40 knots was measured at the National Ocean Service location at the Bayonne Bridge.
454621,E20130509-75249,75249,flash-flooding,Flash Flood,QN,2013-05-09 10:15:00,2013-05-09 10:45:00,0,ok,0,ok,0,ok,,,Heavy Rain,,Law Enforcement,40.6673,-73.7616,,"In Laurelton, the Belt Pkwy. was closed in both directions with four vehicles stranded in 2-3 feet of water."
454596,E20130508-75242,75242,flash-flooding,Flash Flood,BK,2013-05-08 08:00:00,2013-05-08 08:15:00,0,ok,0,ok,0,ok,,,Heavy Rain,,Department of Highways,40.5928,-73.9937,,The Belt Parkway was impassable near exit 6 in Coney Island.
454738,E20130523-75263,75263,flash-flooding,Flash Flood,SI,2013-05-23 15:58:00,2013-05-23 16:28:00,0,ok,0,ok,0,ok,,,Heavy Rain,,Broadcast Media,40.6098,-74.1008,,The westbound Staten Island Expressway was closed at Renwick Ave. due to flooding.
454733,E20130523-75263,75263,flash-flooding,Flash Flood,SI,2013-05-23 14:35:00,2013-05-23 15:05:00,0,ok,0,ok,0,ok,,,Heavy Rain,,Emergency Manager,40.5508,-74.1902,,A car was stranded in flood waters on Vespa Ave. near Arden Avenue.
452589,E20130511-74831,74831,thunderstorm,Thunderstorm Wind,MN,2013-05-11 15:08:00,2013-05-11 15:08:00,0,ok,0,ok,4000,ok,61.00,EG,,,Broadcast Media,40.716,-74.0165,,Windows were blown out at the Rector Place and Gateway Plaza. Numerous trees were knocked over. There was damage to the revolving door at The Solaire in River Terrace.
452588,E20130511-74831,74831,thunderstorm,Thunderstorm Wind,MN,2013-05-11 15:08:00,2013-05-11 15:08:00,0,ok,0,ok,3000,ok,65.00,EG,,,Emergency Manager,40.7108,-74.0161,,"Numerous trees were reported down along South End Avenue, especially between Albany and Liberty Streets. Eight trees fell into Merchant's River House, damaging the outdoor seating area."
452593,E20130511-74832,74832,thunderstorm,Marine Thunderstorm Wind,HARBOR,2013-05-11 15:08:00,2013-05-11 15:08:00,0,ok,0,ok,3000,ok,61.00,EG,,,Emergency Manager,40.7106,-74.0163,,"The storms knocked down numerous trees along South End Avenue, especially between Albany and Liberty Streets as it moved onshore."
468647,E20130720-77696,77696,thunderstorm,Marine Thunderstorm Wind,HARBOR,2013-07-20 17:30:00,2013-07-20 17:30:00,0,ok,0,ok,,missing,35.00,MG,,,Mesonet,40.63,-74.15,,
468649,E20130720-77696,77696,hail,Marine Hail,HARBOR,2013-07-20 17:54:00,2013-07-20 17:54:00,0,ok,0,ok,,missing,0.75,,,,Trained Spotter,40.626,-74.041,,
468650,E20130720-77696,77696,thunderstorm,Marine Thunderstorm Wind,HARBOR,2013-07-20 17:54:00,2013-07-20 17:54:00,0,ok,0,ok,,missing,46.00,MG,,,Mesonet,40.78,-73.78,,
458782,E20130719-76042,76042,extreme-heat,Excessive Heat,SI,2013-07-19 00:00:00,2013-07-21 00:00:00,1,ok,0,ok,0,ok,,,,,Emergency Manager,,,,"The NYC medical examiner's office reported the death of a male, age 88 years old, as a result of the intense and excessive heat for several days. The death occurred in Staten Island on 7/20/13."
458783,E20130719-76042,76042,extreme-heat,Excessive Heat,BX,2013-07-19 00:00:00,2013-07-21 00:00:00,1,ok,0,ok,0,ok,,,,,Emergency Manager,,,,"The NYC medical examiner's office reported the death of a female, age 83 years old, as a result of the intense and excessive heat for several days. The death occurred in the Bronx on 7/20/13."
458785,E20130719-76042,76042,extreme-heat,Excessive Heat,MN,2013-07-19 00:00:00,2013-07-21 00:00:00,1,ok,0,ok,0,ok,,,,,Emergency Manager,,,,"The NYC medical examiner's office reported the death of a female, age 81 years old, as a result of the intense and excessive heat for several days. The death occurred in Manhattan on 7/19/13."
458787,E20130719-76042,76042,extreme-heat,Excessive Heat,BK,2013-07-19 00:00:00,2013-07-21 00:00:00,4,ok,0,ok,0,ok,,,,,Emergency Manager,,,,"The NYC medical examiner's office reported the death of two males, ages 78 and 84 years old, a female age 61, and another female age 82 years old as a result of the intense and excessive heat for several days. The deaths occurred in Brooklyn on July 19th, 20th and 21st, 2013."
458806,E20130719-76042,76042,extreme-heat,Excessive Heat,QN,2013-07-19 10:00:00,2013-07-19 18:00:00,0,ok,0,ok,0,ok,,,,,ASOS,,,,The combination of high temperatures and humidity resulted in a heat index of 105 degrees during the afternoon hours at LaGuardia Airport.
458814,E20130719-76042,76042,extreme-heat,Excessive Heat,QN,2013-07-19 10:00:00,2013-07-19 18:00:00,1,ok,0,ok,0,ok,,,,,ASOS,,,,"The combination of high temperatures and humidity resulted in a heat index of 108 degrees during the afternoon hours at John F. Kennedy International Airport. The NYC medical examiner's office reported the death of a male, age 67 years old, as a result of the intense and excessive heat for several days. The death occurred on 7/19/13."
458780,E20130707-76041,76041,extreme-heat,Excessive Heat,SI,2013-07-07 00:00:00,2013-07-08 00:00:00,1,ok,0,ok,0,ok,,,,,Broadcast Media,,,,"A 57 year old male died due to the excessive heat per the NYC department of health. The death occurred on July 8th, 2013."
459595,E20130602-76212,76212,flash-flooding,Flash Flood,MN,2013-06-02 22:59:00,2013-06-02 23:30:00,0,ok,0,ok,0,ok,,,Heavy Rain,,Newspaper,40.8032,-73.9314,,The FDR Drive was flooded at 125th Street.
462877,E20130617-76707,76707,thunderstorm,Marine Thunderstorm Wind,HARBOR,2013-06-17 14:24:00,2013-06-17 14:24:00,0,ok,0,ok,,missing,42.00,EG,,,Mesonet,40.78,-73.78,,A gust of 42 knots was measured at the NOS site at Robins Reef.
491724,E20131214-81881,81881,winter-storm,Winter Weather,MN,2013-12-14 10:28:00,2013-12-14 21:00:00,0,ok,0,ok,0,ok,,,,,Official NWS Observations,,,,A spotter on the Upper West Side measured 6 inches of snow. Central Park measured 5 inches of snow.
491723,E20131214-81881,81881,heavy-snow,Heavy Snow,BX,2013-12-14 10:28:00,2013-12-14 22:25:00,0,ok,0,ok,0,ok,,,,,Trained Spotter,,,,Spotters reported widespread snowfall totals of 5 to 7.1 inches.
435770,E20130227-72277,72277,coastal-flooding,Coastal Flood,QN,2013-02-27 11:30:00,2013-02-27 13:30:00,0,ok,0,ok,0,ok,,,,,Official NWS Observations,,,,The NOS tidal gauge in Kings Point recorded a water level of 10.80 feet MLLW during the late morning into early afternoon high tide cycle on February 27th. This is .30 foot above the threshold for moderate coastal flooding established by the National Weather Service.
442988,E20130307-73318,73318,winter-storm,Winter Weather,SI,2013-03-07 23:20:00,2013-03-08 14:00:00,0,ok,0,ok,0,ok,,,,,Trained Spotter,,,,"Spotters reported a wide range of snowfall totals, from 1.3 inches at Arrochar to 7.3 inches at Great Kills."
507642,E20131205-84093,84093,fog,Dense Fog,BX,2013-12-05 08:00:00,2013-12-05 13:00:00,0,ok,0,ok,0,ok,,,,,ASOS,,,,"Area airports observed less than a quarter mile visibilities through the morning and into the early afternoon hours. These reduced visibilities resulted in hazardous travel, and closed all the airports for a time."
507643,E20131205-84093,84093,fog,Dense Fog,BK,2013-12-05 08:00:00,2013-12-05 13:00:00,0,ok,0,ok,0,ok,,,,,ASOS,,,,"Area airports observed less than a quarter mile visibilities through the morning and into the early afternoon hours. These reduced visibilities resulted in hazardous travel, and closed all the airports for a time."
507645,E20131205-84093,84093,fog,Dense Fog,MN,2013-12-05 08:00:00,2013-12-05 13:00:00,0,ok,0,ok,0,ok,,,,,ASOS,,,,"Area airports observed less than a quarter mile visibilities through the morning and into the early afternoon hours. These reduced visibilities resulted in hazardous travel, and closed all the airports for a time."
507647,E20131205-84093,84093,fog,Dense Fog,QN,2013-12-05 08:00:00,2013-12-05 13:00:00,0,ok,0,ok,0,ok,,,,,ASOS,,,,"Area airports observed less than a quarter mile visibilities through the morning and into the early afternoon hours. These reduced visibilities resulted in hazardous travel, and closed all the airports for a time."
507649,E20131205-84093,84093,fog,Dense Fog,QN,2013-12-05 08:00:00,2013-12-05 13:00:00,0,ok,0,ok,0,ok,,,,,ASOS,,,,"Area airports observed less than a quarter mile visibilities through the morning and into the early afternoon hours. These reduced visibilities resulted in hazardous travel, and closed all the airports for a time."
507651,E20131205-84093,84093,fog,Dense Fog,SI,2013-12-05 08:00:00,2013-12-05 13:00:00,0,ok,0,ok,0,ok,,,,,ASOS,,,,"Area airports observed less than a quarter mile visibilities through the morning and into the early afternoon hours. These reduced visibilities resulted in hazardous travel, and closed all the airports for a time."
442985,E20130307-73318,73318,winter-storm,Winter Weather,BX,2013-03-07 22:00:00,2013-03-08 13:00:00,0,ok,0,ok,0,ok,,,,,Public,,,,Bedford Park reported 7 inches of snow.
442987,E20130307-73318,73318,winter-storm,Winter Weather,QN,2013-03-07 22:00:00,2013-03-08 13:00:00,0,ok,0,ok,0,ok,,,,,Trained Spotter,,,,"Spotters reported between 3 and 6 inches of snow, with the highest total of 6 inches at Middle Village."
443269,E20130309-73353,73353,coastal-flooding,Coastal Flood,QN,2013-03-09 05:00:00,2013-03-09 07:30:00,0,ok,0,ok,0,ok,,,,,Official NWS Observations,,,,The USGS tidal gauge in Hudson Bay at Freeport recorded a water level of 6.2 ft. MLLW during the early morning high tide cycle on March 9th. This is .4 ft. above the threshold for moderate coastal flooding established by the National Weather Service.|The USGS tidal gauge in East Rockaway at Point Lookout recorded a water level of 7.0 ft. MLLW during the early morning high tide cycle on March 9th. This is at the threshold for moderate coastal flooding established by the National Weather Service.
442986,E20130307-73318,73318,winter-storm,Winter Weather,QN,2013-03-07 22:00:00,2013-03-08 13:00:00,0,ok,0,ok,0,ok,,,,,Trained Spotter,,,,"Spotters reported between 3.1 and 6.7 inches of snow. The highest totals were at Bayside with 6.7 inches, at Whitestone with 6 inches, and at Rego Park with 5.9 inches."
442321,E20130306-73234,73234,high-winds,Strong Wind,QN,2013-03-06 10:00:00,2013-03-06 13:00:00,0,ok,0,ok,1000,ok,34.00,MS,,,ASOS,,,,The Automated Surface Observing System at LaGuardia Airport measured a sustained wind of 39 mph at 12:19 pm.
442320,E20130306-73234,73234,high-winds,Strong Wind,QN,2013-03-06 17:00:00,2013-03-06 21:00:00,0,ok,0,ok,1000,ok,34.00,MS,,,ASOS,,,,The Automated Surface Observing System at JFK Airport measured a sustained wind of 39 mph at 7:19 pm.
436898,E20130208-72446,72446,winter-storm,Winter Storm,BX,2013-02-08 14:00:00,2013-02-09 05:00:00,0,ok,0,ok,0,ok,,,,,Trained Spotter,,,,"Spotters reported snowfall ranging from 12.3 inches in Bedford Park, to 15 inches in Fieldston."
436900,E20130208-72446,72446,winter-storm,Winter Storm,MN,2013-02-08 14:00:00,2013-02-09 04:30:00,0,ok,0,ok,0,ok,,,,,Trained Spotter,,,,"Spotters and observers reported snowfall ranging from 7.5 inches in Greenwich Village, to 11.4 inches in Central Park. Winds gusted up to 36 mph at Central Park."
436901,E20130208-72446,72446,winter-storm,Winter Storm,QN,2013-02-08 14:00:00,2013-02-09 05:00:00,0,ok,0,ok,0,ok,,,,,Trained Spotter,,,,"Spotters and observers reported snowfall ranging from 11 inches in Flushing and Bayside, to 12.8 inches in Douglaston. Winds gusted up to 40 mph at LaGuardia Airport."
436902,E20130208-72446,72446,winter-storm,Winter Storm,QN,2013-02-08 17:00:00,2013-02-09 04:10:00,0,ok,0,ok,0,ok,,,,,Trained Spotter,,,,"Spotters and observers reported snowfall ranging from 6.4 inches at JFK Airport, to 15 inches in Middle Village. Winds gusted up to 39 mph at JFK Airport."
436904,E20130208-72446,72446,winter-storm,Winter Storm,SI,2013-02-08 07:10:00,2013-02-09 03:00:00,0,ok,0,ok,0,ok,,,,,Trained Spotter,,,,"Spotters reported snowfall ranging from 5 inches in Bay Terrace, to 12 inches in Great Kills and Sunnyside."
436903,E20130208-72446,72446,winter-storm,Winter Storm,BK,2013-02-08 17:00:00,2013-02-09 04:10:00,0,ok,0,ok,0,ok,,,,,Trained Spotter,,,,"Spotters reported snowfall ranging from 7 inches in Marine Park, to 9 inches in Sheepshead Bay."
421882,E20130131-70247,70247,high-winds,High Wind,QN,2013-01-31 02:00:00,2013-01-31 07:00:00,0,ok,0,ok,30000,ok,51.00,MG,,,ASOS,,,,"At JFK International Airport, a wind gust up to 59 mph was measured at 6:57 am, with sustained winds of 43 mph at 4:33 am. Scattered power outages were reported throughout the area."
421881,E20130131-70247,70247,high-winds,High Wind,QN,2013-01-31 00:00:00,2013-01-31 06:00:00,0,ok,0,ok,20000,ok,56.00,MG,,,ASOS,,,,A wind gust up to 64 mph was measured at Laguardia Airport at 3:54 am. Sustained winds of 46 mph were also measured at the same time. A mesonet station 2 miles south southeast of Jackson Heights measured a wind gust to 58 mph at 4:02 am. Scattered power outages were reported throughout the area.
421883,E20130131-70247,70247,high-winds,High Wind,MN,2013-01-31 00:00:00,2013-01-31 04:00:00,0,ok,0,ok,1000,ok,50.00,EG,,,Emergency Manager,,,,A sidewalk shed collapsed on West 86th street and Broadway at 1:30 am due to high winds.
479229,E20131101-79970,79970,high-winds,Strong Wind,SI,2013-11-01 08:00:00,2013-11-01 11:00:00,0,ok,0,ok,50000,ok,49.00,EG,,,Trained Spotter,,,,A skywarn spotter reported trees and wires down on Landis Avenue in the Arrochar neighborhood. Damage to cars was reported. This occurred around 10 am. A mesonet reported a wind gust to 57 mph in Tompkinsville around 10 am.
479230,E20131101-79970,79970,high-winds,Strong Wind,MN,2013-11-01 09:00:00,2013-11-01 11:00:00,0,ok,4,ok,20000,ok,39.00,EG,,,Broadcast Media,,,,The strong winds caused a scaffolding to collapse at West 40th Street and 7th Avenue. There were 4 people reported injured.
484227,E20131101-80879,80879,thunderstorm,Marine Thunderstorm Wind,HARBOR,2013-11-01 09:00:00,2013-11-01 09:00:00,0,ok,0,ok,,missing,49.00,MG,,,Other Federal Agency,40.78,-73.78,,A gust of 49 knots was measured at the NOS site at Robin's Reef.
483737,E20131113-80812,80812,extreme-cold,Cold/Wind Chill,BK,2013-11-13 00:00:00,2013-11-13 23:59:00,1,ok,0,ok,0,ok,,,,,Emergency Manager,,,,Typical cold late fall weather resulted in a hypothermia related death of a male in Brooklyn due to exposure. Cold air along with gusty winds were the contributing factors.
477769,E20130902-79670,79670,flash-flooding,Flash Flood,QN,2013-09-02 12:30:00,2013-09-02 13:00:00,0,ok,0,ok,0,ok,,,Heavy Rain,,Emergency Manager,40.767,-73.8906,,All westbound lanes of the Grand Central Parkway at the Brooklyn-Queens Expressway were flooded.
479325,E20130912-80004,80004,thunderstorm,Marine Thunderstorm Wind,HARBOR,2013-09-12 12:50:00,2013-09-12 12:50:00,0,ok,0,ok,,missing,35.00,MG,,,Mesonet,40.42,-73.98,,
467533,E20130607-76521,76521,inland-flooding,Flood,MN,2013-06-07 22:05:00,2013-06-08 02:30:00,0,ok,0,ok,0,ok,,,Heavy Rain / Tropical System,,Emergency Manager,40.7942,-73.9547,,The number 3 train was suspended between 96th St. and 148th St. due to flooding. The total rainfall amount recorded by the ASOS in Central Park was 4.77 inches.
462872,E20130617-76706,76706,thunderstorm,Thunderstorm Wind,BK,2013-06-17 14:40:00,2013-06-17 14:40:00,0,ok,0,ok,5000,ok,52.00,EG,,,Emergency Manager,40.6438,-73.9301,,A tree fell onto a home in East Flatbush.
497166,E20140102-82565,82565,heavy-snow,Heavy Snow,BK,2014-01-02 18:30:00,2014-01-03 10:30:00,0,ok,0,ok,0,ok,,,,,Public,,,,The public and trained spotters reported snowfall of 9 to 10 inches.
497168,E20140102-82565,82565,heavy-snow,Heavy Snow,QN,2014-01-02 18:30:00,2014-01-03 10:30:00,0,ok,0,ok,0,ok,,,,,Trained Spotter,,,,"Trained spotters, the public and FAA contract observers reported snowfall of 8 to 12 inches."
497169,E20140102-82565,82565,heavy-snow,Heavy Snow,MN,2014-01-02 18:30:00,2014-01-03 09:30:00,0,ok,0,ok,0,ok,,,,,Trained Spotter,,,,A trained spotter reported snowfall of 7.8 inches on the Upper West Side. Central Park reported snowfall of 6.4 inches.
497170,E20140102-82565,82565,heavy-snow,Heavy Snow,SI,2014-01-02 18:30:00,2014-01-03 09:30:00,0,ok,0,ok,0,ok,,,,,Emergency Manager,,,,Emergency managers and trained spotters reported snowfall of 7 to 10 inches.
497172,E20140102-82565,82565,heavy-snow,Heavy Snow,QN,2014-01-02 18:30:00,2014-01-03 10:30:00,0,ok,0,ok,0,ok,,,,,Public,,,,"The public, trained spotters and FAA contract observers reported snowfall of 6 to 11 inches."
497165,E20140102-82565,82565,heavy-snow,Heavy Snow,BX,2014-01-02 18:30:00,2014-01-03 09:30:00,0,ok,0,ok,0,ok,,,,,Public,,,,The public reported snowfall of 8 to 12 inches.
546486,E20141209-91174,91174,high-winds,Strong Wind,QN,2014-12-09 11:00:00,2014-12-09 15:00:00,0,ok,0,ok,10000,ok,41.00,MG,,,ASOS,,,,"At JFK International Airport, a sustained wind of 38 mph was measured at 12:52 pm, and a gust of 47 mph was measured at 12:51 pm."
550484,E20141117-91875,91875,thunderstorm,Marine Thunderstorm Wind,HARBOR,2014-11-17 14:24:00,2014-11-17 14:24:00,0,ok,0,ok,,missing,40.00,MG,,,Other Federal Agency,40.66,-74.07,,A gust of 40 knots was measured at the National Ocean Service Robbins Reef location.
550483,E20141117-91874,91874,thunderstorm,Thunderstorm Wind,BK,2014-11-17 14:32:00,2014-11-17 14:32:00,0,ok,0,ok,1000,ok,52.00,EG,,,Public,40.65,-73.95,,A large tree branch fell into the rear window of a car.
542067,E20141102-90252,90252,high-winds,Strong Wind,QN,2014-11-02 02:00:00,2014-11-02 07:00:00,0,ok,0,ok,20000,ok,41.00,MG,,,ASOS,,,,"At LaGuardia Airport, a sustained wind of 35 mph was measured at 5:50 am, and a gust of 47 mph was measured at 3:57 am."
542068,E20141102-90252,90252,high-winds,Strong Wind,QN,2014-11-02 04:00:00,2014-11-02 08:00:00,0,ok,0,ok,20000,ok,46.00,MG,,,ASOS,,,,"At John F. Kennedy Airport, a sustained wind of 44 mph was measured at 7:55 am, and a gust of 53 mph was measured at 6:32 am."
546485,E20141209-91174,91174,high-winds,Strong Wind,QN,2014-12-09 11:00:00,2014-12-09 15:00:00,0,ok,0,ok,10000,ok,38.00,MG,,,ASOS,,,,"At LaGuardia Airport, a sustained wind of 36 mph was measured at 2:02 pm, and a gust  of 44 mph was measured at 2:01 pm."
537756,E20140708-89263,89263,thunderstorm,Marine Thunderstorm Wind,HARBOR,2014-07-08 20:50:00,2014-07-08 20:50:00,0,ok,0,ok,,missing,48.00,MG,,,Mesonet,40.42,-73.98,,
537679,E20140715-89233,89233,flash-flooding,Flash Flood,BX,2014-07-15 14:48:00,2014-07-15 15:18:00,0,ok,0,ok,0,ok,,,Heavy Rain,,Emergency Manager,40.8309,-73.8333,,All lanes were closed on the Cross Bronx Expressway due to flooding.
542517,E20140831-90054,90054,flash-flooding,Flash Flood,BX,2014-08-31 16:08:00,2014-08-31 16:38:00,0,ok,0,ok,0,ok,,,Heavy Rain,,Department of Highways,40.854,-73.919,,All lanes were blocked due to flooding on Interstate 87 at exit 8 (179th Street) in the Bronx.
541192,E20140831-90056,90056,thunderstorm,Marine Thunderstorm Wind,HARBOR,2014-08-31 15:32:00,2014-08-31 15:32:00,0,ok,0,ok,,missing,36.00,MG,,,Mesonet,40.67,-74.03,,
537752,E20140708-89261,89261,thunderstorm,Thunderstorm Wind,SI,2014-07-08 20:40:00,2014-07-08 20:40:00,0,ok,0,ok,2000,ok,52.00,EG,,,Public,40.507,-74.2326,,Several downed trees were noted across the town.
537753,E20140708-89261,89261,thunderstorm,Thunderstorm Wind,MN,2014-07-08 21:00:00,2014-07-08 21:00:00,0,ok,0,ok,4000,ok,52.00,EG,,,Broadcast Media,40.7638,-73.9922,,Multiple trees were down. Debris from a construction site also fell at the same location.
537749,E20140708-89261,89261,thunderstorm,Thunderstorm Wind,SI,2014-07-08 20:53:00,2014-07-08 20:53:00,0,ok,0,ok,2000,ok,52.00,EG,,,Public,40.58,-74.1,,Numerous trees were down on Hylan Blvd. from Page Ave. to Midland Avenue.
537797,E20140723-89271,89271,thunderstorm,Thunderstorm Wind,SI,2014-07-23 19:56:00,2014-07-23 19:56:00,0,ok,0,ok,3000,ok,52.00,EG,,,Emergency Manager,40.55,-74.17,,Multiple power lines were reported down.
541182,E20140831-90054,90054,thunderstorm,Lightning,BX,2014-08-31 15:50:00,2014-08-31 15:50:00,0,ok,2,ok,,missing,,,,,Emergency Manager,40.85,-73.87,,Two people were injured when lightning struck a tree they were standing underneath at Orchard Beach. They were rushed to a local hospital. A third man was also struck but was unharmed.
529218,E20140613-87719,87719,flash-flooding,Flash Flood,QN,2014-06-13 17:50:00,2014-06-13 18:20:00,0,ok,0,ok,0,ok,,,Heavy Rain,,Trained Spotter,40.7231,-73.8427,,The intersection of 110th St. and 70th Rd. in Forest Hills was impassable and closed due to flooding.
529219,E20140613-87719,87719,flash-flooding,Flash Flood,BK,2014-06-13 17:42:00,2014-06-13 18:20:00,0,ok,0,ok,0,ok,,,Heavy Rain,,Public,40.6768,-73.9843,,A car was stalled in flood waters at the intersection of 4th Ave. and Carroll St. in Park Slope.
529220,E20140613-87719,87719,flash-flooding,Flash Flood,SI,2014-06-13 17:35:00,2014-06-13 18:20:00,0,ok,0,ok,0,ok,,,Heavy Rain,,Emergency Manager,40.6004,-74.0647,,The ramp from Lily Pond Ave. to the lower level of the Brooklyn Bound Verrazano Bridge was closed due to flooding.
537231,E20140703-89000,89000,thunderstorm,Thunderstorm Wind,MN,2014-07-03 18:45:00,2014-07-03 18:45:00,0,ok,0,ok,3000,ok,52.00,EG,,,Emergency Manager,40.8518,-73.9419,,A downed tree was reported blocking two lanes of the southbound side of Henry Hudson Parkway at West 181st Street.
537232,E20140703-89000,89000,thunderstorm,Thunderstorm Wind,MN,2014-07-03 19:25:00,2014-07-03 19:25:00,0,ok,0,ok,2000,ok,52.00,EG,,,Emergency Manager,40.8461,-73.9384,,A downed tree resulted in a complete road closure at West 175th St. and Broadway.
546502,E20141224-91179,91179,fog,Dense Fog,QN,2014-12-24 18:00:00,2014-12-25 06:00:00,0,ok,0,ok,1000000,ok,,,,,ASOS,,,,Dense fog with visibilities 1/4 mile or less developed and impacted travel at LaGuardia Airport.
546504,E20141224-91179,91179,fog,Dense Fog,QN,2014-12-24 18:00:00,2014-12-25 06:00:00,0,ok,0,ok,1000000,ok,,,,,ASOS,,,,Dense fog with visibilities 1/4 mile or less developed and impacted travel at JFK International Airport.
531795,E20140722-88111,88111,coastal-hazard,Rip Current,BK,2014-07-22 16:00:00,2014-07-23 00:00:00,1,ok,0,ok,0,ok,,,,,Newspaper,,,,"A 10-year-old girl drowned after she fell off a jetty in Coney Island on Tuesday evening July 22nd and slipped into the ocean. Takara McDuffy of Staten Island was playing with her sister and fell off the rocks near Stillwell Avenue around 7 p.m., according to police and witnesses. She couldn���t swim her family said. After a frantic, 10-minute search, a man found the girl floating about 100 yards from the jetty. Another good Samaritan administered CPR on the beach. Takara was taken to Coney Island Hospital, where she died. Lifeguards had already gone off duty when she drowned."
535815,E20140702-88868,88868,flash-flooding,Flash Flood,BK,2014-07-02 19:15:00,2014-07-02 19:45:00,0,ok,0,ok,0,ok,,,Heavy Rain,,Broadcast Media,40.6886,-74.0043,,Several cars were stuck in flood waters in the neighborhood of Red Hook.
536289,E20140703-89000,89000,flash-flooding,Flash Flood,BX,2014-07-03 19:40:00,2014-07-03 20:10:00,0,ok,0,ok,0,ok,,,Heavy Rain / Tropical System,,Department of Highways,40.8464,-73.914,,All lanes were closed on the Cross Bronx Expressway at Jerome Ave. due to flooding.  The northbound exit ramp to Jerome Ave. was also closed due to flooding.
543984,E20140906-90660,90660,thunderstorm,Thunderstorm Wind,QN,2014-09-06 15:30:00,2014-09-06 15:30:00,0,ok,0,ok,0,ok,52.00,EG,,,Law Enforcement,40.75,-73.83,,High winds downed numerous trees and wires in Flushing.  One tree fell on a car and another tree fell on a house.
545419,E20140906-90979,90979,thunderstorm,Marine Thunderstorm Wind,HARBOR,2014-09-06 14:35:00,2014-09-06 14:35:00,0,ok,0,ok,,missing,48.00,MG,,,Mesonet,40.5,-74.28,,A wind gust of 48 knots was measured at the Perth Amboy mesonet location.
542094,E20141022-90256,90256,high-winds,Strong Wind,QN,2014-10-22 20:00:00,2014-10-22 23:00:00,0,ok,0,ok,20000,ok,27.00,MS,,,ASOS,,,,"At John F. Kennedy Airport, sustained winds of 31 mph were measured at 9:21 pm EDT."
545217,E20141022-90256,90256,flash-flooding,Flash Flood,BK,2014-10-22 03:45:00,2014-10-22 04:15:00,0,ok,0,ok,0,ok,,,Heavy Rain,,NWS Employee,40.6015,-73.9037,,The Belt Pkwy. was closed at Exit 11 due to flooding.
505355,E20140121-83716,83716,heavy-snow,Heavy Snow,BX,2014-01-21 08:45:00,2014-01-21 22:30:00,0,ok,0,ok,0,ok,,,,,COOP Observer,,,,"A cooperative observer in Parkchester reported 9.2 inches of snow. Elsewhere, trained spotters, the public, and the Bronx Zoo also reported widespread snowfall totals of 11-12 inches."
505356,E20140121-83716,83716,heavy-snow,Heavy Snow,BK,2014-01-21 08:15:00,2014-01-21 22:15:00,0,ok,0,ok,0,ok,,,,,Public,,,,The public and trained spotters reported widespread snowfall totals of 8.5 to 10.5 inches.
505357,E20140121-83716,83716,heavy-snow,Heavy Snow,MN,2014-01-21 08:30:00,2014-01-21 22:30:00,0,ok,0,ok,0,ok,,,,,Official NWS Observations,,,,"Central Park reported snowfall of 11.5 inches. Elsewhere, a trained spotter in Harlem reported 10.8 inches, and the public reported 11.5 inches on the Upper West Side."
505362,E20140121-83716,83716,heavy-snow,Heavy Snow,QN,2014-01-21 08:45:00,2014-01-21 22:30:00,0,ok,0,ok,0,ok,,,,,Official NWS Observations,,,,"LaGuardia Airport received total snowfall of 8.1 inches. Elsewhere, the public and trained spotters reported widespread snowfall totals of 7.9 to 12.5 inches."
505365,E20140121-83716,83716,heavy-snow,Heavy Snow,SI,2014-01-21 08:15:00,2014-01-21 22:00:00,0,ok,0,ok,0,ok,,,,,Public,,,,The public and trained spotters reported widespread snowfall totals of 10 to 13 inches.
505368,E20140121-83716,83716,heavy-snow,Heavy Snow,QN,2014-01-21 08:15:00,2014-01-21 22:30:00,0,ok,0,ok,0,ok,,,,,Official NWS Observations,,,,"JFK Airport received total snowfall of 7.1 inches. Elsewhere, trained spotters in South Ozone Park and Cedar Manor reported snowfall totals of 13 and 11.9 inches, respectively."
509142,E20140203-84333,84333,heavy-snow,Heavy Snow,MN,2014-02-03 03:30:00,2014-02-03 18:15:00,0,ok,0,ok,0,ok,,,,,Official NWS Observations,,,,Central Park reported an 8 inch snowfall.
509143,E20140203-84333,84333,heavy-snow,Heavy Snow,BX,2014-02-03 03:30:00,2014-02-03 18:15:00,0,ok,0,ok,0,ok,,,,,Trained Spotter,,,,The public and a trained spotter reported widespread 7 to 8 inch snowfall.
509144,E20140203-84333,84333,heavy-snow,Heavy Snow,SI,2014-02-03 03:45:00,2014-02-03 18:15:00,0,ok,0,ok,0,ok,,,,,Public,,,,The public reported widespread 8 to 10 inch snowfall.
509145,E20140203-84333,84333,heavy-snow,Heavy Snow,BK,2014-02-03 05:00:00,2014-02-03 18:00:00,0,ok,0,ok,0,ok,,,,,Trained Spotter,,,,The public and a trained spotter reported widespread 5 to 8 inch snowfall.
509146,E20140203-84333,84333,heavy-snow,Heavy Snow,QN,2014-02-03 05:00:00,2014-02-03 18:15:00,0,ok,0,ok,0,ok,,,,,Official NWS Observations,,,,LaGuardia Airport reported a 7.7 inch snowfall. The public and a trained spotter also reported widespread 7 to 9 inch snowfall.
509147,E20140203-84333,84333,heavy-snow,Heavy Snow,QN,2014-02-03 06:00:00,2014-02-03 18:00:00,0,ok,0,ok,0,ok,,,,,Official NWS Observations,,,,JFK Airport reported a 6.7 inch snowfall. The public and a trained spotter also both reported 8 inch snowfall.
509119,E20140205-84329,84329,heavy-snow,Heavy Snow,BX,2014-02-05 01:15:00,2014-02-05 07:00:00,0,ok,0,ok,0,ok,,,,,Trained Spotter,,,,Trained spotters and the public reported widespread 5 to 7 inches snowfall.
509120,E20140205-84329,84329,winter-storm,Winter Storm,MN,2014-02-05 01:15:00,2014-02-05 10:00:00,0,ok,0,ok,0,ok,,,,,Official NWS Observations,,,,"Central Park reported 4 inches snowfall, plus 0.3 inches ice accretion from freezing rain."
508976,E20140330-84313,84313,thunderstorm,Lightning,QN,2014-03-30 17:02:00,2014-03-30 17:02:00,0,ok,0,ok,5000,ok,,,,,Fire Department/Rescue,40.6858,-73.7944,,"Lightning struck a building on 149th Street, resulting in a fire in the attic."
514365,E20140213-85166,85166,heavy-snow,Heavy Snow,BK,2014-02-13 00:30:00,2014-02-14 06:00:00,0,ok,0,ok,0,ok,,,,,Public,,,,The public and trained spotters reported widespread snowfall of 8 to 11 inches.
514255,E20140430-85152,85152,inland-flooding,Flood,BK,2014-04-30 21:05:00,2014-04-30 21:27:00,0,ok,0,ok,0,ok,,,Heavy Rain,,Newspaper,40.6693,-73.9556,,The basements of several residents and businesses on Rogers Ave. and Union St. in Crown Heights were flooded.  Storm total rainfall amounts reported across the county ranged from 5.13 inches in Cobble Hill to 5.72 inches in Midwood.
514449,E20140430-85152,85152,inland-flooding,Flood,BX,2014-04-30 22:15:00,2014-04-30 23:59:00,0,ok,0,ok,0,ok,,,Heavy Rain,,River/Stream Gage,40.8637,-73.8732,,"The Bronx River at New York Botanical Gardens exceeded its flood stage of 3.0 feet at 10:15 pm EST, crested at 3.68 ft. at 3:00 am on May 1 and fell back within its banks at 10:15 am EST on May 1."
514366,E20140213-85166,85166,heavy-snow,Heavy Snow,QN,2014-02-13 00:30:00,2014-02-14 06:00:00,0,ok,0,ok,0,ok,,,,,Official NWS Observations,,,,LaGuardia Airport reported snowfall of 10.9 inches. Trained spotters and the public also reported widespread snowfall of 9 to 12 inches.
514367,E20140213-85166,85166,heavy-snow,Heavy Snow,QN,2014-02-13 00:30:00,2014-02-14 06:00:00,0,ok,0,ok,0,ok,,,,,Official NWS Observations,,,,JFK Airport reported snowfall of 6.9 inches. The public also reported snowfall of 10.9 inches in Glendale.
514358,E20140213-85166,85166,winter-storm,Winter Storm,MN,2014-02-13 00:30:00,2014-02-14 06:00:00,0,ok,0,ok,0,ok,,,,,Official NWS Observations,,,,Central Park reported snowfall of 12.5 inches. Freezing rain accretion up to 3 tenths of an inch also occurred per observations from surrounding areas.
514359,E20140213-85166,85166,winter-storm,Winter Storm,BX,2014-02-13 00:30:00,2014-02-14 06:00:00,0,ok,0,ok,0,ok,,,,,Public,,,,The public reported snowfall of 12.5 inches in the Pelham Parkway section of the Bronx. Freezing rain accretion up to 3 tenths of an inch also occurred per observations from surrounding areas.
513497,E20140510-85028,85028,thunderstorm,Marine Thunderstorm Wind,HARBOR,2014-05-10 15:55:00,2014-05-10 15:55:00,0,ok,0,ok,,missing,35.00,MG,,,Buoy,40.5013,-74.2837,,WeatherFlow Sensor reported a measured gust of 40 mph.
514364,E20140213-85166,85166,heavy-snow,Heavy Snow,SI,2014-02-13 00:30:00,2014-02-14 06:00:00,0,ok,0,ok,0,ok,,,,,Public,,,,The public reported widespread snowfall of 7 to 9 inches.
524713,E20140501-86901,86901,inland-flooding,Flood,BX,2014-05-01 00:00:00,2014-05-01 10:15:00,0,ok,0,ok,0,ok,,,Heavy Rain,,River/Stream Gage,40.8637,-73.8733,,The Bronx River at New York Botanical Gardens remained in flood from April 30. The river crested at 3.68 ft. at 3:00 am EST on May 1 and fell back within its banks at 10:15 am EST.
525029,E20140510-86944,86944,flash-flooding,Flash Flood,QN,2014-05-10 17:30:00,2014-05-10 18:00:00,0,ok,0,ok,0,ok,,,Heavy Rain,,Emergency Manager,40.7891,-73.7783,,Several cars were stranded in flood waters on the Cross Island Pkwy. near Bell Blvd. in Bayside. The FDNY responded to rescue people from their vehicles.
524533,E20140516-86863,86863,flash-flooding,Flash Flood,QN,2014-05-16 22:16:00,2014-05-16 22:46:00,0,ok,0,ok,0,ok,,,Heavy Rain,,Unknown,40.7916,-73.8253,,The Metropolitan Transportation Authority reported the ramp from the Whitestone Bridge to 14th Ave. was closed due to flooding.
524526,E20140516-86863,86863,flash-flooding,Flash Flood,QN,2014-05-16 21:53:00,2014-05-16 22:47:00,0,ok,0,ok,0,ok,,,Heavy Rain,,Unknown,40.7874,-73.7913,,The Metropolitan Transportation Authority reported flooding blocking the ramps to the Throgs Neck Bridge in both directions on the Cross Island Pkwy. in Beechhurst.
528034,E20140603-87483,87483,thunderstorm,Marine Thunderstorm Wind,HARBOR,2014-06-03 15:45:00,2014-06-03 15:45:00,0,ok,0,ok,,missing,35.00,MG,,,Mesonet,40.5013,-74.2837,,A gust of 35 knots was measured at the Perth Amboy mesonet site.
488825,E20140106-81442,81442,thunderstorm,Marine Thunderstorm Wind,HARBOR,2014-01-06 08:48:00,2014-01-06 08:48:00,0,ok,0,ok,,missing,43.00,MG,,,Mesonet,40.6574,-74.0654,,
514211,E20140430-85152,85152,inland-flooding,Flood,QN,2014-04-30 20:45:00,2014-04-30 21:27:00,0,ok,0,ok,0,ok,,,Heavy Rain,,Public,40.6536,-73.8517,,Heavy rain coinciding with high tide on the Atlantic Ocean caused 79th St. in Howard Beach to become flooded and impassable.  Two feet of water was estimated to be covering the road.  A car was also submerged in flood waters on 78th St. between 155th and 156th Avenues.  Tides were astronomically high due to a new moon on April 29.  Storm total rainfall amounts reported across the county ranged from 4.96 inches at John F. Kennedy International Airport to 5.98 inches in Middle Village.
580395,E20150422-96516,96516,thunderstorm,Thunderstorm Wind,QN,2015-04-22 14:58:00,2015-04-22 14:58:00,0,ok,0,ok,1500,ok,52.00,EG,,,Trained Spotter,40.7326,-73.8639,,A large branch fell on a parked vehicle with minor damage to the front of the vehicle in Rego Park.
573675,E20150531-95485,95485,flash-flooding,Flash Flood,SI,2015-05-31 17:30:00,2015-05-31 19:30:00,0,ok,0,ok,0,ok,,,Heavy Rain,,Law Enforcement,40.5513,-74.179,,The intersection of Drumgoole Rd. and Notus Ave. in Annadale was closed due to flooding.
573682,E20150531-95485,95485,flash-flooding,Flash Flood,QN,2015-05-31 19:00:00,2015-05-31 19:30:00,0,ok,0,ok,0,ok,,,Heavy Rain,,Broadcast Media,40.7397,-73.7896,,"The Long Island Expressway was closed at Exit 25 westbound, Utopia Pkwy., in Utopia due to flooding."
580402,E20150422-96519,96519,thunderstorm,Marine Thunderstorm Wind,HARBOR,2015-04-22 14:27:00,2015-04-22 14:27:00,0,ok,0,ok,0,ok,34.00,MG,,,Mesonet,40.55,-73.93,,
580405,E20150422-96519,96519,thunderstorm,Marine Thunderstorm Wind,HARBOR,2015-04-22 14:37:00,2015-04-22 14:37:00,0,ok,0,ok,,missing,35.00,MG,,,Mesonet,40.55,-73.93,,
580406,E20150422-96519,96519,thunderstorm,Marine Thunderstorm Wind,HARBOR,2015-04-22 14:42:00,2015-04-22 14:42:00,0,ok,0,ok,,missing,41.00,MG,,,Mesonet,40.66,-74.07,,
580407,E20150422-96519,96519,thunderstorm,Marine Thunderstorm Wind,HARBOR,2015-04-22 14:54:00,2015-04-22 14:54:00,0,ok,0,ok,,missing,41.00,MG,,,Mesonet,40.66,-74.07,,
580408,E20150422-96519,96519,thunderstorm,Marine Thunderstorm Wind,HARBOR,2015-04-22 14:55:00,2015-04-22 14:55:00,0,ok,0,ok,,missing,35.00,MG,,,Mesonet,40.42,-73.98,,
597135,E20150701-99493,99493,thunderstorm,Marine Thunderstorm Wind,HARBOR,2015-07-01 03:05:00,2015-07-01 03:05:00,0,ok,0,ok,,missing,38.00,MG,,,Mesonet,40.5,-74.28,,A gust of 38 knots was measured at the mesonet location in Perth Amboy.
597138,E20150701-99493,99493,thunderstorm,Marine Thunderstorm Wind,HARBOR,2015-07-01 03:23:00,2015-07-01 03:23:00,0,ok,0,ok,,missing,38.00,MG,,,Mesonet,40.67,-74.03,,A gust of 38 knots was measured at the mesonet location in Bayonne.
597189,E20150730-99510,99510,thunderstorm,Thunderstorm Wind,QN,2015-07-30 13:54:00,2015-07-30 13:54:00,0,ok,0,ok,20000,ok,52.00,EG,,,Broadcast Media,40.792,-73.8101,,Trees were reported down on cars in the Whitestone section of Queens.
597194,E20150730-99510,99510,thunderstorm,Thunderstorm Wind,QN,2015-07-30 13:57:00,2015-07-30 13:57:00,0,ok,0,ok,10000,ok,61.00,EG,,,Broadcast Media,40.7864,-73.7772,,Two large oak trees were reported down on a house and power lines along 216th Street in the Bayside section of Queens.
597197,E20150730-99510,99510,thunderstorm,Thunderstorm Wind,QN,2015-07-30 13:57:00,2015-07-30 13:57:00,0,ok,0,ok,2000,ok,52.00,EG,,,Broadcast Media,40.7903,-73.7976,,A tree was reported down on wires in the Beechhurst section of Queens.
597217,E20150730-99513,99513,thunderstorm,Marine Thunderstorm Wind,HARBOR,2015-07-30 13:24:00,2015-07-30 13:24:00,0,ok,0,ok,,missing,45.00,MG,,,Other Federal Agency,40.66,-74.07,,A gust of 46 knots was measured at the NOS gage located at Robbins Reef.
590725,E20150623-98161,98161,thunderstorm,Thunderstorm Wind,QN,2015-06-23 17:22:00,2015-06-23 17:22:00,0,ok,0,ok,22500,ok,61.00,EG,,,Broadcast Media,40.7426,-73.8431,,A large tree was reported down on two vehicles.
590745,E20150623-98228,98228,thunderstorm,Marine Thunderstorm Wind,HARBOR,2015-06-23 16:42:00,2015-06-23 16:42:00,0,ok,0,ok,,missing,37.00,MG,,,Other Federal Agency,40.66,-74.07,,A gust of 37 knots was measured at the NOS gauge located at Robins Reef.
554611,E20150118-92565,92565,winter-storm,Winter Weather,QN,2015-01-18 06:00:00,2015-01-18 11:00:00,0,ok,0,ok,0,ok,,,,,Newspaper,,,,"Freezing rain led to widespread motor vehicle accidents, including a 25-car pileup on the Cross Island Parkway in Queens, and numerous falls and injuries. The MTA also suspended some bus service, and the Long Island Expressway was closed near the Queens-Midtown Tunnel at 09:00 AM."
554554,E20150130-92560,92560,high-winds,Strong Wind,QN,2015-01-30 19:00:00,2015-01-31 01:00:00,0,ok,0,ok,10000,ok,33.00,MS,,,ASOS,,,,"At JFK International Airport, a sustained wind of 38 mph was measured at 11:52 pm on the 30th, with gusts ranging from 40 to 50 mph."
554555,E20150130-92560,92560,high-winds,Strong Wind,QN,2015-01-30 18:00:00,2015-01-30 23:00:00,0,ok,0,ok,10000,ok,31.00,MS,,,ASOS,,,,"At LaGuardia Airport, a sustained wind of 36 mph was measured at 9:17 pm with gusts ranging from 40 to 50 mph."
554766,E20150126-92584,92584,winter-storm,Winter Storm,BX,2015-01-26 08:00:00,2015-01-27 09:10:00,0,ok,0,ok,0,ok,,,,,Trained Spotter,,,,"The Bronx Zoo reported snowfall of 11.8 inches, and a trained spotter in Parkchester reported snowfall of 10.1 inches. North winds gusted to 38 mph at nearby LaGuardia Airport, with blowing and drifting of snow."
554609,E20150118-92565,92565,winter-storm,Winter Weather,MN,2015-01-18 06:00:00,2015-01-18 11:00:00,0,ok,0,ok,0,ok,,,,,Newspaper,,,,"Freezing rain led to widespread motor vehicle accidents, and numerous falls and injuries."
554610,E20150118-92565,92565,winter-storm,Winter Weather,BX,2015-01-18 06:00:00,2015-01-18 12:00:00,0,ok,0,ok,0,ok,,,,,Newspaper,,,,"Freezing rain led to widespread motor vehicle accidents, including a 20-car multi-vehicle accident on the Bruckner Expressway that occurred around 07:15 AM, and a 15-car pileup on The Cross Bronx Expressway, and numerous falls and injuries. The Cross Bronx Expressway was closed, and the MTA also suspended some bus service."
554612,E20150118-92565,92565,winter-storm,Winter Weather,SI,2015-01-18 06:00:00,2015-01-18 11:00:00,0,ok,0,ok,0,ok,,,,,Newspaper,,,,"Freezing rain led to widespread motor vehicle accidents and injuries, including a several-car pileup shortly after 07:00 AM at Clove and Richmond Roads, for which 9 people were treated for injuries at Staten Island University Hospital. The Goethals and Bayonne Bridges and the Outerbridge Crossing were all closed due to icy conditions."
564057,E20150201-93840,93840,heavy-snow,Heavy Snow,SI,2015-02-01 21:00:00,2015-02-02 18:00:00,0,ok,0,ok,0,ok,,,,,Official NWS Observations,,,,Observations across the area support a 5 to 6 inch snowfall event across the borough.
564025,E20150201-93840,93840,heavy-snow,Heavy Snow,MN,2015-02-01 21:00:00,2015-02-02 17:00:00,0,ok,0,ok,0,ok,,,,,Public,,,,Snowfall reports across New York City generally ranged from 5 to 8 inches...along with one to two tenths of an inch of ice. Central Park reported 5 inches of snowfall and 0.11 inches of ice for the event.
564045,E20150201-93840,93840,heavy-snow,Heavy Snow,BX,2015-02-01 21:00:00,2015-02-02 17:00:00,0,ok,0,ok,0,ok,,,,,Public,,,,Snowfall ranged from 6 to 7 inches across the borough. The highest amount of 7 inches was reported in the Kingsbridge section.
564067,E20150201-93840,93840,heavy-snow,Heavy Snow,BK,2015-02-01 21:00:00,2015-02-02 18:00:00,0,ok,0,ok,0,ok,,,,,Public,,,,Observations across the area support a 5 to 6 inch snowfall event.
564688,E20150201-93840,93840,heavy-snow,Heavy Snow,QN,2015-02-01 21:00:00,2015-02-02 18:00:00,0,ok,0,ok,0,ok,,,,,Public,,,,"Snowfall ranged from 5 to 6 inches, along with a tenth of an inch of ice.  The Glendale section reported 5.8 inches."
564077,E20150201-93840,93840,heavy-snow,Heavy Snow,QN,2015-02-01 21:00:00,2015-02-02 18:00:00,0,ok,0,ok,0,ok,,,,,Public,,,,"Snowfall ranged from 5 to 7 inches across the borough, along with a tenth of an inch of ice. The highest amount of 7.3 inches was reported in Whitestone."
554621,E20150215-92568,92568,high-winds,Strong Wind,QN,2015-02-15 02:00:00,2015-02-15 07:00:00,0,ok,0,ok,10000,ok,43.00,MG,,,ASOS,,,,"The ASOS at JFK International Airport reported a wind gust to 49 mph at 3:54 am, and sustained winds of 38 mph at 5:52 am."
554623,E20150215-92568,92568,high-winds,Strong Wind,QN,2015-02-15 09:00:00,2015-02-15 14:00:00,0,ok,0,ok,10000,ok,42.00,MG,,,ASOS,,,,"The ASOS at LaGuardia Airport reported a wind gust to 48 mph at 1:20 pm, and sustained winds of 37 mph at 9:59 am."
568250,E20150301-94513,94513,winter-storm,Winter Weather,BX,2015-03-01 13:00:00,2015-03-01 22:30:00,0,ok,0,ok,0,ok,,,,,Trained Spotter,,,,"Reports from a trained spotter in Parkchester, an observer at the Bronx Zoo, and nearby observations from surrounding areas, indicated that most of the borough received 4 to 6 inches of snow. An isolated higher total of 6.5 inches occurred in Bedford Park."
573351,E20150305-95430,95430,heavy-snow,Heavy Snow,QN,2015-03-05 04:00:00,2015-03-05 23:30:00,0,ok,0,ok,0,ok,,,,,Official NWS Observations,,,,La Guardia Airport measured 8.4 inches of snow. Trained spotters and the public elsewhere also reported 7 to 9 inches of snow.
573352,E20150305-95430,95430,heavy-snow,Heavy Snow,QN,2015-03-05 04:30:00,2015-03-05 23:30:00,0,ok,0,ok,0,ok,,,,,Official NWS Observations,,,,JFK Airport measured 5.8 inches of snow. The public elsewhere also reported 6 to 8 inches of snow.
570912,E20150402-94968,94968,high-winds,Strong Wind,QN,2015-04-02 14:00:00,2015-04-02 18:00:00,0,ok,0,ok,10000,ok,29.00,MS,,,ASOS,,,,A 33 mph sustained wind was measured at JFK Airport at 4:04 pm.
563033,E20150317-93695,93695,high-winds,Strong Wind,QN,2015-03-17 17:00:00,2015-03-17 20:00:00,0,ok,0,ok,10000,ok,46.00,MG,,,ASOS,,,,A wind gust of 53 mph was observed at JFK International Airport at 6:35 pm.
573347,E20150305-95430,95430,heavy-snow,Heavy Snow,BX,2015-03-05 03:30:00,2015-03-05 23:30:00,0,ok,0,ok,0,ok,,,,,Trained Spotter,,,,A trained spotter in Parkchester measured 6.3 inches of snow. The Bonx Zoo also measured 6.6 inches of snow.
573348,E20150305-95430,95430,heavy-snow,Heavy Snow,BK,2015-03-05 04:30:00,2015-03-05 23:30:00,0,ok,0,ok,0,ok,,,,,COOP Observer,,,,A cooperative observer in Midwood measured 6.4 inches of snow. The public and trained spotters elsewhere measured 8 to 9 inches of snow.
573349,E20150305-95430,95430,heavy-snow,Heavy Snow,MN,2015-03-05 04:00:00,2015-03-05 23:30:00,0,ok,0,ok,0,ok,,,,,Official NWS Observations,,,,Central Park measured 7 inches of snow.
573350,E20150305-95430,95430,heavy-snow,Heavy Snow,SI,2015-03-05 04:30:00,2015-03-05 23:30:00,0,ok,0,ok,0,ok,,,,,Public,,,,The public measured 8 to 10 inches of snow.
570921,E20150404-94970,94970,high-winds,Strong Wind,MN,2015-04-04 09:00:00,2015-04-04 13:00:00,0,ok,0,ok,10000,ok,30.00,MS,,,Mesonet,,,,A mesonet station reported a sustained wind of 35 mph at 10:57 am.
570919,E20150404-94970,94970,high-winds,Strong Wind,QN,2015-04-04 10:00:00,2015-04-04 13:00:00,0,ok,0,ok,10000,ok,28.00,MS,,,ASOS,,,,Sustained winds of 32 mph were reported at JFK International Airport at 11:51 am.
570923,E20150404-94970,94970,high-winds,Strong Wind,SI,2015-04-04 11:00:00,2015-04-04 14:00:00,0,ok,0,ok,10000,ok,29.00,MS,,,Mesonet,,,,"Near Bayonne, a mesonet station reported sustained winds of 33 mph at 12:59 pm."
570920,E20150404-94970,94970,high-winds,Strong Wind,QN,2015-04-04 12:00:00,2015-04-04 15:00:00,0,ok,0,ok,10000,ok,27.00,MS,,,ASOS,,,,Sustained winds of 31 mph were reported at LaGuardia Airport at 1:51 pm.
554765,E20150126-92584,92584,winter-storm,Winter Storm,MN,2015-01-26 08:00:00,2015-01-27 09:10:00,0,ok,0,ok,0,ok,,,,,Official NWS Observations,,,,"Central Park reported snowfall of 9.8 inches. North winds gusted to 38 mph at nearby LaGuardia Airport, with blowing and drifting of snow."
554767,E20150126-92584,92584,winter-storm,Winter Storm,QN,2015-01-26 08:00:00,2015-01-27 09:10:00,0,ok,0,ok,0,ok,,,,,Official NWS Observations,,,,"LaGuardia Airport reported snowfall of 11.4 inches, and trained spotters also reported widespread snowfall of 8 to 12 inches. North winds gusted to 38 mph at LaGuardia Airport, with blowing and drifting of snow."
554768,E20150126-92584,92584,winter-storm,Winter Storm,QN,2015-01-26 08:00:00,2015-01-27 09:10:00,0,ok,0,ok,0,ok,,,,,Official NWS Observations,,,,"JFK Airport reported snowfall of 10.7 inches, and north winds gusted to 39 mph, with blowing and drifting of snow."
554769,E20150126-92584,92584,winter-storm,Winter Storm,BK,2015-01-26 08:00:00,2015-01-27 09:10:00,0,ok,0,ok,0,ok,,,,,Public,,,,"The public reported snowfall of 7 to 9 inches. North winds gusted to 39 mph at nearby JFK Airport, with blowing and drifting of snow."
554770,E20150126-92584,92584,winter-storm,Winter Storm,SI,2015-01-26 08:00:00,2015-01-27 09:10:00,0,ok,0,ok,0,ok,,,,,Public,,,,"The public reported snowfall of 8 to 9 inches. North winds gusted to 39 mph at nearby JFK Airport, with blowing and drifting of snow."
600464,E20150815-100245,100245,coastal-hazard,Rip Current,QN,2015-08-15 16:00:00,2015-08-15 23:00:00,1,ok,0,ok,0,ok,,,,,Newspaper,,,,"A five-year-old East Flatbush resident named Ezekiel Gray drowned in the ocean waters off Jacob Riis Park Beach in Queens late Saturday afternoon, police say.||Around 5 p.m., when NYPD responders arrived to the beach, they say they ���discovered an unconscious and unresponsive 5-year-old male who was removed from the water by an on-duty lifeguard.���||By the time the FDNY arrived, Gray had gone into ���cardiac arrest,��� says a spokesman.||Gray was then rushed to Brookdale Hospital in Brownsville, where he was pronounced dead.||The boy���s ���distraught��� aunt tells the New York Daily News that Gray had been attending a ���large family party��� at the park on Saturday afternoon, and got stuck in a riptide after entering the ocean with two siblings."
600611,E20150804-100257,100257,thunderstorm,Marine Thunderstorm Wind,HARBOR,2015-08-04 03:00:00,2015-08-04 03:00:00,0,ok,0,ok,,missing,35.00,MG,,,Mesonet,40.641,-74.162,,A gust of 35 knots was measured at the Mariners Harbor mesonet location.
600612,E20150804-100257,100257,thunderstorm,Marine Thunderstorm Wind,HARBOR,2015-08-04 03:07:00,2015-08-04 03:07:00,0,ok,0,ok,,missing,34.00,MG,,,Mesonet,40.55,-73.93,,A gust of 34 knots was measured at the Breezy Point mesonet location.
602722,E20150821-98685,98685,heavy-rain,Heavy Rain,QN,2015-08-21 03:00:00,2015-08-21 05:00:00,0,ok,0,ok,0,ok,,,,,ASOS,40.63,-73.78,,"The John F. Kennedy International Airport ASOS reported 2.26 inches of rain in two hours between 4:00am and 6:00am EDT, including 1.79 inches between 5:00am and 6:00am EDT."
590726,E20150623-98161,98161,thunderstorm,Thunderstorm Wind,QN,2015-06-23 17:20:00,2015-06-23 17:20:00,0,ok,0,ok,0,ok,52.00,EG,,,Trained Spotter,40.75,-73.83,,A large tree limb was reported down.
591860,E20150715-98366,98366,flash-flooding,Flash Flood,BK,2015-07-15 11:01:00,2015-07-15 12:00:00,0,ok,0,ok,0,ok,,,Heavy Rain,,Public,40.6748,-73.9967,,"There was at least 2 feet of standing water on 9th Street near the Gowanus Ballroom in Gowanus, Brooklyn."
592047,E20150730-98403,98403,flash-flooding,Flash Flood,BX,2015-07-30 14:04:00,2015-07-30 14:17:00,0,ok,0,ok,0,ok,,,Heavy Rain,,Social Media,40.8216,-73.8861,,Water flooded the lower level of a business at Garrison Avenue and Whittier Street in Hunts Point.
591861,E20150715-98366,98366,flash-flooding,Flash Flood,BK,2015-07-15 11:30:00,2015-07-15 12:00:00,0,ok,0,ok,0,ok,,,Heavy Rain,,Newspaper,40.6992,-73.9925,,Flooding was reported inside the High Street subway station in Brooklyn Heights.
609004,E20151223-101849,101849,fog,Dense Fog,QN,2015-12-23 04:00:00,2015-12-23 11:00:00,0,ok,0,ok,0,ok,,,,,ASOS,,,,"At JFK International Airport, dense fog developed resulting in poor visibility under one quarter mile during a busy travel time. This negatively impacted travel."
609005,E20151223-101849,101849,fog,Dense Fog,QN,2015-12-23 07:00:00,2015-12-23 11:00:00,0,ok,0,ok,0,ok,,,,,ASOS,,,,"At LaGuardia Airport, dense fog developed resulting in poor visibility under one quarter mile during a busy travel time. This negatively impacted travel."
609008,E20151223-101849,101849,fog,Dense Fog,QN,2015-12-24 00:00:00,2015-12-24 06:00:00,0,ok,0,ok,0,ok,,,,,ASOS,,,,"At JFK International Airport, dense fog developed resulting in poor visibility under one quarter mile during a busy travel time. This negatively impacted travel."
609011,E20151223-101849,101849,fog,Dense Fog,QN,2015-12-27 05:00:00,2015-12-27 09:00:00,0,ok,0,ok,0,ok,,,,,ASOS,,,,"At JFK International Airport, dense fog developed resulting in poor visibility under one quarter mile during a busy travel time. This negatively impacted travel."
621195,E20160122-103820,103820,winter-storm,Blizzard,QN,2016-01-23 07:00:00,2016-01-23 19:00:00,0,ok,0,ok,0,ok,,,,,ASOS,,,,"JFK Airport ASOS observations showed blizzard conditions, with visibility less than one quarter mile in heavy snow and frequent wind gusts over 35 mph through the day and into the early evening on Saturday January 23rd."
621180,E20160122-103820,103820,winter-storm,Winter Storm,QN,2016-01-22 23:30:00,2016-01-23 22:30:00,0,ok,0,ok,0,ok,,,,,Official NWS Observations,,,,"JFK Airport reported an all time record storm total snowfall of 30.6 inches. Also, winds gusted to 48 mph at 9:00 AM at JFK, and to 43 mph at 5:02 PM at Breezy Point, on Saturday January 23rd."
613459,E20160224-102635,102635,high-winds,Strong Wind,QN,2016-02-24 19:00:00,2016-02-25 01:00:00,0,ok,0,ok,50000,ok,48.00,MG,,,ASOS,,,,"At LaGuardia Airport, a wind gust up to 55 mph was measured at 1149 pm on the 24th. Amateur radio reported a wind gust estimated at 51 mph in Oakland Gardens at 801 pm. This wind gust snapped larger branches off trees."
613460,E20160224-102635,102635,high-winds,Strong Wind,QN,2016-02-24 23:00:00,2016-02-25 03:00:00,0,ok,0,ok,20000,ok,47.00,MG,,,ASOS,,,,A wind gust up to 54 mph was measured at JFK International Airport at 1251 am on the 25th.
613458,E20160224-102635,102635,high-winds,Strong Wind,BX,2016-02-24 20:00:00,2016-02-24 22:00:00,0,ok,0,ok,100000,ok,48.00,MG,,,Emergency Manager,,,,"Near City Island in the Bronx, a 5X25 foot section of facade collapsed on Fordham Street due to the strong winds.  Nearby, a 55 mph wind was reported at LaGuardia Airport around 1149 pm."
613461,E20160224-102635,102635,high-winds,Strong Wind,MN,2016-02-24 20:00:00,2016-02-24 23:00:00,0,ok,0,ok,100000,ok,48.00,MG,,,Emergency Manager,,,,"At 919 pm on the 24th, a tractor trailor was blown over on the upper level of the westbound George Washington Bridge due to strong winds.  At 941 pm, a sidewalk shed collapsed on Lenox Avenue in Harlem.  Emergency management reported these incidents."
613462,E20160224-102635,102635,high-winds,Strong Wind,BK,2016-02-24 20:00:00,2016-02-24 23:00:00,0,ok,0,ok,100000,ok,48.00,EG,,,Emergency Manager,,,,Emergency management reported a sidewalk shed collapsed on Scholes Street at the Williamsburg House. This occurred at 942 pm.
620868,E20160122-103820,103820,winter-storm,Winter Storm,BX,2016-01-23 00:00:00,2016-01-23 22:30:00,0,ok,0,ok,0,ok,,,,,Trained Spotter,,,,A trained spotter at the Bronx Zoo measured 27.6 inches of snow. A cooperative observer in Parkchester also measured 26.8 inches of snow.
615904,E20160110-103046,103046,coastal-flooding,Coastal Flood,QN,2016-01-10 07:00:00,2016-01-10 11:00:00,0,ok,0,ok,0,ok,,,,,Emergency Manager,,,,"In Southern Queens, Hamilton Beach, Broad Channel and Old Howard Beach experienced minor to moderate flooding during the high tide on January 10th due to a 2 foot surge above high tide. ||One to two feet of inundation occurred on West 12th Road in Broad Channel, on Calhoun Road, Davenport Court and Rau Court in Hamilton Beach, and 98th Street and 162th Avenue in Old Howard Beach."
615893,E20160123-103068,103068,coastal-flooding,Coastal Flood,BX,2016-01-23 08:36:00,2016-01-23 13:18:00,0,ok,0,ok,0,ok,,,,,Official NWS Observations,,,,"The NOS tidal gauge at Kings Point New York recorded a peak water level of 11.4 ft. MLLW at 1106 am EST.  The moderate coastal flood threshold of 10.5 ft MLLW was exceeded from 936 am to 1242 pm EST.  ||The moderate coastal flooding thresholds were established by the National Weather Service, based on impact analysis and collaboration with the NOS and local emergency management.||During this time, 1 foot of inundation was reported on Chaffee Avenue along Hammond Creek in the Locust Point section of the Bronx.  In Throgs Neck, water over topped the seawall onto Pennyfield Avenue near the S.U.N.Y Maritime College.  While in the Randallfield section of the Bronx, water inundated the beach and splashed over docks and the seawall onto the sound front adjacent to Shore Drive, Dean Avenue and Clarence Avenue."
620870,E20160122-103820,103820,winter-storm,Winter Storm,BK,2016-01-22 23:15:00,2016-01-23 23:00:00,0,ok,0,ok,0,ok,,,,,Trained Spotter,,,,"The public, trained spotters, and a CoCoRaHS observer reported snowfall of 20 to 29 inches."
620987,E20160122-103820,103820,winter-storm,Winter Storm,MN,2016-01-22 23:00:00,2016-01-23 23:00:00,0,ok,0,ok,0,ok,,,,,Official NWS Observations,,,,Central Park reported an all-time storm total snowfall of 27.5 inches.
621174,E20160122-103820,103820,winter-storm,Winter Storm,SI,2016-01-22 22:30:00,2016-01-23 23:00:00,0,ok,0,ok,0,ok,,,,,Public,,,,The public and trained spotters reported snowfall ranging from 20 to 31 inches.
613890,E20160224-102639,102639,high-winds,High Wind,QN,2016-02-24 22:00:00,2016-02-25 01:00:00,0,ok,0,ok,10000,ok,53.00,MG,,,Mesonet,,,,"Near Rockaway Beach, a gust of 61 mph was measured at 1138 pm at the WeatherFlow Station."
615892,E20160123-103068,103068,coastal-flooding,Coastal Flood,QN,2016-01-23 08:36:00,2016-01-23 13:18:00,0,ok,0,ok,0,ok,,,,,Official NWS Observations,,,,"The NOS tidal gauge at Kings Point New York recorded a peak water level of 11.4 ft. MLLW at 1106 am EST. The moderate coastal flood threshold of 11.0 ft MLLW was exceeded from 1006 am to 1218 pm EST.  ||The moderate coastal flooding thresholds were established by the National Weather Service, based on impact analysis and collaboration with the NOS and local emergency management.||one foot of inundation was reported at the corner of Linden Place and Whitestone Expressway in Flushing, Queens during this time."
620451,E20160328-103779,103779,high-winds,Strong Wind,BK,2016-03-28 17:00:00,2016-03-28 21:00:00,0,ok,1,ok,200000,ok,45.00,MG,,,Fire Department/Rescue,,,,"A pedestrain was struck and injured by a piece of flying wood near a construction site at 8th Avenue and 56th Street in Sunset Park at 6 pm.  At 8 pm, a tree was knocked down onto power lines near 27th Street and Avenue P in Marine Park."
620452,E20160328-103779,103779,high-winds,Strong Wind,QN,2016-03-29 00:00:00,2016-03-29 04:00:00,0,ok,0,ok,10000,ok,45.00,MG,,,ASOS,,,,A measured wind gust of 52 mph occurred at JFK International Airport at 210 am.
621181,E20160122-103820,103820,winter-storm,Winter Storm,QN,2016-01-22 23:30:00,2016-01-23 22:30:00,0,ok,0,ok,0,ok,,,,,Official NWS Observations,,,,"LaGuardia Airport reported an all time record storm total snowfall of 28.2 inches. Elsewhere, the public and trained spotters reported snowfall of 20 to 27 inches. Also, winds gusted to 48 mph at 9:00 AM at LaGuardia on Saturday January 23rd."
621185,E20160122-103820,103820,winter-storm,Blizzard,BK,2016-01-23 07:00:00,2016-01-23 19:00:00,0,ok,0,ok,0,ok,,,,,ASOS,,,,"Nearby LaGuardia, JFK Airport and Central Park ASOS observations showed blizzard conditions, with visibility less than one quarter mile in heavy snow and frequent wind gusts over 35 mph through the day and into the early evening on Saturday January 23rd."
621186,E20160122-103820,103820,winter-storm,Blizzard,MN,2016-01-23 07:00:00,2016-01-23 18:00:00,0,ok,0,ok,0,ok,,,,,ASOS,,,,"Central Park ASOS observations showed blizzard conditions, with visibility less than one quarter mile in heavy snow and frequent wind gusts over 35 mph through the day and into the early evening on Saturday January 23rd."
621184,E20160122-103820,103820,winter-storm,Blizzard,BX,2016-01-23 07:00:00,2016-01-23 18:00:00,0,ok,0,ok,0,ok,,,,,ASOS,,,,"Nearby LaGuardia and Central Park ASOS observations showed blizzard conditions, with visibility less than one quarter mile in heavy snow and frequent wind gusts over 35 mph through the day and into the early evening on Saturday January 23rd."
621190,E20160122-103820,103820,winter-storm,Blizzard,QN,2016-01-23 07:00:00,2016-01-23 19:00:00,0,ok,0,ok,0,ok,,,,,ASOS,,,,"LaGuardia Airport ASOS observations showed blizzard conditions, with visibility less than one quarter mile in heavy snow and frequent wind gusts over 35 mph through the day and into the early evening on Saturday January 23rd."
621192,E20160122-103820,103820,winter-storm,Blizzard,SI,2016-01-23 07:00:00,2016-01-23 20:00:00,0,ok,0,ok,0,ok,,,,,ASOS,,,,"Nearby Newark and JFK Airport ASOS observations showed blizzard conditions, with visibility less than one quarter mile in heavy snow and frequent wind gusts over 35 mph through the day and into the evening on Saturday January 23rd."
621935,E20160208-103959,103959,coastal-flooding,Coastal Flood,QN,2016-02-08 06:00:00,2016-02-08 10:00:00,0,ok,0,ok,0,ok,,,,,Official NWS Observations,,,,"The USGS tidal gauge in Jamaica Bay at Inwood recorded a peak water level of 9.1 ft. MLLW at 751 am EST. The moderate coastal flood threshold of 8.7 ft. MLLW was exceeded from 712 to 842 am EST. The USGS tidal gauge in Rockaway Inlet near Floyd Bennet Field recorded a peak water level of 8.7 ft. MLLW at 748 am EST. The moderate coastal flood threshold of 8.5 ft. MLLW was exceeded from 724 to 812 am EST. The moderate coastal flooding thresholds were established by the National Weather Service, based on impact analysis and collaboration with the USGS and local emergency management.||Based on media and emergency management reports, 2 to 3 feet of inundation occurred in the most vulnerable sections of Brookville, Rosedale, Arverne, Edgewater, Howard Beach, Old Howard Beach, Far Rockaway, Hamilton Beach and Broad Channel in Queens. Specifically; in Brookville/Rosedale, moderate flooding occurred on Rockaway Blvd. and Brookville Blvd. In Rosedale, moderate flooding occurred on Hungry Harbor Road and Hook Creek Boulevard. In Bayswaters, moderate flooding occurred on Norton Drive from Westbourne Ave. to Healy Ave. In Far Rockaway, moderate flooding occurred on Beach 26th and Seagirt Blvd. In Edgemere/Arverne, minor flooding occurred on Beach 38th-60th and 67-72nd streets and moderate flooding occurred on Beach 58 and 59th Streets and Rockaway Beach Boulevard. In Broad Channel, moderate flooding occurred on Crossbay Blvd. and East 9th Street. In Howard Beach, moderate flooding occurred on 102nd St. and 160th Avenue. In Seagate minor flooding occurred on Mermaid Avenue and West 25th St. In Breezy Point, overwashes occurred onto Bayside Avenue and adjacent properties in Roxbury Sections of Breezy Point."
621480,E20160216-103904,103904,thunderstorm,Marine Thunderstorm Wind,HARBOR,2016-02-16 14:25:00,2016-02-16 14:25:00,0,ok,0,ok,,missing,42.00,MG,,,Other Federal Agency,40.47,-74.01,,A gust of 42 knots was measured at the NOS gauge at Sandy Hook.
623785,E20160403-104206,104206,high-winds,High Wind,BX,2016-04-03 04:00:00,2016-04-03 09:00:00,0,ok,0,ok,100000,ok,56.00,MG,,,Emergency Manager,,,,A wind gust up to 64 mph was measured at JFK International Airport at 533 am. There was a partial building collapse of a vacant building on Hill Road around 730 am.
631053,E20160403-104206,104206,high-winds,High Wind,SI,2016-04-03 07:00:00,2016-04-03 10:00:00,0,ok,0,ok,20000,ok,39.00,MS,,,Mesonet,,,,A mesonet station measured sustained winds of 45 mph at 909 am.
623783,E20160403-104206,104206,high-winds,High Wind,QN,2016-04-03 03:00:00,2016-04-03 11:00:00,0,ok,0,ok,100000,ok,56.00,MG,,,ASOS,,,,"A wind gust up to 64 mph was measured at JFK International Airport at 533 am. In Queens, a tree was knocked down by the high winds on live wires on 34th Avenue and 147th Place. Measured sustained winds of 46 mph were reported in Jamaica at 934 am."
623784,E20160403-104206,104206,high-winds,High Wind,QN,2016-04-03 03:00:00,2016-04-03 10:00:00,0,ok,0,ok,100000,ok,56.00,MG,,,ASOS,,,,"A wind gust up to 53 mph was measured at LaGuardia Airport at 735 am. At JFK International Airport, a 64 mph wind gust was measured at 533 am.  In Queens, a tree was knocked down by the high winds on live wires on 34th Avenue and 147th Place. Measured sustained winds of 46 mph were reported in Jamaica at 934 am."
622080,E20160208-103959,103959,coastal-flooding,Coastal Flood,QN,2016-02-09 07:00:00,2016-02-09 11:00:00,0,ok,0,ok,0,ok,,,,,Official NWS Observations,,,,"The USGS tidal gauge in Jamaica Bay at Inwood recorded a peak water level of 8.8 ft. MLLW at 900 am EST. The moderate coastal flood threshold of 8.7 ft. MLLW was exceeded from 830 to 942 am EST. The USGS tidal gauge in Rockaway Inlet near Floyd Bennet Field recorded a peak water level of 8.5 ft. MLLW from 818 to 906 am EST. This is the moderate coastal flood threshold. The moderate coastal flooding thresholds were established by the National Weather Service, based on impact analysis and collaboration with the USGS and local emergency management.||Based on media and emergency management reports, around 2 to 3 feet of inundation occurred in the most vulnerable sections of Brookville, Rosedale, Arverne, Edgewater, Howard Beach, Old Howard Beach, Far Rockaway, Hamilton Beach and Broad Channel in Queens."
623786,E20160403-104206,104206,high-winds,High Wind,BK,2016-04-03 05:00:00,2016-04-03 11:00:00,0,ok,0,ok,200000,ok,56.00,MG,,,Emergency Manager,,,,"A wind gust up to 64 mph was measured at JFK International Airport at 533 am. There was a partial building collapse at 535 Fourth Avenue around 8 am.  In Park Slope, there was a partial roof collapse due to the high winds on 4th Avenue for a building under construction. This occurred around 1045 am. Measured sustained winds of 46 mph were reported in Bay Ridge at 615 am."
619200,E20160216-103601,103601,high-winds,Strong Wind,QN,2016-02-16 11:00:00,2016-02-16 16:00:00,0,ok,0,ok,100000,ok,48.00,MG,,,Public,,,,"The public reported a large tree down across the Clearview Expressway at Union Turnpike. All three lanes were blocked. At JFK International Airport, a wind gust of 55 mph was reported at 303 pm."
619201,E20160216-103601,103601,high-winds,Strong Wind,QN,2016-02-16 11:00:00,2016-02-16 16:00:00,0,ok,0,ok,100000,ok,44.00,MG,,,Public,,,,"The public reported a large tree down across the Clearview Expressway at Union Turnpike. All three lanes were blocked. At LaGuardia Airport, a wind gust of 51 mph was reported at 259 pm."
619198,E20160216-103601,103601,high-winds,Strong Wind,MN,2016-02-16 10:00:00,2016-02-16 13:00:00,0,ok,2,ok,30000,ok,35.00,MG,,,Emergency Manager,,,,Strong winds blew a table off a 22 story building at 7th Avenue and West 39th street at 1115 am. ||Two people were injured.
621820,E20160216-103904,103904,thunderstorm,Marine Thunderstorm Wind,HARBOR,2016-02-16 14:01:00,2016-02-16 14:01:00,0,ok,0,ok,,missing,36.00,MG,,,Mesonet,40.5,-74.28,,A gust of 36 knots was measured at the Perth Amboy mesonet location.
621817,E20160216-103904,103904,thunderstorm,Marine Thunderstorm Wind,HARBOR,2016-02-16 14:06:00,2016-02-16 14:06:00,0,ok,0,ok,,missing,37.00,MG,,,Other Federal Agency,40.66,-74.07,,A gust of 37 knots was measured at the NOS gauge at Robins Reef.
621461,E20160216-103903,103903,thunderstorm,Thunderstorm Wind,QN,2016-02-16 14:26:00,2016-02-16 14:26:00,0,ok,0,ok,500,ok,52.00,EG,,,Law Enforcement,40.76,-73.92,,Large branches were reported down on 37th Street.
644878,E20160605-107595,107595,thunderstorm,Thunderstorm Wind,BX,2016-06-05 17:37:00,2016-06-05 17:37:00,0,ok,0,ok,1250,ok,52.00,EG,,,Emergency Manager,40.9029,-73.8867,,"A tree was reported down on Henry Hudson Parkway at the intersection with Mosholu Parkway, closing all Manhattan bound lanes."
644907,E20160605-107615,107615,thunderstorm,Marine Thunderstorm Wind,HARBOR,2016-06-05 17:43:00,2016-06-05 17:43:00,0,ok,0,ok,,missing,42.00,MG,,,Mesonet,40.67,-74.03,,A wind gust of 42 knots was measured at the Perth Amboy mesonet site.
621821,E20160216-103904,103904,thunderstorm,Marine Thunderstorm Wind,HARBOR,2016-02-16 14:38:00,2016-02-16 14:38:00,0,ok,0,ok,,missing,39.00,MG,,,Mesonet,40.55,-73.93,,A gust of 39 knots was measured at the Breezy Point mesonet location.
661610,E20160914-110814,110814,thunderstorm,Marine Thunderstorm Wind,HARBOR,2016-09-14 16:34:00,2016-09-14 16:34:00,0,ok,0,ok,0,ok,40.00,MG,,,Mesonet,40.67,-74.03,,The Bayonne mesonet measured a peak wind gust of 40 knots.
641174,E20160514-106803,106803,thunderstorm,Marine Thunderstorm Wind,HARBOR,2016-05-14 17:20:00,2016-05-14 17:20:00,0,ok,0,ok,0,ok,36.00,MG,,,Mesonet,40.4637,-74.0424,,
641170,E20160514-106803,106803,thunderstorm,Marine Thunderstorm Wind,HARBOR,2016-05-14 17:18:00,2016-05-14 17:18:00,0,ok,0,ok,0,ok,34.00,MG,,,Mesonet,40.4762,-74.0794,,
641185,E20160514-106803,106803,thunderstorm,Marine Thunderstorm Wind,HARBOR,2016-05-14 17:14:00,2016-05-14 17:14:00,0,ok,0,ok,0,ok,37.00,MG,,,Mesonet,40.67,-74.03,,"A wxflow weather station at Bayonne, NJ measured a peak wind gust of 37 knots."
641182,E20160514-106803,106803,thunderstorm,Marine Thunderstorm Wind,HARBOR,2016-05-14 17:03:00,2016-05-14 17:03:00,0,ok,0,ok,0,ok,38.00,MG,,,ASOS,40.6849,-74.1696,,The Automated Surface Observing System (ASOS) at Newark Liberty Airport measured a peak gust to 38 knots.
655730,E20160813-109566,109566,extreme-heat,Excessive Heat,BX,2016-08-13 10:00:00,2016-08-13 19:00:00,0,ok,0,ok,0,ok,,,,,Mesonet,,,,Hot temperatures along with high humidity resulted in a heat index of 105 to 110 at the Bronx Botanical Garden during the afternoon.
655731,E20160813-109566,109566,extreme-heat,Excessive Heat,MN,2016-08-13 12:00:00,2016-08-13 19:00:00,0,ok,0,ok,0,ok,,,,,ASOS,,,,Hot temperatures along with high humidity resulted in a heat index of 110 in Central Park during the afternoon.
655732,E20160813-109566,109566,extreme-heat,Excessive Heat,QN,2016-08-13 10:00:00,2016-08-13 19:00:00,0,ok,0,ok,0,ok,,,,,ASOS,,,,Hot temperatures along with high humidity resulted in a heat index of 111 at LaGuardia Airport during the afternoon.
655734,E20160813-109566,109566,extreme-heat,Excessive Heat,QN,2016-08-13 11:00:00,2016-08-13 19:00:00,0,ok,0,ok,0,ok,,,,,ASOS,,,,Hot temperatures along with high humidity resulted in a heat index of 112 at JFK International Airport during the afternoon.
655719,E20160811-109561,109561,extreme-heat,Excessive Heat,QN,2016-08-11 15:00:00,2016-08-11 18:00:00,0,ok,0,ok,0,ok,,,,,ASOS,,,,Hot temperatures along with high humidity resulted in a heat index of 107 at JFK International Airport at 4 pm.
655720,E20160811-109561,109561,extreme-heat,Excessive Heat,QN,2016-08-11 15:00:00,2016-08-11 18:00:00,0,ok,0,ok,0,ok,,,,,ASOS,,,,Hot temperatures along with high humidity resulted in a heat index of 105 at LaGuardia |Airport at 5 pm.
657318,E20160814-109935,109935,extreme-heat,Excessive Heat,QN,2016-08-14 13:00:00,2016-08-14 17:00:00,0,ok,0,ok,0,ok,,,,,ASOS,,,,"The combination of hot temperatures in the mid 90s, and high humidity, resulted in a heat index of up to 109 at JFK International Airport."
657424,E20160817-109947,109947,thunderstorm,Marine Thunderstorm Wind,HARBOR,2016-08-17 00:06:00,2016-08-17 00:06:00,0,ok,0,ok,,missing,39.00,MG,,,ASOS,40.6821,-74.17,,A gust of 39 knots was measured at Newark-Liberty International Airport.
657426,E20160814-109948,109948,thunderstorm,Marine Thunderstorm Wind,HARBOR,2016-08-14 18:24:00,2016-08-14 18:24:00,0,ok,0,ok,,missing,38.00,MG,,,Other Federal Agency,40.66,-74.07,,A gust of 38 knots was measured at the National Ocean Service sensor at Robbin's Reef.
657427,E20160814-109948,109948,thunderstorm,Marine Thunderstorm Wind,HARBOR,2016-08-14 19:12:00,2016-08-14 19:12:00,0,ok,0,ok,,missing,38.00,MG,,,Other Federal Agency,40.47,-74.01,,A gust of 38 knots was measured at the National Ocean Service sensor at Sandy Hook.
655723,E20160812-109562,109562,extreme-heat,Excessive Heat,MN,2016-08-12 12:00:00,2016-08-12 16:00:00,0,ok,0,ok,0,ok,,,,,Mesonet,,,,Hot temperatures along with high humidity resulted in a heat index of 107 near Wall Street at the Heliport at 1 pm.
655724,E20160812-109562,109562,extreme-heat,Excessive Heat,QN,2016-08-12 13:00:00,2016-08-12 15:00:00,0,ok,0,ok,0,ok,,,,,ASOS,,,,Hot temperatures along with high humidity resulted in a heat index of 105 at LaGuardia Airport at 2 pm.
663098,E20161030-111156,111156,thunderstorm,Marine Thunderstorm Wind,HARBOR,2016-10-30 15:27:00,2016-10-30 15:27:00,0,ok,0,ok,0,ok,46.00,MG,,,ASOS,40.6895,-74.1745,,Winds gusted to 46 knots at Newark Liberty Airport.
663096,E20161030-111156,111156,thunderstorm,Marine Thunderstorm Wind,HARBOR,2016-10-30 15:30:00,2016-10-30 15:30:00,0,ok,0,ok,0,ok,41.00,MG,,,Mesonet,40.66,-74.11,,Winds gusted to 41 knots at the Bayonne Mesonet station.
662996,E20161215-111143,111143,high-winds,Strong Wind,QN,2016-12-15 11:00:00,2016-12-15 13:00:00,0,ok,0,ok,50000,ok,44.00,MG,,,ASOS,,,,"At 1157 am, a wind gust to 51 mph was measured at JFK International Airport."
653878,E20160714-109184,109184,thunderstorm,Thunderstorm Wind,QN,2016-07-14 15:37:00,2016-07-14 15:37:00,0,ok,0,ok,5000,ok,52.00,EG,,,Emergency Manager,40.6575,-73.7473,,Trees and power wires were reported down on 147th Avenue between 232nd and 235th Streets.
653897,E20160718-109190,109190,thunderstorm,Thunderstorm Wind,BK,2016-07-18 16:02:00,2016-07-18 16:02:00,0,ok,0,ok,1000,ok,52.00,EG,,,Social Media,40.6336,-73.9868,,A tree was reported down along 47th Street in Borough Park.
654161,E20160718-109190,109190,thunderstorm,Thunderstorm Wind,BK,2016-07-18 16:05:00,2016-07-18 16:05:00,0,ok,0,ok,5000,ok,52.00,EG,,,Public,40.6602,-73.969,,Large tree limbs down and metal picnic tables were flipped over near the Prospect Park Zoo.
654162,E20160718-109225,109225,thunderstorm,Marine Thunderstorm Wind,HARBOR,2016-07-18 15:40:00,2016-07-18 15:40:00,0,ok,0,ok,,missing,57.00,MG,,,ASOS,40.6823,-74.1703,,A gust of 57 knots was measured at Newark-Liberty International Airport.
654164,E20160718-109225,109225,thunderstorm,Marine Thunderstorm Wind,HARBOR,2016-07-18 15:48:00,2016-07-18 15:48:00,0,ok,0,ok,,missing,61.00,MG,,,Other Federal Agency,40.66,-74.07,,A gust of 61 knots was measured at the National Ocean Service site at Robbins Reef.
654165,E20160718-109225,109225,thunderstorm,Marine Thunderstorm Wind,HARBOR,2016-07-18 15:48:00,2016-07-18 15:48:00,0,ok,0,ok,,missing,59.00,MG,,,Mesonet,40.641,-74.162,,A gust of 59 knots was measured at the Mariners Harbor mesonet location.
654177,E20160718-109225,109225,thunderstorm,Marine Thunderstorm Wind,HARBOR,2016-07-18 16:00:00,2016-07-18 16:00:00,0,ok,0,ok,,missing,40.00,MG,,,Mesonet,40.717,-73.963,,A gust of 40 knots was measured at the Williamsburg mesonet location.
654387,E20160725-109263,109263,thunderstorm,Lightning,QN,2016-07-25 16:10:00,2016-07-25 16:10:00,0,ok,0,ok,20000,ok,,,,,Emergency Manager,40.6595,-73.7509,,"Lightning struck a chimney of a building at the intersection of 146th Avenue and 230th Street, just west of Rosedale, causing structural damage."
654403,E20160725-109263,109263,thunderstorm,Thunderstorm Wind,BK,2016-07-25 17:08:00,2016-07-25 17:08:00,0,ok,0,ok,1500,ok,52.00,EG,,,River/Stream Gage,40.5782,-73.939,,Tree limbs fell into power lines in Manhattan Beach.
654390,E20160725-109263,109263,thunderstorm,Thunderstorm Wind,QN,2016-07-25 15:29:00,2016-07-25 15:29:00,0,ok,0,ok,1500,ok,52.00,EG,,,Public,40.7587,-73.8297,,A tree was reported down across the Long Island Railroad tracks at Main Street just southeast of Flushing.
654386,E20160725-109263,109263,thunderstorm,Lightning,QN,2016-07-25 16:06:00,2016-07-25 16:06:00,0,ok,0,ok,10000,ok,,,,,Emergency Manager,40.6922,-73.8284,,A home was struck by lightning at 94-54 118th Street just south of Richmond Hill.
654409,E20160725-109263,109263,thunderstorm,Thunderstorm Wind,BK,2016-07-25 16:41:00,2016-07-25 16:41:00,0,ok,0,ok,2500,ok,52.00,EG,,,Public,40.6796,-73.9651,,Large tree limbs and power lines were downed at the intersection of Dean Street and Underhill Avenue near Prospect Heights.
654416,E20160725-109266,109266,thunderstorm,Marine Thunderstorm Wind,HARBOR,2016-07-25 17:10:00,2016-07-25 17:10:00,0,ok,0,ok,,missing,52.00,EG,,,Social Media,40.5776,-73.9397,,Multiple tree limbs were reported down into power lines in Manhattan Beach.
654419,E20160725-109266,109266,tornado,Waterspout,HARBOR,2016-07-25 16:48:00,2016-07-25 16:48:00,0,ok,0,ok,,missing,,,,,Social Media,40.4496,-74.0602,,A waterspout was reported in Sandy Hook Bay.
654414,E20160725-109266,109266,thunderstorm,Marine Thunderstorm Wind,HARBOR,2016-07-25 16:07:00,2016-07-25 16:07:00,0,ok,0,ok,,missing,41.00,MG,,,ASOS,40.6819,-74.1703,,A wind gust of 41 knots was measured at Newark-Liberty International Airport.
654415,E20160725-109266,109266,thunderstorm,Marine Thunderstorm Wind,HARBOR,2016-07-25 16:14:00,2016-07-25 16:14:00,0,ok,0,ok,,missing,41.00,MG,,,Mesonet,40.67,-74.03,,A wind gust of 41 knots was measured at the Bayonne mesonet location.
654413,E20160725-109266,109266,thunderstorm,Marine Thunderstorm Wind,HARBOR,2016-07-25 16:40:00,2016-07-25 16:40:00,0,ok,0,ok,,missing,43.00,MG,,,Mesonet,40.5,-74.28,,A wind gust of 43 knots was measured at the Perth Amboy mesonet location.
654411,E20160725-109266,109266,thunderstorm,Marine Thunderstorm Wind,HARBOR,2016-07-25 17:10:00,2016-07-25 17:10:00,0,ok,0,ok,,missing,59.00,MG,,,Other Federal Agency,40.47,-74.01,,A wind gust of 59 knots was measured at the National Ocean Service station in Sandy Hook.
645092,E20160725-107646,107646,flash-flooding,Flash Flood,QN,2016-07-25 16:12:00,2016-07-25 18:15:00,0,ok,0,ok,0,ok,,,Heavy Rain,,Emergency Manager,40.6728,-73.8254,,The intersection of 133rd Avenue and 114th Place in South Ozone Park was closed due to flooding.
645097,E20160725-107646,107646,flash-flooding,Flash Flood,QN,2016-07-25 17:45:00,2016-07-25 18:15:00,0,ok,0,ok,0,ok,,,Heavy Rain,,Amateur Radio,40.655,-73.8396,,A car was stranded in high water due to flooding at 1622 Cross Bay Boulevard in Howard Beach.
645110,E20160725-107646,107646,flash-flooding,Flash Flood,BK,2016-07-25 18:20:00,2016-07-25 18:22:00,0,ok,0,ok,0,ok,,,Heavy Rain,,Amateur Radio,40.5869,-73.9324,,All three lanes of the westbound Belt Parkway were under water at Knapp Street in Marine Park due to flooding.
662977,E20161121-111139,111139,high-winds,Strong Wind,QN,2016-11-21 04:00:00,2016-11-21 06:00:00,0,ok,0,ok,50000,ok,44.00,MG,,,ASOS,,,,The ASOS at JFK International Airport measured a wind gust to 51 mph at 5:51 am.
662978,E20161122-111142,111142,high-winds,Strong Wind,QN,2016-11-22 08:00:00,2016-11-22 10:00:00,0,ok,0,ok,50000,ok,48.00,MG,,,ASOS,,,,"At LaGuardia Airport, a wind gust up to 55 mph was measured at 9:10 am."
672874,E20170107-112695,112695,winter-storm,Winter Weather,SI,2017-01-07 08:00:00,2017-01-07 21:00:00,0,ok,0,ok,0,ok,,,,,CoCoRaHS,,,,A CoCoRaHS observer and social media reported snowfall of 4 to 5 inches.
672873,E20170107-112695,112695,winter-storm,Winter Weather,MN,2017-01-07 08:30:00,2017-01-07 20:30:00,0,ok,0,ok,0,ok,,,,,Official NWS Observations,,,,Central Park reported 5 inches of snow. Trained spotters also reported 4 to 5 inches of snow.
672863,E20170107-112695,112695,heavy-snow,Heavy Snow,BX,2017-01-07 09:00:00,2017-01-07 22:00:00,0,ok,0,ok,0,ok,,,,,Trained Spotter,,,,Trained spotters reported snowfall between 6 and 7 inches.
672865,E20170107-112695,112695,heavy-snow,Heavy Snow,QN,2017-01-07 09:00:00,2017-01-07 23:00:00,0,ok,0,ok,0,ok,,,,,Official NWS Observations,,,,JFK airport contract observer reported 8.2 inches of snow. Trained spotters and the public reported snowfall of 6 to 8 inches.
672864,E20170107-112695,112695,heavy-snow,Heavy Snow,QN,2017-01-07 09:00:00,2017-01-07 22:00:00,0,ok,0,ok,0,ok,,,,,Official NWS Observations,,,,La Guardia airport contract observer reported 7 inches of snow. Trained spotters also reported snowfall between 7 and 8 inches.
672866,E20170107-112695,112695,heavy-snow,Heavy Snow,BK,2017-01-07 09:00:00,2017-01-07 23:00:00,0,ok,0,ok,0,ok,,,,,Trained Spotter,,,,Trained spotters and CoCoRaHs observers reported 5 to 7 inches of snow.
685162,E20170302-114340,114340,high-winds,Strong Wind,QN,2017-03-02 06:00:00,2017-03-02 10:00:00,0,ok,0,ok,30000,ok,47.00,MG,,,ASOS,,,,"At JFK International Airport, a wind gust up to 54 mph was observed at 831 am."
685161,E20170302-114340,114340,high-winds,Strong Wind,QN,2017-03-02 06:00:00,2017-03-02 09:00:00,0,ok,0,ok,30000,ok,47.00,MG,,,ASOS,,,,"At LaGuardia Airport, a wind gust up to 54 mph was observed at 759 am. Near Jackson Heights, a mesonet station measured a wind gust up to 50 mph at 806 am."
680068,E20170209-113563,113563,winter-storm,Winter Storm,BX,2017-02-09 04:00:00,2017-02-09 16:00:00,0,ok,0,ok,0,ok,,,,,Trained Spotter,,,,A trained spotter at the Bronx Zoo measured 10.6 inches of snow. A cooperative observer in Parkchester measured 9.5 inches of snow.
676972,E20170213-113173,113173,high-winds,High Wind,QN,2017-02-13 09:00:00,2017-02-13 13:00:00,0,ok,0,ok,100000,ok,53.00,MG,,,ASOS,,,,"At Laguardia Airport, a gust up to 61 mph was measured at 1005 am. In Flushing, a gas station awning was blown over at 173-12 Horace Harding Expressway at 930 am according to emergency managers. In Jamaica, measured sustained winds of 42 mph occurred at 1014 am at a mesonet station."
676976,E20170213-113173,113173,high-winds,High Wind,QN,2017-02-13 11:00:00,2017-02-13 14:00:00,0,ok,0,ok,100000,ok,54.00,MG,,,ASOS,,,,A measured gust up to 62 mph was reported at JFK International Airport at 1223 pm.
679981,E20170213-113173,113173,high-winds,High Wind,BK,2017-02-13 09:00:00,2017-02-13 12:00:00,0,ok,0,ok,50000,ok,39.00,MS,,,Mesonet,,,,"At 1125 am, a mesonet station measured sustained winds of 45 mph in Crown Heights."
679986,E20170213-113173,113173,high-winds,High Wind,BX,2017-02-13 09:00:00,2017-02-13 12:00:00,0,ok,0,ok,50000,ok,35.00,MS,,,Mesonet,,,,"At 1020 am, a mesonet station at East Tremont public school 105 measured sustained winds of 40 mph."
680069,E20170209-113563,113563,winter-storm,Winter Storm,SI,2017-02-09 03:30:00,2017-02-09 15:00:00,0,ok,0,ok,0,ok,,,,,Public,,,,The public reported 7 to 9 inches of snowfall.
680070,E20170209-113563,113563,winter-storm,Winter Storm,BK,2017-02-09 04:00:00,2017-02-09 16:00:00,0,ok,0,ok,0,ok,,,,,Trained Spotter,,,,"Trained spotters, CoCoRaHS observer, and the public reported 7 to 10 inches of snowfall."
680072,E20170209-113563,113563,winter-storm,Winter Storm,QN,2017-02-09 04:00:00,2017-02-09 18:45:00,0,ok,0,ok,0,ok,,,,,Official NWS Observations,,,,JFK Airport reported 8.3 inches of snow. Amateur radio and CoCoRaHS observers also reported 8 to 11 inches of snowfall.  Winds also gusted to 48 MPH at JFK Airport at 6:31 pm.
680073,E20170209-113563,113563,winter-storm,Winter Storm,QN,2017-02-09 04:00:00,2017-02-09 17:30:00,0,ok,0,ok,0,ok,,,,,Official NWS Observations,,,,LaGuardia Airport reported 10 inches of snow. Amateur radio and CoCoRaHS observes reported 10 to 12 inches of snow. Winds also gusted to 44 mph at LaGuardia airport at 5:04 pm.
680074,E20170209-113563,113563,winter-storm,Winter Storm,MN,2017-02-09 04:00:00,2017-02-09 16:00:00,0,ok,0,ok,0,ok,,,,,Official NWS Observations,,,,Central Park reported 9.4 inches of snow.
685215,E20170322-114349,114349,high-winds,Strong Wind,QN,2017-03-22 08:00:00,2017-03-22 11:00:00,0,ok,0,ok,10000,ok,46.00,MG,,,ASOS,,,,The ASOS at JFK International Airport measured a wind gust up to 53 mph at 919 am.
685216,E20170322-114349,114349,high-winds,Strong Wind,BK,2017-03-22 09:00:00,2017-03-22 16:00:00,0,ok,0,ok,50000,ok,33.00,MS,,,Mesonet,,,,"A measured sustained wind of 38 mph was reported at 1214 pm in Bay Ridge, 329 pm near Bay Ridge. Near Flatbush, 37 mph sustained winds occurred at 214 pm. These wind speeds were measured by mesonet stations."
685228,E20170322-114349,114349,high-winds,Strong Wind,SI,2017-03-22 09:00:00,2017-03-22 12:00:00,0,ok,0,ok,10000,ok,30.00,MS,,,Mesonet,,,,A mesonet station measured sustained winds of 35 mph near Bayonne at 1040 am.
687494,E20170314-114609,114609,winter-storm,Winter Storm,QN,2017-03-14 00:30:00,2017-03-14 18:30:00,0,ok,0,ok,0,ok,,,,,Public,,,,The public reported 7 to 9 inches of snow and sleet. A 46 mph wind gust was observed at JFK Airport at 3:58 pm. A pair of 2 story homes under construction collapsed on Beach 7th street due to strong winds.
685163,E20170302-114340,114340,high-winds,Strong Wind,SI,2017-03-02 05:00:00,2017-03-02 07:00:00,0,ok,0,ok,100000,ok,49.00,MG,,,Broadcast Media,,,,The media reported a tree down on a car in Port Richmond at 530 am. This occurred near Trantor Place and Dixon Avenue.
687490,E20170314-114609,114609,winter-storm,Winter Storm,BX,2017-03-14 00:30:00,2017-03-14 18:30:00,0,ok,0,ok,0,ok,,,,,Public,,,,The public reported 9 inches of snow in Parkchester. The snow also mixed with sleet. A 45 mph wind gust was observed at nearby LaGuardia Airport at 2:52 pm.
687491,E20170314-114609,114609,winter-storm,Winter Storm,BK,2017-03-14 00:30:00,2017-03-14 18:30:00,0,ok,0,ok,0,ok,,,,,Public,,,,The public reported 6 inches of snow and sleet. Some rain also mixed in with the snow and sleet.
687492,E20170314-114609,114609,winter-storm,Winter Storm,MN,2017-03-14 01:00:00,2017-03-14 18:00:00,0,ok,0,ok,0,ok,,,,,Official NWS Observations,,,,Central Park reported 7.6 inches of snow and sleet.
687493,E20170314-114609,114609,winter-storm,Winter Storm,QN,2017-03-14 00:30:00,2017-03-14 18:30:00,0,ok,0,ok,0,ok,,,,,Official NWS Observations,,,,LaGuardia Airport reported 7.4 inches of snow and sleet. A 45 mph wind gust was observed at 2:52 pm at LaGuardia Airport.
676902,E20170123-113156,113156,high-winds,High Wind,QN,2017-01-24 00:00:00,2017-01-24 02:00:00,0,ok,0,ok,50000,ok,35.00,MS,,,ASOS,,,,"At JFK International Airport, a sustained wind of 40 mph was observed at 141 am on the 24th."
676910,E20170123-113156,113156,high-winds,High Wind,BK,2017-01-23 21:00:00,2017-01-23 23:00:00,0,ok,0,ok,50000,ok,36.00,MS,,,Mesonet,,,,"In Crown Heights at 1008 pm on the 23rd, sustained winds of 41 mph were measured."
676897,E20170123-113156,113156,high-winds,High Wind,QN,2017-01-23 09:00:00,2017-01-23 14:00:00,0,ok,0,ok,50000,ok,37.00,MS,,,Mesonet,,,,"A mesonet station 2 miles north northeast of Jamaica reported a sustained wind speed of 43 mph at 1004 am. At Laguardia Airport, a gust to 50 mph was measured at 1220 pm. A mesonet station near Jackson Heights measured a wind gust to 54 mph at 116 pm."
706862,E20170619-117524,117524,flash-flooding,Flash Flood,BK,2017-06-19 16:36:00,2017-06-19 17:06:00,0,ok,0,ok,0,ok,,,Heavy Rain,,Social Media,40.6685,-73.9879,,Flash flooding was reported in the Gowanus section of Brooklyn.
709802,E20170619-118106,118106,thunderstorm,Marine Thunderstorm Wind,HARBOR,2017-06-19 15:39:00,2017-06-19 15:39:00,0,ok,0,ok,,missing,37.00,MG,,,Mesonet,40.67,-74.03,,A gust of 37 knots was measured at the Bayonne mesonet location.
709803,E20170619-118106,118106,thunderstorm,Marine Thunderstorm Wind,HARBOR,2017-06-19 15:42:00,2017-06-19 15:42:00,0,ok,0,ok,,missing,39.00,MG,,,Other Federal Agency,40.66,-74.07,,A gust of 39 knots was measured at the National Ocean Service location at Robbins Reef.
709804,E20170619-118106,118106,thunderstorm,Marine Thunderstorm Wind,HARBOR,2017-06-19 15:44:00,2017-06-19 15:44:00,0,ok,0,ok,,missing,44.00,MG,,,Mesonet,40.5,-74.28,,A gust of 44 knots was measured at the Perth Amboy mesonet site.
709806,E20170619-118106,118106,thunderstorm,Marine Thunderstorm Wind,HARBOR,2017-06-19 16:19:00,2017-06-19 16:19:00,0,ok,0,ok,,missing,43.00,MG,,,ASOS,40.6821,-74.1696,,A gust of 43 knots was measured by the Newark-Liberty International Airport ASOS.
709812,E20170619-118106,118106,thunderstorm,Marine Thunderstorm Wind,HARBOR,2017-06-19 15:34:00,2017-06-19 15:34:00,0,ok,0,ok,0,ok,55.00,MG,,,ASOS,40.6827,-74.1692,,A gust of 55 knots was measured by the Newark-Liberty International Airport ASOS.
709698,E20170619-118079,118079,thunderstorm,Thunderstorm Wind,MN,2017-06-19 15:53:00,2017-06-19 15:53:00,0,ok,0,ok,,missing,52.00,EG,,,Emergency Manager,40.753,-73.9959,,"A large tree branch was reported down, blocking two  west bound lanes at 360 West 34th Street."
709700,E20170619-118079,118079,thunderstorm,Thunderstorm Wind,BX,2017-06-19 15:56:00,2017-06-19 15:56:00,0,ok,0,ok,1500,ok,52.00,EG,,,Emergency Manager,40.8363,-73.9252,,A tree split in half and blocked West 167th Street near Woodycrest Avenue.
709702,E20170619-118079,118079,thunderstorm,Thunderstorm Wind,MN,2017-06-19 15:54:00,2017-06-19 15:54:00,0,ok,0,ok,7500,ok,52.00,EG,,,Emergency Manager,40.7819,-73.9775,,A tree fell on a car along West 78th Street between Amsterdam and Columbus Avenues.
709785,E20170619-118079,118079,thunderstorm,Thunderstorm Wind,BK,2017-06-19 16:37:00,2017-06-19 16:37:00,0,ok,0,ok,10000,ok,52.00,EG,,,River/Stream Gage,40.6121,-73.9324,,A tree fell into a home in Marine Park.
709786,E20170619-118079,118079,thunderstorm,Thunderstorm Wind,QN,2017-06-19 16:45:00,2017-06-19 16:45:00,0,ok,0,ok,1250,ok,52.00,EG,,,Broadcast Media,40.7182,-73.8455,,A tree fell on a road in Forest Hills.
727654,E20171225-121571,121571,high-winds,High Wind,QN,2017-12-25 10:00:00,2017-12-25 11:00:00,0,ok,0,ok,10000,ok,35.00,MS,,,ASOS,,,,The ASOS at JFK International Airport measured a 40 mph sustained wind at 10 am. A gust up to 49 mph was measured at the same time.
721252,E20170822-120409,120409,extreme-heat,Heat,QN,2017-08-22 15:00:00,2017-08-22 17:00:00,0,ok,0,ok,0,ok,,,,,ASOS,,,,"At 4 pm, the ASOS at Laguardia Airport measured a temperature of 90 degrees and a dew point of 76. The resultant heat index was 101 degrees."
717842,E20170802-119679,119679,flash-flooding,Flash Flood,BX,2017-08-02 16:37:00,2017-08-02 17:07:00,0,ok,0,ok,0,ok,,,Heavy Rain,,Law Enforcement,40.8757,-73.87,,Bronx Boulevard was closed at Magenta Street in the Bronx due to flooding.
717856,E20170804-119682,119682,flash-flooding,Flash Flood,QN,2017-08-04 07:50:00,2017-08-04 08:20:00,0,ok,0,ok,0,ok,,,Heavy Rain,,Broadcast Media,40.7044,-73.8162,,"A portion of the service road for the Van Wyck Expressway was closed due to flooding in Kew Gardens, Queens. In addition, two lanes were blocked due to flooding on the Van Wyck Expressway northbound approaching the Grand Central Parkway. Only one lane remained passable."
723054,E20170905-120718,120718,thunderstorm,Marine Thunderstorm Wind,HARBOR,2017-09-05 22:54:00,2017-09-05 22:54:00,0,ok,0,ok,,missing,35.00,MG,,,Other Federal Agency,40.66,-74.07,,A wind gust of 35 knots was reported at the National Ocean Service observation site at Robbins Reef.
727645,E20171225-121569,121569,high-winds,Strong Wind,QN,2017-12-25 07:00:00,2017-12-25 11:00:00,0,ok,0,ok,50000,ok,48.00,MG,,,ASOS,,,,"The ASOS at LaGuardia Airport measured a wind gust to 55 mph at 958 am. In nearby Floral Park, a wind gust up to 53 mph was reported at 730 am."
729756,E20171209-121915,121915,winter-storm,Winter Weather,QN,2017-12-09 09:00:00,2017-12-09 22:45:00,0,ok,0,ok,0,ok,,,,,Official NWS Observations,,,,The Observer at La Guardia Airport measured 4.5 inches of snow.
727648,E20171225-121569,121569,high-winds,Strong Wind,BK,2017-12-25 08:00:00,2017-12-25 12:00:00,0,ok,0,ok,50000,ok,48.00,EG,,,Newspaper,,,,"At 9 am, a car was damaged by flying scaffolding on Brooklyn Avenue near Dean Street in Crown Heights due to the strong winds. At 11 am, a tree fell onto a car at East 17th Street and Avenue P in Midwood. Local newspaper reported both events."
726808,E20171110-121419,121419,high-winds,Strong Wind,QN,2017-11-10 07:00:00,2017-11-10 08:00:00,0,ok,0,ok,50000,ok,34.00,EG,,,Broadcast Media,,,,"At 730 am in Jamaica, scaffolding collapsed on Fern Place between Rex Road and Polhemas Avenue. This closed the road."
726888,E20171119-121421,121421,high-winds,Strong Wind,MN,2017-11-19 10:00:00,2017-11-19 13:00:00,0,ok,5,ok,50000,ok,34.00,EG,,,Broadcast Media,,,,"At 1140 am, the broadcast media reported a collapsed scaffolding at the corner of Prince Street and Broadway. There were 5 injuries as a result."
726910,E20171119-121421,121421,high-winds,Strong Wind,QN,2017-11-19 11:00:00,2017-11-19 14:00:00,0,ok,0,ok,1000,ok,44.00,MG,,,ASOS,,,,The ASOS at JFK International Airport measured a 51 mph wind gust at 1206 pm.
729757,E20171209-121915,121915,winter-storm,Winter Weather,SI,2017-12-09 09:00:00,2017-12-09 23:00:00,0,ok,0,ok,0,ok,,,,,Trained Spotter,,,,A trained spotter measured 6.1 inches of snow in Port Richmond.
723795,E20171029-120890,120890,inland-flooding,Flood,SI,2017-10-29 18:00:00,2017-10-29 20:20:00,0,ok,0,ok,0,ok,,,Heavy Rain,,Social Media,40.6307,-74.1467,,"Morningstar Road was closed due to flooding at Walker Street in Mariners Harbor, Staten Island."
723797,E20171029-120890,120890,inland-flooding,Flood,BX,2017-10-29 19:50:00,2017-10-29 20:20:00,0,ok,0,ok,0,ok,,,Heavy Rain,,Public,40.8859,-73.8222,,"Boston Road and Hutchinson Avenue were closed due to flooding in Eastchester, Bronx."
704435,E20170514-117094,117094,thunderstorm,Marine Thunderstorm Wind,HARBOR,2017-05-14 16:04:00,2017-05-14 16:04:00,0,ok,0,ok,,missing,35.00,MG,,,Mesonet,40.67,-74.03,,A wind gust of 35 knots was measured at the Bayonne mesonet site.
691842,E20170505-115229,115229,flash-flooding,Flash Flood,MN,2017-05-05 12:40:00,2017-05-05 13:21:00,0,ok,0,ok,0,ok,,,Heavy Rain,,Broadcast Media,40.7547,-74.006,,West Side Highway was closed between 20th and 30th Streets in Chelsea due to flooding.
691843,E20170505-115229,115229,flash-flooding,Flash Flood,MN,2017-05-05 12:51:00,2017-05-05 13:21:00,0,ok,0,ok,0,ok,,,Heavy Rain,,Emergency Manager,40.7496,-74.0077,,A vehicle was stuck in a flooded roadway on West 24th Street and West Side Highway in Chelsea.
691841,E20170505-115229,115229,flash-flooding,Flash Flood,SI,2017-05-05 10:45:00,2017-05-05 13:21:00,0,ok,0,ok,0,ok,,,Heavy Rain,,Trained Spotter,40.6031,-74.132,,Numerous streets were flooded and impassable to vehicles in the Willowbrook section of Staten Island.
723379,E20170701-120785,120785,thunderstorm,Marine Thunderstorm Wind,HARBOR,2017-07-01 17:36:00,2017-07-01 17:36:00,0,ok,0,ok,,missing,39.00,MG,,,Mesonet,40.5,-74.28,,A 39 knot gust was measured at the Perth Amboy mesonet location.
723381,E20170720-120786,120786,thunderstorm,Marine Thunderstorm Wind,HARBOR,2017-07-20 19:42:00,2017-07-20 19:42:00,0,ok,0,ok,,missing,43.00,MG,,,Mesonet,40.5,-74.28,,A wind gust of 43 knots was measured at the Perth Amboy mesonet location.
717714,E20170720-119630,119630,extreme-heat,Heat,QN,2017-07-20 15:00:00,2017-07-20 18:00:00,0,ok,0,ok,0,ok,,,,,ASOS,,,,The heat index at LaGuardia Airport reached as high as 102 degrees around 5 pm.
717715,E20170720-119630,119630,extreme-heat,Heat,QN,2017-07-20 12:00:00,2017-07-20 15:00:00,0,ok,0,ok,0,ok,,,,,ASOS,,,,The heat index at JFK International Airport reached as high as 103 degrees around 1 pm.
748544,E20180302-124689,124689,coastal-flooding,Coastal Flood,QN,2018-03-03 21:00:00,2018-03-03 23:00:00,0,ok,0,ok,0,ok,,,,,Official NWS Observations,,,,The USGS tidal gauge in Jamaica Bay at Inwood recorded a peak water level of 8.6 ft. MLLW at 1000 pm EST. The moderate coastal flood threshold of 8.2 ft. MLLW was exceeded from 912 to 1048 pm EST. The USGS tidal gauge in Rockaway Inlet recorded a peak water level of 8.3 ft. MLLW at 948 pm EST. The moderate coastal flood threshold of 8.3 ft. MLLW was touched from 930 to 1006 pm EST.
748536,E20180302-124689,124689,coastal-flooding,Coastal Flood,QN,2018-03-02 07:00:00,2018-03-02 09:00:00,0,ok,0,ok,0,ok,,,,,Official NWS Observations,,,,The USGS tidal gauge in Jamaica Bay at Inwood recorded a peak water level of 8.4 ft. MLLW at 806 am EST. The moderate coastal flood threshold of 8.2 ft. MLLW was touched from 736 to 836 am EST.
739437,E20180302-122641,122641,high-winds,High Wind,QN,2018-03-02 12:00:00,2018-03-02 22:00:00,0,ok,1,ok,500000,ok,58.00,MG,,,ASOS,,,,"At 1228 and 1232 pm, the ASOS at JFK International Airport measured a wind gust to 63 mph. Sustained winds of 48 mph were observed at 1235 pm at JFK. Around 2 pm, the public reported a tree down on multiple cars on Homeland Street in Jamaica Estates. At 349 pm in Jamaica, a tree fell onto a car at CUNY York Campus resulting in an injury per the broadcast media. The ASOS at JFK International airport measured a wind gust to 64 mph at 440 pm. Then, a gust to 67 mph was measured at 527 pm at JFK. Per social media, trees and power lines were downed at 935 pm in Jamaica on Tudor Road near surrey Place."
739455,E20180302-122641,122641,high-winds,High Wind,MN,2018-03-02 14:00:00,2018-03-02 16:00:00,0,ok,0,ok,50000,ok,50.00,EG,,,Broadcast Media,,,,The local media reported a scaffolding collapse on Broome Street between Clinton and Ridge streets in the lower east side of Manhattan. This occurred around 245 pm.
739458,E20180302-122641,122641,high-winds,High Wind,BK,2018-03-02 16:00:00,2018-03-02 18:00:00,0,ok,0,ok,50000,ok,50.00,EG,,,Social Media,,,,"At 5 pm, a large tree was uprooted and knocked down across multiple properties causing property damage in the Flatlands section of Kings. This was via social media."
739459,E20180302-122641,122641,high-winds,High Wind,BX,2018-03-02 17:00:00,2018-03-02 18:00:00,0,ok,0,ok,10000,ok,50.00,EG,,,Social Media,,,,"Per social media, a tree was knocked down on Henrey Hudson Parkway at 236 Street in Didgewood around 530 pm. This report was courtesy of the New York city Transit buses twitter account."
739442,E20180302-122641,122641,high-winds,High Wind,QN,2018-03-02 14:00:00,2018-03-02 18:00:00,0,ok,0,ok,100000,ok,50.00,MG,,,Department of Highways,,,,"At 236 pm, the Department of Highways reported a downed tree on I-295 southbound at Cross Island Parkway and the Throgs Neck Bridge approach. Only one lane was open. At 330 pm, a tree was knocked down at 169 Street and 29th Avenue in Murray Hill per the broadcast media. In Flushing, the media reported a large tree down on 167th and 33rd Avenue at 345 pm. Social media reported a portion of a roof of a hangar was blown off at LaGuardia Airport at 430 pm. In Bayside, a few large oak trees were knocked down, one falling onto a vehicle at 5 pm."
745299,E20180321-124192,124192,heavy-snow,Heavy Snow,QN,2018-03-21 06:00:00,2018-03-22 07:00:00,0,ok,0,ok,0,ok,,,,,Trained Spotter,,,,"Trained spotters, social media, and the FAA Contract Observer at John F. Kennedy Airport reported 8 to 15 inches of snow."
745303,E20180321-124192,124192,heavy-snow,Heavy Snow,SI,2018-03-21 06:00:00,2018-03-22 05:00:00,0,ok,0,ok,0,ok,,,,,Social Media,,,,Social Media and the public reported 7 to 14 inches of snow.
745302,E20180321-124192,124192,heavy-snow,Heavy Snow,BK,2018-03-21 06:00:00,2018-03-22 06:00:00,0,ok,0,ok,0,ok,,,,,Social Media,,,,Social Media and trained spotters reported 7 to 13 inches of snow.
745301,E20180321-124192,124192,heavy-snow,Heavy Snow,MN,2018-03-21 06:00:00,2018-03-22 04:30:00,0,ok,0,ok,0,ok,,,,,Official NWS Observations,,,,The Official NWS Observation at Central Park reported 8.4 inches of snow. Law enforcement in Gramercy Park reported 10.0 inches of snow.
745293,E20180321-124192,124192,heavy-snow,Heavy Snow,BX,2018-03-21 05:00:00,2018-03-22 05:00:00,0,ok,0,ok,0,ok,,,,,Park/Forest Service,,,,The Bronx Zoo reported 8.1 inches of snow and the public reported 8.5 inches of snow in Morris Park.
745298,E20180321-124192,124192,heavy-snow,Heavy Snow,QN,2018-03-21 05:00:00,2018-03-22 05:00:00,0,ok,0,ok,0,ok,,,,,Trained Spotter,,,,"Trained spotters, social media, and the FAA Contract Observer at La Guardia Airport reported 9 to 14 inches of snow."
744240,E20180307-124011,124011,winter-storm,Winter Weather,QN,2018-03-07 02:00:00,2018-03-07 21:00:00,0,ok,0,ok,0,ok,,,,,Official NWS Observations,,,,The FAA Contract Observer at John F. Kennedy Airport reported 2.8 inches of snow. 2 to 4 inches of snowfall was reported across southern Queens.
739454,E20180302-122641,122641,high-winds,High Wind,SI,2018-03-02 13:00:00,2018-03-02 15:00:00,0,ok,0,ok,50000,ok,73.00,MG,,,Broadcast Media,,,,"Around 2 pm, the media reported an overturned tractor trailer on the Verrazano-Narrows Bridge due to the high winds. An 84 mph wind gust at an elevation of 700 feet was measured at the bridge."
744239,E20180307-124011,124011,winter-storm,Winter Weather,QN,2018-03-07 02:00:00,2018-03-07 21:00:00,0,ok,0,ok,0,ok,,,,,Official NWS Observations,,,,The FAA Contract Observer at LaGuardia Airport reported 1.7 inches of snow.
744241,E20180307-124011,124011,winter-storm,Winter Weather,MN,2018-03-07 02:00:00,2018-03-07 22:00:00,0,ok,0,ok,0,ok,,,,,Official NWS Observations,,,,The Central Park Conservancy reported 3.2 inches of snow.
744242,E20180307-124011,124011,winter-storm,Winter Weather,SI,2018-03-07 02:00:00,2018-03-07 22:00:00,0,ok,0,ok,0,ok,,,,,CoCoRaHS,,,,A CoCoRaHS observer reported 4.0 inches of snowfall.
744238,E20180307-124011,124011,winter-storm,Winter Weather,BX,2018-03-07 02:00:00,2018-03-07 21:00:00,0,ok,0,ok,0,ok,,,,,COOP Observer,,,,A COOP observer reported 2.3 inches of snow in Parkchester. 2.5 inches was reported by the public in Morris Park.
745254,E20180313-124182,124182,winter-storm,Winter Weather,QN,2018-03-13 00:00:00,2018-03-13 13:30:00,0,ok,0,ok,0,ok,,,,,Trained Spotter,,,,Trained spotters and the public reported 2 to 4 inches of snow.
741015,E20180217-123548,123548,winter-storm,Winter Weather,BK,2018-02-17 18:00:00,2018-02-18 01:00:00,0,ok,0,ok,0,ok,,,,,Social Media,,,,Social media reported 3.5 inches of snow in Williamsburg.
741014,E20180217-123548,123548,winter-storm,Winter Weather,BX,2018-02-17 17:00:00,2018-02-18 00:30:00,0,ok,0,ok,0,ok,,,,,CoCoRaHS,,,,A CoCoRaHS observer 1 NE of Riverdale 5.0 inches of snow and the public reported 4.8 inches of snow in Morris Park.
741021,E20180217-123548,123548,winter-storm,Winter Weather,QN,2018-02-17 17:00:00,2018-02-18 00:30:00,0,ok,0,ok,0,ok,,,,,Official NWS Observations,,,,"The FAA Contract Observer at LaGuardia Airport reported 4.3 inches of snowfall. Trained spotters, social media, and the public reported 3 to 5 inches of snowfall."
741018,E20180217-123548,123548,winter-storm,Winter Weather,MN,2018-02-17 17:00:00,2018-02-18 00:30:00,0,ok,0,ok,0,ok,,,,,Official NWS Observations,,,,"The Official NWS Observation at Central Park, NY was 4.4 inches of snow.  The public also reported 5 inches in Yorkville."
737747,E20180130-123047,123047,coastal-flooding,Storm Surge/Tide,QN,2018-01-30 06:30:00,2018-01-30 07:30:00,0,ok,0,ok,0,ok,,,,,Official NWS Observations,,,,"The USGS tidal gauge in Jamaica Bay at Inwood recorded a peak water level of 8.2 ft. MLLW at 700 am EST. The moderate coastal flood threshold of 8.2 ft. MLLW was touched from 642 to 718 am EST.||Flooding occurred at the intersections of 160 Ave & 102 street started around 5:50 am and the flooding at the intersections of First Street, Russell Street & 104th Street started around the same time. Due to the low lying nature of several of the streets in Hamilton Beach, the tidal flooding took hours to recede, virtually cutting it off."
736936,E20180104-122899,122899,winter-storm,Winter Storm,BX,2018-01-04 05:00:00,2018-01-04 18:30:00,0,ok,0,ok,0,ok,,,,,Public,,,,The public reported 11.2 inches of snow in Bedford Park and 10.7 inches in Morris Park.  The nearby La Guardia International Airport ASOS measured a 52 MPH wind gust at 6:04 PM and frequently gusted 40 to 50 MPH through the peak of the winter storm.
736938,E20180104-122899,122899,winter-storm,Winter Storm,QN,2018-01-04 05:00:00,2018-01-04 18:30:00,0,ok,0,ok,0,ok,,,,,Trained Spotter,,,,"Trained spotters, the public, and CoCoRaHS observers reported 7 to 11 inches of snow. The FAA Contract Observer at La Guardia International Airport reported 7.4 inches of snow. The La Guardia International Airport ASOS measured a 52 MPH wind gust at 6:04 PM and frequently gusted 40 to 50 MPH through the peak of the winter storm."
736940,E20180104-122899,122899,winter-storm,Blizzard,QN,2018-01-04 07:51:00,2018-01-04 14:51:00,0,ok,0,ok,0,ok,,,,,ASOS,,,,"The La Guardia Airport ASOS observations showed blizzard conditions, with visibility less than one quarter mile in heavy snow and blowing snow, and frequent wind gusts over 35 mph during the morning and early afternoon on January 4th."
736944,E20180104-122899,122899,winter-storm,Blizzard,QN,2018-01-04 08:10:00,2018-01-04 13:43:00,0,ok,0,ok,0,ok,,,,,ASOS,,,,"The nearby Republic Airport (East Farmingdale, NY) ASOS observations showed blizzard conditions, with visibility less than one quarter mile in heavy snow and frequent wind gusts over 35 mph during the morning and afternoon on January 4th."
736946,E20180104-122899,122899,winter-storm,Winter Storm,SI,2018-01-04 05:00:00,2018-01-04 16:00:00,0,ok,0,ok,0,ok,,,,,Public,,,,The Public reported 10.8 inches of snow in Great Kills and 10.2 inches of snow in Dongan Hills. Nearby ASOS observations at Newark Liberty International and Kennedy International showed winds frequently gusting 40 to 50 MPH during the peak of the winter storm.
736949,E20180104-122899,122899,winter-storm,Winter Storm,BK,2018-01-04 03:00:00,2018-01-04 17:00:00,0,ok,0,ok,0,ok,,,,,CoCoRaHS,,,,"CoCoRaHS observers, amateur radio, trained spotters, and the public reported 7 to 12 inches of snow. Wind observations at nearby Kennedy International Airport frequently gusted 40 to 50 MPH during the peak of the storm."
736951,E20180104-122899,122899,winter-storm,Winter Storm,MN,2018-01-04 05:00:00,2018-01-04 16:00:00,0,ok,0,ok,0,ok,,,,,Official NWS Observations,,,,The Official NWS Observation at Central Park Conservancy reported 9.8 inches of snowfall. The Central Park ASOS reported wind gusts 30 to 35 MPH during the peak of the winter storm.
736952,E20180104-122899,122899,winter-storm,Winter Storm,QN,2018-01-04 03:00:00,2018-01-04 17:00:00,0,ok,0,ok,0,ok,,,,,CoCoRaHS,,,,"CoCoRaHS observers, trained spotters, and the public reported 8 to 14 inches of snow. The FAA Contract Observer at Kennedy International Airport reported 8 inches of snow. The Kennedy International Airport ASOS measured a 52 MPH wind gust at 6:37 PM. Winds frequently gusted 40 to 50 MPH during the peak of the storm."
741027,E20180207-123549,123549,winter-storm,Winter Weather,MN,2018-02-07 08:00:00,2018-02-07 19:00:00,0,ok,0,ok,0,ok,,,,,ASOS,,,,The Central Park ASOS reported 0.09 inches of freezing rain.
750905,E20180416-125008,125008,inland-flooding,Flood,BX,2018-04-16 08:45:00,2018-04-16 21:00:00,0,ok,0,ok,0,ok,,,Heavy Rain,,River/Stream Gage,40.863,-73.875,,"The Bronx River at the New York Botanical Garden rose above its flood stage of 3.0 feet at 9:45am EDT, crested at a height of 4.24 feet at 4:00pm EDT, and fell below flood stage at 10:00pm EDT. The crest of 4.24 feet is above major flood stage."
749702,E20180416-125008,125008,flash-flooding,Flash Flood,MN,2018-04-16 08:47:00,2018-04-16 10:45:00,0,ok,0,ok,0,ok,,,Heavy Rain,,Social Media,40.8264,-73.951,,The subway station at 145th Street and Broadway was flooded in Manhattan.
750918,E20180402-125209,125209,winter-storm,Winter Weather,BX,2018-04-02 05:00:00,2018-04-02 12:00:00,0,ok,0,ok,0,ok,,,,,CoCoRaHS,,,,"CoCoRaHS, COOP Observer, and the public reported 4 to 6 inches of snowfall."
750919,E20180402-125209,125209,winter-storm,Winter Weather,BX,2018-04-02 05:00:00,2018-04-02 11:00:00,0,ok,0,ok,0,ok,,,,,Trained Spotter,,,,Trained spotters and the public reported 4 to 5 inches of snowfall.
750920,E20180402-125209,125209,winter-storm,Winter Weather,MN,2018-04-02 05:00:00,2018-04-02 11:00:00,0,ok,0,ok,0,ok,,,,,Official NWS Observations,,,,"The official NWS Observation at Central Park was 5.5 inches of snowfall. Amounts across Manhattan ranged from 3 to 6 inches of snow as reported by trained spotters, CoCoRaHS, and Law Enforcement."
750927,E20180402-125209,125209,winter-storm,Winter Weather,QN,2018-04-02 05:00:00,2018-04-02 11:00:00,0,ok,0,ok,0,ok,,,,,Official NWS Observations,,,,The Official NWS Observation at LaGuardia Airport was 5.5 inches of snowfall. Amounts across northern Queens ranged from 4 to 6 inches with isolated higher amounts to 6.5 inches in the Whitestone and Bayside area.
750928,E20180402-125209,125209,winter-storm,Winter Weather,QN,2018-04-02 05:00:00,2018-04-02 11:00:00,0,ok,0,ok,0,ok,,,,,Official NWS Observations,,,,The Official NWS observation at John F. Kennedy International Airport was 3.7 inches of snowfall. Amounts across southern Queens ranged from 3 to 6 inches of snowfall.
750931,E20180402-125209,125209,winter-storm,Winter Weather,SI,2018-04-02 05:00:00,2018-04-02 11:00:00,0,ok,0,ok,0,ok,,,,,CoCoRaHS,,,,CoCoRaHS reported 2 to 5 inches of snowfall.
749697,E20180416-125008,125008,flash-flooding,Flash Flood,BX,2018-04-16 06:23:00,2018-04-16 10:45:00,0,ok,0,ok,0,ok,,,Heavy Rain,,Social Media,40.8871,-73.9114,,The Henry Hudson Parkway was closed at West 237th Street in Riverdale due to flooding.
749699,E20180416-125008,125008,flash-flooding,Flash Flood,SI,2018-04-16 07:39:00,2018-04-16 10:45:00,0,ok,0,ok,0,ok,,,Heavy Rain,,Broadcast Media,40.5122,-74.2517,,Staten Island Railway service was suspended in both directions between Tottenville and Huguenot due to flooding at Richmond Valley.
749709,E20180416-125008,125008,flash-flooding,Flash Flood,MN,2018-04-16 10:11:00,2018-04-16 10:45:00,0,ok,0,ok,0,ok,,,Heavy Rain,,Law Enforcement,40.849,-73.9431,,The northbound lanes of the Henry Hudson Parkway were closed at 178th Street in Washington Heights due to flooding.
747194,E20180404-124275,124275,high-winds,Strong Wind,QN,2018-04-04 17:00:00,2018-04-04 19:00:00,0,ok,0,ok,10000,ok,45.00,MG,,,ASOS,,,,The ASOS at JFK International Airport reported a wind gust of 52 mph at 528 pm.
749711,E20180416-125008,125008,flash-flooding,Flash Flood,MN,2018-04-16 10:13:00,2018-04-16 10:45:00,0,ok,0,ok,0,ok,,,Heavy Rain,,Emergency Manager,40.7958,-73.976,,The southbound lanes of the Henry Hudson Parkway were closed at West 96th Street in Bloomingdale due to flooding.
749712,E20180416-125008,125008,flash-flooding,Flash Flood,QN,2018-04-16 10:27:00,2018-04-16 10:45:00,0,ok,0,ok,0,ok,,,Heavy Rain,,Broadcast Media,40.7668,-73.9029,,The Grand Central Parkway was closed in both directions at 48th Street in Astoria due to flooding.
750100,E20180416-125062,125062,high-winds,Strong Wind,BX,2018-04-16 09:00:00,2018-04-16 11:00:00,0,ok,0,ok,50000,ok,38.00,MG,,,Emergency Manager,,,,"Around 1030 am, a tree was knocked down closing all northbound lanes of the Bronx River Parkway at East Gunhill Road per emergency management."
786338,E20180928-131418,131418,flash-flooding,Flash Flood,QN,2018-09-28 05:05:00,2018-09-28 05:38:00,0,ok,0,ok,0,ok,,,Heavy Rain,,Public,40.772,-73.8334,,"Linden Place was closed due to flooding north of I-678 (Whitestone Expressway) in College Point, Queens."
784230,E20180925-131100,131100,flash-flooding,Flash Flood,QN,2018-09-25 15:15:00,2018-09-25 15:45:00,0,ok,0,ok,0,ok,,,Heavy Rain,,Trained Spotter,40.7885,-73.785,,All southbound lanes on Bell Boulevard closed at 208th Place in Bayside with two feet of standing water. The police were on the scene.
786340,E20180928-131418,131418,flash-flooding,Flash Flood,SI,2018-09-28 05:08:00,2018-09-28 05:38:00,0,ok,0,ok,0,ok,,,Heavy Rain,,Newspaper,40.5536,-74.1405,,Amboy Road was blocked at Bay Terrace with a couple cars stuck in flood waters under the Staten Island Railway train trestle in the Bay Terrace section of Staten Island.
784743,E20180925-131100,131100,flash-flooding,Flash Flood,BX,2018-09-25 14:00:00,2018-09-26 04:15:00,0,ok,0,ok,0,ok,,,Heavy Rain,,River/Stream Gage,40.8626,-73.8748,,"The Bronx River at the New York Botanical Garden exceeded its flood stage of 3.0 feet at 2:00pm EDT. The river then proceeded to rise above its moderate flood stage of 3.5 feet at 3:15pm EDT and above its major flood stage of 4.0 feet at 5:45pm, cresting at a height of 4.16 feet at 8:30pm EDT. The river fell back below flood stage at 4:15am EDT on September 26th."
784228,E20180925-131100,131100,flash-flooding,Flash Flood,BX,2018-09-25 12:22:00,2018-09-25 14:55:00,0,ok,0,ok,0,ok,,,Heavy Rain,,Broadcast Media,40.8919,-73.8876,,The Moshulu Parkway was flooded at the I-87 interchange in the Bronx.
764719,E20180628-127563,127563,flash-flooding,Flash Flood,QN,2018-06-28 17:47:00,2018-06-28 18:19:00,0,ok,0,ok,0,ok,,,Heavy Rain,,Social Media,40.6657,-73.7871,,South Conduit Avenue was closed due to flooding under the JFK Expressway near JFK Airport.
764720,E20180628-127563,127563,flash-flooding,Flash Flood,QN,2018-06-28 17:49:00,2018-06-28 18:19:00,0,ok,0,ok,0,ok,,,Heavy Rain,,Social Media,40.7365,-73.9313,,Greenpoint Avenue was closed due to flooding at Borden Avenue in Sunnyside.
764705,E20180628-127563,127563,flash-flooding,Flash Flood,BK,2018-06-28 17:38:00,2018-06-28 18:19:00,0,ok,0,ok,0,ok,,,Heavy Rain,,Social Media,40.6376,-73.9266,,The junction of Kings Highway and East 53rd Street was closed due to flooding in East Flatbush.
773500,E20180727-129024,129024,flash-flooding,Flash Flood,SI,2018-07-27 16:10:00,2018-07-27 17:00:00,0,ok,0,ok,0,ok,,,Heavy Rain,,Broadcast Media,40.5526,-74.1405,,Portions of Amboy Road and Ainsworth Avenue closed due to flooding in the Bay Terrace section of Staten Island with emergency personnel responding to a water rescue on Amboy Road.
773501,E20180727-129024,129024,flash-flooding,Flash Flood,SI,2018-07-27 16:51:00,2018-07-27 17:00:00,0,ok,0,ok,0,ok,,,Heavy Rain,,Broadcast Media,40.55,-74.1566,,The intersection of Lamoka Avenue and Abington Avenue was closed due to flooding in Great Kills.
773502,E20180727-129024,129024,flash-flooding,Flash Flood,SI,2018-07-27 19:17:00,2018-07-27 19:47:00,0,ok,0,ok,0,ok,,,Heavy Rain,,Emergency Manager,40.5371,-74.1498,,Hylan Boulevard was closed in Great Kills due to flooding.
784049,E20181027-131066,131066,high-winds,Strong Wind,QN,2018-10-27 10:00:00,2018-10-27 14:00:00,0,ok,0,ok,10000,ok,44.00,MG,,,ASOS,,,,The ASOS at LaGuardia Airport reported a gust to 51 mpg at 1110 am. Another CWOP station in Whitestone also measured a 51 mph wind gust at 122 pm.
784050,E20181027-131066,131066,high-winds,Strong Wind,BK,2018-10-27 09:00:00,2018-10-27 11:00:00,0,ok,0,ok,10000,ok,43.00,MG,,,Mesonet,,,,A mesonet station reported a 50 mph wind gust at 955 am near Rockaway Beach.
775714,E20180717-129017,129017,flash-flooding,Flash Flood,MN,2018-07-17 15:32:00,2018-07-17 16:02:00,0,ok,0,ok,0,ok,,,Heavy Rain,,Department of Highways,40.7602,-73.9579,,All lanes blocked on the northbound ramp to the FDR Drive and East 62nd Street in Manhattan due to flooding.
778074,E20180915-129886,129886,coastal-hazard,Rip Current,QN,2018-09-15 16:00:00,2018-09-15 19:00:00,1,ok,0,ok,0,ok,,,,,Newspaper,,,,"Seventeen year old Lamine Sarr, who was last seen on Saturday swimming with two friends in the surf at Beach 84th Street, was by all indications pulled out to sea by a rip current and drowned.||According to a longtime friend of all three boys who spoke with the NY Post, the Queens teenagers were not strong swimmers, and never intended to go in past their waists. After a little while they couldn���t feel their feet touching the ground, they turned around, and Lamine wasn���t there, the friend told the tabloid.||Two of the boys had already made it back to shore by the time first responders arrived on the scene at 5 p.m. on Saturday. But there was no sign of Sarr. The search continued until marine units were able to locate the body Sunday morning."
773482,E20180717-129017,129017,flash-flooding,Flash Flood,MN,2018-07-17 15:30:00,2018-07-17 16:02:00,0,ok,0,ok,0,ok,,,Heavy Rain,,Department of Highways,40.7591,-73.9579,,FDR Drive was closed due to flooding between 61st Street and 96th Street in Manhattan.
769801,E20180629-128328,128328,extreme-heat,Heat,QN,2018-06-29 14:00:00,2018-06-29 17:00:00,1,ok,0,ok,0,ok,,,,,Broadcast Media,,,,A 71 year old man was found dead in the driver's seat of a vehicle at 345 pm in Whitestone. Hyperthermia was the cause per an autopsy. Heat indices were in the lower to mid 90s.
775523,E20180717-129439,129439,thunderstorm,Funnel Cloud,BK,2018-07-17 13:45:00,2018-07-17 13:45:00,0,ok,0,ok,0,ok,,,,,Emergency Manager,40.61,-73.95,,Funnel cloud sighted over New York Harbor.
776640,E20180727-129649,129649,thunderstorm,Thunderstorm Wind,SI,2018-07-27 16:00:00,2018-07-27 16:00:00,0,ok,0,ok,7500,ok,52.00,EG,,,Emergency Manager,40.59,-74.17,,There were multiple reports of downed power lines across Staten Island.
776644,E20180727-129649,129649,thunderstorm,Thunderstorm Wind,SI,2018-07-27 16:08:00,2018-07-27 16:08:00,0,ok,0,ok,7500,ok,52.00,EG,,,Broadcast Media,40.6091,-74.1212,,A tree was reported down on a car along Manor Road.
776645,E20180727-129649,129649,thunderstorm,Thunderstorm Wind,SI,2018-07-27 16:10:00,2018-07-27 16:10:00,0,ok,0,ok,10000,ok,52.00,EG,,,Broadcast Media,40.59,-74.11,,A tree was reported down on a house.
776646,E20180727-129649,129649,thunderstorm,Thunderstorm Wind,SI,2018-07-27 16:15:00,2018-07-27 16:15:00,0,ok,0,ok,10000,ok,52.00,EG,,,Broadcast Media,40.5735,-74.1035,,A tree was reported down on a house on Sanilac Street.
776656,E20180727-129649,129649,thunderstorm,Thunderstorm Wind,SI,2018-07-27 16:13:00,2018-07-27 16:14:00,0,ok,0,ok,5000,ok,52.00,EG,,,Broadcast Media,40.5652,-74.1261,,Trees were reported down across the Staten Island Railroad between Oakwaood Heights and Grant City.
775744,E20180804-129487,129487,flash-flooding,Flash Flood,BX,2018-08-04 10:30:00,2018-08-04 12:15:00,0,ok,0,ok,0,ok,,,Heavy Rain,,River/Stream Gage,41.1414,-74.1178,,"The Mahwah River near Suffern rose above its flood stage of 4.0 feet at 11:30am EDT, crested at a height of 4.06 feet at 12:15pm EDT, and fell back below flood stage at 1:15pm EDT."
779531,E20180807-130179,130179,flash-flooding,Flash Flood,QN,2018-08-07 18:45:00,2018-08-07 19:15:00,0,ok,0,ok,0,ok,,,Heavy Rain,,Social Media,40.7296,-73.8622,,Flowing water up to the height of car tires was observed on 63rd Drive near Queens Boulevard in Rego Park.
779609,E20180811-130194,130194,flash-flooding,Flash Flood,MN,2018-08-11 07:28:00,2018-08-11 09:00:00,0,ok,0,ok,0,ok,,,Heavy Rain,,Broadcast Media,40.7437,-73.9711,,Flooding reported on FDR Drive with water up to car bottoms.
781373,E20180802-130519,130519,tornado,Tornado,QN,2018-08-02 21:20:00,2018-08-02 21:23:00,0,ok,0,ok,10000,ok,,,,EF0,NWS Storm Survey,40.7845,-73.8443,,"A tornado rated as EF0 on the Enhanced Fujita Scale, with|estimated winds up to 85 mph, touched down near Saint Fidelis |Catholic Church in College Point, knocking down numerous trees and|power lines and peeling siding off houses along a path about 3/4|of a mile long and 100 yards wide. The tornado strengthened as it|moved toward Powell's Cove Park, where at least 50 trees where |downed in a narrow, convergent pattern highly indicative of a|tornado. The tornado briefly moved along the southernmost |shoreline of Powell's Cove, and then dissipated over the far |eastern end of the park just before reaching 138th Place."
781375,E20180802-130519,130519,thunderstorm,Thunderstorm Wind,QN,2018-08-02 21:23:00,2018-08-02 21:25:00,0,ok,0,ok,2000,ok,61.00,EG,,,NWS Storm Survey,40.7888,-73.8311,,"Straight line wind damage occurred from near the southeast corner of Powell's Cove Park, northeastward to the Francis Lewis Park near the Whitestone Bridge."
779610,E20180811-130194,130194,flash-flooding,Flash Flood,QN,2018-08-11 08:30:00,2018-08-11 09:00:00,0,ok,0,ok,0,ok,,,Heavy Rain,,Fire Department/Rescue,40.6406,-73.7427,,"Flooding resulted in a water rescue at the intersection of Rockaway Boulevard and Brookville Boulevard in Rosedale, Queens."
779619,E20180811-130194,130194,flash-flooding,Flash Flood,QN,2018-08-11 09:41:00,2018-08-11 10:11:00,0,ok,0,ok,0,ok,,,Heavy Rain,,Law Enforcement,40.772,-73.8291,,"Basements flooded due to heavy rain on 28th Road in Flushing, Queens."
781551,E20180807-130561,130561,thunderstorm,Lightning,QN,2018-08-07 18:25:00,2018-08-07 18:25:00,0,ok,1,ok,0,ok,,,,,Emergency Manager,40.71,-73.79,,Person struck by lightning near the corner of 155 St and Baisley Blvd.
781553,E20180807-130561,130561,thunderstorm,Lightning,QN,2018-08-07 18:35:00,2018-08-07 18:35:00,0,ok,2,ok,0,ok,,,,,Emergency Manager,40.75,-73.84,,Two people struck by lightning while on a soccer field at Flushing Meadows Corona Park.
756761,E20180515-124185,124185,thunderstorm,Thunderstorm Wind,MN,2018-05-15 16:21:00,2018-05-15 16:21:00,0,ok,0,ok,,missing,70.00,EG,,,Amateur Radio,40.78,-73.97,,Scaffold Collapse and Flying Debris (Corrugated metal panels) from building under construction on 133rd Street and Broadway.  Several injuries reported.
756769,E20180515-124185,124185,thunderstorm,Thunderstorm Wind,QN,2018-05-15 16:27:00,2018-05-15 16:27:00,0,ok,0,ok,15000,ok,61.00,EG,,,Social Media,40.79,-73.82,,Tree down on a house on 146th Street and 15th Avenue.|Large tree branch down on car at 146th Street and 13th Avenue.  Wires also down.
756760,E20180515-124185,124185,thunderstorm,Thunderstorm Wind,MN,2018-05-15 16:20:00,2018-05-15 16:20:00,0,ok,0,ok,4000,ok,61.00,EG,,,Amateur Radio,40.78,-73.97,,Trees down along the Hudson River Drive at 158th Street.  Boat basin area lanes blocked.
756763,E20180515-124185,124185,thunderstorm,Thunderstorm Wind,MN,2018-05-15 16:25:00,2018-05-15 16:25:00,0,ok,0,ok,1000,ok,52.00,EG,,,Social Media,40.79,-73.98,,A tree down.
756765,E20180515-124185,124185,thunderstorm,Thunderstorm Wind,MN,2018-05-15 16:25:00,2018-05-15 16:25:00,0,ok,0,ok,1000,ok,52.00,EG,,,Broadcast Media,40.8,-73.96,,Large tree limb down.
756777,E20180515-124185,124185,thunderstorm,Thunderstorm Wind,QN,2018-05-15 16:25:00,2018-05-15 16:25:00,0,ok,0,ok,1000,ok,52.00,EG,,,Public,40.78,-73.91,,"At 24th Avenue and 23rd Street, a tree down."
756778,E20180515-124185,124185,thunderstorm,Thunderstorm Wind,BK,2018-05-15 16:35:00,2018-05-15 16:35:00,0,ok,0,ok,5000,ok,52.00,EG,,,Broadcast Media,40.67,-73.99,,A tree on car on Saint John's Place in Park Slope.
756766,E20180515-124185,124185,thunderstorm,Thunderstorm Wind,QN,2018-05-15 16:25:00,2018-05-15 16:25:00,0,ok,0,ok,10000,ok,61.00,EG,,,Social Media,40.73,-73.82,,Multiple Trees down on cars on 70th Avenue between Main Street and 147th Street.
756770,E20180515-124185,124185,thunderstorm,Thunderstorm Wind,QN,2018-05-15 16:29:00,2018-05-15 16:29:00,0,ok,0,ok,1000,ok,52.00,EG,,,Social Media,40.78,-73.92,,A large tree limb down on 24th Avenue between 21st and 23rd streets.
756772,E20180515-124185,124185,thunderstorm,Thunderstorm Wind,QN,2018-05-15 16:31:00,2018-05-15 16:31:00,0,ok,0,ok,3000,ok,52.00,EG,,,Trained Spotter,40.76,-73.89,,Several limbs down on 77th Street between 31st and 32nd Avenue in Jackson Heights.
756774,E20180515-124185,124185,thunderstorm,Thunderstorm Wind,BK,2018-05-15 16:33:00,2018-05-15 16:33:00,0,ok,0,ok,5000,ok,52.00,EG,,,Social Media,40.68,-73.97,,Tree down on parked cars on Lincoln Place between 7th Avenue and 8th Avenue in Park Slope.
794876,E20181221-132849,132849,high-winds,Strong Wind,QN,2018-12-21 03:00:00,2018-12-21 06:00:00,0,ok,0,ok,10000,ok,44.00,MG,,,Mesonet,,,,A mesonet station in Jackson Heights reported a wind gust up to 51 mph at 426 am. Sustained winds were in the mid 30 mph range around that time per nearby mesonet stations.
793061,E20181221-132540,132540,flash-flooding,Flash Flood,QN,2018-12-21 09:30:00,2018-12-21 09:35:00,0,ok,0,ok,0,ok,,,Heavy Rain,,Emergency Manager,40.7634,-73.7594,,"The southbound lanes of the Cross Island Parkway were closed due to flooding at the exit for Northern Boulevard in Bayside, Queens."
793817,E20181115-132666,132666,winter-storm,Winter Storm,BX,2018-11-15 14:00:00,2018-11-15 21:00:00,0,ok,0,ok,0,ok,,,,,CoCoRaHS,,,,CoCoRaHS and the public reported 6 to 7 inches of snow. There were numerous accidents across roads and highways in the Bronx with many motorists stranded for hours. Snowfall rates at nearby La Guardia airport were around 1 inch per hour at times.
793825,E20181115-132666,132666,winter-storm,Winter Storm,BK,2018-11-15 13:30:00,2018-11-15 20:00:00,0,ok,0,ok,0,ok,,,,,Trained Spotter,,,,"Trained spotters, New York City OEM CERT, and the Broadcast Media reported 4 to 6 inches of snow. Impacts were widely felt across Brooklyn with major disruption to the evening commute and many trees and limbs down due to the weight of the heavy wet snow. Nearby Kennedy airport reported 1 inch per hour snowfall rates at times during the evening commute."
793826,E20181115-132666,132666,winter-storm,Winter Storm,QN,2018-11-15 14:00:00,2018-11-15 21:00:00,0,ok,0,ok,0,ok,,,,,Official NWS Observations,,,,The FAA Contract Observer at La Guardia Airport reported 4.7 inches of snow. Trained spotters and the public reported 4 to 6 inches of snow. Impacts were widely felt across Northern Queens with major disruption to the evening commute and many trees and limbs down due to the weight of the heavy wet snow. Snowfall rates at nearby La Guardia airport were around 1 inch per hour at times during the evening commute.
793827,E20181115-132666,132666,winter-storm,Winter Storm,QN,2018-11-15 13:30:00,2018-11-15 20:00:00,0,ok,0,ok,0,ok,,,,,Official NWS Observations,,,,"The FAA contract observer at Kennedy Airport reported 4.8 inches of snow. Trained spotters, NYC OEM CERT, CoCoRaHS, and Amateur Radio reported 3 to 5 inches of snow. Trained spotters, New York City OEM CERT, and the Broadcast Media reported 4 to 6 inches of snow. Impacts were widely felt across southern Queens with major disruption to the evening commute and many trees and limbs down due to the weight of the heavy wet snow. Kennedy airport reported 1 inch per hour snowfall rates at times during the evening commute."
793828,E20181115-132666,132666,winter-storm,Winter Storm,SI,2018-11-15 13:30:00,2018-11-15 20:00:00,0,ok,0,ok,0,ok,,,,,Public,,,,The public reported 4 inches of snow in Dongan Hills. Impacts were widely felt across Staten Island with major disruption to the evening commute and many trees and limbs down due to the weight of the heavy wet snow. Nearby Kennedy airport reported 1 inch per hour snowfall rates at times during the evening commute.
793830,E20181115-132666,132666,winter-storm,Winter Storm,MN,2018-11-15 13:30:00,2018-11-15 20:00:00,0,ok,0,ok,0,ok,,,,,Official NWS Observations,,,,The Official NWS Observation at Central Park reported 6.4 inches of snow. NYC OEM CERT and CoCoRaHS reported 4 to 6 inches of snow. Impacts were widely felt across Manhattan with major disruption to the evening commute and about 100 trees were downed due to the weight of the heavy wet snow. Nearby Kennedy and La Guardia airports reported 1 inch per hour snowfall rates at times during the evening commute.
803548,E20190110-134175,134175,high-winds,Strong Wind,QN,2019-01-10 10:00:00,2019-01-10 13:00:00,0,ok,0,ok,10000,ok,44.00,MG,,,ASOS,,,,The ASOS at LaGuardia Airport measured a 51 mph wind gust at 1131 am.
803593,E20190124-134181,134181,high-winds,Strong Wind,QN,2019-01-24 10:00:00,2019-01-24 13:00:00,0,ok,0,ok,10000,ok,32.00,MS,,,ASOS,,,,The ASOS at JFK International Airport measured a 37 mph sustained wind at 1155 am.
803600,E20190124-134181,134181,high-winds,Strong Wind,SI,2019-01-24 14:00:00,2019-01-24 17:00:00,0,ok,0,ok,10000,ok,30.00,MS,,,Mesonet,,,,A mesonet station near Bayonne measured a 35 mph sustained wind at 354 pm.
803608,E20190124-134181,134181,high-winds,Strong Wind,BK,2019-01-24 10:00:00,2019-01-24 12:00:00,0,ok,0,ok,10000,ok,30.00,MS,,,Mesonet,,,,A mesonet station near Bay Ridge measured a 34 mph sustained wind at 1054 am.
803008,E20190120-134111,134111,coastal-flooding,Coastal Flood,QN,2019-01-20 07:00:00,2019-01-20 08:00:00,0,ok,0,ok,0,ok,,,,,Official NWS Observations,,,,The moderate coastal flood threshold of 8.2 ft MLLW was touched at the USGS tidal gauge at Jamaica Bay from 2019-01-20 07:12 EST to 2019-01-20 07:36 EST.
803551,E20190121-134176,134176,high-winds,Strong Wind,QN,2019-01-21 20:00:00,2019-01-21 23:00:00,0,ok,0,ok,10000,ok,45.00,MG,,,ASOS,,,,The ASOS at JFK International Airport measured a 52 mph wind gust around 923 pm.
803557,E20190121-134176,134176,high-winds,Strong Wind,BK,2019-01-21 15:00:00,2019-01-21 18:00:00,0,ok,0,ok,10000,ok,43.00,MG,,,Mesonet,,,,The New York State Mesonet station in Flatbush measured a 50 mph wind gust at 445 pm.
803621,E20190130-134191,134191,high-winds,High Wind,QN,2019-01-30 14:00:00,2019-01-30 17:00:00,0,ok,0,ok,50000,ok,36.00,MS,,,ASOS,,,,The ASOS at JFK International Airport measured a sustained wind of 41 mph at 354 pm. A gust up to 52 mph was measured at the same time.
803633,E20190130-134193,134193,high-winds,Strong Wind,BK,2019-01-30 18:00:00,2019-01-30 20:00:00,0,ok,0,ok,10000,ok,34.00,MS,,,Mesonet,,,,"A mesonet station in Bay Ridge measured a sustained wind of 39 mph at 635 pm, and another station 1 mile to the east, northeast of Bay Ridge measured a 39 mph sustained wind at 628 pm."
803634,E20190130-134193,134193,high-winds,Strong Wind,QN,2019-01-30 15:00:00,2019-01-30 19:00:00,0,ok,0,ok,50000,ok,47.00,MG,,,ASOS,,,,"The ASOS at LaGuardia Airport measured a 54 mph gust at 355 pm, and a sustained wind of 39 mph at 6 pm."
803637,E20190130-134193,134193,high-winds,Strong Wind,SI,2019-01-30 16:00:00,2019-01-30 19:00:00,0,ok,0,ok,10000,ok,30.00,MS,,,Mesonet,,,,A mesonet station 1 mile south of Bayonne measured a 34 mph sustained wind at 514 pm.
803825,E20190130-134230,134230,winter-storm,Winter Weather,BX,2019-01-30 15:00:00,2019-01-30 16:30:00,0,ok,0,ok,0,ok,,,,,Official NWS Observations,,,,"Snow squalls quickly moved through bringing whiteout conditions, strong winds, and dangerous driving conditions. The nearby FAA Contract Observer at LaGuardia airport measured 0.2 inches of snow."
803827,E20190130-134230,134230,winter-storm,Winter Weather,QN,2019-01-30 15:00:00,2019-01-30 16:30:00,0,ok,0,ok,0,ok,,,,,Official NWS Observations,,,,"Snow squalls quickly moved through bringing whiteout conditions, strong winds, and dangerous driving conditions. The FAA Contract Observer at LaGuardia airport measured 0.2 inches of snow."
803828,E20190130-134230,134230,winter-storm,Winter Weather,QN,2019-01-30 15:00:00,2019-01-30 16:30:00,0,ok,0,ok,0,ok,,,,,Official NWS Observations,,,,"Snow squalls quickly moved through bringing whiteout conditions, strong winds, and dangerous driving conditions. The FAA Contract Observer at Kennedy International airport measured 0.2 inches of snow."
803829,E20190130-134230,134230,winter-storm,Winter Weather,BK,2019-01-30 15:00:00,2019-01-30 16:30:00,0,ok,0,ok,0,ok,,,,,Official NWS Observations,,,,"Snow squalls quickly moved through bringing whiteout conditions, strong winds, and dangerous driving conditions. The FAA Contract Observer at nearby Kennedy International airport measured 0.2 inches of snow."
803831,E20190130-134230,134230,winter-storm,Winter Weather,SI,2019-01-30 15:00:00,2019-01-30 16:30:00,0,ok,0,ok,0,ok,,,,,Official NWS Observations,,,,"Snow squalls quickly moved through bringing whiteout conditions, strong winds, and dangerous driving conditions. The FAA Contract Observer at nearby Kennedy International airport measured 0.2 inches of snow."
803832,E20190130-134230,134230,winter-storm,Winter Weather,MN,2019-01-30 15:00:00,2019-01-30 16:30:00,0,ok,0,ok,0,ok,,,,,Official NWS Observations,,,,"Snow squalls quickly moved through bringing whiteout conditions, strong winds, and dangerous driving conditions. The Official NWS snowfall observation at Central Park measured 0.4 inches of snow."
861835,E20191016-143622,143622,high-winds,Strong Wind,QN,2019-10-16 23:00:00,2019-10-17 01:00:00,0,ok,0,ok,50000,ok,48.00,MG,,,ASOS,,,,A 55 mph gust was measured at La Guardia Airport at 1132 pm on the 16th.
861837,E20191016-143622,143622,high-winds,Strong Wind,SI,2019-10-16 22:00:00,2019-10-17 00:00:00,0,ok,0,ok,50000,ok,48.00,MG,,,Buoy,,,,A nearby buoy 2 miles southeast of Elizabeth measured a 55 mph wind gust at 1042 pm.
809860,E20190225-135116,135116,high-winds,Strong Wind,MN,2019-02-25 00:00:00,2019-02-25 02:00:00,0,ok,0,ok,10000,ok,47.00,MG,,,Mesonet,,,,A wind gust of 54 mph was measured at the NY State Mesonet station in midtown Manhattan at midnight.
815295,E20190302-135751,135751,winter-storm,Winter Weather,BX,2019-03-02 01:00:00,2019-03-02 09:00:00,0,ok,0,ok,0,ok,,,,,Public,,,,The public reported 4 to 5 inches of snow.
815296,E20190302-135751,135751,winter-storm,Winter Weather,BK,2019-03-02 01:00:00,2019-03-02 09:00:00,0,ok,0,ok,0,ok,,,,,Trained Spotter,,,,Trained spotters and Social Media reported 3 to 5 inches of snow.
815299,E20190302-135751,135751,winter-storm,Winter Weather,MN,2019-03-02 01:00:00,2019-03-02 09:00:00,0,ok,0,ok,0,ok,,,,,Official NWS Observations,,,,"The official NWS observation at Central Park, NY reported 4 inches of snow."
808187,E20190415-134835,134835,thunderstorm,Thunderstorm Wind,BK,2019-04-15 03:44:00,2019-04-15 03:44:00,0,ok,0,ok,10000,ok,52.00,EG,,,Emergency Manager,40.65,-73.95,,Downed and damaged trees reported in parks across the borough...time estimated by radar.
808188,E20190415-134835,134835,thunderstorm,Thunderstorm Wind,QN,2019-04-15 03:51:00,2019-04-15 03:51:00,0,ok,0,ok,15000,ok,52.00,EG,,,Emergency Manager,40.75,-73.78,,Downed and damaged trees reported in parks across the borough...time estimated by radar.
808186,E20190415-134835,134835,thunderstorm,Thunderstorm Wind,SI,2019-04-15 03:31:00,2019-04-15 03:31:00,0,ok,0,ok,15000,ok,52.00,EG,,,Emergency Manager,40.59,-74.14,,Downed and damaged trees reported in parks across the borough...time estimated by radar.
814524,E20190303-135657,135657,winter-storm,Winter Weather,BX,2019-03-03 17:00:00,2019-03-04 05:00:00,0,ok,0,ok,0,ok,,,,,Public,,,,The public reported 2 to 3 inches of snow.
815302,E20190302-135751,135751,winter-storm,Winter Weather,QN,2019-03-02 01:00:00,2019-03-02 09:00:00,0,ok,0,ok,0,ok,,,,,Official NWS Observations,,,,The official NWS observation at LaGuardia Airport reported 3.8 inches of snow. Trained spotters and the public reported 3 to 5 inches of snow.
815303,E20190302-135751,135751,winter-storm,Winter Weather,QN,2019-03-02 01:00:00,2019-03-02 09:00:00,0,ok,0,ok,0,ok,,,,,Trained Spotter,,,,The official NWS observation at Kennedy Airport reported 3.2 inches of snow. Trained spotters and the public reported 3 to 4 inches of snow.
815304,E20190302-135751,135751,winter-storm,Winter Weather,SI,2019-03-02 01:00:00,2019-03-02 09:00:00,0,ok,0,ok,0,ok,,,,,Trained Spotter,,,,Trained spotters reported 3 to 5 inches of snow.
814525,E20190303-135657,135657,winter-storm,Winter Weather,QN,2019-03-03 17:00:00,2019-03-04 05:00:00,0,ok,0,ok,0,ok,,,,,Official NWS Observations,,,,The official NWS observation at LaGuardia Airport reported 4.8 inches of snow. CoCoRaHS and the public reported 3 to 5 inches of snow.
814526,E20190303-135657,135657,winter-storm,Winter Weather,QN,2019-03-03 17:00:00,2019-03-04 05:00:00,0,ok,0,ok,0,ok,,,,,Official NWS Observations,,,,The official NWS observation at JFK Airport reported 2.2 inches of snow. Trained spotters and CoCoRaHS reported 2 to 3 inches of snow.
814527,E20190303-135657,135657,winter-storm,Winter Weather,SI,2019-03-03 17:00:00,2019-03-04 04:00:00,0,ok,0,ok,0,ok,,,,,CoCoRaHS,,,,A CoCoRaHS observer 1 ENE of Annadale reported 3.0 inches of snow.
814528,E20190303-135657,135657,winter-storm,Winter Weather,BK,2019-03-03 17:00:00,2019-03-04 05:00:00,0,ok,0,ok,0,ok,,,,,Trained Spotter,,,,Trained spotters reported 2 to 3 inches of snow.
814529,E20190303-135657,135657,winter-storm,Winter Weather,MN,2019-03-03 17:00:00,2019-03-04 04:00:00,0,ok,0,ok,0,ok,,,,,Official NWS Observations,,,,The official NWS observation at Central Park reported 5.0 inches of snow.
817080,E20190526-136161,136161,thunderstorm,Thunderstorm Wind,BX,2019-05-26 16:51:00,2019-05-26 16:51:00,0,ok,0,ok,5000,ok,52.00,EG,,,Social Media,40.8619,-73.9122,,Tree down on car in southbound lane of the Major Deegan Expressway near Fordham Road.
817315,E20190528-136195,136195,hail,Hail,SI,2019-05-28 21:02:00,2019-05-28 21:02:00,0,ok,0,ok,0,ok,1.75,,,,Social Media,40.61,-74.16,,Hail of 1.75 inches in diameter reported. Time estimated by radar.
817320,E20190528-136195,136195,hail,Hail,SI,2019-05-28 21:04:00,2019-05-28 21:04:00,0,ok,0,ok,0,ok,1.25,,,,Trained Spotter,40.6184,-74.1552,,Hail of 1.25 inches in diameter reported.
817322,E20190528-136195,136195,hail,Hail,SI,2019-05-28 21:00:00,2019-05-28 21:00:00,0,ok,0,ok,0,ok,0.88,,,,Amateur Radio,40.6206,-74.134,,Hail of 0.88 inches in diameter reported on Willard Avenue.
817075,E20190526-136161,136161,thunderstorm,Thunderstorm Wind,SI,2019-05-26 16:30:00,2019-05-26 16:30:00,0,ok,0,ok,5000,ok,52.00,EG,,,Broadcast Media,40.55,-74.16,,A tree down completely crushing a car on Drumgoole Road.
821349,E20190529-136892,136892,inland-flooding,Flood,QN,2019-05-29 18:31:00,2019-05-29 19:01:00,0,ok,0,ok,0,ok,,,Heavy Rain,,Emergency Manager,40.7871,-73.7918,,The southbound lanes of the Cross Island Parkway were closed at the Throgs Neck Bridge due to flooding.
809685,E20190225-135091,135091,high-winds,High Wind,QN,2019-02-25 08:00:00,2019-02-25 10:00:00,0,ok,0,ok,50000,ok,50.00,MG,,,ASOS,,,,"At 831 am, a 58 mph wind gust was reported at LaGuardia Airport. Around 831 am, a sustained wind of 43 mph was measured at LaGuardia Airport."
809695,E20190225-135091,135091,high-winds,High Wind,BK,2019-02-25 01:00:00,2019-02-25 16:00:00,0,ok,0,ok,50000,ok,40.00,MS,,,Mesonet,,,,"A mesonet station in Bay Ridge reported a 46 mph sustained wind at 240 am. Another mesonet station 1 mile east/northeast of Bay Ridge measured a 39 mph sustained wind at 324 pm. In Flatbush, another mesonet station measured a 38 mph sustained wind at 924 am."
809696,E20190225-135091,135091,high-winds,High Wind,QN,2019-02-25 02:00:00,2019-02-25 04:00:00,0,ok,0,ok,50000,ok,38.00,MS,,,ASOS,,,,The ASOS at JFK International Airport measured a 44 mph sustained wind around 305 am.
809698,E20190225-135091,135091,high-winds,High Wind,SI,2019-02-25 11:00:00,2019-02-25 13:00:00,0,ok,0,ok,10000,ok,35.00,MS,,,Mesonet,,,,A mesonet station 1 mile south of Bayonne measured a 40 mph sustained wind at 1140 am.
817744,E20190602-136254,136254,hail,Hail,BK,2019-06-02 16:55:00,2019-06-02 16:55:00,0,ok,0,ok,0,ok,1.00,,,,Social Media,40.66,-73.92,,One inch hail reported.
825203,E20190629-137418,137418,thunderstorm,Thunderstorm Wind,SI,2019-06-29 16:18:00,2019-06-29 16:18:00,0,ok,0,ok,3000,ok,52.00,EG,,,Social Media,40.55,-74.15,,Trees down on power lines around Grand Plaza with time estimated by radar.
825204,E20190629-137418,137418,thunderstorm,Thunderstorm Wind,SI,2019-06-29 16:19:00,2019-06-29 16:19:00,0,ok,0,ok,10000,ok,52.00,EG,,,Newspaper,40.5776,-74.163,,Tree fell on a house on Windham Loop.
825205,E20190629-137418,137418,thunderstorm,Thunderstorm Wind,SI,2019-06-29 16:20:00,2019-06-29 16:20:00,0,ok,0,ok,4000,ok,61.00,EG,,,Newspaper,40.6207,-74.1356,,A large tree was brought down and blocking Maine Avenue.
825393,E20190629-137440,137440,thunderstorm,Marine Thunderstorm Wind,HARBOR,2019-06-29 16:25:00,2019-06-29 16:25:00,0,ok,0,ok,0,ok,50.00,MG,,,Mesonet,40.6725,-74.092,,A marine thunderstorm wind gust of 50 knots was reported.
825252,E20190629-137418,137418,thunderstorm,Thunderstorm Wind,BK,2019-06-29 16:40:00,2019-06-29 16:40:00,0,ok,0,ok,10000,ok,61.00,EG,,,Social Media,40.6363,-73.9742,,A large tree down on a home on East 5th Street.
825253,E20190629-137418,137418,thunderstorm,Thunderstorm Wind,BK,2019-06-29 16:42:00,2019-06-29 16:42:00,0,ok,0,ok,1000,ok,52.00,EG,,,Social Media,40.5846,-73.965,,Large branch down on Shore Parkway at Coney Island Hospital with time estimated by radar.
825254,E20190629-137418,137418,thunderstorm,Thunderstorm Wind,BK,2019-06-29 16:42:00,2019-06-29 16:42:00,0,ok,0,ok,0,ok,61.00,EG,,,Social Media,40.6483,-73.9738,,A large tree down on Kermit Place blocking the road.
825356,E20190629-137418,137418,hail,Hail,MN,2019-06-29 16:10:00,2019-06-29 16:10:00,0,ok,0,ok,0,ok,0.75,,,,Social Media,40.7427,-73.9836,,Hail size of 0.75 inches was reported in Rose Hill section of Manhattan.
825257,E20190629-137418,137418,thunderstorm,Thunderstorm Wind,SI,2019-06-29 16:25:00,2019-06-29 16:25:00,0,ok,0,ok,5000,ok,52.00,EG,,,Newspaper,40.6132,-74.1397,,A tree fell onto a car at Caswell Avenue and Livermore Avenue.  The road is also blocked by the downed tree.
847286,E20190717-141019,141019,flash-flooding,Flash Flood,QN,2019-07-17 20:09:00,2019-07-17 20:39:00,0,ok,0,ok,0,ok,,,Heavy Rain,,Law Enforcement,40.7695,-73.8312,,"Police responded to a vehicle stuck in high water due to flooding at the intersection of 137th Street and 31st Road in Flushing, Queens. The intersection is closed."
848631,E20190731-141296,141296,flash-flooding,Flash Flood,SI,2019-07-31 15:15:00,2019-07-31 15:56:00,0,ok,0,ok,0,ok,,,Heavy Rain,,Social Media,40.6366,-74.1575,,"A video shows a flooded MTA bus with water up to the floorboards of other vehicles near the intersection of Richmond Terrace and Union Avenue in Mariners Harbor, Staten Island."
848634,E20190731-141296,141296,flash-flooding,Flash Flood,SI,2019-07-31 15:26:00,2019-07-31 15:56:00,0,ok,0,ok,0,ok,,,Heavy Rain,,Public,40.6201,-74.1686,,Street flooding with water up to car floorboards was reported in the Bulls Head section of Staten Island.
848598,E20190722-141282,141282,flash-flooding,Flash Flood,QN,2019-07-22 18:09:00,2019-07-22 19:45:00,0,ok,0,ok,0,ok,,,Heavy Rain,,Trained Spotter,40.7365,-73.8782,,"Water was being pumped from a basement near the intersection of Grand Avenue and Queens Boulevard in Elmhurst, Queens."
848604,E20190722-141282,141282,flash-flooding,Flash Flood,QN,2019-07-22 18:33:00,2019-07-22 19:45:00,0,ok,0,ok,0,ok,,,Heavy Rain,,Social Media,40.6596,-73.8378,,"In Howard Beach, 95th Street was closed due to flooding between 159th Avenue and 160th Avenue."
851757,E20190721-141883,141883,extreme-heat,Excessive Heat,QN,2019-07-21 10:00:00,2019-07-21 18:00:00,0,ok,0,ok,,missing,,,,,ASOS,,,,The KLGA ASOS recorded a heat index between 105 and 110 at 1000 hours and from 1500 to 1800 hours.
851758,E20190721-141883,141883,extreme-heat,Excessive Heat,QN,2019-07-21 10:00:00,2019-07-21 19:00:00,0,ok,0,ok,,missing,,,,,ASOS,,,,The KJFK ASOS recorded a heat index between 105 and 115 from 1000 to 1900 hours.
863986,E20191016-143937,143937,coastal-flooding,Coastal Flood,QN,2019-10-16 21:00:00,2019-10-16 22:00:00,0,ok,0,ok,0,ok,,,,,River/Stream Gage,,,,The moderate coastal flood threshold of 8.2 ft MLLW was touched at the USGS tidal gauge at Jamaica Bay at 2019-10-16 21:42 EST.
848605,E20190722-141282,141282,flash-flooding,Flash Flood,QN,2019-07-22 18:45:00,2019-07-22 19:45:00,0,ok,0,ok,0,ok,,,Heavy Rain,,Social Media,40.7399,-73.7876,,"I-495 was closed in both directions due to flooding at 188th Street in Fresh Meadows, Queens. The water was within a few inches of the top of the jersey barrier separating the east and westbound lanes."
848606,E20190722-141282,141282,flash-flooding,Flash Flood,QN,2019-07-22 19:18:00,2019-07-22 19:45:00,0,ok,0,ok,0,ok,,,Heavy Rain,,Emergency Manager,40.7578,-73.7762,,The Clearview Expressway in Bayside was closed northbound at Northern Boulevard due to flooding.
863987,E20191016-143937,143937,coastal-flooding,Coastal Flood,BK,2019-10-16 21:00:00,2019-10-16 22:00:00,0,ok,0,ok,0,ok,,,,,River/Stream Gage,,,,The moderate coastal flood threshold of 8.2 ft MLLW was touched at the nearby USGS tidal gauge at Jamaica Bay at 2019-10-16 21:42 EST.
863998,E20191027-143942,143942,coastal-flooding,Coastal Flood,QN,2019-10-27 07:00:00,2019-10-27 08:00:00,0,ok,0,ok,0,ok,,,,,River/Stream Gage,,,,The moderate coastal flood threshold of 8.2 ft MLLW was touched at the USGS tidal gauge at Jamaica Bay at 2019-10-27 07:12 EST.
863999,E20191027-143942,143942,coastal-flooding,Coastal Flood,BK,2019-10-27 07:00:00,2019-10-27 08:00:00,0,ok,0,ok,0,ok,,,,,River/Stream Gage,,,,The moderate coastal flood threshold of 8.2 ft MLLW was touched at the nearby USGS tidal gauge at Jamaica Bay at 2019-10-27 07:12 EST.
853370,E20190719-142137,142137,extreme-heat,Heat,QN,2019-07-19 17:00:00,2019-07-19 23:00:00,0,ok,0,ok,,missing,,,,,ASOS,,,,The KLGA ASOS recorded a heat index between 100 and 105 from 1700 to 2300 hours.
853371,E20190719-142137,142137,extreme-heat,Heat,MN,2019-07-19 17:00:00,2019-07-19 19:00:00,0,ok,0,ok,,missing,,,,,ASOS,,,,The KNYC ASOS recorded a heat index between 100 and 105 from 1700 to 1900 hours.
844364,E20190731-140447,140447,thunderstorm,Thunderstorm Wind,SI,2019-07-31 13:20:00,2019-07-31 13:20:00,0,ok,0,ok,15000,ok,61.00,EG,,,Park/Forest Service,40.6255,-74.1327,,Trees down on Avon Lane and Ordell Avenue with tree on Ordell Avenue on a house.
844370,E20190731-140449,140449,thunderstorm,Marine Thunderstorm Wind,HARBOR,2019-07-31 13:40:00,2019-07-31 13:40:00,0,ok,0,ok,0,ok,41.00,MG,,,Mesonet,40.6725,-74.092,,A marine thunderstorm wind gust of 41 knots was reported at Bayonne.
844376,E20190731-140449,140449,thunderstorm,Marine Thunderstorm Wind,HARBOR,2019-07-31 13:42:00,2019-07-31 13:42:00,0,ok,0,ok,0,ok,52.00,MG,,,Mesonet,40.6574,-74.0654,,A marine thunderstorm wind gust of 52 knots was reported by Robbins Reef NOS / COOPS station.
864001,E20191027-143942,143942,coastal-flooding,Coastal Flood,QN,2019-10-29 08:00:00,2019-10-29 09:00:00,0,ok,0,ok,0,ok,,,,,River/Stream Gage,,,,The moderate coastal flood threshold of 8.2 ft MLLW was touched at the USGS tidal gauge at Jamaica Bay from 2019-10-29 08:30 EST to 2019-10-29 08:42 EST.
864002,E20191027-143942,143942,coastal-flooding,Coastal Flood,BK,2019-10-29 08:00:00,2019-10-29 09:00:00,0,ok,0,ok,0,ok,,,,,River/Stream Gage,,,,The moderate coastal flood threshold of 8.2 ft MLLW was touched at the nearby USGS tidal gauge at Jamaica Bay from 2019-10-29 08:30 EST to 2019-10-29 08:42 EST.
847280,E20190717-141019,141019,flash-flooding,Flash Flood,QN,2019-07-17 19:30:00,2019-07-17 20:39:00,0,ok,0,ok,0,ok,,,Heavy Rain,,Broadcast Media,40.7466,-73.9457,,"Water was flowing onto the tracks at the Court Square subway station in Long Island City, Queens."
847281,E20190717-141019,141019,flash-flooding,Flash Flood,QN,2019-07-17 19:43:00,2019-07-17 20:39:00,0,ok,0,ok,0,ok,,,Heavy Rain,,Broadcast Media,40.78,-73.7749,,"Several cars were stranded by high water on Bell Boulevard in Bay Terrace, Queens."
848626,E20190723-141290,141290,flash-flooding,Flash Flood,QN,2019-07-23 07:47:00,2019-07-23 08:00:00,0,ok,0,ok,0,ok,,,Heavy Rain,,Social Media,40.6731,-73.7337,,"All eastbound lanes of the Belt Parkway were closed due to flooding between Merrick Boulevard and the Cross Island Parkway in Laurelton, Queens."
844722,E20190720-140507,140507,extreme-heat,Excessive Heat,QN,2019-07-20 10:00:00,2019-07-20 16:00:00,0,ok,0,ok,,missing,,,,,ASOS,,,,The KJFK ASOS recorded a heat index of 105 to 110 from 1000 to 1600 hours.
852171,E20190720-140507,140507,extreme-heat,Heat,QN,2019-07-20 12:00:00,2019-07-20 23:00:00,0,ok,0,ok,,missing,,,,,ASOS,,,,The KLGA ASOS recorded a heat index between 100 and 105 from 1200 to 2300 hours.
852172,E20190720-140507,140507,extreme-heat,Heat,MN,2019-07-20 12:00:00,2019-07-20 17:00:00,0,ok,0,ok,,missing,,,,,ASOS,,,,The KNYC ASOS recorded a heat index between 100 to 105 from 1200 to 1700 hours.
844350,E20190730-140446,140446,thunderstorm,Marine Thunderstorm Wind,HARBOR,2019-07-30 14:00:00,2019-07-30 14:00:00,0,ok,0,ok,0,ok,60.00,MG,,,Mesonet,40.6725,-74.092,,A marine thunderstorm wind gust of 60 knots was reported.
844351,E20190730-140446,140446,thunderstorm,Marine Thunderstorm Wind,HARBOR,2019-07-30 14:06:00,2019-07-30 14:06:00,0,ok,0,ok,0,ok,45.00,MG,,,Mesonet,40.6574,-74.0654,,A marine thunderstorm wind gust of 39 knots was reported at Robbins Reef NOS / COOPS station (elevation of 69 ft).
844352,E20190730-140446,140446,thunderstorm,Marine Thunderstorm Wind,HARBOR,2019-07-30 14:13:00,2019-07-30 14:13:00,0,ok,0,ok,0,ok,54.00,MG,,,Mesonet,40.702,-74.037,,A marine thunderstorm wind gust of 54 knots was reported at Battery Park City mesonet.
842444,E20190717-140028,140028,thunderstorm,Thunderstorm Wind,QN,2019-07-17 18:40:00,2019-07-17 18:40:00,0,ok,0,ok,1000,ok,52.00,EG,,,Trained Spotter,40.727,-73.8564,,Tree split in half on 66th Avenue and Saunders Street with time estimated by radar.
843289,E20190717-140028,140028,thunderstorm,Thunderstorm Wind,QN,2019-07-17 19:09:00,2019-07-17 19:09:00,0,ok,0,ok,4000,ok,61.00,EG,,,Social Media,40.7656,-73.9137,,Large tree down on Steinway Street.
843293,E20190717-140028,140028,thunderstorm,Thunderstorm Wind,MN,2019-07-17 19:09:00,2019-07-17 19:09:00,0,ok,1,ok,6000,ok,52.00,EG,,,Broadcast Media,40.7598,-73.988,,A tree limb fell on a car on West 46th Street at 8th Avenue. One person was taken to the hospital with injuries.
843488,E20190721-140242,140242,thunderstorm,Marine Thunderstorm Wind,HARBOR,2019-07-21 21:40:00,2019-07-21 21:40:00,0,ok,0,ok,0,ok,43.00,MG,,,Mesonet,40.5013,-74.2837,,A marine thunderstorm wind gust of 43 knots was reported.
843489,E20190721-140242,140242,thunderstorm,Marine Thunderstorm Wind,HARBOR,2019-07-21 22:00:00,2019-07-21 22:00:00,0,ok,0,ok,0,ok,41.00,MG,,,Mesonet,40.467,-74.009,,A marine thunderstorm wind gust of 41 knots was reported at NOS Sandy Hook station.
855255,E20190807-142488,142488,flash-flooding,Flash Flood,SI,2019-08-07 16:40:00,2019-08-07 17:10:00,0,ok,0,ok,0,ok,,,Heavy Rain,,Fire Department/Rescue,40.553,-74.1417,,A car was stranded in high water near Amboy Road in the Bay Terrace section of Staten Island.
844816,E20190807-140553,140553,thunderstorm,Thunderstorm Wind,BK,2019-08-07 16:22:00,2019-08-07 16:22:00,0,ok,0,ok,4000,ok,61.00,EG,,,Fire Department/Rescue,40.67,-73.94,,A large tree reported down.
844903,E20190807-140553,140553,thunderstorm,Lightning,BK,2019-08-07 16:20:00,2019-08-07 16:20:00,0,ok,0,ok,10000,ok,,,,,Broadcast Media,40.6204,-73.926,,Fire in the attic of a two-story house after being struck by lightning on East 51st Street.
844953,E20190808-140570,140570,thunderstorm,Thunderstorm Wind,QN,2019-08-08 18:55:00,2019-08-08 18:55:00,0,ok,0,ok,1000,ok,52.00,EG,,,Trained Spotter,40.7328,-73.8709,,Outflow winds from a thunderstorm resulted in a downed tree at Hoffman Drive and Woodhaven Boulevard.
844806,E20190807-140516,140516,thunderstorm,Marine Thunderstorm Wind,HARBOR,2019-08-07 13:40:00,2019-08-07 13:40:00,0,ok,0,ok,0,ok,36.00,MG,,,Mesonet,40.5013,-74.2837,,A marine thunderstorm wind gust of 36 knots was reported at Perth Amboy station (elevation of 34 ft. AGL).
848841,E20190821-141348,141348,thunderstorm,Marine Thunderstorm Wind,HARBOR,2019-08-21 16:48:00,2019-08-21 16:48:00,0,ok,0,ok,0,ok,37.00,MG,,,Mesonet,40.6574,-74.0654,,A marine thunderstorm wind gust of 37 knots was reported at Robbins Reef station.
848848,E20190821-141350,141350,thunderstorm,Thunderstorm Wind,BK,2019-08-21 16:50:00,2019-08-21 16:50:00,0,ok,0,ok,4000,ok,61.00,EG,,,Social Media,40.6532,-73.9561,,A large tree down on power lines on Bedford Avenue.
848852,E20190822-141354,141354,thunderstorm,Marine Thunderstorm Wind,HARBOR,2019-08-22 19:35:00,2019-08-22 19:35:00,0,ok,0,ok,0,ok,45.00,MG,,,Mesonet,40.6725,-74.092,,A marine thunderstorm wind gust of 45 knots was reported at Bayonne station.
848853,E20190822-141354,141354,thunderstorm,Marine Thunderstorm Wind,HARBOR,2019-08-22 19:39:00,2019-08-22 19:39:00,0,ok,0,ok,0,ok,50.00,MG,,,Mesonet,40.7012,-74.009,,A marine thunderstorm wind gust of 50 knots was reported.
848854,E20190822-141354,141354,thunderstorm,Marine Thunderstorm Wind,HARBOR,2019-08-22 19:42:00,2019-08-22 19:42:00,0,ok,0,ok,0,ok,46.00,MG,,,Mesonet,40.6574,-74.0654,,A marine thunderstorm wind gust of 46 knots was reported at Robbins Reef.
848856,E20190822-141356,141356,thunderstorm,Thunderstorm Wind,MN,2019-08-22 19:39:00,2019-08-22 19:39:00,0,ok,0,ok,0,ok,50.00,MG,,,Mesonet,40.72,-74.01,,A thunderstorm wind gust of 58 mph was reported at Battery Park.
855637,E20190904-142543,142543,thunderstorm,Thunderstorm Wind,BK,2019-09-04 15:10:00,2019-09-04 15:10:00,0,ok,0,ok,1000,ok,52.00,EG,,,Fire Department/Rescue,40.5982,-73.9749,,Large tree limb reported down on Van Sicklen Street south of Avenue T.
855638,E20190904-142543,142543,thunderstorm,Thunderstorm Wind,BK,2019-09-04 15:15:00,2019-09-04 15:15:00,0,ok,0,ok,2000,ok,52.00,EG,,,Fire Department/Rescue,40.5914,-73.9676,,Large tree limbs reported down on Van Sicklen Street north of Avenue X.
855639,E20190904-142543,142543,thunderstorm,Thunderstorm Wind,BK,2019-09-04 15:15:00,2019-09-04 15:15:00,0,ok,0,ok,6000,ok,52.00,EG,,,Social Media,40.5951,-73.9711,,Tree fell onto a car at Gravesend Neck Road and West Street.
855516,E20190902-142526,142526,thunderstorm,Thunderstorm Wind,SI,2019-09-02 13:46:00,2019-09-02 13:46:00,0,ok,0,ok,1000,ok,52.00,EG,,,Public,40.6286,-74.1368,,Tree down on Decker Avenue. Time estimated.
865331,E20191101-144149,144149,high-winds,Strong Wind,QN,2019-11-01 00:00:00,2019-11-01 08:00:00,0,ok,0,ok,50000,ok,47.00,MG,,,Amateur Radio,,,,"Around 737 am, amateur radio reported a downed light pole on Grand Central Parkway at exit 17. The ASOS at LaGuardia Airport measured a 54 mph wind gust earlier in the night, at 128 am."
865332,E20191101-144149,144149,high-winds,Strong Wind,QN,2019-11-01 00:00:00,2019-11-01 02:00:00,0,ok,0,ok,50000,ok,49.00,MG,,,ASOS,,,,The ASOS at JFK International Airport reported a 56 mph wind gust at 101 am.
865333,E20191101-144149,144149,high-winds,Strong Wind,BK,2019-11-01 00:00:00,2019-11-01 02:00:00,0,ok,0,ok,100000,ok,49.00,EG,,,Public,,,,The public reported down powerlines in Coney Island. These downed powerlines caught fire near 25th Avenue and the Belt Parkway around 1241 am.
865334,E20191101-144149,144149,high-winds,Strong Wind,SI,2019-11-01 00:00:00,2019-11-01 01:00:00,0,ok,0,ok,50000,ok,48.00,MG,,,Buoy,,,,A buoy 2 miles southeast of Elizabeth measured a 55 mph wind gust at 1248 am.
858496,E20191101-143112,143112,thunderstorm,Thunderstorm Wind,QN,2019-11-01 00:05:00,2019-11-01 00:05:00,0,ok,0,ok,1000,ok,60.00,EG,,,Public,40.7684,-73.9071,,Tree blown down near 43rd Street and Astoria Boulevard South. Time estimated by radar.
848556,E20190730-141272,141272,coastal-hazard,Rip Current,QN,2019-07-30 19:00:00,2019-07-31 00:00:00,1,ok,1,ok,0,ok,,,,,Newspaper,,,,"An 18-year-old man died in Rockaway Beach waters when he went for a swim after dark and no lifeguards were on duty. His body was discovered near a jetty, according to police.||First responders rushed to Beach 61st Street on Tuesday night July 30th after receiving 911 calls for two distressed swimmers shortly before 8 p.m. A 14-year-old was pulled from the water and transported to St. John���s Hospital in stable condition.|Rescuers spent hours searching for the 18 yr old swimmer in the water but were unable to locate him. Members of Engine 265 and Ladder 121 participated in the rescue."
851760,E20190721-141883,141883,extreme-heat,Excessive Heat,MN,2019-07-21 14:00:00,2019-07-21 16:00:00,0,ok,0,ok,,missing,,,,,ASOS,,,,The KNYC ASOS recorded a heat index between 105 and 110 from 1400 and 1600 hours.
848560,E20191001-141275,141275,coastal-hazard,Rip Current,QN,2019-10-01 15:00:00,2019-10-01 16:00:00,2,ok,1,ok,0,ok,,,,,Newspaper,,,,"An initial report of three missing teens came in at 3:32 p.m. on Tuesday. The boys were unaccounted for after wading into the water near Beach 96th Street and Shore Front Parkway in Queens around 3:30 p.m, police said. When rescue crews arrived, they found one of the teenagers, a 15-year-old boy, had been rescued by a good Samaritan, the police said. A witness said the rescuer was a surfer.||That boy told officers that his friends, one 15, the other 16, were still in the water. No lifeguards have been on duty there since the end of beach season in September.||The police, Fire Department divers and the Coast Guard began a rescue operation, with the latter sending crews from stations in Jones Beach and Sandy Hook. Police boats cruised slowly along the surf as the sun descended.  But by evening, the operation had shifted to recovery, with officers searching for swimmers presumed drowned."
861447,E20191016-143513,143513,high-winds,High Wind,QN,2019-10-16 23:00:00,2019-10-17 04:00:00,0,ok,0,ok,50000,ok,56.00,MG,,,Mesonet,,,,"The mesonet station at Breezy Point measured a 65 mph wind gust at 317 am on the 17th. Earlier, a 64 mph gust was measured at 1122 pm on the 16th."
823105,E20190415-137165,137165,high-winds,Strong Wind,MN,2019-04-15 16:00:00,2019-04-15 18:00:00,0,ok,0,ok,20000,ok,47.00,MG,,,Mesonet,,,,The NY State mesonet station in Manhattan measured a 54 mph wind gust at 520 pm.
823106,E20190415-137165,137165,high-winds,Strong Wind,SI,2019-04-15 16:00:00,2019-04-15 18:00:00,0,ok,0,ok,20000,ok,45.00,MG,,,Mesonet,,,,The NY State mesonet station in Richmond County measured a 52 mph wind gust at 445 pm.
823107,E20190415-137165,137165,high-winds,Strong Wind,QN,2019-04-15 14:00:00,2019-04-15 16:00:00,0,ok,0,ok,20000,ok,43.00,MG,,,Mesonet,,,,The NY State mesonet station located in Queens College measured a 50 mph wind gust at 305 pm.
873331,E20200207-145448,145448,high-winds,High Wind,QN,2020-02-07 12:00:00,2020-02-07 14:00:00,0,ok,0,ok,50000,ok,51.00,MG,,,ASOS,,,,"The ASOS at JFK International Airport measured a 59 mph wind gust at 110 pm, and a 49 mph sustained wind at 112 pm."
873339,E20200207-145456,145456,high-winds,Strong Wind,QN,2020-02-07 12:00:00,2020-02-07 14:00:00,0,ok,0,ok,10000,ok,45.00,MG,,,ASOS,,,,The ASOS at LaGuardia Airport measured a 52 mph wind gust at 105 pm.
870373,E20200227-144951,144951,high-winds,Strong Wind,QN,2020-02-27 10:00:00,2020-02-27 12:00:00,0,ok,0,ok,50000,ok,45.00,MG,,,ASOS,,,,The ASOS at JFK International Airport measured a 52 mph wind gust at 1102 am.
868548,E20200125-144648,144648,high-winds,Strong Wind,BK,2020-01-25 12:00:00,2020-01-25 14:00:00,0,ok,0,ok,50000,ok,47.00,MG,,,Mesonet,,,,A 54 mph gust was measured at Manhattan Beach in Kings County at 139 pm.
870713,E20200116-145002,145002,high-winds,Strong Wind,QN,2020-01-16 12:00:00,2020-01-16 16:00:00,0,ok,0,ok,50000,ok,45.00,MG,,,ASOS,,,,"The ASOS at LaGuardia Airport measured a 52 mph wind gust at 223 pm. Right around that time, a sustained wind of 39  mph was reported at LaGuardia. In Jackson Heights, a mesonet station measured a 50 mph wind gust at 1238 pm."
881294,E20200303-146629,146629,thunderstorm,Marine Thunderstorm Wind,HARBOR,2020-03-03 22:10:00,2020-03-03 22:10:00,0,ok,0,ok,0,ok,38.00,MG,,,Mesonet,40.66,-74.07,,A marine thunderstorm wind gust of 38 knot was reported with a station elevation of 69 feet.
881353,E20200409-146644,146644,thunderstorm,Thunderstorm Wind,SI,2020-04-09 12:54:00,2020-04-09 12:54:00,0,ok,0,ok,0,ok,53.00,MG,,,Mesonet,40.64,-74.16,,A thunderstorm wind gust was reported at Mariner's Harbor mesonet station.
881351,E20200409-146643,146643,thunderstorm,Marine Thunderstorm Wind,HARBOR,2020-04-09 12:54:00,2020-04-09 12:54:00,0,ok,0,ok,0,ok,51.00,MG,,,Mesonet,40.66,-74.07,,A marine thunderstorm wind gust of 51 knots was reported at Robbins Reef mesonet station.
881352,E20200409-146643,146643,thunderstorm,Marine Thunderstorm Wind,HARBOR,2020-04-09 12:59:00,2020-04-09 12:59:00,0,ok,0,ok,0,ok,45.00,MG,,,Mesonet,40.67,-74.09,,A marine thunderstorm wind gust of 45 knots was reported at Bayonne mesonet station.
880196,E20200413-146125,146125,high-winds,High Wind,MN,2020-04-13 09:00:00,2020-04-13 14:00:00,0,ok,0,ok,50000,ok,50.00,EG,,,Emergency Manager,,,,"Throughout the city, 565 trees were knocked down, and 268 tree limbs were downed due to the winds according to New York City Emergency Management."
880197,E20200413-146125,146125,high-winds,High Wind,SI,2020-04-13 12:00:00,2020-04-13 15:00:00,0,ok,0,ok,50000,ok,50.00,EG,,,Law Enforcement,,,,"Around 237 pm, law enforcement reported a tree down blocking Barrett Avenue and Decker Avenue in Port Richmond. Throughout the city, 565 trees were knocked down, and 268 tree limbs were downed due to the winds according to New York City Emergency Management."
880198,E20200413-146125,146125,high-winds,High Wind,QN,2020-04-13 12:00:00,2020-04-13 15:00:00,0,ok,0,ok,50000,ok,37.00,MS,,,ASOS,,,,"At 214 pm, The ASOS at JFK International Airport measured a 43 mph sustained wind. Throughout the city, 565 trees were knocked down, and 268 tree limbs were downed due to the winds according to New York City Emergency Management."
881479,E20200421-146657,146657,thunderstorm,Thunderstorm Wind,BX,2020-04-21 13:35:00,2020-04-21 13:35:00,0,ok,0,ok,0,ok,62.00,MG,,,Mesonet,40.87,-73.89,,A thunderstorm wind gust of 71 mph was reported at Fordham mesonet station.
880259,E20200430-146486,146486,high-winds,Strong Wind,QN,2020-04-30 12:00:00,2020-04-30 16:00:00,0,ok,0,ok,10000,ok,45.00,MG,,,ASOS,,,,"The ASOS at LaGuardia Airport measured a 52 mph wind gust at 337 pm. Around 1240 pm, a 51 mph wind gust was measured by a New York mesonet station in Kew Garden Hills."
880194,E20200413-146125,146125,high-winds,High Wind,BX,2020-04-13 11:00:00,2020-04-13 14:00:00,0,ok,0,ok,50000,ok,50.00,EG,,,Social Media,,,,"At 1129 am, social media reported a tree down on Clay Avenue between East 168 and East 167 street. Throughout the city, 565 trees were knocked down, and 268 tree limbs were downed due to the winds according to New York City Emergency Management."
880195,E20200413-146125,146125,high-winds,High Wind,BK,2020-04-13 10:00:00,2020-04-13 14:00:00,0,ok,0,ok,50000,ok,50.00,EG,,,Broadcast Media,,,,"The broadcast media reported pieces of scaffolding fell and were blown around in Midwood at 1005 am. Police safely removed the scaffolding. Throughout the city, 565 trees were knocked down, and 268 tree limbs were downed due to the winds according to New York City Emergency Management."
880201,E20200413-146125,146125,high-winds,High Wind,QN,2020-04-13 10:00:00,2020-04-13 15:00:00,0,ok,0,ok,100000,ok,51.00,MG,,,Mesonet,,,,"A mesonet site in Centre Island measured a 59 mph wind around 1030 am. At 1130 am, there was a report from social media about a tree down on power lines on Crescent Street in Astoria. Another report from social media came in at 2 pm in Bellerose. The report said that a fallen tree was observed at 247-27 77th Crescent with numerous fallen branches. Throughout the city, 565 trees were knocked down, and 268 tree limbs were downed due to the winds according to New York City Emergency Management."
881473,E20200421-146655,146655,thunderstorm,Marine Thunderstorm Wind,HARBOR,2020-04-21 13:28:00,2020-04-21 13:28:00,0,ok,0,ok,0,ok,37.00,MG,,,Mesonet,40.67,-74.09,,A marine thunderstorm wind gust of 37 knots was reported at Bayonne mesonet station.
881477,E20200421-146655,146655,thunderstorm,Marine Thunderstorm Wind,HARBOR,2020-04-21 13:48:00,2020-04-21 13:48:00,0,ok,0,ok,0,ok,35.00,MG,,,Mesonet,40.467,-74.009,,A marine thunderstorm wind gust of 35 knots was reported at Sandy Hook North mesonet.
870708,E20200116-145001,145001,high-winds,High Wind,QN,2020-01-16 14:00:00,2020-01-16 16:00:00,0,ok,0,ok,10000,ok,36.00,MS,,,ASOS,,,,The ASOS at JFK International Airport measured a 41 mph sustained wind around 240 pm.
868555,E20200108-144649,144649,high-winds,Strong Wind,QN,2020-01-08 14:00:00,2020-01-08 16:00:00,0,ok,0,ok,50000,ok,31.00,MS,,,ASOS,,,,The ASOS at LaGuardia Airport measured a 36 mph sustained wind at 326 pm.
870709,E20200116-145001,145001,high-winds,High Wind,BK,2020-01-16 14:00:00,2020-01-16 16:00:00,0,ok,0,ok,10000,ok,35.00,MS,,,Mesonet,,,,A mesonet station in Bay Ridge measured a 40 mph sustained wind at 235 pm.
913342,E20200825-151552,151552,thunderstorm,Thunderstorm Wind,BX,2020-08-25 17:12:00,2020-08-25 17:12:00,0,ok,0,ok,1000,ok,52.00,EG,,,Social Media,40.8296,-73.8909,,Large tree branch down on Hoe Avenue in the Longwood section of the Bronx.
913345,E20200825-151552,151552,thunderstorm,Thunderstorm Wind,QN,2020-08-25 17:30:00,2020-08-25 17:30:00,0,ok,0,ok,11000,ok,52.00,EG,,,Emergency Manager,40.7093,-73.8332,,Tree on a house at 82-36 Beverly Road.
909528,E20200803-150893,150893,thunderstorm,Marine Thunderstorm Wind,HARBOR,2020-08-03 20:06:00,2020-08-03 20:06:00,0,ok,0,ok,0,ok,37.00,MG,,,Mesonet,40.6725,-74.092,,A marine thunderstorm wind gust of 37 knots was measured at Bayonne mesonet station.
908115,E20200706-150596,150596,thunderstorm,Marine Thunderstorm Wind,HARBOR,2020-07-06 15:12:00,2020-07-06 15:12:00,0,ok,0,ok,0,ok,37.00,MG,,,Mesonet,40.66,-74.07,,Marine thunderstorm wind gusts of 37 kts and 40 kts were reported within 6 minutes of each other at Robbins Reef station.
908134,E20200722-150611,150611,thunderstorm,Lightning,QN,2020-07-22 18:25:00,2020-07-22 18:25:00,0,ok,2,ok,,missing,,,,,Broadcast Media,40.67,-73.82,,Two people were hospitalized after being struck by lightning in Charles Drew Park.
908137,E20200722-150611,150611,thunderstorm,Lightning,BK,2020-07-22 18:30:00,2020-07-22 18:30:00,0,ok,0,ok,10000,ok,,,,,Fire Department/Rescue,40.6803,-73.8885,,Lightning struck a home on Jerome Street and Arlington Avenue in Cypress Hills sparking a house fire.
908140,E20200722-150611,150611,thunderstorm,Lightning,QN,2020-07-22 18:48:00,2020-07-22 18:48:00,0,ok,0,ok,10000,ok,,,,,Social Media,40.6722,-73.8069,,Lightning struck a home causing a fire on Sutter Avenue.
908144,E20200722-150612,150612,thunderstorm,Marine Thunderstorm Wind,HARBOR,2020-07-22 17:25:00,2020-07-22 17:25:00,0,ok,0,ok,0,ok,42.00,MG,,,Mesonet,40.7012,-74.009,,A marine thunderstorm wind gust of 42 knots was reported at Wall Street / Battery Park mesonet.
908161,E20200722-150611,150611,thunderstorm,Thunderstorm Wind,QN,2020-07-22 18:14:00,2020-07-22 18:14:00,0,ok,0,ok,1000,ok,52.00,EG,,,Social Media,40.7573,-73.88,,Downed tree on 88th Street between Northern Boulevard and 32nd Avenue. Time estimated by radar.
908163,E20200722-150612,150612,thunderstorm,Marine Thunderstorm Wind,HARBOR,2020-07-22 22:54:00,2020-07-22 22:54:00,0,ok,0,ok,0,ok,43.00,MG,,,Mesonet,40.66,-74.07,,A marine thunderstorm wind gust of 43 knots was reported at Robbins Reef station.
908178,E20200722-150612,150612,thunderstorm,Marine Thunderstorm Wind,HARBOR,2020-07-22 16:57:00,2020-07-22 16:57:00,0,ok,0,ok,0,ok,43.00,MG,,,Mesonet,40.6725,-74.092,,A marine thunderstorm wind gust of 43 knots was measured at Bayonne station.
904736,E20200710-150052,150052,flash-flooding,Flash Flood,BK,2020-07-10 12:50:00,2020-07-10 16:30:00,0,ok,0,ok,0,ok,,,Heavy Rain,,Law Enforcement,40.6371,-73.9285,,"Farragut Road was closed due to flooding east of Utica Avenue by Kings Highway in East Flatbush, Brooklyn."
904737,E20200710-150052,150052,flash-flooding,Flash Flood,BK,2020-07-10 12:50:00,2020-07-10 16:30:00,0,ok,0,ok,0,ok,,,Heavy Rain,,Law Enforcement,40.634,-73.9686,,"The road was closed due to flooding at 18th Avenue into Ditmas Avenue in Flatbush, Brooklyn."
904738,E20200710-150052,150052,flash-flooding,Flash Flood,BK,2020-07-10 13:45:00,2020-07-10 16:30:00,0,ok,0,ok,0,ok,,,Heavy Rain,,Law Enforcement,40.6396,-74.0238,,"The road was closed due to flooding at 3rd Avenue north of 65th Street near the Belt Parkway in Bay Ridge, Brooklyn."
904739,E20200710-150052,150052,flash-flooding,Flash Flood,QN,2020-07-10 14:48:00,2020-07-10 15:18:00,0,ok,0,ok,0,ok,,,Heavy Rain,,Law Enforcement,40.654,-73.7266,,"Hook Creek Boulevard was closed due to flooding between 148th Road and 145th Avenue in Rosedale, Queens."
904746,E20200710-150052,150052,flash-flooding,Flash Flood,QN,2020-07-10 16:16:00,2020-07-10 16:30:00,0,ok,0,ok,0,ok,,,Heavy Rain,,Department of Highways,40.79,-73.7838,,"All lanes closed due to flooding on the ramp from the northbound Cross Island Parkway to the Throgs Neck Bridge in Bay Terrace, Queens."
904747,E20200710-150052,150052,flash-flooding,Flash Flood,MN,2020-07-10 15:15:00,2020-07-10 16:30:00,0,ok,0,ok,0,ok,,,Heavy Rain,,Law Enforcement,40.7143,-74.0137,,Barclay Street was closed due to flooding between West Street and Greenwich Street in Tribeca.
908179,E20200722-150612,150612,thunderstorm,Marine Thunderstorm Wind,HARBOR,2020-07-22 17:55:00,2020-07-22 17:55:00,0,ok,0,ok,0,ok,36.00,MG,,,Mesonet,40.6725,-74.092,,A marine thunderstorm wind gust of 36 knots at Bayonne station.
909336,E20200730-150862,150862,thunderstorm,Marine Thunderstorm Wind,HARBOR,2020-07-30 23:55:00,2020-07-30 23:55:00,0,ok,0,ok,0,ok,38.00,MG,,,Mesonet,40.5013,-74.2837,,A marine thunderstorm wind gust of 38 knots was measured at Perth Amboy station.
909337,E20200730-150862,150862,thunderstorm,Marine Thunderstorm Wind,HARBOR,2020-07-31 00:25:00,2020-07-31 00:25:00,0,ok,0,ok,0,ok,41.00,MG,,,Mesonet,40.5013,-74.2837,,A marine thunderstorm wind gust of 41 knots was measured at Perth Amboy station.
934950,E20201216-155048,155048,winter-storm,Winter Storm,MN,2020-12-16 16:00:00,2020-12-17 12:00:00,0,ok,0,ok,0,ok,,,,,Official NWS Observations,,,,"The Official NWS Observation at Central Park, NY was 10.5 inches of snow. The Central Park ASOS measured a 40 mph wind gust at 5:51 am on December 17, 2020."
935585,E20201225-155149,155149,high-winds,High Wind,QN,2020-12-25 00:00:00,2020-12-25 04:00:00,0,ok,0,ok,,missing,58.00,MG,,,Mesonet,,,,"Multiple measured wind gusts of 62-67 mph, including 67 mph measured in Jackson Heights at 152 AM local standard time. Additionally, power lines were burning, causing power outages at 215 AM local standard time in Corona as reported by the Public."
935586,E20201225-155149,155149,high-winds,High Wind,QN,2020-12-25 01:00:00,2020-12-25 03:00:00,0,ok,0,ok,,missing,50.00,MG,,,ASOS,,,,"Multiple measured wind gusts near 60 mph were recorded, including a gust of 59 mph at JFK Airport at 151 AM local time. Additionally, a measured sustained wind of 40 mph along with a gust of 58 mph measured at a Breezy Point mesonet at 131 AM local standard time."
935587,E20201225-155149,155149,high-winds,High Wind,BK,2020-12-25 02:00:00,2020-12-25 03:00:00,0,ok,0,ok,,missing,52.00,EG,,,Broadcast Media,,,,A large tree fell down on a car 2 miles SE of Battery Park at 215 AM.
934938,E20201216-155048,155048,winter-storm,Winter Storm,BX,2020-12-16 17:00:00,2020-12-17 12:00:00,0,ok,0,ok,0,ok,,,,,Trained Spotter,,,,"A trained spotter 1 mile south of East Tremont measured 12.4 inches of snow. The public also reported 9 to 12 inches of snow. The New York Mesonet station in Fordham measured a 43 mph wind gust at 5:40 am on December 17, 2020."
934941,E20201216-155048,155048,winter-storm,Winter Storm,QN,2020-12-16 17:00:00,2020-12-17 12:00:00,0,ok,0,ok,0,ok,,,,,Official NWS Observations,,,,"The Official NWS Observation at the LaGuardia Airport was 10.1 inches of snow. Trained spotters and the public reported 7 to 11 inches of snow. The LaGuardia Airport ASOS measured a 48 mph wind gust at 12:51 am on December 17, 2020."
934942,E20201216-155048,155048,winter-storm,Winter Storm,QN,2020-12-16 15:00:00,2020-12-17 12:00:00,0,ok,0,ok,0,ok,,,,,Official NWS Observations,,,,"The Official NWS Observation at the John F Kennedy International Airport was 7.2 inches of snow. Trained spotters and the public reported 7 to 9 inches of snow. The John F Kennedy International Airport ASOS measured a 43 mph wind gust at 5:51 am on December 17, 2020. The New York Mesonet station in Kew Garden Hills measured a 44 mph wind gust at 6:10 am on December 17, 2020."
934945,E20201216-155048,155048,winter-storm,Winter Storm,SI,2020-12-16 15:00:00,2020-12-17 12:00:00,0,ok,0,ok,0,ok,,,,,Broadcast Media,,,,"Broadcast media reported 6.7 inches of snow 1 mile west of Huguenot. CoCoRaHS and the public reported 6 to 7 inches of snow. The New York Mesonet station 1 mile west of Willowbrook measured a 43 mph wind gust at 5:55 am on December 17, 2020."
934947,E20201216-155048,155048,winter-storm,Winter Storm,BK,2020-12-16 15:00:00,2020-12-17 12:00:00,0,ok,0,ok,0,ok,,,,,Emergency Manager,,,,"An Emergency Manager in Bay Ridge measured 9.6 inches of snow.  Trained spotters and the public reported 6 to 9 inches of snow. The New York Mesosnet station 1 mile south-southwest of Flatbush measured a 48 mph wind gust at 5:10 am on December 17, 2020."
935584,E20201225-155149,155149,high-winds,High Wind,BX,2020-12-25 03:00:00,2020-12-25 04:00:00,0,ok,0,ok,,missing,52.00,MG,,,Mesonet,,,,A measured wind gust of 60 mph was recorded in Fordham at 310 AM local standard time.
920009,E20200804-152384,152384,tropical-cyclone,Tropical Storm,QN,2020-08-04 11:00:00,2020-08-04 17:00:00,0,ok,0,ok,0,ok,,,,,ASOS,,,,"LaGuardia Airport reported a maximum sustained wind of 53 mph at 1236 pm LST and a peak wind gust of 69 mph at 1234 pm LST. The NYS Mesonet site at Queens College reported a maximum sustained wind of 43 mph at 1250 pm LST and a peak wind gust of 75 mph at 1230 pm LST.||These type of winds across the borough resulted in numerous trees and tree limbs being downed, power outages, damages to homes and automobiles, and disruption to mass transit. The NYC Office of Emergency Management reported 68,074 power outages across the borough. NYCEM has calculated property damages of $11,006,454 in the borough.||There were no reports of coastal flooding as the highest storm surge did not coincide with high tide and was during a period of low astronomical tides."
917889,E20200804-152384,152384,tropical-cyclone,Tropical Storm,BK,2020-08-04 11:00:00,2020-08-04 17:00:00,0,ok,1,ok,7140000,ok,,,,,Broadcast Media,,,,"A woman was critically injured when a falling tree branch hit her while walking on Dumont Avenue in Brownsville Brooklyn around 12pm LST.||Brooklyn College measured a maximum sustained wind of 33 mph at 1240 pm LST and a peak wind gust of 60 mph at 1235 pm LST. Nearby JFK International Airport reported a maximum sustained wind of 51 mph at 1236 pm LST and a peak wind gust of 70 mph at 1225 pm LST.||These type of winds across the borough resulted in numerous trees and tree limbs being downed, power outages, damages to homes and automobiles, and disruption to mass transit. The NYC Office of Emergency Management reported 26,338 power outages. NYCEM has calculated property damages of $7,138,176 in the borough.||There were no reports of coastal flooding as the highest storm surge did not coincide with high tide and was during a period of low astronomical tides."
920008,E20200804-152384,152384,tropical-cyclone,Tropical Storm,SI,2020-08-04 11:00:00,2020-08-04 17:00:00,0,ok,0,ok,3800000,ok,,,,,Mesonet,,,,"Mariner's Harbor on the north side of the borough reported a maximum sustained wind of 41 mph and a peak wind gust of 61 mph at 1154 am LST. Nearby Bayonne, NJ, reported a maximum sustained wind of 43 mph at 1216 pm LST and a peak wind gust of 62 mph at 1151 am LST.||These type of winds across the borough resulted in numerous trees and tree limbs being downed, power outages, damages to homes and automobiles, and disruption to mass transit. The NYC Office of Emergency Management reported 58,879 power outages. NYCEM has calculated property damages of $3,804,385 in the borough.||There were no reports of coastal flooding as the highest storm surge did not coincide with high tide and was during a period of low astronomical tides."
919958,E20200804-152384,152384,tropical-cyclone,Tropical Storm,BX,2020-08-04 11:00:00,2020-08-04 17:00:00,0,ok,0,ok,3440000,ok,,,,,Law Enforcement,,,,"Nearby by LaGuardia Airport reported a maximum sustained wind of 53 mph at 1236 pm LST and a peak wind gust of 69 mph at 1234 pm LST. Central Park had a peak gust of 48 mph at 1156 am LST and Lehman College had a peak gust of 63 mph at 1245 pm LST. ||These type of winds across the borough resulted in numerous trees and tree limbs being downed, power outages, damages to homes and automobiles, and disruption to mass transit. The NYC Office of Emergency Management reported 31,537 power outages. NYCEM has calculated property damages of $3,440,875 in the borough.||There were no reports of coastal flooding as the highest storm surge did not coincide with high tide and was during a period of low astronomical tides."
917890,E20200804-152384,152384,tropical-cyclone,Tropical Storm,QN,2020-08-04 11:00:00,2020-08-04 17:00:00,1,ok,0,ok,0,ok,,,,,Broadcast Media,,,,"A 60 yr old man was killed in the Briarwood section of Queens near the intersection of 84th Drive and 143rd Street near Smedley Street from a tree falling on his vehicle at 1204 pm LST.�� ||JFK International Airport reported a maximum sustained wind of 51 mph at 1231 pm LST and a peak wind gust of 70 mph at 1225 pm LST. ||These type of winds across the borough resulted in numerous trees and tree limbs being downed, power outages, damages to homes and automobiles, and disruption to mass transit. The  NYC Office of Emergency Management reported 68,074 power outages across the borough. NYCEM has calculated property damages of $11,006,454 in the borough.||Water levels slightly exceeded the minor flood level of 7.5 ft above MLLW at the Jamaica Bay at Inwood tidal gauge Tuesday evening, but the highest storm surge of 5 ft did not coincide with high tide and was during a period of low astronomical tides."
919963,E20200804-152384,152384,tropical-cyclone,Tropical Storm,MN,2020-08-04 11:00:00,2020-08-04 17:00:00,0,ok,0,ok,4500000,ok,,,,,Mesonet,,,,"Nearby to Battery Park City, the Honorable William Wall Mesonet, reported a maximum sustained wind of 49 mph and peak gusts of 78 mph at 1218 pm LST. Central Park reported a peak gust of 48 mph at 1156 am LDT. ||NYC Office of Emergency Management reported over 800 service requests for downed trees. NYCEM has calculated property damages of $4,495,105 in the borough.||There were no reports of coastal flooding as the highest storm surge did not coincide with high tide and was during a period of low astronomical tides."
907887,E20200629-150560,150560,thunderstorm,Thunderstorm Wind,BK,2020-06-29 17:58:00,2020-06-29 17:58:00,0,ok,0,ok,0,ok,55.00,MG,,,Mesonet,40.577,-73.932,,A thunderstorm wind gust of 63 mph was reported at Manhattan Beach mesonet station.
907878,E20200629-150560,150560,thunderstorm,Thunderstorm Wind,QN,2020-06-29 17:57:00,2020-06-29 17:57:00,0,ok,0,ok,0,ok,60.00,MG,,,Mesonet,40.55,-73.9326,,A thunderstorm wind gust was reported at Breezy Point mesonet station.
907885,E20200629-150560,150560,thunderstorm,Thunderstorm Wind,BK,2020-06-29 17:45:00,2020-06-29 17:45:00,0,ok,0,ok,15000,ok,61.00,EG,,,Emergency Manager,40.6359,-74.0056,,Large tree down on a house near the intersection of 9th Avenue and 57th Street.
907888,E20200629-150560,150560,thunderstorm,Thunderstorm Wind,BK,2020-06-29 17:48:00,2020-06-29 17:48:00,0,ok,0,ok,4000,ok,61.00,EG,,,Public,40.6002,-73.9729,,Large tree limbs reported down on McDonald Avenue at Samual Hubbard House and surrounding area.
907890,E20200629-150560,150560,thunderstorm,Thunderstorm Wind,BK,2020-06-29 17:50:00,2020-06-29 17:50:00,0,ok,0,ok,3000,ok,52.00,EG,,,Social Media,40.5945,-73.9648,,Tree snapped at base and high up and fallen to ground at Ocean Parkway and Ocean Court.
907891,E20200629-150560,150560,thunderstorm,Thunderstorm Wind,BK,2020-06-29 17:50:00,2020-06-29 17:50:00,0,ok,0,ok,1000,ok,52.00,EG,,,Social Media,40.6088,-73.9378,,Tree down in Marine Park section of Brooklyn.
907893,E20200629-150560,150560,thunderstorm,Thunderstorm Wind,MN,2020-06-29 17:25:00,2020-06-29 17:25:00,0,ok,0,ok,6000,ok,52.00,EG,,,Broadcast Media,40.773,-73.9522,,Tree down on car on 80th Street between York and 1st Avenue.
907894,E20200629-150560,150560,hail,Hail,MN,2020-06-29 22:25:00,2020-06-29 22:25:00,0,ok,0,ok,0,ok,0.75,,,,Trained Spotter,40.7869,-73.9453,,Penny sized hail reported at 100th Street and 2nd Avenue.
907895,E20200629-150560,150560,thunderstorm,Thunderstorm Wind,BK,2020-06-29 17:50:00,2020-06-29 17:50:00,0,ok,0,ok,6000,ok,52.00,EG,,,Social Media,40.6343,-73.9592,,Large tree limbs fell and damaged the roof of a car on East 19th Street between Foster Avenue and Glenwood Road.
907896,E20200629-150560,150560,thunderstorm,Thunderstorm Wind,BK,2020-06-29 17:50:00,2020-06-29 17:50:00,0,ok,0,ok,5000,ok,52.00,EG,,,Social Media,40.6359,-74.0056,,A large tree split in half with the top half and branches on the house at 57th Street and 9th Avenue.
907903,E20200629-150559,150559,thunderstorm,Marine Thunderstorm Wind,HARBOR,2020-06-29 17:42:00,2020-06-29 17:42:00,0,ok,0,ok,0,ok,40.00,MG,,,Mesonet,40.66,-74.07,,A marine thunderstorm wind gust of 40 knots was reported at Robbins Reef station.
907905,E20200629-150559,150559,thunderstorm,Marine Thunderstorm Wind,HARBOR,2020-06-29 17:38:00,2020-06-29 17:38:00,0,ok,0,ok,0,ok,41.00,MG,,,Mesonet,40.702,-74.037,,A marine thunderstorm wind gust of 41 knots was reported at the Honorable William Wall station.
885724,E20200606-147298,147298,thunderstorm,Thunderstorm Wind,QN,2020-06-06 14:10:00,2020-06-06 14:10:00,0,ok,0,ok,2000,ok,52.00,EG,,,Trained Spotter,40.76,-73.74,,Large tree limbs down with time estimated by radar.
907752,E20200628-150517,150517,thunderstorm,Marine Thunderstorm Wind,HARBOR,2020-06-28 17:58:00,2020-06-28 17:58:00,0,ok,0,ok,0,ok,47.00,MG,,,Mesonet,40.702,-74.037,,A marine thunderstorm wind gust of 47 knots was reported at the Honorable William Wall mesonet station.
907758,E20200628-150517,150517,thunderstorm,Marine Thunderstorm Wind,HARBOR,2020-06-28 18:00:00,2020-06-28 18:00:00,0,ok,0,ok,0,ok,41.00,MG,,,Mesonet,40.6574,-74.0654,,A marine thunderstorm wind gust of 41 knots was reported at Robins Reef station.
899873,E20200522-149298,149298,coastal-hazard,Rip Current,QN,2020-05-22 15:00:00,2020-05-22 16:00:00,1,ok,0,ok,0,ok,,,,,Broadcast Media,,,,"A 24 year old Brooklyn man drowned at Rockaway Beach around 3pm May 22nd 2020. |First responders received a call just before 3 p.m. Friday about three men in distress in the water. The NYPD said the three men, all in their 20s, got caught in a rip current.|Two of them were able to make it out OK, but a third man, a 24-year-old Fidel Ramirez of Brooklyn, was swept under the water. Eventually, first responders did reach him. He was rushed to the hospital, but he did not survive.||The victim went into the water along Beach 84th Street, but he was pulled out along Beach 91st Street.||No life guards were on duty. A high rip current risk was in effect."
930619,E20201102-154487,154487,high-winds,High Wind,MN,2020-11-02 12:00:00,2020-11-02 13:00:00,0,ok,0,ok,,missing,35.00,MS,,,Mesonet,,,,"A sustained wind of 40 mph was recorded at Washington Heights, NY at 12:10 PM local standard time."
928247,E20201115-154092,154092,thunderstorm,Thunderstorm Wind,MN,2020-11-15 20:35:00,2020-11-15 20:35:00,0,ok,0,ok,5000,ok,61.00,EG,,,Broadcast Media,40.7411,-73.9979,,Downed scaffolding at 18th Street and Seventh Avenue. Time estimated by radar.
930634,E20201130-154491,154491,high-winds,High Wind,QN,2020-11-30 12:00:00,2020-11-30 14:00:00,0,ok,0,ok,,missing,37.00,MS,,,ASOS,,,,"A measured sustained wind of 43 mph occurred at JFK Airport at 1248 PM local standard time along with a measured wind gust of 58 mph at 1251 PM local standard time. Additionally, a measured wind gust of 60 mph was recorded at a mesonet station located in Kew Garden Hills."
934273,E20201130-154491,154491,high-winds,High Wind,QN,2020-11-30 13:00:00,2020-11-30 14:00:00,0,ok,0,ok,,missing,53.00,MG,,,Mesonet,,,,A measured gust of 61 MPH occurred at 122 PM local standard time in Jackson Heights.
928248,E20201115-154092,154092,thunderstorm,Thunderstorm Wind,MN,2020-11-15 20:35:00,2020-11-15 20:35:00,0,ok,0,ok,4000,ok,52.00,EG,,,Broadcast Media,40.8481,-73.9348,,Downed scaffolding at West 179th Street and St. Nicholas Avenue. Time estimated by radar.
928250,E20201115-154092,154092,thunderstorm,Thunderstorm Wind,QN,2020-11-15 20:44:00,2020-11-15 20:44:00,0,ok,0,ok,0,ok,54.00,MG,,,ASOS,40.7795,-73.8803,,The LGA ASOS recorded a 62 mph wind gust.
928251,E20201115-154092,154092,thunderstorm,Thunderstorm Wind,QN,2020-11-15 20:50:00,2020-11-15 20:50:00,0,ok,0,ok,1000,ok,52.00,EG,,,Trained Spotter,40.788,-73.8174,,Tree down in roadway near Cross Island Parkway and 14th Avenue. Time estimated by radar.
994610,E20210901-163555,163555,flash-flooding,Flash Flood,BK,2021-09-01 22:00:00,2021-09-01 22:30:00,0,ok,0,ok,0,ok,,,Heavy Rain,,Local Official,40.6637,-74.0043,,"The body of a man in his 40s was found floating in the Gowanus Canal near 25th Street and Third Avenue in Greenwood Heights, Brooklyn on Thursday, September 2nd."
954671,E20210526-157934,157934,thunderstorm,Marine Thunderstorm Wind,HARBOR,2021-05-26 18:03:00,2021-05-26 18:03:00,0,ok,0,ok,0,ok,48.00,MG,,,Mesonet,40.7,-74.04,,A marine thunderstorm wind gust of 48 knots was measured at FW2280 Jersey City mesonet station.
987551,E20210901-163555,163555,flash-flooding,Flash Flood,MN,2021-09-01 21:45:00,2021-09-01 22:30:00,0,ok,0,ok,0,ok,,,Heavy Rain,,Public,40.7469,-73.9942,,Flooding was reported at the 28th Street subway station on 7th Avenue in Greenwich Village.
987552,E20210901-163555,163555,flash-flooding,Flash Flood,BX,2021-09-01 21:30:00,2021-09-01 22:30:00,0,ok,0,ok,0,ok,,,Heavy Rain,,Public,40.8405,-73.8635,,Flooding was reported in a basement in Parkchester in the Bronx with water three feet deep.
987461,E20210901-163555,163555,flash-flooding,Flash Flood,SI,2021-09-01 20:37:00,2021-09-01 22:45:00,0,ok,0,ok,0,ok,,,Heavy Rain,,Fire Department/Rescue,40.5632,-74.1992,,Numerous cars were underwater on the West Shore Expressway with occupants standing on roofs of cars waiting to be rescued.
987577,E20210901-163555,163555,flash-flooding,Flash Flood,QN,2021-09-01 21:02:00,2021-09-01 22:30:00,0,ok,0,ok,0,ok,,,Heavy Rain,,Public,40.6623,-73.841,,"A basement was flooded in Howard Beach, Queens."
987557,E20210901-163555,163555,flash-flooding,Flash Flood,QN,2021-09-01 21:50:00,2021-09-01 22:30:00,0,ok,0,ok,0,ok,,,Heavy Rain,,Public,40.7025,-73.814,,"Water was entering a home in Jamaica, Queens."
987518,E20210901-163555,163555,flash-flooding,Flash Flood,BK,2021-09-01 21:09:00,2021-09-01 22:30:00,0,ok,0,ok,0,ok,,,Heavy Rain,,Trained Spotter,40.6441,-74.0217,,"One to two feet of water was covering the road with cars disabled in the roadway on 2nd Avenue between 59th Street and 60th Street in Bay Ridge, Brooklyn."
987522,E20210901-163555,163555,flash-flooding,Flash Flood,QN,2021-09-01 21:07:00,2021-09-01 22:30:00,0,ok,0,ok,0,ok,,,Heavy Rain,,Public,40.7326,-73.8718,,Queens Boulevard in Maspeth and Corona has about 2-4 feet of flowing water running across the street. Multiple cars were stranded.
987533,E20210901-163555,163555,flash-flooding,Flash Flood,MN,2021-09-01 21:17:00,2021-09-01 22:30:00,0,ok,0,ok,0,ok,,,Heavy Rain,,Emergency Manager,40.839,-73.9337,,All southbound lanes of the Harlem River Drive were closed due to flooding at West 166th Street in Washington Heights.
987536,E20210901-163555,163555,flash-flooding,Flash Flood,QN,2021-09-01 21:41:00,2021-09-01 22:30:00,0,ok,0,ok,0,ok,,,Heavy Rain,,Public,40.7169,-73.8328,,"All eastbound lanes of the Grand Central Parkway were closed due to flooding at the Van Wyck Expressway in Jamaica, Queens."
987542,E20210901-163555,163555,flash-flooding,Flash Flood,QN,2021-09-01 22:30:00,2021-09-01 23:00:00,0,ok,0,ok,0,ok,,,Heavy Rain,,Public,40.7397,-73.7888,,"Water was 2-3 feet deep on roadways in Fresh Meadows, Queens. Several cars were submerged."
987543,E20210901-163555,163555,flash-flooding,Flash Flood,BK,2021-09-01 22:39:00,2021-09-01 23:00:00,0,ok,0,ok,0,ok,,,Heavy Rain,,Public,40.6838,-73.978,,"Significant flooding was reported in Park Slope, Brooklyn with at least 2-4 feet of flowing water on the road. Several cars were stranded."
987560,E20210901-163555,163555,flash-flooding,Flash Flood,QN,2021-09-01 22:00:00,2021-09-01 22:30:00,2,ok,0,ok,0,ok,,,Heavy Rain,,Broadcast Media,40.7115,-73.7784,,"The wall of a basement apartment on 183rd Street near 90th Avenue in Jamaica, Queens collapsed due to flooding. A 43 year old woman and her 22 year old son were killed by the flood waters, while two others were rescued."
987561,E20210901-163555,163555,flash-flooding,Flash Flood,QN,2021-09-01 22:00:00,2021-09-01 22:30:00,1,ok,0,ok,0,ok,,,Heavy Rain,,Broadcast Media,40.7424,-73.848,,A 48 year old woman died when the basement of a home on Grand Central Parkway near the Horace Harding Expressway in Elmhurst flooded.
987571,E20210901-163555,163555,flash-flooding,Flash Flood,MN,2021-09-02 01:35:00,2021-09-02 01:53:00,0,ok,0,ok,0,ok,,,Heavy Rain,,Department of Highways,40.7585,-74.0,,Flooding was reported on the eastbound ramp from the center tube of the Lincoln Tunnel to 36th Street in Greenwich Village. All lanes were closed.
948918,E20210421-156983,156983,hail,Hail,QN,2021-04-21 13:30:00,2021-04-21 13:30:00,0,ok,0,ok,0,ok,0.75,,,,Trained Spotter,40.75,-73.94,,Hail of 0.75 inches in diameter reported.
948919,E20210421-156983,156983,thunderstorm,Thunderstorm Wind,BK,2021-04-21 13:25:00,2021-04-21 13:25:00,0,ok,0,ok,1000,ok,52.00,MG,,,Public,40.69,-74.0,,Tree reported down on roadway.
956368,E20210430-158204,158204,high-winds,High Wind,MN,2021-04-30 13:00:00,2021-04-30 14:00:00,0,ok,0,ok,,missing,52.00,MG,,,Mesonet,,,,A measured gust of 60 mph occurred at 120 PM local standard time at a station located in midtown Manhattan.
956369,E20210430-158204,158204,high-winds,High Wind,QN,2021-04-30 15:00:00,2021-04-30 16:00:00,0,ok,0,ok,0,ok,53.00,MG,,,ASOS,,,,A measured wind gust of 61 mph occurred at LaGuardia Airport at 312 PM local standard time.
987564,E20210901-163555,163555,flash-flooding,Flash Flood,QN,2021-09-01 21:00:00,2021-09-01 22:30:00,3,ok,0,ok,0,ok,,,Heavy Rain,,Broadcast Media,40.7384,-73.902,,"A 50 year old man, 48 year old woman, and 2 year old boy died when a basement apartment on 64th Street near Laurel Hill Boulevard in Elmhurst, Queens flooded."
987566,E20210901-163555,163555,flash-flooding,Flash Flood,BK,2021-09-01 22:00:00,2021-09-01 22:30:00,1,ok,0,ok,0,ok,,,Heavy Rain,,Broadcast Media,40.686,-73.8714,,"A 66 year old man died when his basement apartment on Ridgewood Avenue near Autumn Avenue in Cypress Hills, Brooklyn flooded."
987575,E20210901-163555,163555,flash-flooding,Flash Flood,BX,2021-09-01 23:56:00,2021-09-02 01:53:00,0,ok,0,ok,0,ok,,,Heavy Rain,,Department of Highways,40.8852,-73.8971,,All lanes were closed due to flooding on the Major Deegan Expressway (I-87) northbound at Van Cortlandt Park South (Exit 11).
987565,E20210901-163555,163555,flash-flooding,Flash Flood,QN,2021-09-01 22:00:00,2021-09-01 22:30:00,1,ok,0,ok,0,ok,,,Heavy Rain,,Broadcast Media,40.7315,-73.8813,,"An 86 year old woman died when her basement apartment on 84th Street near 55th Road in Elmhurst, Queens flooded."
987567,E20210901-163555,163555,flash-flooding,Flash Flood,BX,2021-09-02 00:06:00,2021-09-02 01:53:00,0,ok,0,ok,0,ok,,,Heavy Rain,,Department of Highways,40.8807,-73.8699,,The Bronx River Parkway was flooded southbound at East Gun Hill Road in Fordham. All lanes were blocked.
987569,E20210901-163555,163555,flash-flooding,Flash Flood,SI,2021-09-02 00:02:00,2021-09-02 01:53:00,0,ok,0,ok,0,ok,,,Heavy Rain,,Department of Highways,40.572,-74.1906,,Flooding was reported on NY 440 southbound ramp to Arden Avenue in Fresh Kills. All lanes were closed.
994929,E20210901-163555,163555,flash-flooding,Flash Flood,BK,2021-09-01 22:00:00,2021-09-01 22:30:00,0,ok,0,ok,60000000,ok,,,Heavy Rain,,Emergency Manager,40.7348,-73.9589,,"Flash flooding resulted in an estimated $60 million in damages across Brooklyn, and an estimated $300 million city-wide. This estimate only includes FEMA and SBA fund requests."
994927,E20210901-163555,163555,flash-flooding,Flash Flood,MN,2021-09-01 21:17:00,2021-09-01 22:30:00,0,ok,0,ok,60000000,ok,,,Heavy Rain,,Emergency Manager,40.875,-73.9269,,"Flash flooding resulted in an estimated $60 million in damages across Manhattan, and an estimated $300 million city-wide. This estimate only includes FEMA and SBA fund requests."
987579,E20210901-163555,163555,flash-flooding,Flash Flood,QN,2021-09-01 21:00:00,2021-09-01 22:30:00,0,ok,0,ok,0,ok,,,Heavy Rain,,Public,40.7,-73.909,,"Homes and basements were flooding on Woodbine Street in Ridgewood, Queens."
987580,E20210901-163555,163555,flash-flooding,Flash Flood,BK,2021-09-01 21:30:00,2021-09-01 22:30:00,0,ok,0,ok,0,ok,,,Heavy Rain,,Public,40.6807,-73.964,,Water was spilling into a home in Crown Heights through the doors as the ground drains became either overwhelmed or clogged. Two inches of water was in the basement.
987588,E20210901-163555,163555,flash-flooding,Flash Flood,QN,2021-09-01 21:30:00,2021-09-01 22:00:00,3,ok,0,ok,0,ok,,,Heavy Rain,,Broadcast Media,40.7453,-73.8139,,"Two women and a man died when their basement apartment flooded on Peck Avenue near Kissena Boulevard in Flushing, Queens."
987623,E20210901-163555,163555,flash-flooding,Flash Flood,BX,2021-09-01 21:15:00,2021-09-01 22:30:00,0,ok,0,ok,0,ok,,,Heavy Rain,,River/Stream Gage,40.864,-73.8771,,"The Bronx River at the New York Botanical Garden rose above its minor flood stage of 3.0 feet at 10:15pm EDT. It then continued to quickly rise, surpassing moderate flood stage (3.5 feet) at 10:45pm EDT and major flood stage (4.0 feet) at 11:30pm EDT. The river ultimately crested at a height of 5.59 feet at 8:45am EDT on September 2nd. It eventually fell back below minor flood stage at 9:30pm EDT on September 2nd."
994611,E20210901-163555,163555,flash-flooding,Flash Flood,QN,2021-09-01 22:00:00,2021-09-01 22:30:00,0,ok,0,ok,0,ok,,,Heavy Rain,,Local Official,40.7657,-73.8876,,An unidentified victim was found on the Grand Central Parkway near LaGuardia Airport inside a burned out car that had been rear ended. The fatality is believed to be flood related.
994926,E20210901-163555,163555,flash-flooding,Flash Flood,BX,2021-09-01 21:30:00,2021-09-01 22:30:00,0,ok,0,ok,60000000,ok,,,Heavy Rain,,Emergency Manager,40.8807,-73.9211,,"Flash flooding resulted in an estimated $60 million in damages across the Bronx, and an estimated $300 million city-wide. This estimate only includes FEMA and SBA fund requests."
987414,E20210901-163555,163555,flash-flooding,Flash Flood,SI,2021-09-01 17:45:00,2021-09-01 22:45:00,0,ok,0,ok,0,ok,,,Heavy Rain,,Law Enforcement,40.542,-74.1458,,Hyland Boulevard was closed between Nelson Avenue and Fieldway Avenue in Annadale due to flooding.
987452,E20210901-163555,163555,flash-flooding,Flash Flood,SI,2021-09-01 20:00:00,2021-09-01 22:45:00,0,ok,0,ok,0,ok,,,Heavy Rain,,Public,40.6098,-74.1103,,Water was flooding into the basements of many homes in the Todt Hill section of Staten Island and sewer mains were overflowing.
987454,E20210901-163555,163555,flash-flooding,Flash Flood,SI,2021-09-01 20:13:00,2021-09-01 22:45:00,0,ok,0,ok,0,ok,,,Heavy Rain,,Fire Department/Rescue,40.6226,-74.142,,Cars were stuck in flood waters at the intersection of Crystal Avenue and College Avenue in Westerleigh.
987417,E20210901-163555,163555,flash-flooding,Flash Flood,SI,2021-09-01 17:48:00,2021-09-01 22:45:00,0,ok,0,ok,0,ok,,,Heavy Rain,,Law Enforcement,40.6065,-74.1639,,Victory Boulevard was closed near Richmond Avenue in the Bulls Head section of Staten Island due to flooding.
987422,E20210901-163555,163555,flash-flooding,Flash Flood,SI,2021-09-01 18:00:00,2021-09-01 22:45:00,0,ok,0,ok,0,ok,,,Heavy Rain,,Law Enforcement,40.5263,-74.2357,,North Bridge Street (approach to the Outerbridge Crossing) in Tottenville was closed due to flooding.
948953,E20210421-156983,156983,thunderstorm,Thunderstorm Wind,QN,2021-04-21 13:40:00,2021-04-21 13:40:00,0,ok,0,ok,3000,ok,52.00,ES,,,Emergency Manager,40.7645,-73.8303,,A downed tree in Flushing resulted in a power outage that affected 800 customers for about 3 hours with time estimated by radar.
948936,E20210421-156985,156985,thunderstorm,Marine Thunderstorm Wind,HARBOR,2021-04-21 13:54:00,2021-04-21 13:54:00,0,ok,0,ok,0,ok,37.00,MG,,,Mesonet,40.66,-74.07,,A marine thunderstorm wind gust of 37 knots was measured at Robbins Reef.
948940,E20210421-156985,156985,thunderstorm,Marine Thunderstorm Wind,HARBOR,2021-04-21 14:04:00,2021-04-21 14:04:00,0,ok,0,ok,0,ok,37.00,MG,,,Mesonet,40.7038,-74.0533,,A marine thunderstorm wind gust of 37 knots was measured at mesonet station FW2280 Jersey City.
949015,E20210428-157002,157002,thunderstorm,Marine Thunderstorm Wind,HARBOR,2021-04-28 20:33:00,2021-04-28 20:33:00,0,ok,0,ok,0,ok,36.00,MG,,,Mesonet,40.702,-74.037,,A marine thunderstorm wind gust of 36 knots was reported at William Wall mesonet station.
987429,E20210901-163555,163555,flash-flooding,Flash Flood,BK,2021-09-01 18:40:00,2021-09-01 23:00:00,0,ok,0,ok,0,ok,,,Heavy Rain,,Public,40.6503,-73.9714,,Parkside Avenue in Flatbush was closed due to flooding.
940272,E20210201-155867,155867,winter-storm,Winter Storm,MN,2021-02-01 00:00:00,2021-02-03 05:00:00,0,ok,0,ok,0,ok,,,,,Official NWS Observations,,,,"The Official NWS Observation at Central Park was 17.4 inches of snow. The Midtown Manhattan New York State Mesonet Station measured a 50 mph wind gust at 11:35 am February 1, 2021."
940274,E20210201-155867,155867,winter-storm,Winter Storm,BX,2021-02-01 00:00:00,2021-02-03 08:00:00,0,ok,0,ok,0,ok,,,,,COOP Observer,,,,"A COOP observer in Parkchester reported 18.2 inches of snow. A 45 mph wind gust was measured by the LaGuardia Airport ASOS at 5:51 pm February 1, 2021."
940276,E20210201-155867,155867,winter-storm,Winter Storm,BK,2021-02-01 00:00:00,2021-02-03 07:00:00,0,ok,0,ok,0,ok,,,,,Emergency Manager,,,,"An Emergency Manager reported 18.2 inches of snow in Bay Ridge. A trained spotter 2 miles east-northeast of Coney Island measured 16.0 inches of snow. Broadcast media reported 15.8 inches of snow 1 mile south-southwest of Flatbush.  A 51 mph wind gust was measured at 8:20 pm February 1, 2021 by the New York State Mesonet Station 1 mile south-southwest of Flatbush."
940277,E20210201-155867,155867,winter-storm,Winter Storm,SI,2021-02-01 00:00:00,2021-02-03 05:00:00,0,ok,0,ok,0,ok,,,,,Public,,,,"The public reported 16.9 inches of snow in Westerleigh. The New York State Mesonet Station 1 mile west of Willobrook measured a 44 mph wind gust at 10:55 am February 1, 2021."
940279,E20210201-155867,155867,winter-storm,Winter Storm,QN,2021-02-01 00:00:00,2021-02-03 07:00:00,0,ok,0,ok,0,ok,,,,,Official NWS Observations,,,,"The Official NWS Observation at Kennedy International Airport was 12.6 inches of snow, and a 2 inch per hour snowfall rate was reported from 12 pm to 1 pm on February 1, 2021.  12 to 17 inches of snow was reported by Trained Spotters and the Public throughout Southern Queens. A 51 mph wind gust was measured by the Kennedy International Airport ASOS at 3:51 pm February 1, 2021."
940282,E20210201-155867,155867,winter-storm,Winter Storm,QN,2021-02-01 00:00:00,2021-02-03 07:00:00,0,ok,0,ok,0,ok,,,,,Official NWS Observations,,,,"The Official NWS Observation at LaGuardia Airport was 14.3 inches of snow. 14 to 18 inches of snow was reported by trained spotters and the public throughout Northern Queens. A 45 mph wind gust was measured by the LaGuardia Airport ASOS at 5:51 pm February 1, 2021."
941848,E20210218-156086,156086,winter-storm,Winter Weather,BX,2021-02-18 07:00:00,2021-02-19 20:00:00,0,ok,0,ok,0,ok,,,,,Trained Spotter,,,,Trained spotters reported 3 to 5 inches of snow.
941851,E20210218-156086,156086,winter-storm,Winter Weather,QN,2021-02-18 07:00:00,2021-02-19 20:00:00,0,ok,0,ok,0,ok,,,,,Official NWS Observations,,,,The Official NWS Observation at La Guardia Airport was 4.2 inches of snow. Trained spotters and the public 3 to 6 inches of snow.
941852,E20210218-156086,156086,winter-storm,Winter Weather,QN,2021-02-18 07:00:00,2021-02-19 20:00:00,0,ok,0,ok,0,ok,,,,,Official NWS Observations,,,,The Official NWS Observation at Kennedy International Airport was 5.0 inches of snow. Trained spotters and the public 3 to 6 inches of snow.
941853,E20210218-156086,156086,winter-storm,Winter Weather,SI,2021-02-18 07:00:00,2021-02-19 20:00:00,0,ok,0,ok,0,ok,,,,,Public,,,,The public reported 4 to 5 inches of snow.
941849,E20210218-156086,156086,winter-storm,Winter Weather,BK,2021-02-18 07:00:00,2021-02-19 20:00:00,0,ok,0,ok,0,ok,,,,,Broadcast Media,,,,"Broadcast media, trained spotters, and the public reported 3 to 5 inches of snow. Broadcast media also reported 0.13 inches of freezing rain 1 mile south-southwest of Flatbush."
941850,E20210218-156086,156086,winter-storm,Winter Weather,MN,2021-02-18 07:00:00,2021-02-19 20:00:00,0,ok,0,ok,0,ok,,,,,Official NWS Observations,,,,The Official NWS Observation at Central Park was 4.4 inches of snow. The Central Park ASOS also recorded 0.08 inches of freezing rain.
954939,E20210604-157997,157997,thunderstorm,Thunderstorm Wind,SI,2021-06-04 14:49:00,2021-06-04 14:49:00,0,ok,0,ok,4000,ok,61.00,EG,,,Emergency Manager,40.59,-74.18,,Four trees reported down.
954940,E20210604-157997,157997,thunderstorm,Thunderstorm Wind,MN,2021-06-04 14:58:00,2021-06-04 14:58:00,0,ok,0,ok,1000,ok,52.00,EG,,,Public,40.7603,-73.9912,,Tree down at the intersection of 9th Avenue and 45th Street.
954946,E20210604-157997,157997,thunderstorm,Thunderstorm Wind,MN,2021-06-04 15:02:00,2021-06-04 15:02:00,0,ok,0,ok,3000,ok,61.00,EG,,,Emergency Manager,40.79,-73.98,,Three trees reported down.
954948,E20210604-157997,157997,thunderstorm,Thunderstorm Wind,BK,2021-06-04 15:02:00,2021-06-04 15:02:00,0,ok,0,ok,45000,ok,61.00,EG,,,Emergency Manager,40.66,-73.98,,Twenty nine trees reported down.
954950,E20210604-157997,157997,thunderstorm,Thunderstorm Wind,BX,2021-06-04 15:05:00,2021-06-04 15:05:00,0,ok,0,ok,8000,ok,61.00,EG,,,Emergency Manager,40.82,-73.91,,Five trees reported down.
954951,E20210604-157997,157997,thunderstorm,Thunderstorm Wind,BK,2021-06-04 15:07:00,2021-06-04 15:07:00,0,ok,0,ok,5000,ok,61.00,EG,,,Public,40.67,-73.98,,Large branches downed with 60 to 70 mph winds estimated.
954952,E20210604-157997,157997,hail,Hail,QN,2021-06-04 15:08:00,2021-06-04 15:08:00,0,ok,0,ok,0,ok,1.50,,,,Public,40.78,-73.91,,Ping Pong ball sized hail reported.
955937,E20210608-158003,158003,thunderstorm,Marine Thunderstorm Wind,HARBOR,2021-06-08 14:53:00,2021-06-08 14:53:00,0,ok,0,ok,0,ok,45.00,MG,,,Mesonet,40.702,-74.037,,A marine thunderstorm wind gust of 45 knots was measured at William Wall station.
955943,E20210608-158003,158003,thunderstorm,Marine Thunderstorm Wind,HARBOR,2021-06-08 15:18:00,2021-06-08 15:18:00,0,ok,0,ok,0,ok,45.00,MG,,,Mesonet,40.66,-74.07,,A marine thunderstorm wind gust of 45 knots was measured at Robbins Reef.
955966,E20210608-158006,158006,thunderstorm,Thunderstorm Wind,QN,2021-06-08 15:14:00,2021-06-08 15:14:00,0,ok,0,ok,8000,ok,52.00,EG,,,Broadcast Media,40.7672,-73.9328,,"A tree snapped and fell on a car, taking down wires on 31st Drive."
955967,E20210608-158006,158006,thunderstorm,Thunderstorm Wind,BX,2021-06-08 15:20:00,2021-06-08 15:20:00,0,ok,0,ok,6000,ok,52.00,EG,,,Emergency Manager,40.85,-73.87,,"Downed trees reported across the Bronx with tree service requested, with time estimated by radar."
955974,E20210608-158006,158006,thunderstorm,Thunderstorm Wind,QN,2021-06-08 15:43:00,2021-06-08 15:43:00,0,ok,0,ok,5000,ok,52.00,EG,,,Emergency Manager,40.66,-73.84,,Trees reported down across Queens with tree service requested.
968913,E20210608-160336,160336,flash-flooding,Flash Flood,BX,2021-06-08 16:00:00,2021-06-08 16:30:00,0,ok,0,ok,0,ok,,,Heavy Rain,,Public,40.8908,-73.9117,,Road flooding and road closures with vehicles stranded reported via mPING in the vicinity of West 239th Street and the Henry Hudson Parkway (Route 9A) in the Riverdale section of the Bronx.
970356,E20210630-160500,160500,thunderstorm,Marine Thunderstorm Wind,HARBOR,2021-06-30 20:48:00,2021-06-30 20:48:00,0,ok,0,ok,0,ok,35.00,MG,,,Mesonet,40.66,-74.07,,A marine thunderstorm wind gust of 35 knots was measured at Robbins Reef.
970358,E20210630-160498,160498,thunderstorm,Thunderstorm Wind,MN,2021-06-30 21:00:00,2021-06-30 21:00:00,0,ok,0,ok,3000,ok,52.00,EG,,,Law Enforcement,40.74,-74.0,,The NYPD reports wires down in Lower Manhattan.
954935,E20210601-157996,157996,thunderstorm,Marine Thunderstorm Wind,HARBOR,2021-06-04 14:56:00,2021-06-04 14:56:00,0,ok,0,ok,0,ok,44.00,MG,,,Mesonet,40.7,-74.02,,A marine thunderstorm wind gust of 44 knots was measured at 1 SW Battery Park station.
954938,E20210601-157996,157996,thunderstorm,Marine Thunderstorm Wind,HARBOR,2021-06-01 15:00:00,2021-06-01 15:00:00,0,ok,0,ok,0,ok,53.00,MG,,,Mesonet,40.6574,-74.0654,,A marine thunderstorm wind gust of 53 knots was measured at Robbins Reef station.
954941,E20210604-157997,157997,thunderstorm,Thunderstorm Wind,QN,2021-06-04 15:01:00,2021-06-04 15:01:00,0,ok,0,ok,6000,ok,61.00,EG,,,Emergency Manager,40.75,-73.95,,Six trees reported down.
946249,E20210328-156608,156608,thunderstorm,Thunderstorm Wind,SI,2021-03-28 18:48:00,2021-03-28 18:48:00,0,ok,0,ok,0,ok,63.00,MG,,,Mesonet,40.64,-74.16,,A thunderstorm wind gust of 72 mph was measured at 2 NW Westerleigh station.
937927,E20210129-155495,155495,high-winds,High Wind,QN,2021-01-29 05:00:00,2021-01-29 06:00:00,0,ok,0,ok,,missing,39.00,MS,,,ASOS,,,,A measured sustained wind of 45 mph occurred at JFK Airport at 517 AM local standard time.
937929,E20210129-155495,155495,high-winds,High Wind,MN,2021-01-29 13:00:00,2021-01-29 14:00:00,0,ok,0,ok,,missing,36.00,MS,,,Mesonet,,,,A measured wind gust of 41 mph was recorded in Washington Heights at 120 PM local standard time.
941298,E20210207-155989,155989,heavy-snow,Heavy Snow,BX,2021-02-07 09:00:00,2021-02-07 17:00:00,0,ok,0,ok,0,ok,,,,,CoCoRaHS,,,,A CoCoRaHS observer 1 mile northeast of Riverdale reported 7.0 inches of snow. The public reported 4 to 8 inches of snow.
941299,E20210207-155989,155989,winter-storm,Winter Weather,BK,2021-02-07 09:00:00,2021-02-07 18:00:00,0,ok,0,ok,0,ok,,,,,Trained Spotter,,,,Trained spotters reported 3 to 4 inches of snow.
941300,E20210207-155989,155989,winter-storm,Winter Weather,MN,2021-02-07 09:00:00,2021-02-07 17:00:00,0,ok,0,ok,0,ok,,,,,Official NWS Observations,,,,The Official NWS Observation at Central Park was 4.5 inches of snow.
941305,E20210207-155989,155989,heavy-snow,Heavy Snow,QN,2021-02-07 09:00:00,2021-02-07 18:00:00,0,ok,0,ok,0,ok,,,,,Official NWS Observations,,,,The Official NWS Observation at John F. Kennedy International Airport was 6.9 inches of snow. 6.9 inches of snow was also reported by an Emergency Manager 2 miles northwest of Jamaica.
941306,E20210207-155989,155989,winter-storm,Winter Weather,QN,2021-02-07 09:00:00,2021-02-07 18:00:00,0,ok,0,ok,0,ok,,,,,Trained Spotter,,,,"Trained spotters, amateur radio, and the public reported 4 to 6 inches of snow."
941307,E20210207-155989,155989,winter-storm,Winter Weather,SI,2021-02-07 09:00:00,2021-02-07 17:00:00,0,ok,0,ok,0,ok,,,,,Broadcast Media,,,,"Broadcast media, CoCoRaHS, and the public reported 4 to 6 inches of snow."
975093,E20210522-161463,161463,coastal-hazard,Rip Current,QN,2021-05-22 20:00:00,2021-05-22 22:00:00,1,ok,0,ok,0,ok,,,,,Broadcast Media,,,,"Recovery teams found the body of a woman in her sixties who went missing in the waters off Far Rockaway on May 22nd Saturday night. Police said a body was recovered May 23rd Sunday morning near the search site of a missing swimmer last seen the night before.||NYPD and FDNY search teams were dispatched Saturday evening to Far Rockaway after reports of a missing swimmer were made around 9:30 p.m.  The woman allegedly stripped off her clothes and ran into the Rockaway Inlet off Beach 17th St. and Seagirt Blvd. at about 9:00 p.m. According to some witnesses, they saw the woman struggling in the water 30 feet away from shore and screaming for help. Once first responders arrived to the incident the woman had already been pulled down and disappeared.||This was likely a rip current fatality due to the likely surf zone conditions and details of the incident."
937935,E20210301-155221,155221,high-winds,High Wind,QN,2021-03-01 23:30:00,2021-03-02 00:30:00,0,ok,0,ok,,missing,35.00,MS,,,ASOS,,,,A measured sustained wind of 40 mph was recorded at LaGuardia Airport right at midnight local standard time.
937970,E20210313-155514,155514,high-winds,High Wind,QN,2021-03-13 02:00:00,2021-03-13 03:00:00,0,ok,0,ok,,missing,36.00,MS,,,ASOS,,,,A recorded sustained wind of 41 mph occurred at JFK Airport at 246 local standard time.
937971,E20210313-155514,155514,high-winds,High Wind,QN,2021-03-13 01:00:00,2021-03-13 02:00:00,0,ok,0,ok,,missing,37.00,MS,,,ASOS,,,,A measured sustained wind of 43 mph was recorded at LaGuardia Aiport at 111 local standard time.
937974,E20210314-155515,155515,high-winds,High Wind,QN,2021-03-14 14:00:00,2021-03-14 15:00:00,0,ok,0,ok,,missing,40.00,MS,,,ASOS,,,,A measured sustained wind of 46 mph was recorded at JFK Airport at 228 PM local standard time.
976344,E20210708-161710,161710,flash-flooding,Flash Flood,BX,2021-07-08 15:19:00,2021-07-08 16:45:00,0,ok,0,ok,0,ok,,,Heavy Rain,,Department of Highways,40.8635,-73.9092,,All lanes were closed on the Major Deegan Expressway (I-87) southbound in Fordham due to flooding.
973723,E20210706-161142,161142,thunderstorm,Thunderstorm Wind,QN,2021-07-06 17:31:00,2021-07-06 17:31:00,0,ok,0,ok,0,ok,50.00,MG,,,ASOS,40.7795,-73.8803,,A thunderstorm wind gust of 58 mph was measured at LaGuardia airport.
973122,E20210706-161142,161142,thunderstorm,Thunderstorm Wind,MN,2021-07-06 17:30:00,2021-07-06 17:30:00,0,ok,0,ok,0,ok,50.00,MG,,,Mesonet,40.77,-73.96,,A 58 mph wind gust was measured at the Midtown Manhattan New York State mesonet station.
973123,E20210706-161141,161141,thunderstorm,Marine Thunderstorm Wind,HARBOR,2021-07-06 17:30:00,2021-07-06 17:30:00,0,ok,0,ok,0,ok,47.00,MG,,,Mesonet,40.66,-74.07,,A marine thunderstorm wind gust of 47 knots was measured at Robbins Reef station.
973124,E20210706-161141,161141,thunderstorm,Marine Thunderstorm Wind,HARBOR,2021-07-06 17:37:00,2021-07-06 17:37:00,0,ok,0,ok,0,ok,38.00,MG,,,Mesonet,40.6725,-74.092,,A marine thunderstorm wind gust of 38 knots was measured at Bayonne station.
973392,E20210706-161142,161142,thunderstorm,Thunderstorm Wind,QN,2021-07-06 17:35:00,2021-07-06 17:35:00,0,ok,0,ok,0,ok,53.00,MG,,,Mesonet,40.73,-73.82,,A 61 mph gust measured at Kew Garden Hills New York State mesonet station.
973394,E20210706-161142,161142,thunderstorm,Thunderstorm Wind,QN,2021-07-06 17:31:00,2021-07-06 17:31:00,0,ok,0,ok,1000,ok,52.00,EG,,,Trained Spotter,40.7733,-73.7757,,Tree reported down on 213th Street north of 32nd Avenue.
976293,E20210702-161698,161698,flash-flooding,Flash Flood,QN,2021-07-02 15:52:00,2021-07-02 16:00:00,0,ok,0,ok,0,ok,,,Heavy Rain,,Public,40.7302,-73.8307,,Standing water was reported up to the bumpers of cars in Jamaica.
976295,E20210702-161698,161698,flash-flooding,Flash Flood,QN,2021-07-02 15:52:00,2021-07-02 16:00:00,0,ok,0,ok,0,ok,,,Heavy Rain,,Public,40.7697,-73.8305,,Standing water was reported up to the bumpers of cars in Flushing.
976341,E20210708-161710,161710,flash-flooding,Flash Flood,MN,2021-07-08 14:55:00,2021-07-08 16:45:00,0,ok,0,ok,0,ok,,,Heavy Rain,,Public,40.8618,-73.9254,,Water was reported up to the top of a car tire on the corner of Nagle Avenue and Dyckman Street due to flooding in Washington Heights.
973395,E20210706-161142,161142,thunderstorm,Thunderstorm Wind,QN,2021-07-06 17:40:00,2021-07-06 17:40:00,0,ok,0,ok,1000,ok,52.00,EG,,,Amateur Radio,40.7025,-73.8595,,Tree down on the Jackie Robinson Parkway near Exit 4. Road is closed and Fire Department is on scene.
973682,E20210706-161142,161142,thunderstorm,Thunderstorm Wind,QN,2021-07-06 17:45:00,2021-07-06 17:45:00,0,ok,0,ok,1000,ok,52.00,EG,,,Trained Spotter,40.6898,-73.8381,,Tree reported down on 95th Avenue.
976400,E20210708-161710,161710,flash-flooding,Flash Flood,BX,2021-07-08 15:45:00,2021-07-08 16:00:00,0,ok,0,ok,0,ok,,,Heavy Rain,,Broadcast Media,40.8556,-73.9195,,Over a dozen motorists were rescued by the NYPD on the Major Deegan Expressway at W. 179th Street in Morris Heights due to flooding.
976417,E20210708-161710,161710,flash-flooding,Flash Flood,MN,2021-07-08 16:00:00,2021-07-08 16:45:00,0,ok,0,ok,0,ok,,,Heavy Rain,,Broadcast Media,40.8339,-73.9459,,Significant flooding inundated the 157th Street subway station in Washington Heights.
976419,E20210708-161710,161710,flash-flooding,Flash Flood,MN,2021-07-08 16:55:00,2021-07-08 17:25:00,0,ok,0,ok,0,ok,,,Heavy Rain,,Department of Highways,40.8381,-73.9341,,Harlem River Drive was closed southbound in Washington Heights in the area of Exit 23 due to flooding.
976288,E20210702-161698,161698,flash-flooding,Flash Flood,QN,2021-07-02 15:27:00,2021-07-02 16:00:00,0,ok,0,ok,0,ok,,,Heavy Rain,,Public,40.779,-73.8266,,The Whitestone Expressway was closed at 22nd Road in Flushing due to flooding.
976291,E20210702-161698,161698,flash-flooding,Flash Flood,QN,2021-07-02 15:37:00,2021-07-02 16:00:00,0,ok,0,ok,0,ok,,,Heavy Rain,,Public,40.7694,-73.8214,,The lobby of a building in Flushing was flooded with a few inches of flood water. The office on the ground floor was pumping out floodwater.
976347,E20210708-161710,161710,flash-flooding,Flash Flood,BX,2021-07-08 15:30:00,2021-07-08 16:45:00,0,ok,0,ok,0,ok,,,Heavy Rain,,Public,40.82,-73.93,,Several subway stations in the Bronx were inundated with flood waters.
976412,E20210708-161710,161710,flash-flooding,Flash Flood,BX,2021-07-08 16:02:00,2021-07-08 16:45:00,0,ok,0,ok,0,ok,,,Heavy Rain,,Broadcast Media,40.8422,-73.9293,,The Major Deegan Expressway was flooded near the Cross Bronx Expressway in Morris Heights. All lanes were blocked and vehicles were stranded.
988687,E20211113-163746,163746,hail,Hail,QN,2021-11-13 14:40:00,2021-11-13 14:40:00,0,ok,0,ok,0,ok,0.75,,,,Public,40.73,-73.72,,Hail of 3/4 inch was reported.
994928,E20210901-163555,163555,flash-flooding,Flash Flood,QN,2021-09-01 22:00:00,2021-09-01 22:30:00,0,ok,0,ok,60000000,ok,,,Heavy Rain,,Emergency Manager,40.7435,-73.9576,,"Flash flooding resulted in an estimated $60 million in damages across Queens, and an estimated $300 million city-wide. This estimate only includes FEMA and SBA fund requests."
988342,E20211202-163676,163676,thunderstorm,Marine Thunderstorm Wind,HARBOR,2021-12-02 22:16:00,2021-12-02 22:16:00,0,ok,0,ok,0,ok,35.00,MG,,,Mesonet,40.6725,-74.092,,A marine wind gust of 35 knots was measured at Bayonne station (34 ft. AGL).
988344,E20211202-163676,163676,thunderstorm,Marine Thunderstorm Wind,HARBOR,2021-12-02 22:30:00,2021-12-02 22:30:00,0,ok,0,ok,0,ok,34.00,MG,,,Mesonet,40.55,-73.93,,A marine thunderstorm wind gust of 34 knots was measured at Breezy Point station.
987420,E20210901-163555,163555,flash-flooding,Flash Flood,BX,2021-09-01 17:51:00,2021-09-01 23:00:00,0,ok,0,ok,0,ok,,,Heavy Rain,,Department of Highways,40.8341,-73.8733,,All lanes were closed due to flooding on the Bronx River Parkway northbound at East 172nd Street in Parkchester.
988682,E20211113-163746,163746,thunderstorm,Thunderstorm Wind,MN,2021-11-13 14:18:00,2021-11-13 14:18:00,0,ok,0,ok,10000,ok,52.00,EG,,,Emergency Manager,40.77,-73.99,,NYPD reported a light pole blown down onto an MTA bus. No injuries.
987540,E20210901-163555,163555,flash-flooding,Flash Flood,MN,2021-09-01 21:57:00,2021-09-01 22:30:00,0,ok,0,ok,54000000,ok,,,Heavy Rain,,Public,40.8711,-73.9315,,"The New York City Subway experienced flooding in many areas of the system and the MTA reported that service was extremely limited due to the flooding. This included reports of flooding at the Inwood-207th Street station (A line), excessive water on the tracks of the 2, 3, and 4 lines between Brooklyn and Manhattan, flooding of the N, R, and W lines in Manhattan and Queens, and major flooding at the 28th Street station on the 1, 2, and 3 lines in Chelsea. Service remained suspended on all but four lines at the start of the Thursday morning (September 2nd) rush. Overall the flooding resulted in an estimated $54 million in damage and repair costs to MTA infrastructure."
994925,E20210901-163555,163555,flash-flooding,Flash Flood,SI,2021-09-01 19:45:00,2021-09-01 22:45:00,0,ok,0,ok,60000000,ok,,,Heavy Rain,,Emergency Manager,40.6414,-74.0847,,"Flash flooding resulted in an estimated $60 million in damages across Staten Island, and an estimated $300 million city-wide. This estimate only includes FEMA and SBA fund requests."
988679,E20211113-163746,163746,hail,Hail,MN,2021-11-13 14:15:00,2021-11-13 14:15:00,0,ok,0,ok,0,ok,1.25,,,,CoCoRaHS,40.7372,-74.0008,,Hail of 1.25 inches in diameter was measured in Greenwich Village.
988680,E20211113-163746,163746,hail,Hail,BK,2021-11-13 14:16:00,2021-11-13 14:16:00,0,ok,0,ok,0,ok,0.75,,,,Public,40.68,-74.0,,Hail of 3/4 inch was reported.
988681,E20211113-163746,163746,hail,Hail,MN,2021-11-13 14:17:00,2021-11-13 14:17:00,0,ok,0,ok,0,ok,0.75,,,,Public,40.734,-73.9939,,Hail of 3/4 inch diameter was measured.
980148,E20210913-162343,162343,thunderstorm,Marine Thunderstorm Wind,HARBOR,2021-09-13 21:04:00,2021-09-13 21:04:00,0,ok,0,ok,0,ok,47.00,MG,,,Mesonet,40.5,-74.28,,A 47 KT wind gust was measured at the Perth Amboy mesonet station.
981862,E20210822-162621,162621,flash-flooding,Flash Flood,QN,2021-08-22 14:42:00,2021-08-22 16:55:00,0,ok,0,ok,0,ok,,,Heavy Rain,,Law Enforcement,40.6906,-73.8072,,"Tuskegee Airmen Way in Jamaica, Queens was closed due to flooding."
978249,E20210827-162029,162029,thunderstorm,Marine Thunderstorm Wind,HARBOR,2021-08-27 15:06:00,2021-08-27 15:06:00,0,ok,0,ok,0,ok,46.00,MG,,,Mesonet,40.6725,-74.092,,A marine thunderstorm wind gust of 46 knots was measured at Bayonne.
978250,E20210827-162029,162029,thunderstorm,Marine Thunderstorm Wind,HARBOR,2021-08-27 15:12:00,2021-08-27 15:12:00,0,ok,0,ok,0,ok,39.00,MG,,,Mesonet,40.6574,-74.0654,,A marine thunderstorm wind gust of 39 knots was measured at Robbins Reef.
978251,E20210827-162030,162030,thunderstorm,Thunderstorm Wind,SI,2021-08-27 15:45:00,2021-08-27 15:45:00,0,ok,0,ok,4000,ok,52.00,EG,,,Emergency Manager,40.6025,-74.1553,,Multiple downed trees that are blocking several roads on the Willowbrook Campus of The College of Staten Island.
978253,E20210827-162030,162030,thunderstorm,Lightning,SI,2021-08-27 16:10:00,2021-08-27 16:10:00,0,ok,0,ok,1000,ok,,,,,NWS Employee,40.59,-74.15,,Lightning struck a tree branch that fell and took off a passenger car mirror. No injuries.
978033,E20210812-162004,162004,thunderstorm,Lightning,BX,2021-08-12 16:15:00,2021-08-12 16:15:00,0,ok,0,ok,150000,ok,,,,,Utility Company,40.82,-73.81,,Con Ed reports substation fire caused by lightning strike.
981870,E20210822-162621,162621,flash-flooding,Flash Flood,BK,2021-08-22 16:25:00,2021-08-22 16:55:00,0,ok,0,ok,0,ok,,,Heavy Rain,,Law Enforcement,40.6541,-73.9624,,"Parkside Avenue was flooded between Coney Island Avenue and Ocean Avenue in Flatbush, Brooklyn."
981891,E20210822-162621,162621,flash-flooding,Flash Flood,QN,2021-08-22 16:00:00,2021-08-22 16:55:00,0,ok,0,ok,0,ok,,,Heavy Rain,,Public,40.7127,-73.8609,,"A car was stalled in high water on Woodhaven Boulevard in Rego Park, Queens."
984681,E20211029-163078,163078,high-winds,High Wind,BK,2021-10-29 20:00:00,2021-10-29 21:00:00,0,ok,0,ok,0,ok,51.00,MG,,,Mesonet,,,,A measured wind gust of 59 mph was recorded at Manhattan Beach at 809 PM Local Standard Time.
986495,E20211016-163389,163389,thunderstorm,Marine Thunderstorm Wind,HARBOR,2021-10-16 16:04:00,2021-10-16 16:04:00,0,ok,0,ok,0,ok,45.00,MG,,,Mesonet,40.5,-74.28,,A 45 knot gust was measured at the Perth Amboy Mesonet station.
988316,E20211016-163389,163389,thunderstorm,Marine Thunderstorm Wind,HARBOR,2021-10-16 16:18:00,2021-10-16 16:18:00,0,ok,0,ok,0,ok,38.00,MG,,,Mesonet,40.641,-74.162,,A marine thunderstorm wind gust of 38 knots was measured at Mariner's Harbor Richmond station.
982768,E20210827-162768,162768,flash-flooding,Flash Flood,SI,2021-08-27 18:02:00,2021-08-27 18:32:00,0,ok,0,ok,0,ok,,,Heavy Rain,,Emergency Manager,40.5134,-74.2521,,Staten Island Railway train service was suspended in both directions between Huguenot and Tottenville due to flooded tracks.
978034,E20210812-162004,162004,thunderstorm,Lightning,BX,2021-08-12 16:16:00,2021-08-12 16:16:00,1,ok,6,ok,0,ok,,,,,Emergency Manager,40.8674,-73.7929,,"Six people were struck by lightning at Orchard Beach. They were all transported to the hospital. One of them, a 13-year-old boy died due to his injuries."
973390,E20210706-161142,161142,thunderstorm,Thunderstorm Wind,QN,2021-07-06 17:31:00,2021-07-06 17:31:00,0,ok,0,ok,1000,ok,52.00,EG,,,Trained Spotter,40.7702,-73.8135,,Tree down blocking road on 32nd Avenue north of Bell Boulevard.
974474,E20210717-161375,161375,thunderstorm,Marine Thunderstorm Wind,HARBOR,2021-07-17 14:48:00,2021-07-17 14:48:00,0,ok,0,ok,0,ok,36.00,MG,,,Mesonet,40.641,-74.162,,A marine thunderstorm wind gust of 36 knots was measured at Mariner's Harbor (2 NW Westerleigh).
974475,E20210717-161375,161375,thunderstorm,Marine Thunderstorm Wind,HARBOR,2021-07-17 14:37:00,2021-07-17 14:37:00,0,ok,0,ok,0,ok,47.00,MG,,,Trained Spotter,40.5,-74.27,,A marine thunderstorm wind gust of 47 knots was reported by a spotter.
982575,E20210822-162621,162621,inland-flooding,Flood,BX,2021-08-22 18:45:00,2021-08-23 06:15:00,0,ok,0,ok,0,ok,,,Heavy Rain,,River/Stream Gage,40.8642,-73.8765,,"The Bronx River at the Bronx Botanical Gardens rose above minor flood stage (3.0 feet) at 6:45pm EST on August 22. It then continued to rise, exceeding moderate flood stage (3.5 feet) at 8:45pm EST before cresting at a height of 3.83 feet at 11:30pm EST. The river fell below moderate flood stage at 3:45am EST on August 23, then below minor flood stage at 6:15am EST."
977480,E20210721-161901,161901,thunderstorm,Thunderstorm Wind,QN,2021-07-21 15:55:00,2021-07-21 15:55:00,0,ok,0,ok,3000,ok,52.00,EG,,,Emergency Manager,40.7195,-73.7583,,A utility related power outage reported in Hollis section of Queens in the vicinity of 88 Avenue and Francis Lewis Boulevard caused by downed wires.
977936,E20210811-161959,161959,thunderstorm,Marine Thunderstorm Wind,HARBOR,2021-08-11 20:18:00,2021-08-11 20:18:00,0,ok,0,ok,0,ok,50.00,EG,,,Mesonet,40.6574,-74.0654,,A marine thunderstorm wind gust of 50 knots was measured at Robbins Reef station.
981790,E20210821-162612,162612,flash-flooding,Flash Flood,BK,2021-08-21 21:00:00,2021-08-22 01:09:00,0,ok,0,ok,0,ok,,,Heavy Rain,,Emergency Manager,40.6767,-73.9842,,"A water rescue was reported at the intersection of 4th Avenue and Carroll Street in Park Slope, Brooklyn, due to flash flooding."
981789,E20210821-162612,162612,flash-flooding,Flash Flood,BK,2021-08-21 21:00:00,2021-08-22 01:09:00,0,ok,0,ok,0,ok,,,Heavy Rain,,Emergency Manager,40.6404,-74.0226,,"A water rescue was reported on 3rd Avenue beneath the Gowanus Expressway in Bay Ridge, Brooklyn due to flash flooding."
981791,E20210821-162612,162612,flash-flooding,Flash Flood,BK,2021-08-21 21:06:00,2021-08-22 01:09:00,0,ok,0,ok,0,ok,,,Heavy Rain,,Public,40.6663,-73.9934,,Vehicles were stranded due to flash flooding on 4th Avenue in Park Slope.
981792,E20210821-162612,162612,flash-flooding,Flash Flood,BK,2021-08-21 21:21:00,2021-08-22 01:09:00,0,ok,0,ok,0,ok,,,Heavy Rain,,Department of Highways,40.6749,-74.0012,,All lanes were closed due to flooding on the northbound Brooklyn side of the Brooklyn Battery Tunnel in Carroll Gardens. The Clinton Street entrance to the tunnel was also closed.
981795,E20210821-162612,162612,flash-flooding,Flash Flood,BX,2021-08-21 22:20:00,2021-08-21 22:50:00,0,ok,0,ok,0,ok,,,Heavy Rain,,Public,40.822,-73.8205,,A video on social media showed cars stranded in standing water in the vicinity of the Throgs Neck Bridge in the Bronx.
981796,E20210821-162612,162612,flash-flooding,Flash Flood,QN,2021-08-21 22:29:00,2021-08-22 01:09:00,0,ok,0,ok,0,ok,,,Heavy Rain,,Department of Highways,40.6551,-73.8069,,All lanes were closed due to flooding on the exit from I-678 northbound (Van Wyck Expressway) to Federal Circle near JFK Airport.
977935,E20210811-161959,161959,thunderstorm,Marine Thunderstorm Wind,HARBOR,2021-08-11 20:12:00,2021-08-11 20:12:00,0,ok,0,ok,0,ok,38.00,MG,,,Mesonet,40.6574,-74.0654,,A marine thunderstorm wind gust of 44 knots was measured at Robbins Reef.
981797,E20210821-162612,162612,flash-flooding,Flash Flood,MN,2021-08-21 23:05:00,2021-08-21 23:35:00,0,ok,0,ok,0,ok,,,Heavy Rain,,Emergency Manager,40.8238,-73.9363,,The 3 train was suspended in both directions due to flooding between Harlem-148th Street and 34th Street-Penn Station in Manhattan.
981806,E20210821-162612,162612,flash-flooding,Flash Flood,BK,2021-08-22 00:39:00,2021-08-22 01:09:00,0,ok,0,ok,0,ok,,,Heavy Rain,,Department of Highways,40.6865,-74.0011,,"All lanes of the Brooklyn Queens Expressway were closed due to flooding in both directions at Kane Street in Cobble Hill, Brooklyn."
981808,E20210821-162612,162612,flash-flooding,Flash Flood,SI,2021-08-22 00:59:00,2021-08-22 01:29:00,0,ok,0,ok,0,ok,,,Heavy Rain,,Public,40.6069,-74.0757,,St. Johns Avenue in Grasmere was flooded with water up to the hood of a car.
996936,E20220128-165058,165058,winter-storm,Winter Storm,SI,2022-01-28 20:00:00,2022-01-29 15:00:00,0,ok,0,ok,0,ok,,,,,Broadcast Media,,,,Near blizzard conditions occurred throughout Richmond County (Staten Island). Snowfall ranged from 6 to 10 inches with blowing and drifting. Broadcast media reported 10.1 inches in Huguenot. The public reported 6.8 inches in Todt Hill and 5.9 inches in Westerleigh.
1002446,E20220117-165813,165813,thunderstorm,Marine Thunderstorm Wind,HARBOR,2022-01-17 03:23:00,2022-01-17 03:23:00,0,ok,0,ok,0,ok,49.00,MG,,,Mesonet,40.55,-73.93,,Mesonet station XBRZ Breezy Point measured a 49 KT wind gust.
1002450,E20220117-165816,165816,thunderstorm,Thunderstorm Wind,BX,2022-01-17 03:05:00,2022-01-17 03:05:00,0,ok,0,ok,0,ok,50.00,MG,,,Mesonet,40.87,-73.88,,Mesonet station BRON measured a 50 KT wind gust.
1002452,E20220117-165813,165813,thunderstorm,Marine Thunderstorm Wind,HARBOR,2022-01-17 02:54:00,2022-01-17 02:54:00,0,ok,0,ok,0,ok,41.00,MG,,,Mesonet,40.66,-74.07,,Mesonet station ROBN4 Robbins Reef measured a 41 KT wind gust.
995068,E20220105-164808,164808,winter-storm,Winter Weather,MN,2022-01-05 06:40:00,2022-01-05 07:00:00,0,ok,0,ok,0,ok,,,,,ASOS,,,,Trace of freezing rain recorded at Central Park ASOS.
995074,E20220105-164808,164808,winter-storm,Winter Weather,SI,2022-01-05 04:54:00,2022-01-05 04:54:00,0,ok,0,ok,0,ok,,,,,Emergency Manager,,,,Road closure of southbound lanes of the West Shore Expressway at Muldoon Avenue due to freezing rain. Freezing rain amount unknown.
995075,E20220105-164808,164808,winter-storm,Winter Weather,BX,2022-01-05 05:24:00,2022-01-05 05:24:00,0,ok,0,ok,0,ok,,,,,Emergency Manager,,,,Northbound lanes of the Major Deegan Expressway were closed at 145th Street Bridge. Freezing rain amount unknown.
995076,E20220105-164808,164808,winter-storm,Winter Weather,SI,2022-01-05 05:00:00,2022-01-05 05:00:00,0,ok,0,ok,0,ok,,,,,Emergency Manager,,,,Northbound West Shore Expressway ramp was closed between the Staten Island Expressway and the Goethals Bridge. Freezing rain amount unknown.
995078,E20220105-164808,164808,winter-storm,Winter Weather,QN,2022-01-05 07:50:00,2022-01-05 07:50:00,0,ok,0,ok,0,ok,,,,,Social Media,,,,"An accretion on colder surfaces reported on Twitter in Whitestone despite surface temps just above freezing with a deck, and stairs having a sheet of ice."
996928,E20220128-165058,165058,winter-storm,Winter Storm,QN,2022-01-28 21:00:00,2022-01-29 15:00:00,0,ok,0,ok,0,ok,,,,,Official NWS Observations,,,,"A strong winter storm with near blizzard conditions across Northern Queens. The LGA ASOS had a peak wind gust of 46 mph and Kew Gardens NYSM had a 46 mph peak gust. Visibilities got as low as a quarter of a mile. Snowfall amounts averaged 8 to 12 inches across Northern Queens. Snowfall reports are as follows; LGA official NWS observation of 9.2 inches, Bayside received 13.1 inches, Flushing 8.9 inches, and Whitestone received 8.8 inches."
996929,E20220128-165058,165058,winter-storm,Winter Storm,QN,2022-01-28 20:00:00,2022-01-29 16:00:00,0,ok,0,ok,0,ok,,,,,Official NWS Observations,,,,"Near blizzard conditions occurred across Southern Queens. The JFK ASOS reported numerous 1/4 mile visibility at the height of the storm, along with a peak wind gust of 46 mph. Snowfall reports were as follows: JFK Official NWS Observaion of 11.0 inches, a trained spotter in Howard Beach reported 11.5 inches, a trained spotter in Jackson Heights reported 11.3 inches, and a public report 2 miles south of Elmhurst reported 12.7 inches."
996933,E20220128-165058,165058,winter-storm,Winter Storm,BK,2022-01-28 20:00:00,2022-01-29 15:00:00,0,ok,0,ok,0,ok,,,,,Trained Spotter,,,,Near blizzard conditions occurred across Kings County with 9 to 12 inches of snow in most places with blowing and drifting. The Brooklyn College NYSM reported a 52 mph peak wind gust. Trained spotters and the public reported 9 to 12 inches of snow; with 11.8 inches in both Bay Ridge and Sheepshead Bay (11.0 and 11.8 inches). Broadcast Media reported 10.1 inches in Flatbush. A trained spotter reported 9.0 inches near Battery Park.
993948,E20220107-164617,164617,winter-storm,Winter Weather,SI,2022-01-07 00:00:00,2022-01-07 08:00:00,0,ok,0,ok,0,ok,,,,,Trained Spotter,,,,"A trained spotter reported 5.3 inches in Huguenot, and a public report measured 4.3 inches in Westerleigh."
994054,E20220107-164617,164617,heavy-snow,Heavy Snow,BX,2022-01-07 00:00:00,2022-01-07 09:00:00,0,ok,0,ok,0,ok,,,,,Trained Spotter,,,,"Broadcast Media reported 6.7 inches at Co-Op city, a CO-OP observer reported 7.1 inches in East Tremont, a trained spotter reported 7.4 inches in Parkchester, and the public reported 8.0 inches in East Tremont."
996934,E20220128-165058,165058,winter-storm,Winter Storm,MN,2022-01-28 20:30:00,2022-01-29 15:30:00,0,ok,0,ok,0,ok,,,,,Official NWS Observations,,,,"Heavy snow with near blizzard conditions at times occurred across Manhattan with reports of blowing and drifting. Snowfall reports of 8.3 inches at Central Park via Official NWS Observations, and 7.5 inches in Midtown via a trained spotter were recorded. The Midtown Manhattan NYSM recorded a wind gust of 42 mph."
996935,E20220128-165058,165058,winter-storm,Winter Storm,BX,2022-01-28 21:00:00,2022-01-29 15:30:00,0,ok,0,ok,0,ok,,,,,Public,,,,"Snowfall of 6 to 8 inches was reported across much of the Bronx. The public reported 7.0 inches in Parkchester, and 6.0 inches in Mott Haven. The Forham NYSM measured a peak wind gusts of 47 mph."
994056,E20220107-164617,164617,heavy-snow,Heavy Snow,QN,2022-01-07 00:00:00,2022-01-07 09:00:00,0,ok,0,ok,0,ok,,,,,Official NWS Observations,,,,"LaGuardia Airport Official NWS Observation reported 9.7 inches of snow, with the remainder of reports ranging from 5.5 to 7.9 inches of snow among reports from trained spotters, Amateur radio, and the public."
994058,E20220107-164617,164617,heavy-snow,Heavy Snow,MN,2022-01-07 00:00:00,2022-01-07 09:00:00,0,ok,0,ok,0,ok,,,,,Public,,,,"Snowfall reports ranged from 5.5 inches to 6.2 inches across Manhattan. A public report of 6.2 inches was reported in Midtown, 5.8 inches was reported from Central Park as an official NWS observation but may have been measured after compaction, and 5.5 inches was reported in Greenwich Village area by Broadcast Media."
994059,E20220107-164617,164617,heavy-snow,Heavy Snow,QN,2022-01-07 00:00:00,2022-01-07 09:00:00,0,ok,0,ok,0,ok,,,,,Official NWS Observations,,,,"Snowfall reports of 5.8 to 7.1 inches were reported, with JFK Airport Official NWS Observation reporting 6.2 inches and a trained spotter reporting 7.0 inches in Howard Beach."
994060,E20220107-164617,164617,heavy-snow,Heavy Snow,BK,2022-01-07 00:00:00,2022-01-07 09:00:00,0,ok,0,ok,0,ok,,,,,Trained Spotter,,,,"Snowfall reports ranging from 6.0 to 7.1 inches were reported. This included 6.5 inches in Coney Island from a trained spotter, 6.4 inches in Flatbush from Broadcast Media, and 6 inches in Bay Ridge from Emergency Management."
1003565,E20220218-165983,165983,thunderstorm,Marine Thunderstorm Wind,HARBOR,2022-02-18 06:30:00,2022-02-18 06:30:00,0,ok,0,ok,0,ok,48.00,MG,,,Mesonet,40.5,-74.28,,Mesonet station XPER Perth Amboy measured a 48 KT wind gust.
1003566,E20220218-165984,165984,thunderstorm,Thunderstorm Wind,BK,2022-02-18 06:40:00,2022-02-18 06:40:00,0,ok,0,ok,0,ok,50.00,MG,,,Mesonet,40.65,-73.93,,Mesonet staton BKLN measured a 50 KT wind gust.
1023726,E20220401-168904,168904,thunderstorm,Marine Thunderstorm Wind,HARBOR,2022-04-01 16:00:00,2022-04-01 16:00:00,0,ok,0,ok,0,ok,44.00,MG,,,Buoy,40.66,-74.07,,Buoy ROBN4 in Robbins Reef NJ measured a 44 knot wind gust.
1000529,E20220225-165457,165457,winter-storm,Winter Weather,SI,2022-02-25 02:00:00,2022-02-25 10:00:00,0,ok,0,ok,0,ok,,,,,Public,,,,The public reported 0.13 inches of ice accretion in Westerleigh.
999845,E20220213-165394,165394,winter-storm,Winter Weather,QN,2022-02-13 03:00:00,2022-02-13 15:00:00,0,ok,0,ok,0,ok,,,,,Official NWS Observations,,,,LaGuardia Airport measured 2.4 inches of snow and a trained spotter measured 3.1 inches in Little Neck.
999847,E20220213-165394,165394,winter-storm,Winter Weather,BK,2022-02-13 03:00:00,2022-02-13 14:00:00,0,ok,0,ok,0,ok,,,,,Trained Spotter,,,,"Snowfall of 2.5 inches was reported by a trained spotter, broadcast media, and the public at Flatbush, Coney Island, and Crown Heights."
999856,E20220213-165394,165394,winter-storm,Winter Weather,BX,2022-02-13 03:00:00,2022-02-13 14:00:00,0,ok,0,ok,0,ok,,,,,Public,,,,The public reported 2.8 inches at 1 E Harlem. There were reports of 3 inches right along and just north of the Westchester Bronx border.
999846,E20220213-165394,165394,winter-storm,Winter Weather,QN,2022-02-13 03:00:00,2022-02-13 15:00:00,0,ok,0,ok,0,ok,,,,,Official NWS Observations,,,,"Kennedy Airport measured 2.8 inches of snow, with broadcast media reporting 3.6 inches in Howard Beach."
1042905,E20220701-171803,171803,thunderstorm,Marine Thunderstorm Wind,HARBOR,2022-07-01 16:00:00,2022-07-01 16:00:00,0,ok,0,ok,0,ok,47.00,MG,,,Mesonet,40.66,-74.07,,Mesonet site ROBN4 in Robbins Reef NJ measured a 47 knot wind gust.
1027850,E20220516-169685,169685,thunderstorm,Marine Thunderstorm Wind,HARBOR,2022-05-16 18:42:00,2022-05-16 18:42:00,0,ok,0,ok,0,ok,36.00,MG,,,Mesonet,40.47,-74.01,,Mesonet station SDHN4 in Sandy Hook NJ measured a 41 knot wind gust.
1030537,E20220528-169988,169988,thunderstorm,Marine Thunderstorm Wind,HARBOR,2022-05-28 11:42:00,2022-05-28 11:42:00,0,ok,0,ok,0,ok,42.00,MG,,,Mesonet,40.66,-74.07,,Mesonet site ROBN4 in Robbins Reef NJ measured a 42 knot wind gust.
1030555,E20220528-169988,169988,thunderstorm,Marine Thunderstorm Wind,HARBOR,2022-05-28 12:00:00,2022-05-28 12:00:00,0,ok,0,ok,0,ok,43.00,MG,,,Mesonet,40.55,-73.93,,Mesonet site XBRX in Breezy Point NY measured a 43 knot wind gust.
1031800,E20220528-170192,170192,thunderstorm,Thunderstorm Wind,SI,2022-05-28 11:30:00,2022-05-28 11:30:00,0,ok,0,ok,0,ok,52.00,MG,,,Mesonet,40.6378,-74.1606,,Mesonet site MHRN6 2 miles SEof Elizabeth NJ measured a 52 knot wind gust.
1048803,E20220718-172759,172759,flash-flooding,Flash Flood,BX,2022-07-18 14:41:00,2022-07-18 15:11:00,0,ok,0,ok,0,ok,,,Heavy Rain,,Department of Highways,40.85,-73.92,,All lanes blocked on the I-87 Major Deegan Expressway Northbound approaching Exit 8 - West 179th Street.
1042907,E20220701-171803,171803,thunderstorm,Marine Thunderstorm Wind,HARBOR,2022-07-01 16:50:00,2022-07-01 16:50:00,0,ok,0,ok,0,ok,38.00,EG,,,Mesonet,40.55,-73.93,,Mesonet site XBRZ in Breezy Point NY measured a 38 knot wind gust.
1048806,E20220718-172759,172759,flash-flooding,Flash Flood,MN,2022-07-18 15:35:00,2022-07-18 16:05:00,0,ok,0,ok,0,ok,,,Heavy Rain,,Broadcast Media,40.87,-73.93,,Widespread street flooding with water above wheel wells of cars on Dyckman St.
1047128,E20220721-172514,172514,thunderstorm,Thunderstorm Wind,BX,2022-07-21 12:12:00,2022-07-21 12:12:00,0,ok,0,ok,1000,ok,50.00,EG,,,Public,40.8459,-73.8769,,Tree down in the parking lot at the Bronx Zoo in NY.
1048807,E20220718-172759,172759,flash-flooding,Flash Flood,BX,2022-07-18 15:58:00,2022-07-18 16:28:00,0,ok,0,ok,0,ok,,,Heavy Rain,,Department of Highways,40.863,-73.9036,,Flooding on I-87 Major Deegan Expressway northbound and southbound at West 231st Street.
1042902,E20220701-171803,171803,thunderstorm,Marine Thunderstorm Wind,HARBOR,2022-07-01 15:49:00,2022-07-01 15:49:00,0,ok,0,ok,0,ok,35.00,MG,,,Mesonet,40.67,-74.03,,Mesonet site XBYO in Bayonne NJ measured a 35 knot wind gust.
1047129,E20220721-172514,172514,hail,Hail,BX,2022-07-21 12:17:00,2022-07-21 12:17:00,0,ok,0,ok,0,ok,1.00,,,,Public,40.83,-73.9,,MPING report of 1 inch hail.
1047130,E20220721-172514,172514,hail,Hail,BX,2022-07-21 12:20:00,2022-07-21 12:20:00,0,ok,0,ok,0,ok,1.00,,,,Broadcast Media,40.82,-73.86,,Broadcast media report of 1 inch hail.
1029967,E20220527-169985,169985,thunderstorm,Marine Thunderstorm Wind,HARBOR,2022-05-27 15:53:00,2022-05-27 15:53:00,0,ok,0,ok,0,ok,35.00,MG,,,Mesonet,40.5,-74.28,,Mesonet site XPER in Perth Amboy NJ measured a 35 knot wind gust.
1013123,E20220307-167385,167385,thunderstorm,Thunderstorm Wind,SI,2022-03-07 21:23:00,2022-03-07 21:23:00,0,ok,0,ok,,missing,50.00,EG,,,Trained Spotter,40.6198,-74.1298,,Large tree branches down.
1013126,E20220307-167385,167385,thunderstorm,Thunderstorm Wind,BK,2022-03-07 21:28:00,2022-03-07 21:28:00,0,ok,0,ok,20000,ok,50.00,EG,,,Trained Spotter,40.6293,-74.009,,Fallen tree on home.
1013129,E20220307-167385,167385,thunderstorm,Thunderstorm Wind,BK,2022-03-07 21:35:00,2022-03-07 21:35:00,0,ok,0,ok,0,ok,51.00,MG,,,Mesonet,40.6306,-73.9525,,New York State Mesonet station BKLN measured a 51 knot wind gust.
1051604,E20220804-173149,173149,thunderstorm,Marine Thunderstorm Wind,HARBOR,2022-08-04 19:53:00,2022-08-04 19:53:00,0,ok,0,ok,5000,ok,55.00,EG,,,Emergency Manager,40.5403,-74.1585,,NYC EM reports several trees down in and around Eltingville on Staten Island NY.
1051624,E20220807-173153,173153,thunderstorm,Marine Thunderstorm Wind,HARBOR,2022-08-07 13:48:00,2022-08-07 13:48:00,0,ok,0,ok,0,ok,36.00,MG,,,Mesonet,40.66,-74.07,,Mesonet site ROBN4 in Robbins Reef NJ measured a 36 knot wind gust.
1051625,E20220807-173153,173153,thunderstorm,Marine Thunderstorm Wind,HARBOR,2022-08-07 13:53:00,2022-08-07 13:53:00,0,ok,0,ok,0,ok,41.00,MG,,,Mesonet,40.7004,-74.04,,Mesonet site at The Honorable William Wall on Ellis Island in NY Harbor measured a 41 knot wind gust.
1059032,E20221130-174699,174699,high-winds,High Wind,QN,2022-11-30 16:00:00,2022-11-30 19:00:00,0,ok,0,ok,0,ok,50.00,EG,,,Emergency Manager,,,,"NYC Emergency Management reported the following power outage statistics, all occurring between 430 PM to 1100 PM Local Standard Time. 925 customers without power (overhead lines) in Whitestone, Queens from 430 PM to 700 PM Local Standard Time. 1,100 customers without power (overhead lines) in Flushing, Queens from 445 PM to 650 PM Local Standard Time. 5,100 customers without power (overhead lines) in Middle Village, Queens from 630 PM to 1100 PM Local Standard Time."
1051600,E20220804-173148,173148,thunderstorm,Thunderstorm Wind,SI,2022-08-04 19:53:00,2022-08-04 19:53:00,0,ok,0,ok,5000,ok,55.00,EG,,,Emergency Manager,40.54,-74.16,,NYC EM reports several trees down in and around Eltingville on Staten Island NY.
1077983,E20221223-177302,177302,thunderstorm,Thunderstorm Wind,QN,2022-12-23 12:52:00,2022-12-23 12:52:00,0,ok,0,ok,0,ok,50.00,MG,,,ASOS,40.63,-73.78,,ASOS site KJFK in Jamaica NY measured a 50 knot wind gust.
1057234,E20220913-174370,174370,flash-flooding,Flash Flood,QN,2022-09-13 04:00:00,2022-09-13 04:30:00,0,ok,0,ok,0,ok,,,Heavy Rain,,Public,40.7376,-73.8853,,Widespread flooding on Queens Blvd in Elmhurst.
1057235,E20220913-174370,174370,flash-flooding,Flash Flood,QN,2022-09-13 04:02:00,2022-09-13 14:32:00,0,ok,0,ok,0,ok,,,Heavy Rain,,Trained Spotter,40.73,-73.91,,LIE Eastbound near 60th street in Queens NY all lanes closed due to flooding.
1057236,E20220913-174370,174370,flash-flooding,Flash Flood,QN,2022-09-13 04:28:00,2022-09-13 04:58:00,0,ok,0,ok,0,ok,,,Heavy Rain,,Department of Highways,40.76,-73.78,,Flooding on I-295 Northbound by Northern Blvd. All lanes closed.
1057237,E20220913-174370,174370,flash-flooding,Flash Flood,QN,2022-09-13 05:20:00,2022-09-13 05:50:00,0,ok,0,ok,0,ok,,,Heavy Rain,,Public,40.78,-73.77,,Cross Island Parkway closed due to flooding.
1089586,E20220617-179005,179005,coastal-hazard,Rip Current,QN,2022-06-17 17:00:00,2022-06-17 19:00:00,2,ok,0,ok,0,ok,,,,,Broadcast Media,,,,"Two beachgoers fatally drowned at unguarded areas of Rockaway Beach on Friday June 17th. Law enforcement reported that the first victim, a 16-year-old girl, was pulled out of the water off the intersection of Beach 108th Street and Shore Front Parkway. Simultaneously, police reported first responders got the second victim, a man in his late teens or early 20s, who drowned in the waters off Beach 98th Street ��� ten blocks to the east of the first fatal drowning. Both victims were rushed to St. John���s Episcopal Hospital, where they died, police sources said. The two victims were among five people pulled out of the waters off Rockaway Beach on the same day, the other three distressed victims survived."
1126096,E20230725-184124,184124,thunderstorm,Thunderstorm Wind,BK,2023-07-25 14:37:00,2023-07-25 14:37:00,0,ok,0,ok,10000,ok,50.00,EG,,,Emergency Manager,40.61,-74.0,,Several trees and wires down near Bay Ridge Parkway and 18th Avenue.
1127565,E20230729-184271,184271,thunderstorm,Marine Thunderstorm Wind,HARBOR,2023-07-29 18:36:00,2023-07-29 18:36:00,0,ok,0,ok,0,ok,49.00,MG,,,Mesonet,40.66,-74.07,,Mesonet site ROBN4 at Robbins Reef in NJ measured a 49 knot wind gust.
1126217,E20230725-184136,184136,thunderstorm,Marine Thunderstorm Wind,HARBOR,2023-07-25 14:28:00,2023-07-25 14:28:00,0,ok,0,ok,0,ok,36.00,MG,,,Mesonet,40.6983,-74.0405,,Mesonet site FW2280 at Ellis Island in NY measured a 36 knot wind gust.
1122703,E20230716-183670,183670,flash-flooding,Flash Flood,QN,2023-07-16 12:06:00,2023-07-16 12:36:00,0,ok,0,ok,0,ok,,,Heavy Rain,,Law Enforcement,40.76,-73.76,,Portion of the Cross island Parkway near Northern Blvd closed due to flooding.
1126098,E20230725-184124,184124,thunderstorm,Thunderstorm Wind,BK,2023-07-25 14:40:00,2023-07-25 14:40:00,0,ok,0,ok,30000,ok,50.00,EG,,,Fire Department/Rescue,40.61,-73.99,,Trees down along Bay Ridge Avenue in Bensonhurst between 18th and 20th Avenue. Social media photos depict numerous large trees down on roadway and vehicles.
1126221,E20230725-184136,184136,thunderstorm,Marine Thunderstorm Wind,HARBOR,2023-07-25 14:36:00,2023-07-25 14:36:00,0,ok,0,ok,0,ok,34.00,MG,,,Mesonet,40.66,-74.07,,Mesonet site ROBN4 at Robbins Reef NJ measured a 34 knot wind gust.
1075121,E20230227-176829,176829,winter-storm,Winter Weather,MN,2023-02-27 20:00:00,2023-02-28 09:00:00,0,ok,0,ok,0,ok,,,,,Official NWS Observations,,,,"A general 1 to 3 inches fell across Manhattan on non cement surfaces as temperatures will mainly a degree or so above freezing. Central Park reported 1. 8 inches of snow, and a Cocorahs observer reported 3.0 inches at 1 WNW Fordham."
1075122,E20230227-176829,176829,winter-storm,Winter Weather,QN,2023-02-27 20:00:00,2023-02-28 08:00:00,0,ok,0,ok,0,ok,,,,,Official NWS Observations,,,,"A general 2 to 3 inches of snow was reported across the zone. LaGuardia reported 2.3 inches of snow, and a public report of 3.2 inches in Whitestone. A Cocorahs report came in at 2.5 inches at 0.3 SE Little Neck."
1075123,E20230227-176829,176829,winter-storm,Winter Weather,QN,2023-02-27 20:00:00,2023-02-28 08:00:00,0,ok,0,ok,0,ok,,,,,Official NWS Observations,,,,"A general 1 to 2 inches of snow fell across much of the zone. Kennedy airport reported 1.5 inches of snow, while Howard Beach reported 2.0 inches of snow from a Cocorahs report."
1075124,E20230227-176829,176829,winter-storm,Winter Weather,BK,2023-02-27 20:00:00,2023-02-28 08:00:00,0,ok,0,ok,0,ok,,,,,Broadcast Media,,,,Light accumulations of 1 to 2 inches of snow fell across Brooklyn. Broadcast media reported 1.4 inches of snow at 1 SSW Flatbush.
1075134,E20230227-176829,176829,winter-storm,Winter Weather,BX,2023-02-27 20:00:00,2023-02-28 09:00:00,0,ok,0,ok,0,ok,,,,,Public,,,,"Not many reports came in for this county / zone, but the few reports received included a public report of 5.6 inches at 1 NE Fordham and 4.5 inches in Yonkers just above the northern border of the zone. Amounts in the zone fell below warning criteria. it appears amounts were on the order of 4 to 5 inches."
1079713,E20230401-177539,177539,thunderstorm,Marine Thunderstorm Wind,HARBOR,2023-04-01 18:12:00,2023-04-01 18:12:00,0,ok,0,ok,0,ok,41.00,MG,,,Mesonet,40.6633,-74.0672,,NOS station ROBN4 in Robbins Reef NJ measured a 41 knot wind gust.
1079714,E20230401-177539,177539,thunderstorm,Marine Thunderstorm Wind,HARBOR,2023-04-01 18:14:00,2023-04-01 18:14:00,0,ok,0,ok,0,ok,37.00,MG,,,Mesonet,40.67,-74.03,,Mesonet site XBYO in Bayonne NJ measured a 37 knot wind gust.
1079715,E20230401-177539,177539,thunderstorm,Marine Thunderstorm Wind,HARBOR,2023-04-01 18:35:00,2023-04-01 18:35:00,0,ok,0,ok,0,ok,38.00,MG,,,Mesonet,40.4169,-74.0338,,Mesonet site at Burlington Avenue in NJ measured a 38 knot wind gust.
1092300,E20230430-179339,179339,flash-flooding,Flash Flood,QN,2023-04-30 17:55:00,2023-04-30 18:25:00,0,ok,0,ok,0,ok,,,Heavy Rain,,Trained Spotter,40.7891,-73.7829,,People stranded in vehicles on Cross Island Parkway and Bell Blvd.
1092301,E20230430-179339,179339,flash-flooding,Flash Flood,QN,2023-04-30 18:50:00,2023-04-30 19:20:00,0,ok,0,ok,0,ok,,,Heavy Rain,,Public,40.7418,-73.7894,,Two vehicles stranded on the Long Island Expressway at 188 St.
1150429,E20230727-187404,187404,coastal-hazard,Rip Current,BK,2023-07-27 11:00:00,2023-07-27 13:00:00,1,ok,0,ok,0,ok,,,,,Broadcast Media,,,,"Two brothers went into the water in a red flagged area at Coney Island Beach on Thursday 7/27 in Brooklyn. The beach had signs saying Danger Drowning Risk from Rip Currents, and no lifeguards were on duty in that area. Good samaritans rescued one boy, but the other was not found. His body washed up on Saturday 7/29."
1150433,E20230727-187404,187404,coastal-hazard,Rip Current,QN,2023-07-28 19:00:00,2023-07-28 21:00:00,1,ok,0,ok,0,ok,,,,,Broadcast Media,,,,Five teens went runing into the water at Jacob Riis Park in Queens around 8pm on Friday evening 7/28. One went farther than the others and went missing. His body washed ashore several hour later.
1105964,E20230606-180764,180764,thunderstorm,Marine Thunderstorm Wind,HARBOR,2023-06-06 14:21:00,2023-06-06 14:21:00,0,ok,0,ok,0,ok,36.00,MG,,,Mesonet,40.55,-73.93,,Mesonet site XBRZ in Breezy Point NY measured a 36 knot wind gust.
1112032,E20230617-182483,182483,thunderstorm,Marine Thunderstorm Wind,HARBOR,2023-06-17 17:18:00,2023-06-17 17:18:00,0,ok,0,ok,0,ok,34.00,MG,,,Mesonet,40.66,-74.07,,Mesonet site ROBN4 in Robbins Reef NJ measured a 34 knot wind gust.
1112033,E20230617-182483,182483,thunderstorm,Marine Thunderstorm Wind,HARBOR,2023-06-17 17:29:00,2023-06-17 17:29:00,0,ok,0,ok,0,ok,39.00,MG,,,Mesonet,40.67,-74.03,,Mesonet site XBYO in Bayonne NJ measured a 39 knot wind gust.
1112034,E20230617-182483,182483,thunderstorm,Marine Thunderstorm Wind,HARBOR,2023-06-17 17:38:00,2023-06-17 17:38:00,0,ok,0,ok,0,ok,36.00,MG,,,Mesonet,40.6984,-74.0409,,Mesonet site FW2280 Jersey City measured a 36 knot wind gust.
1111899,E20230614-182439,182439,thunderstorm,Marine Thunderstorm Wind,HARBOR,2023-06-14 12:09:00,2023-06-14 12:09:00,0,ok,0,ok,0,ok,34.00,MG,,,Mesonet,40.67,-74.03,,Mesonet site XBYO in Bayonne NJ measured a 34 knot wind gust.
1131052,E20230813-184702,184702,thunderstorm,Marine Thunderstorm Wind,HARBOR,2023-08-13 01:24:00,2023-08-13 01:24:00,0,ok,0,ok,0,ok,39.00,MG,,,Mesonet,40.66,-74.07,,Mesonet site ROBN4 in Robbins Reef NJ measured a 39 knot wind gust.
1131139,E20230818-184715,184715,thunderstorm,Marine Thunderstorm Wind,HARBOR,2023-08-18 05:59:00,2023-08-18 05:59:00,0,ok,0,ok,0,ok,36.00,MG,,,Mesonet,40.6989,-74.039,,Mesonet site at Honorable William Wall in NY measured at 36 knot wind gust.
1131147,E20230818-184715,184715,thunderstorm,Marine Thunderstorm Wind,HARBOR,2023-08-18 05:49:00,2023-08-18 05:49:00,0,ok,0,ok,0,ok,42.00,MG,,,Mesonet,40.6986,-74.041,,Mesonet site FW2280 in Jersey City NJ measured a 42 knot wind gust.
1131153,E20230818-184715,184715,thunderstorm,Marine Thunderstorm Wind,HARBOR,2023-08-18 04:06:00,2023-08-18 04:06:00,0,ok,0,ok,0,ok,40.00,MG,,,Mesonet,40.66,-74.07,,Mesonet site ROBN6 in Robbins Reef NJ measured a 40 knot wind gust.
1125281,E20230704-184008,184008,thunderstorm,Lightning,BK,2023-07-04 11:21:00,2023-07-04 11:21:00,0,ok,0,ok,18000,ok,,,,,Emergency Manager,40.6,-73.92,,Reported lightning strike to a house in Marine Park Brooklyn.
1125283,E20230704-184008,184008,thunderstorm,Lightning,BK,2023-07-04 11:21:00,2023-07-04 11:21:00,0,ok,0,ok,0,ok,,,,,Emergency Manager,40.58,-73.98,,Two injuries from lightning at Coney Island Beach in Brooklyn.
1120852,E20230702-183443,183443,thunderstorm,Marine Thunderstorm Wind,HARBOR,2023-07-02 23:06:00,2023-07-02 23:06:00,0,ok,0,ok,0,ok,44.00,MG,,,Buoy,40.66,-74.07,,Buoy site ROBN4 in Robbins Reef NJ measured a 44 knot wind gust.
1130792,E20230813-184672,184672,thunderstorm,Thunderstorm Wind,MN,2023-08-13 01:33:00,2023-08-13 01:33:00,0,ok,0,ok,1000,ok,50.00,EG,,,Park/Forest Service,40.78,-73.95,,Large limbs down reported by the Central Park Conservancy.
1135742,E20230929-185266,185266,flash-flooding,Flash Flood,BK,2023-09-29 07:30:00,2023-09-29 08:00:00,0,ok,0,ok,0,ok,,,Heavy Rain,,Public,40.59,-73.99,,Vehicle stranded in flood waters at the intersection of Belt Parkway and Cropsey Avenue. Belt Parkway is closed in both directions.
1135743,E20230929-185266,185266,flash-flooding,Flash Flood,BK,2023-09-29 07:35:00,2023-09-29 08:05:00,0,ok,0,ok,0,ok,,,Heavy Rain,,Public,40.6,-73.98,,David A Boody School is flooded and being evacuated.
1135745,E20230929-185266,185266,flash-flooding,Flash Flood,BK,2023-09-29 07:38:00,2023-09-29 08:08:00,0,ok,0,ok,0,ok,,,Heavy Rain,,Broadcast Media,40.65,-73.98,,Car stranded in flood waters at the intersection of Prospect Avenue and Caton Avenue.
1135746,E20230929-185266,185266,flash-flooding,Flash Flood,BK,2023-09-29 07:43:00,2023-09-29 08:13:00,0,ok,0,ok,0,ok,,,Heavy Rain,,Broadcast Media,40.65,-73.98,,Multiple cars stranded in flood waters at the intersection of Prospect Expressway and Caton Avenue.
1135748,E20230929-185266,185266,flash-flooding,Flash Flood,QN,2023-09-29 08:02:00,2023-09-29 08:32:00,0,ok,0,ok,0,ok,,,Heavy Rain,,Department of Highways,40.7682,-73.8772,,DOT reports flooding on runway drive both directions. 94th Street to Marine Terminal Road. All lanes closed and detoured.
1135749,E20230929-185266,185266,flash-flooding,Flash Flood,QN,2023-09-29 08:05:00,2023-09-29 08:35:00,0,ok,0,ok,0,ok,,,Heavy Rain,,Other Federal Agency,40.78,-73.87,,FAA reports LGA Airport fuel farm flooded and unusable.
1135750,E20230929-185266,185266,flash-flooding,Flash Flood,BK,2023-09-29 08:15:00,2023-09-29 08:45:00,0,ok,0,ok,0,ok,,,Heavy Rain,,Broadcast Media,40.65,-73.98,,Water rescues on Prospect expressway at Caton Avenue. Fire department responding.
1135751,E20230929-185266,185266,flash-flooding,Flash Flood,BK,2023-09-29 08:30:00,2023-09-29 09:00:00,0,ok,0,ok,0,ok,,,Heavy Rain,,NWS Employee,40.65,-73.98,,Multiple car stranded with water up to the windows on Prospect Expressway at Exit 5.
1135753,E20230929-185266,185266,flash-flooding,Flash Flood,QN,2023-09-29 08:34:00,2023-09-29 09:04:00,0,ok,0,ok,0,ok,,,Heavy Rain,,NWS Employee,40.77,-73.88,,Runway Drive between Marine Terminal Road and 94th Street closed due to flooding.
1135761,E20230929-185266,185266,flash-flooding,Flash Flood,BX,2023-09-29 08:54:00,2023-09-29 09:24:00,0,ok,0,ok,0,ok,,,Heavy Rain,,AWSS,40.8094,-73.8958,,Six line NYC Subway service suspended in the Bronx Due to heavy  flooding at several subway stations.
1142494,E20230908-186184,186184,hail,Hail,SI,2023-09-08 13:40:00,2023-09-08 13:40:00,0,ok,0,ok,0,ok,1.25,,,,Public,40.55,-74.17,,Half dollar sized hail reported in Annadale on Staten Island.
1135763,E20230929-185266,185266,flash-flooding,Flash Flood,QN,2023-09-29 09:00:00,2023-09-29 09:30:00,0,ok,0,ok,0,ok,,,Heavy Rain,,Emergency Manager,40.77,-73.88,,All westbound lanes closed on the Grand Central Parkway at 86th street.
1135766,E20230929-185266,185266,flash-flooding,Flash Flood,QN,2023-09-29 09:04:00,2023-09-29 09:34:00,0,ok,0,ok,0,ok,,,Heavy Rain,,Emergency Manager,40.77,-73.89,,LaGuardia Terminal A closed due to flooding inside the building from heavy rain.
1135768,E20230929-185266,185266,flash-flooding,Flash Flood,BK,2023-09-29 09:15:00,2023-09-29 09:45:00,0,ok,0,ok,0,ok,,,Heavy Rain,,Emergency Manager,40.71,-73.96,,All lanes of I-278 at Grand Street East and West bound are blocked due to flooding.
1135769,E20230929-185266,185266,flash-flooding,Flash Flood,QN,2023-09-29 09:15:00,2023-09-29 09:45:00,0,ok,0,ok,0,ok,,,Heavy Rain,,Emergency Manager,40.77,-73.89,,All lanes blocked due to flooding on the Grand Central Parkway westbound at 86th Street.
1135770,E20230929-185266,185266,flash-flooding,Flash Flood,QN,2023-09-29 09:15:00,2023-09-29 09:45:00,0,ok,0,ok,0,ok,,,Heavy Rain,,Emergency Manager,40.79,-73.78,,Cross Island Parkway Ramp for northbound traffic closed due to flooding.
1142535,E20230908-186189,186189,hail,Marine Hail,HARBOR,2023-09-08 13:27:00,2023-09-08 13:27:00,0,ok,0,ok,0,ok,0.75,,,,Public,40.4588,-74.1801,,Penny sized hail reported near Union Beach in NJ.
1142536,E20230908-186189,186189,hail,Marine Hail,HARBOR,2023-09-08 13:40:00,2023-09-08 13:40:00,0,ok,0,ok,0,ok,1.25,,,,Public,40.547,-74.1632,,Half dollar sized hail reported in Annadale on Staten Island.
1142542,E20230911-186191,186191,thunderstorm,Marine Thunderstorm Wind,HARBOR,2023-09-11 16:15:00,2023-09-11 16:15:00,0,ok,0,ok,0,ok,43.00,MG,,,Mesonet,40.4571,-74.1385,,Mesonet site on Keansburg Pier measured a 43 knot wind gust.
1147147,E20231218-186886,186886,high-winds,High Wind,QN,2023-12-18 04:00:00,2023-12-18 07:00:00,0,ok,0,ok,0,ok,50.00,EG,,,Emergency Manager,,,,"NYC Emergency Management relayed a report of a total of 321 instances of downed trees, limbs and hanging limbs across Queens. The time of these instances most likely occurred between 400 AM and 700 AM Local Standard Time based on radar data and nearby ground observations."
1147148,E20231218-186886,186886,high-winds,High Wind,BK,2023-12-18 04:00:00,2023-12-18 07:00:00,0,ok,0,ok,0,ok,50.00,EG,,,Emergency Manager,,,,"NYC Emergency Management relayed a report of a total of 81 instances of downed trees, limbs and hanging limbs across Brooklyn. The time of these instances most likely occurred between 400 AM and 700 AM Local Standard Time based on radar data and nearby ground observations."
1154327,E20231218-186886,186886,high-winds,High Wind,BX,2023-12-18 04:00:00,2023-12-18 07:00:00,0,ok,0,ok,0,ok,51.00,MG,,,Emergency Manager,,,,"A measured wind gust of 59 mph was recorded at a mesonet station located in Fordham, NY at 450 AM Local Standard Time. In addition, NYC Emergency Management relayed a report of a total of 43 instances of downed trees, limbs and hanging limbs across the Bronx. The time of these instances most likely occurred between 400 AM and 700 AM Local Standard Time based on radar data and nearby ground observations."
1154328,E20231218-186886,186886,high-winds,High Wind,SI,2023-12-18 04:00:00,2023-12-18 07:00:00,0,ok,0,ok,0,ok,51.00,MG,,,Emergency Manager,,,,"A measured wind gust of 59 mph was recorded at a mesonet station located at the College of Staten Island in Staten Island, NY at 520 AM Local Standard Time. A measured wind gust of 66 mph was recorded at a mesonet station located at Robbins Reef Lighthouse at 448 AM Local Standard Time. In addition, NYC Emergency Management relayed a report of a total of 64 instances of downed trees, limbs and hanging limbs across Staten Island. The time of these instances most likely occurred between 400 AM and 700 AM Local Standard Time based on radar data and nearby ground observations."
1147146,E20231218-186886,186886,high-winds,High Wind,QN,2023-12-18 04:00:00,2023-12-18 07:00:00,0,ok,0,ok,0,ok,52.00,MG,,,Mesonet,,,,"A measured wind gust of 60 mph was recorded at a mesonet station located in Kew Garden Hills, NY at 645 AM Local Standard Time. In addition, NYC Emergency Management relayed a report of power outages in Middle Village starting at around 530 AM Local Standard Time. NYC Emergency Management also relayed a report of a total of 321 instances of downed trees, limbs and hanging limbs across Queens. The time of these instances most likely occurred between 400 AM and 700 AM Local Standard time based on radar data and nearby ground observations."
1154203,E20231218-187926,187926,coastal-flooding,Coastal Flood,QN,2023-12-18 11:00:00,2023-12-18 13:00:00,0,ok,0,ok,,missing,,,,,River/Stream Gage,,,,"Moderate coastal flooding occurred along the south shore of Queens:||At the Jamaica Bay (Inwood) USGS tidal gauge, moderate flooding above the threshold of 8.5 ft MLLW occurred from 1154 AM to 1230 PM, with a peak water level of 8.6 ft MLLW from 1200 PM EST to 1212 PM EST.||At East Rockaway Inlet, moderate flooding above the threshold of 7.2 ft MLLW occurred from 1118 AM EST to 1224 PM EST, with a peak water level of 7.5 ft MLLW from 1206 PM EST to 1224 PM EST."
1154329,E20231218-186886,186886,high-winds,High Wind,MN,2023-12-18 04:00:00,2023-12-18 07:00:00,0,ok,0,ok,0,ok,50.00,EG,,,Emergency Manager,,,,"NYC Emergency Management relayed a report of a total of 11 instances of downed trees, limbs and hanging limbs across Manhattan, NY. The time of these instances most likely occurred between 400 AM and 700 AM Local Standard Time based on radar data and nearby ground observations."
1154559,E20240109-187949,187949,high-winds,High Wind,QN,2024-01-09 22:00:00,2024-01-09 23:00:00,0,ok,0,ok,0,ok,53.00,MG,,,Mesonet,,,,"A measured high wind gust of 61 mph was recorded at a mesonet station located in Kew Garden Hills, NY at an elevation of 179 feet at 1030 PM Local Standard Time."
1209633,E20240802-195686,195686,thunderstorm,Marine Thunderstorm Wind,HARBOR,2024-08-02 18:15:00,2024-08-02 18:15:00,0,ok,0,ok,0,ok,39.00,MG,,,Mesonet,40.4592,-74.1418,,Mesonet site in Keansburg Pier NJ measured a 39 knot wind gust.
1197381,E20240826-193798,193798,thunderstorm,Marine Thunderstorm Wind,HARBOR,2024-08-26 19:58:00,2024-08-26 19:58:00,0,ok,0,ok,0,ok,34.00,MG,,,Mesonet,40.6986,-74.0393,,Mesonet site FW2280 measured a 34 knot wind gust.
1214036,E20240818-196217,196217,thunderstorm,Marine Thunderstorm Wind,HARBOR,2024-08-18 18:30:00,2024-08-18 18:30:00,0,ok,0,ok,0,ok,40.00,MG,,,Mesonet,40.66,-74.07,,Mesonet site ROBN4 at Robbins Reef NJ measured a 40 knot wind gust.
1214070,E20240828-196227,196227,thunderstorm,Marine Thunderstorm Wind,HARBOR,2024-08-28 20:30:00,2024-08-28 20:30:00,0,ok,0,ok,0,ok,38.00,MG,,,Mesonet,40.47,-74.01,,Mesonet site SDHN4 at Sandy Hook measured a 38 knot wind gust.
1215331,E20240809-196402,196402,high-winds,High Wind,QN,2024-08-09 13:00:00,2024-08-09 14:00:00,0,ok,0,ok,0,ok,50.00,EG,,,Trained Spotter,,,,"A trained spotter reported downed tree limbs of 2 inches in diameter and 6 feet in length around 1 mile east of Fresh Meadows in Queens, NY at 120 PM Local Standard Time."
1160578,E20240110-188720,188720,coastal-flooding,Coastal Flood,QN,2024-01-10 05:00:00,2024-01-10 09:00:00,0,ok,0,ok,0,ok,,,,,River/Stream Gage,,,,"Moderate coastal flooding occurred at the East Rockaway Inlet USGS tidal gauge, with water levels above the moderate threshold of 7.2 ft MLLW from 518 AM EST to 748 AM EST, and a peak water level of 7.9 ft MLLW at 724 AM EST. ||Moderate coastal flooding occurred at the Inwood USGS tidal gauge on Jamaica Bay, with water levels above the moderate threshold of 8.5 ft MLLW from 624 AM EST to 818 AM EST, and a peak water level of 8.8 ft MLLW from 730 AM EST to 736 AM EST."
1160570,E20240110-188720,188720,coastal-flooding,Coastal Flood,BK,2024-01-10 06:00:00,2024-01-10 09:00:00,0,ok,0,ok,0,ok,,,,,River/Stream Gage,,,,"Moderate coastal flooding occurred at the Inwood USGS tidal gauge on Jamaica Bay,with water levels above the moderate threshold of 8.5 ft MLLW from 624 AM to 818 AM EST, |and a peak water level of 8.8 ft MLLW from 730 AM to 736 AM EST."
1160602,E20240113-188725,188725,coastal-flooding,Coastal Flood,BX,2024-01-13 12:00:00,2024-01-13 13:00:00,0,ok,0,ok,0,ok,,,,,River/Stream Gage,,,,"Moderate coastal flooding occurred at the Kings Point NOS tidal gauge, with water levels at the moderate threshold of 11.0 ft MLLW from 1212 PM EST to 1230 PM EST."
1160568,E20240110-188720,188720,coastal-flooding,Coastal Flood,SI,2024-01-10 06:00:00,2024-01-10 08:00:00,0,ok,0,ok,0,ok,,,,,River/Stream Gage,,,,"Moderate coastal flooding occurred at the Great Kills USGS tidal gauge, with water levels above the moderate threshold of 8.2 ft MLLW from 648 AM to 736 AM EST, and a peak water level of 8.4 ft MLLW at 730 AM EST."
1160616,E20240113-188725,188725,coastal-flooding,Coastal Flood,QN,2024-01-13 08:00:00,2024-01-13 12:00:00,0,ok,0,ok,0,ok,,,,,River/Stream Gage,,,,"Moderate coastal flooding occurred at the East Rockaway Inlet USGS tidal gauge, with water levels above the moderate threshold of 7.2 ft MLLW from 806 AM EST to 1054 AM EST, and a peak water level of 8.1 ft MLLW at 948 AM EST.||Major coastal flooding occurred at the Inwood USGS tidal gauge on Jamaica Bay, with water levels above the major threshold of 9.3 ft MLLW from 948 AM EST to 1054 AM EST, and a peak water level of 9.6 ft MLLW from 1018 AM to 1024 AM EST. Moderate coastal flooding above the threshold of 8.5 ft MLLW occurred from 848 AM EST to 1124 AM EST."
1160611,E20240113-188725,188725,coastal-flooding,Coastal Flood,BK,2024-01-13 08:00:00,2024-01-13 12:00:00,0,ok,0,ok,0,ok,,,,,River/Stream Gage,,,,"Moderate coastal flooding occurred at the Rockaway Inlet USGS tidal gauge, with water levels above the moderate threshold of 8.6 ft MLLW from 0854 AM EST to 1048 AM EST, and a peak water level of 9.2 ft MLLW at 1018 AM EST. ||Major coastal flooding occurred at the nearby Inwood USGS tidal gauge on Jamaica Bay, with water levels above the major threshold of 9.3 ft MLLW from 948 AM EST to 1054 AM EST, and a peak water level of 9.6 ft MLLW from 1018 AM EST to 1024 AM EST. Moderate coastal flooding above the threshold of 8.5 ft MLLW occurred from 848 AM EST to 1124 AM EST."
1160603,E20240113-188725,188725,coastal-flooding,Coastal Flood,SI,2024-01-13 08:00:00,2024-01-13 12:00:00,0,ok,0,ok,0,ok,,,,,River/Stream Gage,,,,"Moderate coastal flooding occurred at the Bergen Point NY NOS tidal gauge, with water levels above the moderate threshold of 8.5 ft MLLW from 924 AM EST to 1106 AM EST, and a peak water level of 9.0 ft MLLW from 1000 AM EST to 1030 AM EST.||Moderate coastal flooding occurred at the Great Kills USGS tidal gauge, with water levels above the moderate threshold of 8.2 ft MLLW from 836 AM EST to 1054 AM EST, and a peak water level of 8.8 ft MLLW at 1030 AM EST."
1160613,E20240113-188725,188725,coastal-flooding,Coastal Flood,QN,2024-01-13 12:00:00,2024-01-13 13:00:00,0,ok,0,ok,0,ok,,,,,River/Stream Gage,,,,"Moderate coastal flooding occurred at the Kings Point NOS tidal gauge, with water levels at the moderate threshold of 11.0 ft MLLW from 1212 PM EST to 1230 PM EST."
1212541,E20240806-196023,196023,flash-flooding,Flash Flood,QN,2024-08-06 17:55:00,2024-08-06 18:00:00,0,ok,0,ok,0,ok,,,Heavy Rain,,Department of Highways,40.79,-73.78,,Flooding on the Cross Island Parkway Exit 33 Ramp to the Clearview Expressway with all lanes blocked.
1209635,E20240802-195686,195686,thunderstorm,Marine Thunderstorm Wind,HARBOR,2024-08-02 17:55:00,2024-08-02 17:55:00,0,ok,0,ok,0,ok,39.00,MG,,,Mesonet,40.6997,-74.0401,,Mesonet site FW2280 in Jersey City measured a 39 knot wind gust.
1213514,E20240803-196101,196101,thunderstorm,Marine Thunderstorm Wind,HARBOR,2024-08-03 17:15:00,2024-08-03 17:15:00,0,ok,0,ok,0,ok,35.00,MG,,,Mesonet,40.4571,-74.1397,,Mesonet site at Keansburg Pier measured a 35 knot wind gust.
1209636,E20240802-195686,195686,thunderstorm,Marine Thunderstorm Wind,HARBOR,2024-08-02 18:00:00,2024-08-02 18:00:00,0,ok,0,ok,3000,ok,50.00,EG,,,Emergency Manager,40.5883,-73.9515,,A few trees down along MTA Q line in Sheepshead Bay.
1212525,E20240806-196023,196023,flash-flooding,Flash Flood,BX,2024-08-06 16:40:00,2024-08-06 17:10:00,0,ok,0,ok,0,ok,,,Heavy Rain,,Broadcast Media,40.83,-73.85,,Cross Bronx Expressway at Castle Hill Road submerged in up to a foot of water.
1209634,E20240802-195686,195686,thunderstorm,Marine Thunderstorm Wind,HARBOR,2024-08-02 17:42:00,2024-08-02 17:42:00,0,ok,0,ok,0,ok,39.00,MG,,,Mesonet,40.66,-74.07,,Mesonet site ROBN4 in Robbins Reef NJ measured a 39 knot wind gust.
1212534,E20240806-196023,196023,flash-flooding,Flash Flood,BX,2024-08-06 16:47:00,2024-08-06 17:17:00,0,ok,0,ok,0,ok,,,Heavy Rain,,Broadcast Media,40.89,-73.91,,Car stalled in flood waters on the Henry Hudson Parkway under the West 246th Street underpass.
1161534,E20240311-188808,188808,high-winds,High Wind,BK,2024-03-11 13:00:00,2024-03-11 15:00:00,0,ok,0,ok,0,ok,50.00,EG,,,Broadcast Media,,,,"Broadcast media reported at tree on a car in Prospect Park, NY with an estimated time of occurrence of 200 PM Local Standard Time."
1161537,E20240311-188808,188808,high-winds,High Wind,SI,2024-03-11 07:30:00,2024-03-11 08:30:00,0,ok,0,ok,0,ok,54.00,MG,,,Mesonet,,,,"A measured high wind gust of 62 mph occurred at the Robbins Reef mesonet station located in nearby Bayonne, NJ at an elevation of 69 feet at 754 AM Local Standard Time."
1161218,E20240311-188808,188808,high-winds,High Wind,QN,2024-03-11 09:30:00,2024-03-11 10:30:00,0,ok,0,ok,0,ok,51.00,MG,,,ASOS,,,,"At 907 AM Local Standard Time, a measured high wind gust of 59 mph was recorded at ASOS station KLGA, LaGuardia Airport, located in East Elmhurst, NY."
1161213,E20240311-188808,188808,high-winds,High Wind,MN,2024-03-11 12:00:00,2024-03-11 13:00:00,0,ok,0,ok,0,ok,50.00,MG,,,Mesonet,,,,"At 1230 PM Local Standard Time, a measured high wind gust of 58 mph occurred at a mesonet station located in Midtown Manhattan, NY."
1161536,E20240311-188808,188808,high-winds,High Wind,BK,2024-03-11 17:30:00,2024-03-11 18:30:00,0,ok,0,ok,0,ok,50.00,EG,,,Law Enforcement,,,,"Law enforcement reported large tree limbs down on Atlantic Avenue in Brooklyn, NY at 550 PM Local Standard Time."
1161550,E20240323-188866,188866,high-winds,High Wind,MN,2024-03-23 21:00:00,2024-03-23 22:00:00,0,ok,0,ok,0,ok,50.00,EG,,,Emergency Manager,,,,"Emergency management reported a very large tree down on 5th Avenue in Manhattan, NY, closing the road between East 94th and East 93rd Streets. The exact time of the event occurrence is unknown, but is estimated to be approximately 930 PM Local Standard Time on March 23, 2024 based on an analysis of meteorological conditions around that time. The report was submitted at 1100 PM Local Standard Time."
1152288,E20240213-187612,187612,winter-storm,Winter Weather,QN,2024-02-13 03:00:00,2024-02-13 13:30:00,0,ok,0,ok,0,ok,,,,,Official NWS Observations,,,,"A wet accumulating snowfall occurred in Northern Queens. The snow initially began as a wintry mix. Snowfall totals fell short of warning criteria. LaGuardia Airport reported 3.3 inches, while 1 W Whitestone reported 5.2 inches."
1152729,E20240217-187707,187707,winter-storm,Winter Weather,QN,2024-02-17 00:30:00,2024-02-17 11:00:00,0,ok,0,ok,0,ok,,,,,Official NWS Observations,,,,"A band of heavy snow got into the far southern portion of Queens County. However, most of the zone fell short of warning criteria from a coverage perspective. This is based on reports and radar reflectivity returns. The highest amount reported was from the general public in Breezy Point with 8.9 inches and this matched up with radar returns as Breezy Point sticks out as the most southern point. Broadcast media at 4 ENE Breezy Point (Coney Island vicinity) reported 8.0 inches. Also, the NWS Official Observation at JFK reported 6.2 inches. However, this was only a very narrow stripe of warning level snow across far southern portions of the zone.  A trained spotter reported 3.3 inches a 2 S Elmhurst, the public reported 3.0 inches at 1WNW Elmhurs, and the Official NWS Observation at LGA reported 3.3 inches of snow.  There was also a 3.3 inch amount reported just to the west across Northern Brooklyn."
1152704,E20240217-187707,187707,heavy-snow,Heavy Snow,SI,2024-02-17 00:00:00,2024-02-17 11:00:00,0,ok,0,ok,0,ok,,,,,CoCoRaHS,,,,"A narrow band of heavy snow got into Richmond County (Staten Island) with the highest amounts over the southern half of the zone. A Cocorahs observer reported 7.8 inches at 1 N Tottenville. The public reported 10.0 inches at 1 WSW Tottenville, 9.5 inches at 1 SE Huguenot, 9.1 inches at 1 SSW Huguenot, 8.6 inches at 1 E New Dorp, 7.8 inches at 1 N Tottenville, and 6.8 inches at Westerleigh.  Further north in the zone only 3.5 inches was reported at 1 WNW Tompkinsville which corresponded well to radar and the band orientation."
1152708,E20240217-187707,187707,heavy-snow,Heavy Snow,BK,2024-02-17 00:00:00,2024-02-17 11:00:00,0,ok,0,ok,0,ok,,,,,Broadcast Media,,,,"A band of heavy snow got into most of Brooklyn, with perhaps far northern parts of the zone averaging below warning criteria with less reports further north and based on radar analysis and location of the stronger radar reflectivity. However most of the zone reported with warning criteria snowfall. Snowfall reports from Broadcast Media included 7.3 inches at Midwood. A trained spotter reported 8.0 inches at Sheepshead Bay and 5.2 inches at 2 WNW Crown Heights. Public reports around Bay Ridge varied from around 5 to 7.6 inches, and 6.5 inches in Williamsburg. The lowest report was from 2 W Crown Heights at 4.7 inches. Thus amounts of those reported averaged more than warning criteria and more than half the zone spatially reached warning criteria."
1152725,E20240217-187707,187707,winter-storm,Winter Weather,MN,2024-02-17 00:00:00,2024-02-17 10:30:00,0,ok,0,ok,0,ok,,,,,Official NWS Observations,,,,"The far northern edge of a band of moderate to heavy snow stationed itself just south of Manhattan, although radar reflectivity returns indicate that the band scraped far southern Manhattan although reports from far Southern Manhattan did not come in. There were 5 and 6 inch reports just to the ESE over Kings (Brooklyn) and over Hudson County in NE NJ. The NWS Official Observation for the NWS indicated 2.0 inches in Central Park, and 3.2 inches at 1 SE Greenwich Village (Madison Park) via an NWS Employee / Contractor."
1156256,E20240228-188222,188222,high-winds,High Wind,QN,2024-02-28 21:30:00,2024-02-28 22:30:00,0,ok,0,ok,0,ok,61.00,MG,,,Mesonet,,,,"A measured high wind gust of 61 mph was recorded at a mesonet site in Kew Gardens Hills, NY at an elevation of 179 feet on February 28, 2024 at 1005 PM Local Standard Time."
1156266,E20240228-188222,188222,high-winds,High Wind,QN,2024-02-28 22:00:00,2024-02-28 23:00:00,0,ok,0,ok,0,ok,50.00,MG,,,ASOS,,,,"A high wind gust of 58 mph was measured at ASOS site KJFK, John F. Kennedy Airport, NY on February 28, 2024 at 1026 Local Standard Time."
1152731,E20240217-187707,187707,winter-storm,Winter Weather,QN,2024-02-17 00:30:00,2024-02-17 11:00:00,0,ok,0,ok,0,ok,,,,,Official NWS Observations,,,,A band of heavy to moderate snow moved just to the immediate south of Northern Queens. Amounts ranged around 3 inches across the zone. The Official NWS Observation from LGA reported 3.3 inches. A public report at 1 WNW Elmhurst came in at 3.0 inches.  Also a report came in from Woodside at 3.0 inches.
1152739,E20240217-187707,187707,winter-storm,Winter Weather,BX,2024-02-17 00:00:00,2024-02-17 10:00:00,0,ok,0,ok,0,ok,,,,,CoCoRaHS,,,,Reports of around 2 inches came in for the Bronx with the band of heavy snow going just to the south. A cocorahs report of 2.0 inches came in at 1 NE Riverdale and a public report of 2.1 inches at 1 ENE East Tremont.
1156328,E20240228-188222,188222,high-winds,High Wind,SI,2024-02-28 20:30:00,2024-02-28 21:30:00,0,ok,0,ok,0,ok,57.00,MG,,,Mesonet,,,,"A measured high wind gust of 66 mph occurred on February 28, 2024 at 848 PM Local Standard Time at a mesonet site located at Robbins Reef Lighthouse in nearby Bayonne, NJ. The elevation of the taken measurement was 69 feet."
1152287,E20240213-187612,187612,winter-storm,Winter Weather,BX,2024-02-13 00:00:00,2024-02-13 13:00:00,0,ok,0,ok,0,ok,,,,,Broadcast Media,,,,"A wet snow accumulated across the Bronx, with the county falling just below warning criteria. The public reported 5.0 inches at 1 NNE East Tremont, and broadcast media reported 4.6 inches at 1 SSW Parkchester. Just to the north in Yonkers 6 inches was reported."
1152289,E20240213-187612,187612,winter-storm,Winter Weather,QN,2024-02-13 04:00:00,2024-02-13 13:30:00,0,ok,0,ok,0,ok,,,,,Official NWS Observations,,,,"A wet snow accumulated across Southern Queens after initially being a wintry mix.  Snowfall amounts ranged from 5.7 inches in Howard Beach from a trained spotter, to 4.2 inches at Kennedy Airport, to 3.3 inches at 1 S Elmhurst. Most totals ranged from 2 to 5 inches across the zone."
1152290,E20240213-187612,187612,winter-storm,Winter Weather,BK,2024-02-13 05:00:00,2024-02-13 13:00:00,0,ok,0,ok,0,ok,,,,,Trained Spotter,,,,"A wet snow accumulated across Brooklyn after initially beginning as a wintry mix. Most amounts ranged from 2 to 4 inches. Snow totals included; 3.0 inches in Midwood via a trained spotter, and other 2 to 4 inch reports."
1152291,E20240213-187612,187612,winter-storm,Winter Weather,SI,2024-02-13 05:00:00,2024-02-13 12:30:00,0,ok,0,ok,0,ok,,,,,Public,,,,"A wet snow accumulation took place in Staten Island, with amounts mostly ranging from 2 to 4 inches.  Westerleigh reported 3.3 inches via the public and 1.5 inches at 2 ENE Annadale via the public a couple of hours before the snow tapered off."
1152292,E20240213-187612,187612,winter-storm,Winter Weather,MN,2024-02-13 03:00:00,2024-02-13 12:30:00,0,ok,0,ok,0,ok,,,,,CoCoRaHS,,,,A wet snow accumulated after initially beginning as a wintry mix with mainly under 4 inches across Manhattan. Snow totals included 3.2 inches via the Central Park Conservancy.
1180996,E20240523-190661,190661,thunderstorm,Lightning,MN,2024-05-23 09:01:00,2024-05-23 09:01:00,0,ok,1,ok,,missing,,,,,Local Official,40.7055,-74.0069,,One person injured when a building on Pine Street near Water Street in Lower Manhattan was struck by lightning.
1180997,E20240523-191768,191768,thunderstorm,Marine Thunderstorm Wind,HARBOR,2024-05-23 08:58:00,2024-05-23 08:58:00,0,ok,0,ok,0,ok,55.00,MG,,,Mesonet,40.6988,-74.0414,,Mesonet station FW2280 in Jersey City measured a 55 knot wind gust.
1187530,E20240622-192470,192470,thunderstorm,Marine Thunderstorm Wind,HARBOR,2024-06-22 14:41:00,2024-06-22 14:41:00,0,ok,0,ok,0,ok,34.00,MG,,,Mesonet,40.5,-74.28,,Mesonet site XPER at Perth Amboy measured a 34 knot wind gust.
1187546,E20240622-192470,192470,thunderstorm,Marine Thunderstorm Wind,HARBOR,2024-06-22 15:12:00,2024-06-22 15:12:00,0,ok,0,ok,0,ok,54.00,MG,,,Mesonet,40.4658,-73.9956,,Mesonet site at Sandy Hook NJ mesured a 54 knot wind gust.
1181630,E20240614-191845,191845,thunderstorm,Marine Thunderstorm Wind,HARBOR,2024-06-14 18:00:00,2024-06-14 18:00:00,0,ok,0,ok,0,ok,41.00,MG,,,Mesonet,40.4769,-74.0174,,NOS / COOPS station at Sandy Hook measured a 41 knot wind gust.
1188965,E20240630-192634,192634,thunderstorm,Thunderstorm Wind,QN,2024-06-30 16:00:00,2024-06-30 16:00:00,0,ok,0,ok,2000,ok,50.00,EG,,,Utility Company,40.77,-73.84,,Utility company reports downed wires.
1188991,E20240630-192635,192635,thunderstorm,Marine Thunderstorm Wind,HARBOR,2024-06-30 16:38:00,2024-06-30 16:38:00,0,ok,0,ok,0,ok,50.00,EG,,,Fire Department/Rescue,40.5358,-74.1547,,FDNY reports downed wires and trees on a home on Elmwood Avenue on Staten Island.
1205173,E20240621-194963,194963,coastal-hazard,Rip Current,QN,2024-06-21 17:00:00,2024-06-21 20:00:00,2,ok,0,ok,0,ok,,,,,Broadcast Media,,,,"Shortly after 6 p.m. after lifeguards had left for the day, Christian Perkins, who had just turned 17 the week before, and 16-year-old Elyjha Chandler, went into the ocean near Bay 2 in Riis Park, to cool off during the heatwave. The boys did not know how to swim. Witnesses say the teens tried to jump up when a large wave came, but the wave consumed them, and they never resurfaced. By 6:35 p.m., 911 calls were made to report the missing boys. The call resulted in a massive rescue response that included FDNY Marine Units and divers, NYPD Harbor Units, NYPD Harbor Base Divers, and Coast Guard and water teams from Sandy Hook, Cape Cod and Atlantic City. They searched for the boys until darkness fell on Friday, with no sight of them. They resumed the search the next day, until the search was suspended on Saturday night. Coast Guard crews had searched a total of more than 600 square miles. The search area extended from Sandy Hook, New Jersey, to Long Beach, New York, and offshore approximately 20 nautical miles. ||Their bodies were found over a week later. Police said one of the bodies was found Saturday night June 29 around 9 p.m. near Beach 114th Street and Ocean Promenade in Queens. The other body was found Sunday June 30th around 10:45 a.m. near Beach 149th Street and Rockaway Beach Boulevard��� almost two miles west."
1205184,E20240705-194964,194964,coastal-hazard,Rip Current,BK,2024-07-05 19:00:00,2024-07-05 22:00:00,2,ok,0,ok,0,ok,,,,,Broadcast Media,,,,"Aisha Mohammed, 18, and Zainab Mohammed, 17, of the Bronx were reported missing around 8:10 p.m. Friday near Stillwell Avenue in Brooklyn by a bystander who said they entered the water and disappeared from view. The teens were found on the shoreline at 9:15 p.m. and rushed to Coney Island Hospital, where they were pronounced dead according to the NYPD. ||A relative said it was only their second time going to the beach. They were hanging out with a group of about 12 other people enjoying a sunny day at the popular beach when the skies suddenly opened up in a heavy downpour. A family member said he was returning to the group when he spotted the girls being swept out to sea in a strong current."
1205206,E20240715-194978,194978,thunderstorm,Marine Thunderstorm Wind,HARBOR,2024-07-15 04:30:00,2024-07-15 04:30:00,0,ok,0,ok,0,ok,42.00,MG,,,Mesonet,40.47,-74.01,,NOS station SDHN4 at Sandy Hook measured a 42 knot wind gust.
1205254,E20240716-194984,194984,thunderstorm,Marine Thunderstorm Wind,HARBOR,2024-07-16 18:00:00,2024-07-16 18:00:00,0,ok,0,ok,0,ok,34.00,MG,,,Mesonet,40.66,-74.07,,Mesonet site ROBN4 at Robbins Reef measured a 34 knot wind gust.
1205255,E20240716-194984,194984,thunderstorm,Marine Thunderstorm Wind,HARBOR,2024-07-16 18:22:00,2024-07-16 19:22:00,0,ok,0,ok,0,ok,45.00,MG,,,Mesonet,40.55,-73.93,,Mesonet site XBRZ at Breezy Point measured a 45 knot wind gust.
1205523,E20240731-195029,195029,thunderstorm,Marine Thunderstorm Wind,HARBOR,2024-07-31 20:38:00,2024-07-31 20:38:00,0,ok,0,ok,0,ok,36.00,MG,,,Mesonet,40.6993,-74.0397,,Mesonet site FW2280 in Jersey City measured a 36 knot wind gust.
1205613,E20240717-195035,195035,thunderstorm,Marine Thunderstorm Wind,HARBOR,2024-07-17 20:18:00,2024-07-17 20:18:00,0,ok,0,ok,0,ok,36.00,MG,,,Mesonet,40.6995,-74.0399,,Mesonet site FW2280 in Jersey City measured a 36 knot wind gust.
1177599,E20240626-191259,191259,thunderstorm,Thunderstorm Wind,QN,2024-06-26 19:55:00,2024-06-26 19:55:00,0,ok,0,ok,10000,ok,50.00,EG,,,Fire Department/Rescue,40.72,-73.88,,Tree down on house with structural damage near 79th Street and Penelope Avenue.
1177588,E20240626-191259,191259,thunderstorm,Thunderstorm Wind,BK,2024-06-26 19:35:00,2024-06-26 19:35:00,0,ok,0,ok,2000,ok,55.00,EG,,,Emergency Manager,40.69,-73.99,,Large tree branches and wires down.
1177610,E20240626-191259,191259,thunderstorm,Thunderstorm Wind,QN,2024-06-26 20:00:00,2024-06-26 20:00:00,0,ok,3,ok,10000,ok,50.00,EG,,,Fire Department/Rescue,40.79,-73.78,,Tree down on occupied car near Fort Totten. Three people trapped and injured.
1199424,E20240403-188871,188871,high-winds,High Wind,BK,2024-04-03 13:00:00,2024-04-04 14:00:00,0,ok,0,ok,0,ok,43.00,MS,,,Law Enforcement,,,,"Law enforcement reported a measured sustained high wind of 49 mph at 133 PM Local Standard Time in Crown Heights, NY."
1188967,E20240630-192634,192634,thunderstorm,Thunderstorm Wind,SI,2024-06-30 16:38:00,2024-06-30 16:38:00,0,ok,0,ok,10000,ok,50.00,EG,,,Fire Department/Rescue,40.54,-74.16,,FDNY reports downed wires and trees on a home on Elmwood Avenue on Staten Island.
1199421,E20240403-188871,188871,high-winds,High Wind,MN,2024-04-03 12:30:00,2024-04-03 23:30:00,0,ok,0,ok,0,ok,51.00,MG,,,ASOS,,,,"A measured high wind gust of 59 mph occurred at ASOS station KNYC, located in Central Park, NY, at 1054 PM Local Standard Time. In addition, broadcast media reported a tree down on two cars, blocking 102nd Street between Broadway and Amsterdam Avenue at an estimated time of 100 PM."
1177625,E20240626-191267,191267,thunderstorm,Marine Thunderstorm Wind,HARBOR,2024-06-26 19:36:00,2024-06-26 19:36:00,0,ok,0,ok,0,ok,56.00,MG,,,Mesonet,40.66,-74.07,,"Mesonet station ROBN4 Robbins Reef, NJ measured a 56 kt wind gust."
1177627,E20240626-191267,191267,thunderstorm,Marine Thunderstorm Wind,HARBOR,2024-06-26 19:40:00,2024-06-26 19:40:00,0,ok,0,ok,0,ok,51.00,MG,,,Mesonet,40.6989,-74.0396,,Mesonet station FW2280 Jersey City measured a 51 kt wind gust.
1177628,E20240626-191267,191267,thunderstorm,Marine Thunderstorm Wind,HARBOR,2024-06-26 19:41:00,2024-06-26 19:41:00,0,ok,0,ok,0,ok,38.00,MG,,,Mesonet,40.67,-74.03,,Mesonet station XBYO in Bayonne measured a 38 kt wind gust.
1199422,E20240403-188871,188871,high-winds,High Wind,BX,2024-04-03 15:00:00,2024-04-03 22:30:00,0,ok,0,ok,0,ok,54.00,MG,,,Mesonet,,,,"At 955 PM Local Standard Time, a measured high wind gust of 62 mph was recorded at a mesonet station in Fordham, NY at an elevation of 188 feet above ground level. In addition, broadcast media reported downed tree branches at 187 Grand Concourse in South Bronx at 330 PM Local Standard Time."
1213336,E20240803-196098,196098,thunderstorm,Thunderstorm Wind,BX,2024-08-03 16:26:00,2024-08-03 16:26:00,0,ok,0,ok,1000,ok,55.00,EG,,,Broadcast Media,40.88,-73.87,,Downed tree on the Bronx River Parkway northbound approaching East Gun Hill Road. All lanes blocked.
1209639,E20240802-195687,195687,thunderstorm,Thunderstorm Wind,BK,2024-08-02 18:00:00,2024-08-02 18:00:00,0,ok,0,ok,3000,ok,50.00,EG,,,Emergency Manager,40.5883,-73.9515,,A few trees down along the MTA Q line in Sheepshead Bay.
1214043,E20240818-196219,196219,thunderstorm,Thunderstorm Wind,BX,2024-08-18 19:00:00,2024-08-18 19:00:00,0,ok,0,ok,0,ok,51.00,MG,,,Mesonet,40.8497,-73.7898,,Mesonet site at City Island NY measured a 51 knot wind gust.
1224953,E20250119-197966,197966,winter-storm,Winter Weather,SI,2025-01-19 16:00:00,2025-01-20 00:00:00,0,ok,0,ok,0,ok,,,,,Public,,,,The public reported 3.5 inches at 1 E New Dorp and 2.6 inches in Westerleigh.  Snowfall was right at the cusp of advisory level criteria.
1224962,E20250119-197966,197966,winter-storm,Winter Weather,BK,2025-01-19 16:00:00,2025-01-20 00:00:00,0,ok,0,ok,0,ok,,,,,Broadcast Media,,,,"Broadcast media reported 2.7 inches at Midwood and a trained spotter reported 2.5 inches at Sheepshead Bay. The public reported 3.0 at Bedford-Stuyvesant, 3.0 inches at 1 NNE Sheepshead Bay and 2.2 inches at 1 N Bay Ridge.  Amounts generally averaged just below advisory criteria for the zone."
1224951,E20250119-197966,197966,winter-storm,Winter Weather,QN,2025-01-19 14:00:00,2025-01-20 00:00:00,0,ok,0,ok,0,ok,,,,,Official NWS Observations,,,,"An Official NWS Observation from LaGuardia Airport reported 3.6 inches of snow. A Cocorahs observer reported 2.8 inches at 0.3 SE Little Neck and a trained spotter reported 2.0 inches in Little Neck, with the public reported 2.7 inches at 2 ENE Fresh Meadows and 2.7 inches at 1 SE Fresh Meadows. The zone was right at the cusp of advisory level criteria."
1224952,E20250119-197966,197966,winter-storm,Winter Weather,QN,2025-01-19 16:00:00,2025-01-20 00:00:00,0,ok,0,ok,0,ok,,,,,Official NWS Observations,,,,"An Official NWS Observation of 2.2 inches was reported at JFK Airport. A Cocorahs observer reported 3.8 inches at Howard Beach and the public reported 3.8 inches at Bellerose just to the north. Most locations reported just below advisory level criteria, especially further south, while locations at the northern edge of the zone are estimated to be right around advisory level criteria."
1228476,E20250208-198670,198670,winter-storm,Winter Weather,BX,2025-02-08 20:00:00,2025-02-09 05:00:00,0,ok,0,ok,0,ok,,,,,Public,,,,The general public reported 4.6 inches at 1 ENE Fordham and 3.1 inches at 1 NW Fordham.
1228477,E20250208-198670,198670,winter-storm,Winter Weather,QN,2025-02-08 20:00:00,2025-02-09 05:00:00,0,ok,0,ok,0,ok,,,,,Official NWS Observations,,,,"Most reports were in the 3 to 4 inch range across the zone. The public reported 4.1 inches at Whitestone and 3.1 inches at Bellerose, with 3.6 inches at LaGuardia airport. Cocorahs reported 3.2 inches at 0.3 SE Little Neck."
1228478,E20250208-198670,198670,winter-storm,Winter Weather,QN,2025-02-08 20:00:00,2025-02-09 05:00:00,0,ok,0,ok,0,ok,,,,,Official NWS Observations,,,,"Most snowfall reports were in the 3 to 4 inch range. Cocorahs reported 3.7 inches at Howard Beach, while JFK airport reported 3.4 inches."
1228479,E20250208-198670,198670,winter-storm,Winter Weather,MN,2025-02-08 20:00:00,2025-02-09 05:00:00,0,ok,0,ok,0,ok,,,,,Official NWS Observations,,,,"Central Park Conservancy reported 3.1 inches, with a public report of 1.5 inches at 1 SSW Greenwich Village the following morning likely following some compaction."
1228480,E20250208-198670,198670,winter-storm,Winter Weather,BK,2025-02-08 20:00:00,2025-02-09 05:00:00,0,ok,0,ok,0,ok,,,,,Trained Spotter,,,,Trained spotters reported 3.0 inches at both 1 WNW Crown Heights and Sheepshead Bay. Broadcast media reported 2.8 inches at Midwood.
1228493,E20250208-198670,198670,winter-storm,Winter Weather,SI,2025-02-08 20:00:00,2025-02-09 05:00:00,0,ok,0,ok,0,ok,,,,,Public,,,,The public reported 2.2 inches at Dongan Hills.
1229145,E20250216-198802,198802,high-winds,High Wind,QN,2025-02-16 18:00:00,2025-02-16 19:00:00,0,ok,0,ok,0,ok,54.00,MG,,,ASOS,,,,"At 637 PM Local Standard Time, a measured high wind gust of 62 mph was recorded at ASOS station KJFK, JFK Airport, located in Jamaica, NY."
1229156,E20250216-198802,198802,high-winds,High Wind,BK,2025-02-17 00:00:00,2025-02-17 01:00:00,0,ok,0,ok,0,ok,52.00,MG,,,Mesonet,,,,"A measured high wind gust of 60 mph was recorded at 1219 AM Local Standard Time at a mesonet station located in South Slope, NY."
1229168,E20250216-198802,198802,high-winds,High Wind,SI,2025-02-17 08:30:00,2025-02-17 09:30:00,0,ok,0,ok,0,ok,52.00,MG,,,Mesonet,,,,"A high wind gust of 60 mph was measured at 912 AM Local Standard Time at the nearby Robbins Reef mesonet station in Bayonne, NJ at an elevation of 69 feet above ground level."
1229135,E20250216-198802,198802,high-winds,High Wind,QN,2025-02-17 06:00:00,2025-02-17 08:00:00,0,ok,0,ok,0,ok,52.00,MG,,,ASOS,,,,"At 633 AM Local Standard Time, a measured high wind gust of 60 mph was recorded at ASOS station KLGA, LaGuardia Airport, located in East Elmhurst, NY. Additionally, New York City Emergency Management reported a tree down near Astoria Boulevard along 90th Street in Flushing, Queens at 710 AM Local Standard Time."
1247737,E20250503-201062,201062,thunderstorm,Thunderstorm Wind,MN,2025-05-03 22:05:00,2025-05-03 22:05:00,0,ok,0,ok,20000,ok,50.00,EG,,,Emergency Manager,40.8298,-73.95,,Tree fell on scaffolding and car.
1257210,E20250619-202238,202238,thunderstorm,Marine Thunderstorm Wind,HARBOR,2025-06-19 17:58:00,2025-06-19 17:58:00,0,ok,0,ok,0,ok,44.00,MG,,,Mesonet,40.55,-73.93,,Mesonet site XBRZ measured a 44 knot gust.
1257198,E20250619-202236,202236,thunderstorm,Thunderstorm Wind,QN,2025-06-19 16:00:00,2025-06-19 16:00:00,0,ok,0,ok,3000,ok,55.00,EG,,,Broadcast Media,40.72,-73.9,,Tree and wires down across 60th Place and Flushing Avenue in Maspeth.
1257207,E20250619-202236,202236,thunderstorm,Lightning,MN,2025-06-19 14:39:00,2025-06-19 14:39:00,0,ok,1,ok,0,ok,,,,,Emergency Manager,40.7692,-73.9699,,A 15 year old boy was injured by a lightning strike when both him and a tree he was standing under were struck.
1257208,E20250619-202238,202238,thunderstorm,Marine Thunderstorm Wind,HARBOR,2025-06-19 15:39:00,2025-06-19 15:39:00,0,ok,0,ok,0,ok,54.00,MG,,,Mesonet,40.67,-74.03,,Mesonet site XBYO in Bayonne measured a 54 knot gust.
1257209,E20250619-202238,202238,thunderstorm,Marine Thunderstorm Wind,HARBOR,2025-06-19 15:43:00,2025-06-19 15:43:00,0,ok,0,ok,0,ok,55.00,MG,,,Mesonet,40.7006,-74.0399,,Mesonet site at Honorable William Wall measured a 55 knot gust.
1291868,E20250813-207051,207051,thunderstorm,Marine Thunderstorm Wind,HARBOR,2025-08-13 17:50:00,2025-08-13 17:50:00,0,ok,0,ok,1000,ok,50.00,EG,,,Public,40.7,-74.05,,Tree down on Freedom Way in Liberty State Park.
1291869,E20250813-207051,207051,thunderstorm,Marine Thunderstorm Wind,HARBOR,2025-08-13 17:48:00,2025-08-13 17:48:00,0,ok,0,ok,0,ok,39.00,MG,,,Mesonet,40.7001,-74.0398,,Mesonet site FW2280 near Jersey City measured a 39 knot wind gust.
1291870,E20250813-207051,207051,thunderstorm,Marine Thunderstorm Wind,HARBOR,2025-08-13 17:42:00,2025-08-13 17:42:00,0,ok,0,ok,0,ok,36.00,MG,,,Mesonet,40.66,-74.07,,Mesonet site ROBN4 Robbins Reef measured a 36 knot wind gust.
1291871,E20250813-207051,207051,thunderstorm,Marine Thunderstorm Wind,HARBOR,2025-08-13 17:48:00,2025-08-13 17:48:00,0,ok,0,ok,0,ok,35.00,MG,,,Mesonet,40.467,-74.0127,,Mesonet site SDHN4 in Sandy Hook measured a 35 knot wind gust.
1291880,E20250817-207052,207052,thunderstorm,Marine Thunderstorm Wind,HARBOR,2025-08-17 17:18:00,2025-08-17 17:18:00,0,ok,0,ok,0,ok,44.00,MG,,,Mesonet,40.7003,-74.0395,,Mesonet site FW2280 near Jersey City measured a 44 knot wind gust.
1283071,E20250725-205631,205631,thunderstorm,Thunderstorm Wind,SI,2025-07-25 14:55:00,2025-07-25 14:55:00,0,ok,0,ok,0,ok,52.00,MG,,,Mesonet,40.64,-74.16,,MHRN6 Mesonet measured a 52 knot wind gust.
1283072,E20250725-205631,205631,thunderstorm,Thunderstorm Wind,SI,2025-07-25 15:00:00,2025-07-25 15:00:00,0,ok,0,ok,3000,ok,55.00,EG,,,Trained Spotter,40.59,-74.09,,Large tree down on power lines on Henry Place at Burgher Avenue.
1283074,E20250725-205631,205631,thunderstorm,Thunderstorm Wind,SI,2025-07-25 15:00:00,2025-07-25 15:00:00,0,ok,0,ok,2000,ok,55.00,EG,,,Fire Department/Rescue,40.62,-74.12,,Large tree down on power lines blocking Manor Road.
1283075,E20250725-205631,205631,thunderstorm,Thunderstorm Wind,SI,2025-07-25 15:03:00,2025-07-25 15:03:00,0,ok,0,ok,1000,ok,55.00,EG,,,Newspaper,40.56,-74.11,,Uprooted tree blocking Mill Road at Isernia Avenue with Fire Department Responding.
1283077,E20250725-205631,205631,thunderstorm,Thunderstorm Wind,SI,2025-07-25 15:03:00,2025-07-25 15:03:00,0,ok,0,ok,2000,ok,55.00,EG,,,Trained Spotter,40.58,-74.11,,Large tree down on wires on Prescott Avenue at Clawson Street.
1283078,E20250725-205631,205631,thunderstorm,Thunderstorm Wind,SI,2025-07-25 15:03:00,2025-07-25 15:03:00,0,ok,0,ok,1000,ok,55.00,EG,,,Fire Department/Rescue,40.6,-74.08,,Tree down blocking road at Kensington Avenue.
1283079,E20250725-205631,205631,thunderstorm,Thunderstorm Wind,SI,2025-07-25 15:05:00,2025-07-25 15:05:00,0,ok,0,ok,1000,ok,55.00,EG,,,Emergency Manager,40.64,-74.08,,Staten Island Railway service suspended between St. George and Grasmere due to a  down tree blocking tracks. Reported by MTA.
1272561,E20250703-204198,204198,thunderstorm,Thunderstorm Wind,SI,2025-07-03 17:20:00,2025-07-03 17:20:00,0,ok,0,ok,1000,ok,55.00,EG,,,Fire Department/Rescue,40.54,-74.17,,Large tree down on Rae Avenue in Huguenot.
1283080,E20250725-205631,205631,thunderstorm,Thunderstorm Wind,SI,2025-07-25 15:13:00,2025-07-25 15:13:00,0,ok,0,ok,2000,ok,55.00,EG,,,Fire Department/Rescue,40.57,-74.1,,Tree down on wires blocking road at Greeley Avenue.
1283091,E20250725-205635,205635,thunderstorm,Marine Thunderstorm Wind,HARBOR,2025-07-25 14:58:00,2025-07-25 14:58:00,0,ok,0,ok,0,ok,37.00,MG,,,Mesonet,40.6998,-74.0401,,Mesonet site at the Honorable William Wall measured a 37 knot wind gust.
1272562,E20250703-204198,204198,thunderstorm,Thunderstorm Wind,SI,2025-07-03 17:25:00,2025-07-03 17:25:00,0,ok,0,ok,1000,ok,55.00,EG,,,Fire Department/Rescue,40.57,-74.15,,Large tree down on Cromer Street in Annadale.
1272563,E20250703-204198,204198,thunderstorm,Thunderstorm Wind,SI,2025-07-03 17:25:00,2025-07-03 17:25:00,0,ok,0,ok,1000,ok,55.00,EG,,,Fire Department/Rescue,40.61,-74.16,,Large tree down on Christopher Lane near Croton Place.
1272565,E20250703-204198,204198,hail,Hail,SI,2025-07-03 17:28:00,2025-07-03 17:28:00,0,ok,0,ok,0,ok,1.00,,,,Emergency Manager,40.54,-74.17,,Photo shared by NYC Emergency Management of quarter sized hail in Huguenot.
1283092,E20250725-205635,205635,thunderstorm,Marine Thunderstorm Wind,HARBOR,2025-07-25 14:59:00,2025-07-25 14:59:00,0,ok,0,ok,0,ok,41.00,MG,,,Mesonet,40.67,-74.03,,Mesonet site XBYO at Bayonne measured a 41 knot wind gust.
1283093,E20250725-205635,205635,thunderstorm,Marine Thunderstorm Wind,HARBOR,2025-07-25 15:00:00,2025-07-25 15:00:00,0,ok,0,ok,0,ok,48.00,MG,,,Mesonet,40.66,-74.07,,Mesonet site ROBN4 at Robbins Reef measured a 47 knot wind gust.
1283097,E20250725-205635,205635,thunderstorm,Marine Thunderstorm Wind,HARBOR,2025-07-25 15:12:00,2025-07-25 15:12:00,0,ok,0,ok,0,ok,45.00,MG,,,Mesonet,40.4482,-73.9982,,Mesonet site at Sandy Hook measured a 45 knot wind gust.
1283115,E20250725-205635,205635,thunderstorm,Marine Thunderstorm Wind,HARBOR,2025-07-25 15:03:00,2025-07-25 15:03:00,0,ok,0,ok,1000,ok,55.00,EG,,,Fire Department/Rescue,40.5625,-74.1115,,Uprooted tree blocking Mill Road at Isernia Avenue with Fire Department responding.
1283116,E20250725-205635,205635,thunderstorm,Marine Thunderstorm Wind,HARBOR,2025-07-25 15:13:00,2025-07-25 15:13:00,0,ok,0,ok,2000,ok,55.00,EG,,,Fire Department/Rescue,40.5713,-74.0965,,Tree down on wires blocking Greeley Avenue.
1283118,E20250725-205635,205635,thunderstorm,Marine Thunderstorm Wind,HARBOR,2025-07-25 15:03:00,2025-07-25 15:03:00,0,ok,0,ok,0,ok,55.00,EG,,,Trained Spotter,40.607,-74.067,,Large tree down on car on Tompkins Avenue at Fingerboard Avenue. The car was not occupied.
1283119,E20250725-205635,205635,thunderstorm,Marine Thunderstorm Wind,HARBOR,2025-07-25 15:05:00,2025-07-25 15:05:00,0,ok,0,ok,1000,ok,55.00,EG,,,Emergency Manager,40.642,-74.0779,,Staten Island Railway service suspended between St. George and Grasmere due to a down tree blocking tracks. Reported by MTA.
1272682,E20250703-204201,204201,thunderstorm,Marine Thunderstorm Wind,HARBOR,2025-07-03 17:16:00,2025-07-03 17:16:00,0,ok,0,ok,0,ok,43.00,MG,,,Mesonet,40.5,-74.28,,Mesonet site XPER measured a 43 knot wind gust.
1283158,E20250714-205599,205599,flash-flooding,Flash Flood,BX,2025-07-14 18:57:00,2025-07-14 19:27:00,0,ok,0,ok,0,ok,,,Heavy Rain,,Department of Highways,40.8457,-73.9153,,Cross Bronx Expressway at Jerome Avenue closed in both directions due to flooding.
1283159,E20250714-205599,205599,flash-flooding,Flash Flood,BX,2025-07-14 19:15:00,2025-07-14 19:45:00,0,ok,0,ok,0,ok,,,Heavy Rain,,Department of Highways,40.8098,-73.9305,,Northbound lanes of the Major Deegan Expressway at E.138th street are closed due  to flooding. NYPD is detouring all traffic  off at the E. 138th street exit.
1279234,E20250714-205085,205085,thunderstorm,Marine Thunderstorm Wind,HARBOR,2025-07-14 18:00:00,2025-07-14 18:00:00,0,ok,0,ok,0,ok,37.00,MG,,,Mesonet,40.66,-74.07,,Mesonet site ROBN4 at Robbins Reef measured a 37 knot wind gust.
1283162,E20250714-205599,205599,flash-flooding,Flash Flood,QN,2025-07-14 19:58:00,2025-07-14 20:28:00,0,ok,0,ok,0,ok,,,Heavy Rain,,Department of Highways,40.6742,-73.8022,,Right 2 lanes of Southbound I-678 Van Wyck Expressway at Alwick Road impassable due to flooding.
1283180,E20250731-205655,205655,thunderstorm,Marine Thunderstorm Wind,HARBOR,2025-07-31 13:55:00,2025-07-31 13:55:00,0,ok,0,ok,0,ok,37.00,MG,,,Mesonet,40.5,-74.28,,Mesonet site XPER at Perth Amboy measured a 37 knot wind gust.
1284624,E20250731-205836,205836,flash-flooding,Flash Flood,QN,2025-07-31 13:59:00,2025-07-31 14:29:00,0,ok,0,ok,0,ok,,,Heavy Rain,,Department of Highways,40.7674,-73.7824,,Flooding on I-295 both directions at 35th Avenue.
1284627,E20250731-205836,205836,flash-flooding,Flash Flood,QN,2025-07-31 13:58:00,2025-07-31 14:28:00,0,ok,0,ok,0,ok,,,Heavy Rain,,Department of Highways,40.76,-73.78,,Flooding on I-295 both directions at Northern Boulevard.
1284647,E20250731-205836,205836,flash-flooding,Flash Flood,QN,2025-07-31 14:13:00,2025-07-31 14:43:00,0,ok,0,ok,0,ok,,,Heavy Rain,,Emergency Manager,40.7704,-73.7836,,Large truck partially submerged. All lanes of the Clearview Expressway closed.
1284653,E20250731-205836,205836,flash-flooding,Flash Flood,QN,2025-07-31 15:01:00,2025-07-31 15:31:00,0,ok,0,ok,0,ok,,,Heavy Rain,,Department of Highways,40.79,-73.79,,Flooding on I-295 southbound at Belt System  - Cross Island Parkway.
1284654,E20250731-205836,205836,flash-flooding,Flash Flood,SI,2025-07-31 15:06:00,2025-07-31 15:36:00,0,ok,0,ok,0,ok,,,Heavy Rain,,Department of Highways,40.618,-74.1603,,Flooding on I-278 eastbound approaching Lambert Street. Closed.
1284664,E20250731-205836,205836,flash-flooding,Flash Flood,BK,2025-07-31 15:31:00,2025-07-31 16:01:00,0,ok,0,ok,0,ok,,,Heavy Rain,,Trained Spotter,40.6504,-74.0098,,Video showing street flooded with up to a foot of water with sewers pushing water onto  the street.
1284670,E20250731-205836,205836,flash-flooding,Flash Flood,QN,2025-07-31 15:10:00,2025-07-31 15:40:00,0,ok,0,ok,0,ok,,,Heavy Rain,,Public,40.7647,-73.7246,,Video showing cars stranded in floodwaters on the Little Neck Parkway under the LIE  overpass.
1284672,E20250731-205836,205836,flash-flooding,Flash Flood,QN,2025-07-31 15:30:00,2025-07-31 16:00:00,0,ok,0,ok,0,ok,,,Heavy Rain,,Trained Spotter,40.76,-73.73,,Road Closure due to flooding.
1283076,E20250725-205631,205631,thunderstorm,Thunderstorm Wind,SI,2025-07-25 15:03:00,2025-07-25 15:03:00,0,ok,0,ok,5000,ok,55.00,EG,,,Trained Spotter,40.61,-74.07,,Large tree down on car on Tompkins Avenue at Fingerboard Avenue. The car was not  occupied.
1277820,E20250708-204892,204892,thunderstorm,Marine Thunderstorm Wind,HARBOR,2025-07-08 18:01:00,2025-07-08 18:01:00,0,ok,0,ok,0,ok,34.00,MG,,,Mesonet,40.5,-74.28,,Mesonet site XPER at Perth Amboy measured a 34 knot wind gust.
1277822,E20250708-204892,204892,thunderstorm,Marine Thunderstorm Wind,HARBOR,2025-07-08 18:30:00,2025-07-08 18:30:00,0,ok,0,ok,0,ok,38.00,MG,,,Mesonet,40.66,-74.07,,Mesonet site ROBN4 at Robbins Reef measured a 38 knot wind gust.
1277824,E20250708-204892,204892,thunderstorm,Marine Thunderstorm Wind,HARBOR,2025-07-08 18:36:00,2025-07-08 18:36:00,0,ok,0,ok,0,ok,54.00,MG,,,Mesonet,40.4665,-74.0095,,NOS site at Sandy Hook measured a 54 knot wind gust.
1277825,E20250708-204892,204892,thunderstorm,Marine Thunderstorm Wind,HARBOR,2025-07-08 18:49:00,2025-07-08 18:49:00,0,ok,0,ok,0,ok,35.00,MG,,,Mesonet,40.6993,-74.0384,,Mesonet site FW2280 in Jersey City measured a 35 knot wind gust.
1283084,E20250725-205631,205631,thunderstorm,Thunderstorm Wind,SI,2025-07-25 15:03:00,2025-07-25 15:03:00,0,ok,0,ok,10000,ok,55.00,EG,,,Fire Department/Rescue,40.5786,-74.1101,,Large tree down on car on Fremont Avenue in Grant City.
1292859,E20250813-207212,207212,flash-flooding,Flash Flood,QN,2025-08-13 18:41:00,2025-08-13 19:11:00,0,ok,0,ok,0,ok,,,Heavy Rain,,Trained Spotter,40.7,-73.81,,Intersection closed due to flooding at Van Wyck Expressway and Archer Avenue.
1291862,E20250813-207050,207050,thunderstorm,Thunderstorm Wind,BK,2025-08-13 18:06:00,2025-08-13 18:06:00,0,ok,0,ok,3000,ok,50.00,EG,,,Utility Company,40.64,-73.94,,"Utility company states many weather related power outages across Brooklyn, with 5000+ customers without power near Midwood."
1291864,E20250813-207050,207050,thunderstorm,Thunderstorm Wind,BK,2025-08-13 18:08:00,2025-08-13 18:08:00,0,ok,0,ok,3000,ok,50.00,EG,,,Broadcast Media,40.6278,-73.9345,,Downed wires on Avenue J in Brooklyn.
1291865,E20250813-207050,207050,thunderstorm,Lightning,BK,2025-08-13 18:16:00,2025-08-13 18:16:00,0,ok,0,ok,5000,ok,,,,,Trained Spotter,40.63,-73.93,,Lightning strike caused traffic light to catch fire at Avenue K and Kings Highway in  Brooklyn.
1294725,E20251030-207600,207600,high-winds,High Wind,SI,2025-10-30 12:00:00,2025-10-30 13:00:00,0,ok,0,ok,,missing,50.00,MG,,,Mesonet,,,,"A measured wind gust of 58 mph was recorded at nearby Robbins Reef, NJ at 1224 PM Local Standard Time at an elevation of 69 feet above ground."
1298127,E20251030-208258,208258,flash-flooding,Flash Flood,BX,2025-10-30 14:30:00,2025-10-30 15:00:00,0,ok,0,ok,0,ok,,,Heavy Rain,,Trained Spotter,40.9,-73.9008,,Flooding reported near the Riverdale Country School with a foot and a half to two feet of standing water up to bottom of doors of sedan type cars.
1298128,E20251030-208258,208258,flash-flooding,Flash Flood,BK,2025-10-30 14:36:00,2025-10-30 15:06:00,0,ok,0,ok,0,ok,,,Heavy Rain,,Broadcast Media,40.62,-73.95,,Over a foot of water up to bottom of car doors in Midwood.
1298129,E20251030-208258,208258,flash-flooding,Flash Flood,BK,2025-10-30 14:50:00,2025-10-30 15:20:00,0,ok,0,ok,0,ok,,,Heavy Rain,,Amateur Radio,40.6749,-73.9979,,Water rescue of occupant in car by FDNY at Smith Street and 9th Street in Brooklyn.
1298130,E20251030-208258,208258,flash-flooding,Flash Flood,BK,2025-10-30 14:50:00,2025-10-30 15:20:00,1,ok,0,ok,0,ok,,,Heavy Rain,,Broadcast Media,40.6606,-73.9428,,High standing water with water levels above tires on some cars with leaf debris in water with of occurrence estimated. One fatality was reported by FDNY as a men entered the basement to save his dog and drowned.
1294694,E20251013-207511,207511,high-winds,Strong Wind,QN,2025-10-13 00:00:00,2025-10-13 00:30:00,0,ok,0,ok,,missing,45.00,EG,,,Public,,,,"The public reported a fallen tree on railroad tracks near Jamaica, NY in the vicinity of Aqueduct Road and North Conduit Avenue, resulting in suspended railroad service between Rockaway Blvd and Broad Channel. An estimated time of occurrence is at 1200 AM Local Standard Time."
1298133,E20251030-208258,208258,flash-flooding,Flash Flood,BK,2025-10-30 15:30:00,2025-10-30 16:00:00,0,ok,0,ok,0,ok,,,Heavy Rain,,Trained Spotter,40.6608,-73.943,,Basement water rescue along with a stranded vehicle near the intersection of Midwood street and Kingston avenue with Fire Department and ambulance on scene.
1298134,E20251030-208258,208258,flash-flooding,Flash Flood,QN,2025-10-30 16:16:00,2025-10-30 16:46:00,0,ok,0,ok,0,ok,,,Heavy Rain,,Department of Highways,40.66,-73.79,,Flooding on JFK expressway both directions south Cargo road with all lanes blocked.
1298135,E20251030-208258,208258,flash-flooding,Flash Flood,MN,2025-10-30 14:31:00,2025-10-30 15:01:00,0,ok,0,ok,0,ok,,,Heavy Rain,,Department of Highways,40.8471,-73.9351,,Flooding on George Washington Bridge eastbound near Trans-Manhattan expressway with all lanes blocked to the Harlem River drive.
1299315,E20251213-208562,208562,winter-storm,Winter Weather,BX,2025-12-13 23:00:00,2025-12-14 11:30:00,0,ok,0,ok,0,ok,,,,,Public,,,,The public reported 3.2 inches at 1 ENE Co-Op City.
1299317,E20251213-208562,208562,winter-storm,Winter Weather,MN,2025-12-13 23:00:00,2025-12-14 11:30:00,0,ok,0,ok,0,ok,,,,,Official NWS Observations,,,,Central Park reported 2.9 inches and 1 NNE New York reported 3.1 inches.
1299331,E20251213-208562,208562,heavy-snow,Heavy Snow,SI,2025-12-13 23:00:00,2025-12-14 11:30:00,0,ok,0,ok,0,ok,,,,,Public,,,,"The public reported 6.1 inches in Grasmere, 5.2 inches in Dongan Hills, and 5.1 inches a 1 WNW Tompkinsville."
1299335,E20251213-208562,208562,winter-storm,Winter Weather,BK,2025-12-13 23:00:00,2025-12-14 12:00:00,0,ok,0,ok,0,ok,,,,,Public,,,,"The public reported 4.3 inches at 1 SSE Williamsburg, 4.0 inches at 2 NNE Bay Ridge, and broadcast media reported 2.9 inches in Midwood."
1299754,E20251226-208601,208601,winter-storm,Winter Weather,BX,2025-12-26 17:00:00,2025-12-27 09:00:00,0,ok,0,ok,0,ok,,,,,Public,,,,The public reported 4.3 inches at 1 NNE Fordham and 3.0 inches at 1 NNE East Tremont.
1299755,E20251226-208601,208601,winter-storm,Winter Weather,MN,2025-12-26 18:00:00,2025-12-27 11:00:00,0,ok,0,ok,0,ok,,,,,Official NWS Observations,,,,Central Park reported 4.3 inches.
1299756,E20251226-208601,208601,winter-storm,Winter Weather,BK,2025-12-26 18:00:00,2025-12-27 10:30:00,0,ok,0,ok,0,ok,,,,,Broadcast Media,,,,"Broadcast media reported 4.6 inches in Midwood. Cocorahs reported 4.1 inches at 2.4 WSW Brooklyn. The public reported 4.3 inches at 1 SSE Williamsburg and at 3 NW Flatbush, 4.0 inches in Sheepshead Bay, and 3.1 inches at 1 N Bay Ridge."
1299757,E20251226-208601,208601,winter-storm,Winter Weather,QN,2025-12-26 17:00:00,2025-12-27 09:30:00,0,ok,0,ok,0,ok,,,,,Official NWS Observations,,,,"LaGuardia airport reported 4.2 inches. Cocorahs reported 3.9 inches at 0.3 SE Little Neck. A trained spotter reported 4.5 inches in Jackson Heights, 3.7 inches at 1 NNE Elmhurst, 3.5 inches at 2 S Elmhurst, and 3.9 inches at 1 SW Russell Gardens."
1299758,E20251226-208601,208601,winter-storm,Winter Weather,QN,2025-12-26 18:00:00,2025-12-27 10:30:00,0,ok,0,ok,0,ok,,,,,Official NWS Observations,,,,JFK Airport reported 4.2 inches. Cocorahs reported 4.1 inches in Howard Beach.
1299759,E20251226-208601,208601,winter-storm,Winter Weather,SI,2025-12-26 18:00:00,2025-12-27 11:00:00,0,ok,0,ok,0,ok,,,,,Public,,,,The public reported 4.6 inches at Dongan Hills. Amounts were lower over this zone as some sleet mixed in earlier in the event.
1304723,E20251219-209338,209338,high-winds,High Wind,SI,2025-12-19 18:00:00,2025-12-19 19:00:00,0,ok,0,ok,0,ok,50.00,MG,,,Mesonet,,,,"At 642 PM Local Standard Time, a high wind speed gust of 58 mph was recorded at mesonet station Robbins Reef Lighthouse in Bayonne, NJ, at an elevation of 69 feet above ground."
1299320,E20251213-208562,208562,winter-storm,Winter Weather,QN,2025-12-13 23:00:00,2025-12-14 12:00:00,0,ok,0,ok,0,ok,,,,,Official NWS Observations,,,,"An advisory level snow fell with JFK reporting 4.6 inches, and cocorahs reporting 4.5 inches in Howard Beach."
1299318,E20251213-208562,208562,winter-storm,Winter Weather,QN,2025-12-13 23:30:00,2025-12-14 12:00:00,0,ok,0,ok,0,ok,,,,,Official NWS Observations,,,,"An advisory level snow fell across the zone with the public reporting 5.5 inches in Bayside, and the official NWS observation at JFK was 2.6 inches. A trained spotter reported 3.8 inches at 1 S Jackson Heights. The public reported 3.3 inches at 2 S Elmhurst."
1294894,E20250906-207630,207630,thunderstorm,Thunderstorm Wind,SI,2025-09-06 14:10:00,2025-09-06 14:10:00,0,ok,0,ok,1000,ok,50.00,EG,,,Newspaper,40.54,-74.23,,Downed tree blocking Storer Avenue near Carlin Street.
1294895,E20250906-207630,207630,thunderstorm,Thunderstorm Wind,SI,2025-09-06 14:10:00,2025-09-06 14:10:00,0,ok,0,ok,1000,ok,50.00,EG,,,Newspaper,40.54,-74.24,,Tree down on Androvette Street in Staten Island.
1294899,E20250906-207632,207632,thunderstorm,Marine Thunderstorm Wind,HARBOR,2025-09-06 14:05:00,2025-09-06 14:05:00,0,ok,0,ok,0,ok,42.00,EG,,,Mesonet,40.5,-74.28,,Mesonet site XPER at Perth Amboy measured a 42 knot wind gust.
1294900,E20250906-207632,207632,thunderstorm,Marine Thunderstorm Wind,HARBOR,2025-09-06 14:24:00,2025-09-06 14:24:00,0,ok,0,ok,0,ok,38.00,MG,,,Mesonet,40.478,-74.016,,Mesonet site Sandy Hook North measured a 38 knot wind gust.
1294901,E20250906-207632,207632,thunderstorm,Marine Thunderstorm Wind,HARBOR,2025-09-06 14:30:00,2025-09-06 14:30:00,0,ok,0,ok,0,ok,34.00,MG,,,Mesonet,40.66,-74.07,,Mesonet site ROBN4 at Robbins Reef measured a 34 knot wind gust.
1294896,E20250906-207630,207630,thunderstorm,Thunderstorm Wind,MN,2025-09-06 14:00:00,2025-09-06 14:00:00,0,ok,0,ok,1000,ok,50.00,EG,,,Fire Department/Rescue,40.8324,-73.9491,,Tree down on Henry Hudson Parkway.
1303592,E20260125-209098,209098,winter-storm,Winter Storm,QN,2026-01-25 05:30:00,2026-01-26 07:00:00,0,ok,0,ok,0,ok,,,,,Official NWS Observations,,,,"An official NWS observation of 10.1 inches was reported at La Guardia airport. The following subsequent snowfall reports are as follows; 11.1 inches in 1 W Whitestone,  10.1 inches in Little Neck 0.3 SE, and 10.1 inches in Astoria. Estimated average snowfall across the zone was around 10 inches."
1303597,E20260125-209098,209098,winter-storm,Winter Storm,QN,2026-01-25 05:30:00,2026-01-26 07:00:00,0,ok,0,ok,0,ok,,,,,Official NWS Observations,,,,An official NWS Observation of 11.0 inches was reported at JFK airport. Also a trained spotter reported 11.0 inches in Howard Beach.
1303654,E20260125-209098,209098,winter-storm,Winter Storm,BK,2026-01-25 05:30:00,2026-01-26 07:00:00,0,ok,0,ok,0,ok,,,,,Broadcast Media,,,,"Broadcast media reported 9.7 inches in Sheepshead Bay. The following observations included snowfall from the public were as follows; 12.0 inches in Williamsburg, 11.3 inches in 3 WNW Flatbush, 10.5 inches in 1 SE Williamsburg, 9.0 inches from 1 NW Midwood, and 8.0 inches from 1 W Crown Heights. Estimated average snowfall for the zone was around 10 inches."
1303657,E20260125-209098,209098,winter-storm,Winter Storm,BX,2026-01-25 05:30:00,2026-01-26 07:00:00,0,ok,0,ok,0,ok,,,,,Trained Spotter,,,,"The public reported 13.5 inches in Fordham, and a trained spotter reported 11.3 inches in 1 WNW Throgs Neck Bridge."
1303658,E20260125-209098,209098,winter-storm,Winter Storm,MN,2026-01-25 05:30:00,2026-01-26 06:00:00,0,ok,0,ok,0,ok,,,,,Official NWS Observations,,,,An official NWS observation in Central Park of 11.4 inches was reported. The public reported 14.9 inches in Washington Heights.
1300968,E20260118-208869,208869,winter-storm,Winter Weather,QN,2026-01-18 08:00:00,2026-01-18 21:00:00,0,ok,0,ok,0,ok,,,,,CoCoRaHS,,,,"Cocorahs reported 2.6 inches at 0.3 SE Little Neck, and an Official NWS Observation of 1.5 inches at La Guardia."
1303656,E20260125-209098,209098,winter-storm,Winter Storm,SI,2026-01-25 05:30:00,2026-01-26 06:00:00,0,ok,0,ok,0,ok,,,,,Public,,,,"The following subsequent snowfall reports from the public were as follows; 14.0 inches in 1 W Annadale, 13.5 inches in 2 NE Westerleigh, 13.0 inches in Dongan Hills, and 8.0 inches in 1 S Westerleigh. The estimated average snowfall for the zone was around 12 inches."
1328204,E20260316-212379,212379,thunderstorm,Thunderstorm Wind,QN,2026-03-16 23:40:00,2026-03-16 23:40:00,0,ok,0,ok,0,ok,54.00,MG,,,ASOS,40.78,-73.88,,ASOS site KLGA at LaGuardia Airport measured a 62 mph wind gust.
1328205,E20260316-212379,212379,thunderstorm,Thunderstorm Wind,QN,2026-03-16 23:44:00,2026-03-16 23:44:00,0,ok,0,ok,0,ok,63.00,MG,,,ASOS,40.64,-73.78,,ASOS site at KJFK Airport measured a 72 mph wind gust.
1328208,E20260316-212378,212378,thunderstorm,Marine Thunderstorm Wind,HARBOR,2026-03-16 23:17:00,2026-03-16 23:17:00,0,ok,0,ok,0,ok,43.00,MG,,,Mesonet,40.5,-74.28,,Mesonet site XPER at Perth Amboy measured a 43 knot wind gust.
1328209,E20260316-212378,212378,thunderstorm,Marine Thunderstorm Wind,HARBOR,2026-03-16 23:30:00,2026-03-16 23:30:00,0,ok,0,ok,0,ok,52.00,MG,,,Mesonet,40.66,-74.07,,Mesonet site ROBN4 at Robbins Reef measured a 52 knot wind gust.
1328210,E20260316-212378,212378,thunderstorm,Marine Thunderstorm Wind,HARBOR,2026-03-16 23:31:00,2026-03-16 23:31:00,0,ok,0,ok,0,ok,47.00,MG,,,Mesonet,40.55,-73.93,,Mesonet site XBRX at Breezy Point measured a 47 knot wind gust.
1316710,E20260223-210750,210750,high-winds,High Wind,BX,2026-02-23 06:00:00,2026-02-23 07:00:00,0,ok,0,ok,0,ok,53.00,MG,,,Mesonet,,,,A high wind gust of 61 MPH was recorded at 630 AM Local Standard Time at a mesonet station located in Fordham at an elevation of 188 feet above ground level.
1316714,E20260223-210750,210750,high-winds,High Wind,QN,2026-02-23 03:00:00,2026-02-23 04:00:00,0,ok,0,ok,0,ok,56.00,MG,,,Mesonet,,,,"At 320 AM Local Standard Time, a measured high wind gust of 64 MPH was recorded at a mesonet station located in Kew Garden Hills at an elevation of 179 feet."
1316715,E20260223-210750,210750,high-winds,High Wind,QN,2026-02-23 05:00:00,2026-02-23 06:00:00,0,ok,0,ok,0,ok,54.00,MG,,,ASOS,,,,A measured high wind gust of 62 mph was recorded at ASOS station KJFK - John F. Kennedy International Airport at 517 AM Local Standard Time.
1316011,E20260207-210743,210743,high-winds,High Wind,QN,2026-02-07 13:30:00,2026-02-07 14:30:00,0,ok,0,ok,0,ok,51.00,MG,,,ASOS,,,,"A measure wind gust of 59 mph was recorded at ASOS station KJFK, JFK International Airport, located in Jamaica, NY, at 200 PM Local Standard Time."
1310202,E20260223-209854,209854,winter-storm,Blizzard,BK,2026-02-23 05:00:00,2026-02-23 11:00:00,0,ok,0,ok,0,ok,,,,,ASOS,,,,"Frequent wind gusts of over 50 mph with JFK ASOS reporting a 62 mph gust at 5:17 am, a 64 mph gust at Kew Garden Hills NYS mesonet at 3:20 am, and a 50 mph gust reported at 2:16 am at the Breezy Point mesonet station, and a 57 mph gust reported at Brooklyn College NYSM station at 5:10 am; along with frequent visibilities of a quarter mile or less were reported at the JFK ASOS. Snowfall amounts reported across the zone ranged just on either side of 20 inches across the zone via public reports, trained spotters, and the official NWS observation at JFK airport."
1310201,E20260223-209854,209854,winter-storm,Blizzard,QN,2026-02-23 07:00:00,2026-02-23 11:00:00,0,ok,0,ok,0,ok,,,,,ASOS,,,,"Frequent wind gusts of over 40 mph with LGA ASOS reporting a 52 mph gust at 6:04 am, and a 64 mph gust at Kew Garden Hills NYS mesonet at 3:20 am; along with frequent visibilities of a quarter mile or less were reported at the LGA ASOS. Snowfall amounts reported across the zone ranged from mainly 18 to 23 inches across the zone via public reports, trained spotters, and the official NWS observation at LGA airport."
1310203,E20260223-209854,209854,winter-storm,Blizzard,SI,2026-02-23 04:00:00,2026-02-23 11:00:00,0,ok,0,ok,0,ok,,,,,ASOS,,,,"Frequent wind gusts of over 45 mph with Newark ASOS reporting a 54 mph gust at 3:07 am, and Bayonne mesonet reporting a 53 mph gust at 2:47 am, and JFK ASOS reporting a 62 mph gust at 5:17 am; and frequent visibilities of a quarter mile or less were reported at surrounding ASOS stations. The college of Staten Island NYSM station reported a 58 mph gust at 1:05 am. Snowfall amounts reported across the zone ranged from mainly 21 to 29 inches across the zone via mainly public reports, along with a Cocorahs report."
1310204,E20260223-209854,209854,winter-storm,Blizzard,MN,2026-02-23 04:00:00,2026-02-23 11:00:00,0,ok,0,ok,0,ok,,,,,ASOS,,,,"Frequent wind gusts of over 40 mph with JFK ASOS reporting a 62 mph gust at 5:17 am, and Bayonne mesonet reporting a 53 mph gust at 2:47 am, and Brooklyn college reporting a 57 mph gust at 5:10 am; and frequent visibilities of a quarter mile or less were reported at surrounding ASOS stations, including Central Park. Snowfall amounts reported across the zone ranged from mainly 20 to 23 inches across the zone via the public, and an official NWS observation from Central Park."
1310207,E20260223-209854,209854,winter-storm,Blizzard,BX,2026-02-23 05:00:00,2026-02-23 10:00:00,0,ok,0,ok,0,ok,,,,,ASOS,,,,"Frequent wind gusts of over 40 mph with LGA ASOS reporting a 52 mph gust at 6:04 am, a 61 mph gust at 6:30 am at the Fordham NYSM station, and a 64 mph gust at Kew Garden Hills NYS mesonet at 3:20 am; along with frequent visibilities of a quarter mile or less were reported at the LGA ASOS. Snowfall amounts reported across the zone ranged from mainly 20 to 23 inches across the zone via public reports, and a trained spotter."
1310200,E20260223-209854,209854,winter-storm,Blizzard,QN,2026-02-23 05:00:00,2026-02-23 11:30:00,0,ok,0,ok,0,ok,,,,,ASOS,,,,"Frequent wind gusts of over 50 mph with JFK ASOS reporting a 62 mph gust at 5:17 am, and a 64 mph gust at Kew Garden Hills NYS mesonet at 3:20 am; along with frequent visibilities of a quarter mile or less were reported at the JFK ASOS. Snowfall amounts reported across the zone ranged just on either side of 20 inches across the zone via public reports, trained spotters, and the official NWS observation at JFK airport."
