{"type":"FeatureCollection","features":[{"type":"Feature","properties":{"source":"Natural Earth 1:50m land, v5.1.2"},"geometry":{"type":"MultiPolygon","coordinates":[[[[-81.33,24.65],[-81.36,24.63],[-81.38,24.64],[-81.38,24.67],[-81.42,24.73],[-81.42,24.75],[-81.32,24.69],[-81.32,24.67],[-81.33,24.65]]],[[[-80.83,24.8],[-80.85,24.8],[-80.84,24.82],[-80.8,24.85],[-80.79,24.84],[-80.79,24.82],[-80.83,24.8]]],[[[-80.64,24.9],[-80.67,24.9],[-80.63,24.94],[-80.61,24.94],[-80.64,24.9]]],[[[-25.43,70.92],[-25.4,70.86],[-25.39,70.83],[-25.4,70.81],[-25.42,70.79],[-25.47,70.78],[-25.38,70.74],[-25.35,70.71],[-25.35,70.69],[-25.4,70.65],[-25.8,70.6],[-25.91,70.57],[-26.05,70.51],[-26.22,70.45],[-26.27,70.45],[-26.34,70.51],[-26.6,70.55],[-27.1,70.53],[-27.69,70.48],[-27.9,70.45],[-28.0,70.47],[-28.04,70.49],[-28.04,70.51],[-27.97,70.59],[-27.94,70.62],[-27.81,70.64],[-27.71,70.71],[-27.74,70.79],[-27.71,70.9],[-27.62,70.91],[-27.39,70.88],[-27.24,70.87],[-26.98,70.86],[-26.62,70.88],[-26.34,70.92],[-25.82,71.04],[-25.73,71.04],[-25.66,71.0],[-25.61,70.98],[-25.46,70.94],[-25.43,70.92]]],[[[22.62,58.62],[22.69,58.6],[22.75,58.6],[22.82,58.62],[22.96,58.61],[23.29,58.48],[23.32,58.45],[23.13,58.44],[23.08,58.4],[23.04,58.37],[22.98,58.36],[22.89,58.31],[22.76,58.26],[22.73,58.23],[22.5,58.24],[22.37,58.22],[22.27,58.16],[22.23,58.05],[22.15,57.97],[22.08,57.94],[22.0,57.93],[21.98,57.96],[21.99,58.0],[22.15,58.12],[22.19,58.15],[22.1,58.17],[22.03,58.21],[21.88,58.26],[21.85,58.3],[21.89,58.3],[21.92,58.32],[21.97,58.35],[21.98,58.39],[21.86,58.5],[21.92,58.51],[22.0,58.51],[22.08,58.48],[22.17,58.52],[22.21,58.52],[22.27,58.51],[22.33,58.58],[22.47,58.6],[22.55,58.63],[22.62,58.62]]],[[[21.61,78.6],[21.75,78.57],[22.04,78.58],[22.21,78.41],[22.3,78.23],[22.45,78.22],[22.73,78.24],[22.99,78.25],[23.12,78.24],[23.35,78.19],[23.45,78.15],[23.36,78.12],[23.15,78.09],[23.12,77.99],[23.33,77.96],[23.68,77.88],[23.88,77.86],[24.24,77.9],[24.57,77.83],[24.9,77.76],[24.13,77.66],[24.06,77.63],[23.95,77.56],[23.84,77.5],[23.74,77.46],[23.51,77.4],[23.38,77.38],[23.1,77.39],[23.0,77.36],[22.9,77.31],[22.8,77.28],[22.55,77.27],[22.43,77.32],[22.47,77.33],[22.49,77.36],[22.44,77.43],[22.68,77.5],[22.73,77.54],[22.69,77.55],[22.62,77.55],[22.45,77.57],[22.4,77.57],[22.25,77.53],[22.06,77.5],[21.86,77.49],[21.05,77.44],[20.93,77.46],[20.87,77.57],[21.2,77.62],[21.25,77.71],[21.33,77.77],[21.43,77.81],[21.61,77.92],[21.65,77.92],[21.21,78.01],[21.04,78.06],[20.84,78.17],[20.79,78.25],[20.53,78.33],[20.56,78.42],[20.37,78.41],[20.23,78.48],[20.36,78.51],[21.05,78.56],[21.45,78.6],[21.61,78.6]]],[[[23.85,35.54],[23.92,35.53],[24.01,35.53],[24.03,35.54],[24.09,35.59],[24.17,35.6],[24.2,35.54],[24.12,35.51],[24.11,35.5],[24.12,35.48],[24.18,35.46],[24.26,35.47],[24.26,35.42],[24.27,35.39],[24.31,35.36],[24.35,35.36],[24.44,35.37],[24.53,35.38],[24.63,35.41],[24.72,35.42],[25.0,35.41],[25.1,35.35],[25.3,35.34],[25.48,35.31],[25.57,35.33],[25.73,35.35],[25.76,35.33],[25.74,35.18],[25.75,35.14],[25.79,35.12],[25.84,35.13],[25.89,35.18],[26.03,35.22],[26.17,35.22],[26.29,35.31],[26.32,35.32],[26.3,35.27],[26.28,35.16],[26.26,35.1],[26.24,35.04],[26.17,35.02],[26.05,35.01],[25.83,35.03],[25.61,35.01],[25.21,34.96],[24.8,34.93],[24.75,34.95],[24.74,35.01],[24.74,35.06],[24.71,35.09],[24.58,35.12],[24.46,35.16],[23.99,35.22],[23.88,35.25],[23.7,35.23],[23.64,35.24],[23.59,35.26],[23.56,35.3],[23.55,35.42],[23.57,35.53],[23.61,35.57],[23.63,35.53],[23.67,35.51],[23.72,35.55],[23.72,35.6],[23.74,35.66],[23.77,35.63],[23.79,35.56],[23.85,35.54]]],[[[23.42,38.96],[23.47,38.85],[23.52,38.81],[23.64,38.77],[23.69,38.76],[23.88,38.69],[24.1,38.67],[24.13,38.65],[24.15,38.59],[24.2,38.54],[24.21,38.5],[24.19,38.46],[24.22,38.34],[24.28,38.22],[24.36,38.16],[24.46,38.15],[24.56,38.15],[24.59,38.12],[24.58,38.02],[24.54,37.98],[24.5,37.97],[24.47,37.98],[24.45,38.0],[24.42,38.02],[24.36,38.02],[24.32,38.06],[24.21,38.12],[24.19,38.15],[24.19,38.2],[24.14,38.24],[24.1,38.32],[24.06,38.34],[24.04,38.37],[24.04,38.39],[23.89,38.4],[23.76,38.4],[23.65,38.44],[23.62,38.55],[23.55,38.58],[23.51,38.61],[23.47,38.66],[23.36,38.74],[23.25,38.8],[23.14,38.84],[23.03,38.87],[22.94,38.84],[22.88,38.85],[22.87,38.87],[22.99,38.92],[23.15,39.0],[23.26,39.03],[23.31,39.03],[23.42,38.96]]],[[[19.08,57.84],[18.99,57.81],[18.95,57.74],[18.88,57.73],[18.81,57.71],[18.79,57.48],[18.91,57.4],[18.84,57.39],[18.78,57.36],[18.74,57.32],[18.7,57.24],[18.54,57.2],[18.48,57.16],[18.39,57.09],[18.34,56.98],[18.25,56.93],[18.15,56.92],[18.21,57.01],[18.29,57.08],[18.21,57.13],[18.16,57.21],[18.11,57.27],[18.15,57.34],[18.13,57.45],[18.14,57.56],[18.2,57.61],[18.28,57.66],[18.41,57.76],[18.54,57.83],[18.72,57.86],[18.81,57.83],[18.84,57.9],[18.9,57.92],[18.96,57.9],[19.08,57.84]]],[[[12.57,55.79],[12.57,55.68],[12.55,55.66],[12.51,55.64],[12.41,55.62],[12.32,55.59],[12.24,55.54],[12.22,55.47],[12.28,55.41],[12.39,55.39],[12.41,55.29],[12.32,55.24],[12.09,55.19],[12.07,55.07],[12.07,54.98],[12.07,54.91],[12.05,54.82],[11.86,54.77],[11.74,54.92],[11.74,54.97],[11.7,55.04],[11.7,55.1],[11.65,55.19],[11.48,55.21],[11.41,55.21],[11.31,55.2],[11.29,55.2],[11.17,55.33],[11.19,55.47],[11.13,55.53],[11.12,55.57],[11.12,55.6],[11.07,55.63],[11.01,55.64],[10.98,55.72],[11.05,55.74],[11.22,55.73],[11.28,55.74],[11.32,55.75],[11.46,55.88],[11.46,55.91],[11.47,55.94],[11.63,55.96],[11.7,55.91],[11.68,55.83],[11.69,55.73],[11.78,55.7],[11.82,55.7],[11.86,55.77],[11.89,55.81],[11.92,55.83],[11.93,55.9],[11.91,55.94],[11.87,55.97],[12.04,56.05],[12.22,56.12],[12.32,56.12],[12.43,56.11],[12.53,56.08],[12.58,56.06],[12.61,56.03],[12.54,55.96],[12.52,55.92],[12.57,55.79]]],[[[10.65,55.61],[10.69,55.56],[10.74,55.45],[10.82,55.32],[10.79,55.27],[10.81,55.2],[10.79,55.13],[10.62,55.05],[10.44,55.05],[10.25,55.09],[9.99,55.16],[9.97,55.21],[9.93,55.23],[9.86,55.36],[9.86,55.52],[9.99,55.54],[10.29,55.61],[10.35,55.6],[10.42,55.56],[10.51,55.56],[10.62,55.61],[10.65,55.61]]],[[[3.15,39.79],[3.24,39.76],[3.34,39.79],[3.4,39.78],[3.45,39.76],[3.46,39.7],[3.41,39.63],[3.35,39.56],[3.29,39.48],[3.24,39.39],[3.15,39.33],[3.07,39.3],[2.9,39.37],[2.8,39.39],[2.77,39.41],[2.75,39.51],[2.7,39.54],[2.63,39.56],[2.58,39.53],[2.5,39.48],[2.46,39.53],[2.39,39.54],[2.37,39.57],[2.37,39.61],[2.78,39.85],[2.9,39.91],[3.16,39.97],[3.2,39.96],[3.16,39.92],[3.17,39.91],[3.2,39.89],[3.19,39.86],[3.16,39.84],[3.15,39.79]]],[[[-61.8,49.09],[-62.22,49.08],[-62.55,49.14],[-62.8,49.17],[-63.04,49.22],[-63.57,49.4],[-63.63,49.46],[-63.68,49.53],[-63.78,49.6],[-63.88,49.66],[-64.44,49.83],[-64.49,49.89],[-64.37,49.93],[-64.24,49.94],[-64.13,49.94],[-63.76,49.88],[-63.29,49.82],[-63.09,49.77],[-62.86,49.71],[-62.63,49.62],[-62.13,49.41],[-62.04,49.39],[-61.82,49.28],[-61.74,49.2],[-61.7,49.14],[-61.75,49.11],[-61.8,49.09]]],[[[-61.11,45.94],[-61.07,45.94],[-60.94,45.99],[-60.87,45.98],[-60.87,45.95],[-60.98,45.91],[-61.04,45.88],[-60.97,45.86],[-60.97,45.84],[-61.05,45.8],[-61.09,45.75],[-61.06,45.7],[-60.93,45.75],[-60.88,45.75],[-60.81,45.74],[-60.74,45.75],[-60.7,45.77],[-60.47,45.95],[-60.46,45.97],[-60.7,45.93],[-60.73,45.96],[-60.57,46.06],[-60.59,46.12],[-60.5,46.2],[-60.43,46.26],[-60.38,46.28],[-60.3,46.31],[-60.24,46.27],[-60.23,46.2],[-60.09,46.21],[-59.96,46.19],[-59.87,46.16],[-59.85,46.14],[-59.85,46.11],[-59.88,46.06],[-59.93,46.02],[-59.83,45.97],[-59.84,45.94],[-60.02,45.88],[-60.11,45.82],[-60.21,45.74],[-60.39,45.65],[-60.67,45.59],[-60.76,45.59],[-60.87,45.61],[-60.98,45.61],[-61.08,45.58],[-61.19,45.59],[-61.24,45.57],[-61.28,45.57],[-61.32,45.6],[-61.41,45.67],[-61.45,45.72],[-61.5,45.94],[-61.48,46.06],[-61.41,46.17],[-61.3,46.24],[-61.24,46.3],[-60.98,46.65],[-60.93,46.73],[-60.87,46.8],[-60.76,46.86],[-60.62,46.98],[-60.57,47.0],[-60.49,47.01],[-60.41,47.0],[-60.43,46.96],[-60.43,46.92],[-60.33,46.77],[-60.33,46.74],[-60.38,46.61],[-60.48,46.41],[-60.51,46.3],[-60.49,46.27],[-60.53,46.21],[-60.58,46.17],[-60.74,46.09],[-60.83,46.07],[-60.91,46.04],[-61.11,45.94]]],[[[-77.26,18.46],[-77.14,18.42],[-77.01,18.4],[-76.96,18.4],[-76.91,18.39],[-76.79,18.3],[-76.7,18.26],[-76.35,18.15],[-76.23,17.97],[-76.21,17.91],[-76.3,17.88],[-76.42,17.87],[-76.52,17.87],[-76.63,17.9],[-76.67,17.93],[-76.77,17.94],[-76.75,17.96],[-76.79,17.98],[-76.85,17.97],[-76.9,17.9],[-76.94,17.85],[-77.04,17.85],[-77.07,17.9],[-77.12,17.88],[-77.16,17.85],[-77.2,17.71],[-77.28,17.78],[-77.36,17.83],[-77.46,17.86],[-77.67,17.86],[-77.77,17.88],[-77.85,17.99],[-77.88,18.02],[-77.96,18.05],[-78.04,18.17],[-78.07,18.19],[-78.29,18.22],[-78.34,18.29],[-78.33,18.35],[-78.25,18.43],[-78.22,18.45],[-78.09,18.44],[-77.98,18.47],[-77.93,18.5],[-77.87,18.52],[-77.45,18.47],[-77.35,18.47],[-77.26,18.46]]],[[[-66.13,18.44],[-66.1,18.43],[-66.07,18.43],[-66.09,18.47],[-66.07,18.47],[-65.88,18.44],[-65.76,18.4],[-65.63,18.38],[-65.62,18.24],[-65.72,18.19],[-65.78,18.13],[-65.83,18.06],[-65.97,17.97],[-66.14,17.95],[-66.25,17.95],[-66.29,17.95],[-66.33,17.96],[-66.41,17.95],[-66.51,17.99],[-66.6,17.98],[-66.77,17.99],[-66.84,17.96],[-66.9,17.95],[-66.96,17.95],[-67.01,17.97],[-67.14,17.97],[-67.2,17.99],[-67.17,18.15],[-67.17,18.22],[-67.2,18.28],[-67.24,18.32],[-67.26,18.36],[-67.21,18.39],[-67.17,18.44],[-67.16,18.5],[-67.11,18.51],[-67.06,18.52],[-66.81,18.49],[-66.19,18.48],[-66.15,18.47],[-66.13,18.44]]],[[[-128.55,52.94],[-128.51,52.62],[-128.51,52.52],[-128.58,52.45],[-128.62,52.34],[-128.68,52.29],[-128.73,52.36],[-128.74,52.47],[-128.75,52.56],[-128.77,52.6],[-128.75,52.76],[-128.77,52.75],[-128.83,52.68],[-128.9,52.67],[-129.02,52.76],[-129.08,52.82],[-129.09,52.89],[-129.18,52.96],[-129.18,52.99],[-129.18,53.02],[-129.11,53.09],[-129.08,53.14],[-129.06,53.24],[-129.03,53.28],[-128.97,53.27],[-128.86,53.23],[-128.74,53.18],[-128.63,53.11],[-128.55,52.94]]],[[[-63.81,46.47],[-63.78,46.45],[-63.74,46.48],[-63.68,46.56],[-63.53,46.54],[-63.46,46.5],[-63.41,46.51],[-63.37,46.51],[-63.29,46.46],[-63.13,46.42],[-62.96,46.43],[-62.71,46.45],[-62.68,46.46],[-62.42,46.48],[-62.16,46.49],[-62.07,46.47],[-62.04,46.45],[-62.02,46.42],[-62.17,46.36],[-62.32,46.28],[-62.53,46.2],[-62.55,46.17],[-62.54,46.1],[-62.54,46.03],[-62.5,46.02],[-62.48,46.0],[-62.53,45.98],[-62.74,45.97],[-62.8,45.97],[-62.88,46.0],[-62.9,46.07],[-62.99,46.06],[-63.02,46.07],[-62.89,46.12],[-62.95,46.2],[-63.02,46.19],[-63.06,46.22],[-63.05,46.27],[-63.0,46.29],[-62.98,46.32],[-63.06,46.3],[-63.12,46.25],[-63.19,46.24],[-63.27,46.2],[-63.15,46.19],[-63.21,46.16],[-63.28,46.15],[-63.57,46.21],[-63.64,46.23],[-63.73,46.29],[-63.8,46.37],[-63.76,46.37],[-63.75,46.38],[-63.76,46.4],[-63.86,46.41],[-64.02,46.4],[-64.11,46.43],[-64.11,46.56],[-64.14,46.6],[-64.24,46.63],[-64.39,46.64],[-64.4,46.69],[-64.35,46.77],[-64.28,46.84],[-64.22,46.9],[-64.16,46.95],[-63.99,47.06],[-64.0,46.98],[-63.98,46.91],[-64.09,46.78],[-63.9,46.64],[-63.88,46.61],[-63.86,46.57],[-63.88,46.54],[-63.91,46.51],[-63.83,46.49],[-63.81,46.47]]],[[[-72.51,40.99],[-72.58,40.92],[-72.52,40.91],[-72.46,40.93],[-72.41,40.97],[-72.29,41.02],[-72.18,41.05],[-72.15,41.05],[-72.1,41.02],[-72.0,41.04],[-71.9,41.06],[-72.34,40.89],[-72.43,40.88],[-72.56,40.83],[-72.68,40.79],[-72.76,40.78],[-73.19,40.65],[-73.23,40.65],[-73.27,40.66],[-73.62,40.6],[-73.77,40.59],[-73.9,40.57],[-73.8,40.62],[-73.8,40.64],[-73.82,40.66],[-73.88,40.65],[-73.93,40.6],[-74.01,40.58],[-74.03,40.64],[-74.0,40.68],[-73.96,40.73],[-73.88,40.79],[-73.76,40.83],[-73.7,40.87],[-73.65,40.84],[-73.64,40.88],[-73.61,40.91],[-73.57,40.92],[-73.49,40.92],[-73.44,40.93],[-73.41,40.94],[-73.37,40.94],[-73.28,40.92],[-73.19,40.93],[-73.11,40.96],[-73.03,40.97],[-72.83,40.97],[-72.63,40.99],[-72.54,41.03],[-72.37,41.13],[-72.27,41.15],[-72.43,41.04],[-72.51,40.99]]],[[[-81.84,23.16],[-81.58,23.12],[-81.36,23.13],[-81.26,23.16],[-81.27,23.13],[-81.18,23.06],[-81.14,23.05],[-81.01,23.09],[-80.65,23.1],[-80.61,23.08],[-80.55,23.02],[-80.46,22.98],[-80.36,22.94],[-80.27,22.93],[-80.17,22.95],[-80.08,22.94],[-79.96,22.88],[-79.92,22.87],[-79.82,22.89],[-79.85,22.83],[-79.68,22.74],[-79.55,22.58],[-79.46,22.51],[-79.36,22.45],[-79.28,22.41],[-79.18,22.39],[-78.9,22.4],[-78.84,22.39],[-78.78,22.37],[-78.72,22.36],[-78.69,22.37],[-78.14,22.11],[-77.97,21.97],[-77.87,21.9],[-77.64,21.8],[-77.55,21.77],[-77.5,21.79],[-77.51,21.81],[-77.57,21.87],[-77.58,21.89],[-77.5,21.87],[-77.34,21.76],[-77.3,21.71],[-77.22,21.67],[-77.14,21.64],[-77.18,21.6],[-77.24,21.59],[-77.37,21.61],[-77.27,21.54],[-77.25,21.48],[-77.21,21.48],[-77.14,21.54],[-77.1,21.59],[-76.93,21.46],[-76.84,21.4],[-76.86,21.36],[-76.87,21.33],[-76.76,21.36],[-76.73,21.36],[-76.69,21.34],[-76.65,21.28],[-76.55,21.27],[-76.46,21.27],[-76.26,21.23],[-76.07,21.13],[-75.9,21.11],[-75.72,21.11],[-75.63,21.06],[-75.6,20.99],[-75.64,20.95],[-75.66,20.9],[-75.6,20.84],[-75.74,20.81],[-75.76,20.78],[-75.75,20.74],[-75.72,20.71],[-75.64,20.73],[-75.52,20.72],[-75.34,20.7],[-75.21,20.71],[-74.96,20.67],[-74.88,20.65],[-74.73,20.57],[-74.66,20.52],[-74.51,20.38],[-74.38,20.33],[-74.27,20.32],[-74.23,20.33],[-74.2,20.31],[-74.17,20.29],[-74.14,20.23],[-74.15,20.17],[-74.22,20.12],[-74.25,20.08],[-74.41,20.08],[-74.63,20.06],[-74.85,20.0],[-74.96,19.96],[-75.0,19.93],[-75.12,19.9],[-75.12,19.92],[-75.12,19.95],[-75.15,20.01],[-75.18,19.96],[-75.22,19.92],[-75.29,19.89],[-75.55,19.89],[-75.66,19.93],[-75.77,19.96],[-76.16,19.99],[-76.25,19.99],[-76.52,19.96],[-76.78,19.94],[-76.89,19.92],[-77.0,19.89],[-77.21,19.89],[-77.46,19.86],[-77.72,19.86],[-77.55,20.08],[-77.21,20.3],[-77.15,20.35],[-77.1,20.41],[-77.09,20.45],[-77.11,20.49],[-77.19,20.56],[-77.21,20.61],[-77.23,20.64],[-77.35,20.67],[-77.47,20.69],[-77.59,20.69],[-77.86,20.71],[-78.0,20.72],[-78.12,20.76],[-78.31,20.93],[-78.41,20.97],[-78.45,21.01],[-78.49,21.05],[-78.54,21.3],[-78.58,21.41],[-78.64,21.52],[-78.73,21.59],[-78.82,21.62],[-79.19,21.55],[-79.27,21.56],[-79.36,21.59],[-79.91,21.74],[-80.14,21.83],[-80.23,21.87],[-80.31,21.93],[-80.39,22.03],[-80.49,22.12],[-80.48,22.09],[-80.5,22.06],[-80.96,22.05],[-81.04,22.07],[-81.08,22.1],[-81.12,22.13],[-81.14,22.21],[-81.19,22.27],[-81.2,22.2],[-81.22,22.14],[-81.28,22.11],[-81.36,22.1],[-81.44,22.18],[-81.82,22.2],[-81.85,22.21],[-81.97,22.29],[-82.08,22.39],[-81.97,22.42],[-81.76,22.47],[-81.71,22.5],[-81.68,22.53],[-81.7,22.59],[-81.75,22.63],[-81.79,22.66],[-81.84,22.67],[-81.9,22.68],[-82.74,22.69],[-82.79,22.66],[-82.86,22.6],[-83.01,22.51],[-83.11,22.43],[-83.14,22.39],[-83.19,22.36],[-83.29,22.3],[-83.38,22.22],[-83.49,22.19],[-83.54,22.21],[-83.6,22.21],[-83.64,22.19],[-83.69,22.18],[-83.9,22.17],[-83.93,22.15],[-83.96,22.09],[-84.0,21.98],[-84.03,21.94],[-84.14,21.93],[-84.24,21.9],[-84.45,21.79],[-84.5,21.78],[-84.49,21.85],[-84.5,21.93],[-84.56,21.93],[-84.63,21.92],[-84.68,21.9],[-84.79,21.84],[-84.84,21.83],[-84.89,21.86],[-84.88,21.89],[-84.53,22.03],[-84.49,22.04],[-84.43,22.03],[-84.37,22.04],[-84.33,22.07],[-84.38,22.26],[-84.36,22.38],[-84.28,22.47],[-84.12,22.62],[-84.04,22.67],[-83.26,22.97],[-83.18,22.98],[-82.67,23.04],[-82.59,23.06],[-82.35,23.15],[-82.1,23.19],[-81.84,23.16]]],[[[27.17,80.0],[27.2,79.91],[27.08,79.87],[26.22,79.68],[26.01,79.62],[25.9,79.56],[25.73,79.44],[25.64,79.4],[25.24,79.35],[25.15,79.34],[24.84,79.37],[24.75,79.36],[24.38,79.3],[24.26,79.26],[24.13,79.22],[23.95,79.19],[23.76,79.21],[22.9,79.23],[22.79,79.26],[22.7,79.33],[22.87,79.41],[21.91,79.38],[20.86,79.4],[20.81,79.41],[20.76,79.44],[20.4,79.46],[20.13,79.49],[19.9,79.53],[19.67,79.59],[19.75,79.62],[19.82,79.63],[20.01,79.64],[20.19,79.63],[20.49,79.63],[20.56,79.69],[20.69,79.71],[20.78,79.75],[20.46,79.77],[20.12,79.78],[19.9,79.74],[19.64,79.73],[19.4,79.73],[18.94,79.74],[18.73,79.76],[18.43,79.82],[18.32,79.86],[18.28,79.89],[18.26,79.93],[18.59,79.97],[18.73,80.0],[18.74,80.0],[27.17,80.0]]],[[[16.57,80.0],[16.79,79.91],[16.84,79.9],[16.89,79.92],[16.93,79.94],[16.97,79.96],[17.22,79.94],[17.58,79.88],[17.68,79.86],[17.83,79.8],[17.96,79.7],[17.86,79.64],[17.73,79.57],[17.69,79.53],[17.73,79.48],[17.72,79.43],[17.67,79.39],[17.86,79.44],[18.27,79.6],[18.33,79.61],[18.4,79.61],[18.58,79.57],[18.75,79.49],[18.79,79.46],[18.82,79.43],[18.83,79.38],[18.82,79.34],[18.81,79.3],[18.72,79.28],[18.68,79.26],[18.77,79.26],[18.88,79.23],[18.98,79.18],[19.09,79.16],[19.49,79.18],[19.75,79.15],[19.89,79.06],[20.11,79.08],[20.11,79.12],[20.16,79.15],[20.46,79.13],[20.61,79.11],[20.77,79.06],[20.5,78.98],[20.72,78.91],[21.09,78.85],[21.31,78.8],[21.35,78.77],[21.39,78.74],[21.24,78.7],[21.1,78.68],[20.72,78.67],[20.39,78.64],[19.77,78.62],[19.68,78.61],[19.65,78.6],[19.62,78.56],[19.38,78.48],[19.15,78.38],[19.06,78.32],[18.98,78.23],[18.96,78.18],[19.01,78.13],[19.0,78.08],[18.82,78.04],[18.71,78.04],[18.57,78.05],[18.44,78.03],[18.43,77.99],[18.44,77.94],[18.4,77.79],[18.36,77.68],[18.3,77.58],[18.23,77.52],[18.14,77.51],[17.85,77.5],[17.62,77.4],[17.44,77.23],[17.35,77.16],[17.15,77.05],[17.19,77.01],[17.25,76.97],[17.14,76.89],[16.98,76.81],[16.98,76.78],[17.04,76.72],[17.06,76.66],[16.94,76.61],[16.7,76.58],[16.46,76.61],[16.35,76.64],[16.24,76.7],[16.12,76.74],[16.0,76.76],[15.55,76.89],[15.12,77.09],[14.74,77.16],[14.49,77.2],[14.37,77.23],[14.25,77.28],[14.15,77.34],[14.05,77.4],[14.0,77.45],[14.0,77.51],[14.03,77.55],[14.07,77.56],[14.38,77.58],[14.49,77.57],[14.6,77.54],[14.7,77.53],[14.92,77.69],[16.21,77.78],[16.62,77.8],[17.03,77.8],[16.97,77.84],[16.91,77.9],[16.85,77.91],[16.54,77.88],[16.06,77.85],[15.83,77.85],[15.59,77.87],[15.34,77.86],[15.1,77.81],[14.85,77.78],[14.6,77.77],[14.09,77.77],[13.96,77.8],[13.79,77.85],[13.75,77.88],[13.71,77.92],[13.68,78.03],[13.72,78.06],[13.77,78.07],[13.82,78.09],[13.94,78.09],[14.05,78.07],[14.31,78.01],[14.25,78.07],[14.99,78.15],[15.34,78.22],[15.52,78.23],[15.7,78.23],[15.66,78.26],[15.66,78.3],[15.78,78.33],[15.88,78.34],[16.15,78.35],[16.78,78.35],[17.0,78.37],[17.17,78.42],[16.99,78.4],[16.81,78.4],[16.73,78.41],[16.54,78.45],[16.45,78.5],[16.7,78.61],[16.78,78.66],[16.53,78.66],[16.45,78.64],[16.16,78.54],[15.94,78.49],[15.68,78.47],[15.42,78.47],[15.36,78.49],[15.28,78.55],[15.25,78.59],[15.26,78.61],[15.35,78.66],[15.39,78.72],[15.38,78.77],[15.32,78.78],[15.23,78.73],[15.14,78.66],[15.02,78.63],[14.89,78.64],[14.84,78.67],[14.79,78.71],[14.74,78.72],[14.69,78.72],[14.58,78.7],[14.47,78.68],[14.51,78.63],[14.52,78.58],[14.47,78.54],[14.43,78.49],[14.55,78.46],[14.64,78.41],[14.5,78.39],[14.36,78.36],[14.24,78.31],[14.11,78.27],[13.91,78.27],[13.65,78.25],[13.15,78.24],[12.91,78.3],[12.87,78.33],[12.82,78.35],[12.66,78.38],[12.43,78.48],[12.26,78.59],[12.14,78.61],[11.96,78.64],[11.87,78.67],[11.77,78.72],[11.75,78.77],[11.76,78.81],[11.86,78.83],[11.61,78.88],[11.37,78.95],[11.46,78.97],[11.55,78.98],[12.27,78.9],[12.32,78.91],[12.4,78.95],[12.38,78.97],[12.25,78.98],[12.09,78.98],[12.05,78.98],[11.98,79.03],[11.93,79.08],[11.9,79.11],[11.89,79.15],[12.02,79.21],[12.08,79.27],[11.98,79.29],[11.68,79.29],[11.58,79.28],[11.62,79.21],[11.52,79.15],[11.34,79.11],[11.21,79.13],[11.11,79.23],[10.98,79.3],[10.93,79.35],[10.89,79.42],[10.83,79.46],[10.74,79.52],[10.72,79.56],[10.74,79.58],[10.81,79.64],[10.75,79.69],[10.69,79.73],[10.68,79.76],[10.75,79.79],[10.8,79.8],[10.87,79.8],[11.05,79.76],[11.15,79.72],[11.19,79.72],[11.25,79.78],[11.34,79.8],[11.7,79.82],[12.1,79.74],[12.21,79.72],[12.29,79.71],[12.25,79.75],[12.22,79.8],[12.28,79.82],[12.6,79.77],[12.75,79.78],[13.11,79.83],[13.69,79.86],[13.91,79.82],[13.93,79.79],[13.92,79.76],[13.91,79.75],[13.78,79.72],[13.04,79.69],[12.56,79.57],[13.22,79.59],[13.33,79.57],[13.38,79.48],[13.43,79.47],[13.6,79.46],[13.72,79.43],[13.83,79.38],[13.96,79.34],[14.03,79.34],[14.06,79.38],[14.03,79.43],[14.01,79.48],[14.02,79.54],[14.04,79.59],[14.18,79.62],[14.38,79.73],[14.59,79.8],[14.83,79.77],[15.05,79.68],[15.25,79.55],[15.44,79.41],[15.66,79.23],[15.76,79.17],[15.86,79.16],[16.29,78.98],[16.34,78.98],[16.25,79.11],[16.03,79.34],[15.88,79.52],[15.84,79.59],[15.82,79.68],[15.83,79.71],[15.85,79.73],[15.96,79.84],[16.1,79.88],[16.06,79.95],[16.09,80.0],[16.57,80.0]]],[[[9.63,40.88],[9.68,40.82],[9.79,40.56],[9.81,40.5],[9.78,40.44],[9.75,40.4],[9.64,40.27],[9.66,40.16],[9.7,40.09],[9.71,40.02],[9.69,39.92],[9.62,39.35],[9.58,39.25],[9.56,39.17],[9.49,39.14],[9.39,39.17],[9.26,39.22],[9.21,39.21],[9.15,39.2],[9.1,39.21],[9.06,39.24],[9.02,39.04],[8.97,38.96],[8.88,38.91],[8.8,38.91],[8.72,38.93],[8.65,38.93],[8.6,38.96],[8.55,39.03],[8.49,39.11],[8.42,39.21],[8.41,39.29],[8.4,39.48],[8.42,39.52],[8.45,39.56],[8.46,39.65],[8.45,39.72],[8.47,39.75],[8.51,39.72],[8.54,39.73],[8.54,39.77],[8.55,39.84],[8.5,39.9],[8.41,39.92],[8.4,39.98],[8.41,40.04],[8.46,40.08],[8.47,40.13],[8.47,40.29],[8.41,40.35],[8.39,40.44],[8.35,40.5],[8.3,40.56],[8.23,40.61],[8.19,40.65],[8.18,40.77],[8.2,40.87],[8.22,40.91],[8.25,40.91],[8.31,40.86],[8.36,40.85],[8.47,40.83],[8.57,40.85],[8.7,40.9],[8.82,40.95],[9.0,41.11],[9.11,41.14],[9.16,41.19],[9.18,41.24],[9.23,41.26],[9.28,41.2],[9.35,41.2],[9.46,41.15],[9.5,41.11],[9.54,41.05],[9.58,41.03],[9.62,41.02],[9.62,41.0],[9.59,40.99],[9.55,40.93],[9.57,40.91],[9.63,40.88]]],[[[9.48,42.81],[9.45,42.66],[9.47,42.62],[9.51,42.59],[9.53,42.55],[9.56,42.16],[9.55,42.13],[9.43,41.97],[9.4,41.93],[9.39,41.73],[9.37,41.68],[9.33,41.63],[9.25,41.46],[9.19,41.38],[9.0,41.48],[8.9,41.52],[8.84,41.56],[8.81,41.59],[8.83,41.63],[8.88,41.67],[8.89,41.7],[8.77,41.74],[8.72,41.76],[8.72,41.8],[8.76,41.87],[8.74,41.93],[8.67,41.92],[8.62,41.93],[8.62,41.96],[8.65,42.0],[8.7,42.04],[8.7,42.1],[8.64,42.12],[8.59,42.16],[8.57,42.22],[8.61,42.26],[8.68,42.28],[8.63,42.34],[8.59,42.34],[8.57,42.36],[8.59,42.39],[8.64,42.43],[8.71,42.55],[8.81,42.61],[8.99,42.65],[9.04,42.66],[9.09,42.7],[9.14,42.73],[9.2,42.73],[9.25,42.71],[9.29,42.69],[9.31,42.71],[9.34,42.77],[9.32,42.81],[9.33,42.94],[9.36,43.02],[9.42,43.02],[9.46,42.98],[9.46,42.95],[9.48,42.86],[9.48,42.81]]],[[[15.58,38.22],[15.51,38.11],[15.48,38.06],[15.23,37.78],[15.21,37.72],[15.19,37.65],[15.16,37.59],[15.13,37.53],[15.1,37.46],[15.11,37.38],[15.12,37.33],[15.15,37.31],[15.19,37.28],[15.23,37.24],[15.17,37.21],[15.24,37.14],[15.29,37.1],[15.3,37.06],[15.29,37.01],[15.19,36.93],[15.14,36.89],[15.12,36.84],[15.1,36.79],[15.12,36.74],[15.11,36.69],[15.0,36.69],[14.89,36.72],[14.78,36.71],[14.61,36.77],[14.56,36.78],[14.5,36.8],[14.37,36.97],[14.26,37.05],[14.14,37.1],[14.02,37.11],[13.91,37.1],[13.8,37.14],[13.59,37.25],[13.36,37.35],[13.26,37.41],[13.22,37.45],[13.17,37.48],[13.04,37.51],[12.92,37.57],[12.87,37.58],[12.76,37.57],[12.7,37.57],[12.64,37.59],[12.53,37.67],[12.45,37.77],[12.44,37.82],[12.49,37.94],[12.55,38.05],[12.6,38.08],[12.66,38.11],[12.7,38.14],[12.73,38.18],[12.85,38.06],[12.9,38.03],[12.96,38.04],[13.05,38.08],[13.06,38.13],[13.16,38.19],[13.29,38.19],[13.35,38.18],[13.38,38.13],[13.43,38.11],[13.49,38.1],[13.68,38.0],[13.73,37.98],[13.79,37.98],[13.94,38.02],[14.05,38.04],[14.29,38.02],[14.42,38.04],[14.51,38.05],[14.64,38.09],[14.74,38.15],[14.79,38.17],[14.85,38.17],[14.98,38.17],[15.12,38.15],[15.18,38.17],[15.22,38.21],[15.28,38.23],[15.34,38.22],[15.5,38.29],[15.57,38.3],[15.63,38.27],[15.58,38.22]]],[[[-52.73,69.94],[-52.4,69.86],[-52.05,69.81],[-52.01,69.78],[-51.98,69.74],[-51.98,69.72],[-51.99,69.7],[-52.01,69.69],[-51.98,69.66],[-51.91,69.64],[-51.9,69.6],[-51.99,69.55],[-52.11,69.49],[-52.77,69.36],[-53.0,69.34],[-53.58,69.26],[-53.75,69.26],[-53.79,69.26],[-53.9,69.3],[-54.05,69.34],[-54.12,69.36],[-54.18,69.4],[-54.16,69.43],[-54.05,69.44],[-53.89,69.44],[-53.66,69.47],[-53.72,69.49],[-53.78,69.51],[-53.83,69.54],[-53.92,69.53],[-53.99,69.55],[-54.13,69.57],[-54.5,69.58],[-54.73,69.61],[-54.8,69.63],[-54.87,69.67],[-54.92,69.71],[-54.84,69.9],[-54.79,69.95],[-54.66,69.97],[-54.36,69.92],[-54.32,69.94],[-54.65,70.01],[-54.77,70.05],[-54.81,70.09],[-54.83,70.13],[-54.83,70.16],[-54.82,70.19],[-54.79,70.22],[-54.71,70.26],[-54.37,70.32],[-54.01,70.3],[-53.38,70.22],[-53.3,70.21],[-53.1,70.14],[-52.73,69.94]]],[[[-127.2,50.64],[-126.7,50.52],[-126.2,50.45],[-125.84,50.38],[-125.62,50.36],[-125.53,50.34],[-125.48,50.32],[-125.42,50.25],[-125.31,50.11],[-125.23,50.01],[-125.07,49.85],[-124.93,49.73],[-124.9,49.69],[-124.93,49.67],[-124.93,49.64],[-124.83,49.53],[-124.64,49.43],[-124.5,49.38],[-124.19,49.3],[-124.0,49.22],[-123.94,49.17],[-123.85,49.12],[-123.82,49.08],[-123.75,48.95],[-123.63,48.82],[-123.5,48.58],[-123.47,48.6],[-123.46,48.67],[-123.44,48.69],[-123.42,48.7],[-123.39,48.67],[-123.37,48.61],[-123.28,48.46],[-123.31,48.41],[-123.33,48.41],[-123.45,48.43],[-123.48,48.4],[-123.54,48.34],[-123.57,48.32],[-123.59,48.33],[-123.92,48.39],[-124.12,48.44],[-124.38,48.52],[-124.69,48.6],[-124.87,48.65],[-125.02,48.71],[-125.12,48.76],[-125.14,48.8],[-125.14,48.82],[-124.93,48.96],[-124.85,49.03],[-124.82,49.08],[-124.8,49.14],[-124.81,49.21],[-124.82,49.21],[-124.84,49.14],[-124.87,49.08],[-124.9,49.03],[-124.93,49.01],[-125.17,48.99],[-125.36,49.0],[-125.46,48.94],[-125.49,48.93],[-125.54,48.95],[-125.66,49.03],[-125.83,49.09],[-125.81,49.11],[-125.7,49.14],[-125.64,49.19],[-125.65,49.19],[-125.69,49.19],[-125.73,49.2],[-125.8,49.26],[-125.84,49.28],[-125.92,49.25],[-125.95,49.25],[-125.98,49.29],[-125.94,49.38],[-125.94,49.4],[-126.02,49.37],[-126.05,49.38],[-126.07,49.41],[-126.1,49.42],[-126.17,49.42],[-126.24,49.44],[-126.27,49.43],[-126.28,49.39],[-126.3,49.38],[-126.42,49.45],[-126.44,49.45],[-126.5,49.4],[-126.52,49.4],[-126.55,49.42],[-126.56,49.54],[-126.56,49.58],[-126.54,49.59],[-126.44,49.62],[-126.16,49.65],[-126.13,49.67],[-126.35,49.66],[-126.4,49.68],[-126.46,49.72],[-126.53,49.72],[-126.56,49.73],[-126.59,49.76],[-126.68,49.88],[-126.74,49.9],[-126.85,49.92],[-126.9,49.94],[-126.93,49.93],[-126.95,49.9],[-126.98,49.88],[-127.05,49.87],[-127.11,49.88],[-127.17,49.91],[-127.2,49.95],[-127.21,49.99],[-127.18,50.05],[-127.18,50.07],[-127.19,50.1],[-127.22,50.12],[-127.25,50.14],[-127.27,50.13],[-127.27,50.1],[-127.29,50.07],[-127.35,50.05],[-127.4,50.09],[-127.43,50.13],[-127.47,50.16],[-127.67,50.16],[-127.77,50.12],[-127.82,50.12],[-127.86,50.13],[-127.87,50.15],[-127.83,50.21],[-127.84,50.29],[-127.85,50.31],[-127.95,50.33],[-127.96,50.35],[-127.91,50.45],[-127.87,50.46],[-127.83,50.47],[-127.64,50.48],[-127.58,50.46],[-127.49,50.4],[-127.49,50.43],[-127.52,50.5],[-127.53,50.54],[-127.47,50.58],[-127.53,50.6],[-127.75,50.61],[-127.75,50.58],[-127.73,50.54],[-127.86,50.5],[-127.96,50.49],[-128.06,50.5],[-128.14,50.52],[-128.27,50.61],[-128.35,50.7],[-128.35,50.74],[-128.3,50.79],[-128.24,50.83],[-128.1,50.86],[-127.92,50.86],[-127.71,50.82],[-127.2,50.64]]],[[[-71.95,19.72],[-71.83,19.7],[-71.78,19.72],[-71.74,19.74],[-71.71,19.8],[-71.67,19.85],[-71.62,19.88],[-71.56,19.9],[-71.44,19.89],[-71.28,19.85],[-71.24,19.85],[-71.08,19.89],[-70.95,19.91],[-70.83,19.89],[-70.79,19.85],[-70.69,19.79],[-70.64,19.78],[-70.48,19.78],[-70.44,19.77],[-70.3,19.68],[-70.19,19.64],[-70.13,19.64],[-70.01,19.67],[-69.96,19.67],[-69.89,19.59],[-69.88,19.47],[-69.82,19.37],[-69.74,19.3],[-69.32,19.33],[-69.23,19.27],[-69.26,19.23],[-69.32,19.2],[-69.52,19.21],[-69.61,19.21],[-69.62,19.16],[-69.62,19.12],[-69.51,19.11],[-69.4,19.09],[-69.28,19.05],[-69.16,19.03],[-69.03,19.01],[-68.9,18.99],[-68.68,18.9],[-68.45,18.71],[-68.38,18.67],[-68.34,18.61],[-68.36,18.54],[-68.44,18.42],[-68.49,18.38],[-68.56,18.36],[-68.61,18.31],[-68.66,18.22],[-68.69,18.21],[-68.72,18.22],[-68.78,18.27],[-68.82,18.34],[-68.93,18.41],[-69.07,18.4],[-69.27,18.44],[-69.4,18.42],[-69.52,18.42],[-69.64,18.44],[-69.77,18.44],[-69.9,18.42],[-70.02,18.37],[-70.06,18.35],[-70.14,18.28],[-70.18,18.25],[-70.48,18.22],[-70.57,18.27],[-70.64,18.34],[-70.76,18.35],[-70.92,18.29],[-71.03,18.27],[-71.07,18.25],[-71.08,18.22],[-71.08,18.13],[-71.11,18.07],[-71.27,17.85],[-71.36,17.69],[-71.4,17.65],[-71.44,17.64],[-71.52,17.73],[-71.57,17.76],[-71.63,17.77],[-71.66,17.82],[-71.66,17.89],[-71.67,17.95],[-71.71,18.01],[-71.77,18.04],[-71.85,18.12],[-71.95,18.19],[-72.0,18.21],[-72.06,18.23],[-72.5,18.22],[-72.55,18.21],[-72.59,18.19],[-72.63,18.18],[-72.76,18.16],[-72.88,18.15],[-73.16,18.21],[-73.27,18.23],[-73.39,18.25],[-73.51,18.25],[-73.64,18.23],[-73.75,18.19],[-73.82,18.12],[-73.84,18.06],[-73.88,18.04],[-73.99,18.14],[-74.09,18.22],[-74.19,18.27],[-74.42,18.35],[-74.46,18.39],[-74.48,18.45],[-74.39,18.62],[-74.28,18.66],[-74.23,18.66],[-74.1,18.64],[-73.98,18.6],[-73.86,18.58],[-73.69,18.57],[-73.59,18.52],[-72.92,18.46],[-72.79,18.43],[-72.74,18.44],[-72.7,18.47],[-72.66,18.52],[-72.62,18.55],[-72.42,18.56],[-72.38,18.57],[-72.35,18.62],[-72.35,18.67],[-72.47,18.74],[-72.65,18.89],[-72.81,19.07],[-72.74,19.13],[-72.77,19.24],[-72.74,19.34],[-72.7,19.44],[-72.86,19.53],[-73.05,19.61],[-73.32,19.64],[-73.4,19.66],[-73.44,19.72],[-73.4,19.81],[-73.32,19.85],[-73.22,19.88],[-73.12,19.9],[-72.88,19.93],[-72.64,19.9],[-72.43,19.81],[-72.22,19.74],[-71.95,19.72]]],[[[-49.63,-0.23],[-49.54,-0.23],[-49.4,-0.21],[-49.31,-0.17],[-49.22,-0.16],[-49.12,-0.16],[-48.79,-0.22],[-48.59,-0.23],[-48.52,-0.25],[-48.44,-0.27],[-48.39,-0.3],[-48.38,-0.35],[-48.43,-0.44],[-48.46,-0.53],[-48.5,-0.66],[-48.52,-0.69],[-48.57,-0.68],[-48.54,-0.8],[-48.55,-0.85],[-48.57,-0.89],[-48.62,-0.99],[-48.7,-1.11],[-48.73,-1.13],[-48.79,-1.17],[-48.84,-1.23],[-48.83,-1.28],[-48.8,-1.33],[-48.83,-1.39],[-48.93,-1.48],[-48.99,-1.5],[-49.04,-1.51],[-49.09,-1.51],[-49.17,-1.41],[-49.18,-1.48],[-49.2,-1.56],[-49.23,-1.6],[-49.34,-1.6],[-49.41,-1.56],[-49.51,-1.51],[-49.53,-1.63],[-49.59,-1.71],[-49.65,-1.74],[-49.75,-1.76],[-49.81,-1.79],[-49.91,-1.76],[-50.01,-1.71],[-50.07,-1.7],[-50.11,-1.75],[-50.34,-1.76],[-50.44,-1.8],[-50.51,-1.79],[-50.6,-1.7],[-50.62,-1.64],[-50.67,-1.52],[-50.72,-1.37],[-50.76,-1.24],[-50.73,-1.13],[-50.67,-1.13],[-50.6,-1.15],[-50.58,-1.14],[-50.58,-1.1],[-50.59,-1.07],[-50.71,-1.08],[-50.78,-1.01],[-50.8,-0.91],[-50.78,-0.69],[-50.77,-0.65],[-50.72,-0.58],[-50.7,-0.53],[-50.72,-0.47],[-50.69,-0.36],[-50.65,-0.27],[-50.46,-0.16],[-50.25,-0.12],[-49.63,-0.23]]],[[[-3.11,58.52],[-3.1,58.43],[-3.11,58.41],[-3.14,58.38],[-3.21,58.32],[-3.41,58.24],[-3.77,58.05],[-3.99,57.96],[-4.02,57.91],[-4.04,57.85],[-3.91,57.84],[-3.86,57.82],[-3.89,57.79],[-4.08,57.68],[-4.13,57.58],[-3.99,57.58],[-3.87,57.6],[-3.63,57.66],[-3.4,57.71],[-3.29,57.71],[-3.08,57.67],[-3.04,57.67],[-2.95,57.69],[-2.86,57.69],[-2.24,57.68],[-2.07,57.7],[-1.96,57.68],[-1.87,57.61],[-1.78,57.49],[-1.78,57.47],[-1.83,57.42],[-1.93,57.35],[-2.02,57.26],[-2.05,57.21],[-2.06,57.15],[-2.09,57.1],[-2.26,56.86],[-2.43,56.73],[-2.5,56.64],[-2.59,56.56],[-2.68,56.51],[-2.78,56.48],[-3.05,56.45],[-3.12,56.43],[-3.21,56.38],[-3.31,56.36],[-3.2,56.37],[-3.09,56.39],[-2.89,56.4],[-2.65,56.32],[-2.67,56.25],[-2.77,56.2],[-2.98,56.19],[-3.18,56.08],[-3.27,56.05],[-3.36,56.03],[-3.48,56.03],[-3.7,56.06],[-3.79,56.1],[-3.7,56.04],[-3.61,56.02],[-3.05,55.95],[-3.02,55.96],[-2.84,56.03],[-2.6,56.03],[-2.15,55.9],[-2.02,55.81],[-1.83,55.67],[-1.73,55.62],[-1.66,55.57],[-1.61,55.5],[-1.52,55.26],[-1.42,55.03],[-1.29,54.77],[-1.23,54.7],[-1.15,54.65],[-0.76,54.54],[-0.67,54.5],[-0.52,54.4],[-0.37,54.28],[-0.23,54.19],[-0.08,54.12],[-0.16,54.08],[-0.21,54.02],[-0.17,53.94],[-0.11,53.87],[0.01,53.74],[0.12,53.61],[0.08,53.63],[0.04,53.64],[-0.02,53.64],[-0.07,53.64],[-0.17,53.69],[-0.27,53.74],[-0.46,53.72],[-0.57,53.73],[-0.66,53.72],[-0.49,53.69],[-0.29,53.69],[0.13,53.47],[0.27,53.34],[0.36,53.16],[0.3,53.08],[0.21,53.03],[0.12,52.97],[0.05,52.91],[0.28,52.81],[0.33,52.81],[0.38,52.83],[0.43,52.86],[0.52,52.94],[0.56,52.97],[0.7,52.98],[0.83,52.97],[0.95,52.95],[1.06,52.96],[1.27,52.92],[1.38,52.89],[1.66,52.75],[1.72,52.68],[1.74,52.58],[1.75,52.47],[1.7,52.37],[1.65,52.28],[1.61,52.16],[1.59,52.12],[1.56,52.09],[1.41,51.99],[1.32,51.96],[1.28,51.97],[1.23,51.97],[1.23,51.95],[1.27,51.9],[1.27,51.85],[1.19,51.8],[1.1,51.79],[0.96,51.81],[0.75,51.73],[0.9,51.69],[0.93,51.65],[0.89,51.57],[0.8,51.54],[0.7,51.52],[0.59,51.52],[0.51,51.5],[0.42,51.47],[0.53,51.48],[0.6,51.47],[0.65,51.4],[0.69,51.39],[0.89,51.36],[1.01,51.36],[1.26,51.38],[1.37,51.37],[1.41,51.36],[1.42,51.31],[1.4,51.18],[1.37,51.16],[1.04,51.05],[0.98,50.97],[0.96,50.93],[0.77,50.93],[0.68,50.89],[0.53,50.85],[0.41,50.82],[0.3,50.78],[0.21,50.76],[-0.2,50.81],[-0.45,50.81],[-0.79,50.77],[-0.87,50.77],[-1.0,50.82],[-1.13,50.84],[-1.29,50.86],[-1.42,50.9],[-1.33,50.82],[-1.52,50.75],[-1.6,50.73],[-1.69,50.74],[-1.87,50.72],[-2.03,50.73],[-2.01,50.67],[-1.96,50.63],[-2.0,50.61],[-2.04,50.6],[-2.35,50.64],[-2.39,50.63],[-2.43,50.6],[-2.55,50.62],[-2.66,50.67],[-2.78,50.71],[-2.9,50.72],[-3.0,50.72],[-3.4,50.63],[-3.49,50.55],[-3.53,50.43],[-3.58,50.32],[-3.68,50.24],[-3.79,50.23],[-3.9,50.29],[-4.1,50.35],[-4.17,50.39],[-4.19,50.39],[-4.22,50.38],[-4.3,50.36],[-4.38,50.36],[-4.51,50.34],[-4.73,50.29],[-4.82,50.26],[-5.01,50.16],[-5.05,50.13],[-5.12,50.04],[-5.23,50.02],[-5.32,50.08],[-5.43,50.1],[-5.55,50.08],[-5.62,50.05],[-5.66,50.08],[-5.66,50.13],[-5.57,50.2],[-5.34,50.25],[-5.14,50.37],[-5.04,50.45],[-5.0,50.5],[-4.96,50.52],[-4.89,50.53],[-4.86,50.58],[-4.58,50.78],[-4.56,50.82],[-4.55,50.9],[-4.52,50.98],[-4.3,51.03],[-4.19,51.19],[-4.16,51.2],[-3.84,51.23],[-3.61,51.23],[-3.38,51.2],[-3.26,51.19],[-3.14,51.21],[-3.04,51.25],[-2.88,51.41],[-2.79,51.47],[-2.69,51.54],[-2.59,51.61],[-2.43,51.74],[-2.54,51.7],[-2.67,51.62],[-2.74,51.58],[-2.98,51.54],[-3.08,51.5],[-3.26,51.4],[-3.29,51.39],[-3.56,51.41],[-3.76,51.54],[-3.89,51.59],[-3.94,51.6],[-4.0,51.58],[-4.12,51.57],[-4.23,51.57],[-4.17,51.63],[-4.09,51.66],[-4.28,51.68],[-4.33,51.7],[-4.39,51.74],[-4.53,51.75],[-4.6,51.74],[-4.72,51.68],[-4.9,51.63],[-5.12,51.71],[-5.17,51.74],[-5.17,51.81],[-5.2,51.86],[-5.26,51.88],[-5.18,51.95],[-5.09,52.0],[-4.88,52.04],[-4.56,52.15],[-4.38,52.2],[-4.22,52.28],[-4.15,52.33],[-4.1,52.39],[-4.05,52.48],[-3.98,52.54],[-4.05,52.56],[-4.08,52.61],[-4.07,52.66],[-4.04,52.7],[-4.07,52.76],[-4.12,52.82],[-4.11,52.87],[-4.1,52.92],[-4.23,52.91],[-4.36,52.9],[-4.47,52.86],[-4.58,52.81],[-4.68,52.81],[-4.68,52.84],[-4.64,52.89],[-4.53,52.96],[-4.41,53.01],[-4.36,53.06],[-4.33,53.11],[-4.27,53.14],[-4.11,53.22],[-3.81,53.3],[-3.76,53.31],[-3.65,53.3],[-3.53,53.31],[-3.43,53.34],[-3.33,53.35],[-3.1,53.26],[-3.17,53.39],[-3.06,53.43],[-2.92,53.31],[-2.86,53.29],[-2.75,53.31],[-2.79,53.33],[-2.85,53.33],[-2.91,53.35],[-2.97,53.39],[-3.06,53.51],[-3.06,53.59],[-3.0,53.66],[-2.93,53.73],[-2.98,53.75],[-3.03,53.77],[-3.05,53.84],[-3.03,53.91],[-2.9,53.96],[-2.86,54.04],[-2.85,54.14],[-2.87,54.18],[-2.99,54.17],[-3.05,54.15],[-3.11,54.13],[-3.17,54.13],[-3.32,54.23],[-3.41,54.31],[-3.57,54.47],[-3.59,54.56],[-3.46,54.77],[-3.27,54.91],[-3.04,54.95],[-3.08,54.96],[-3.43,54.96],[-3.55,54.95],[-3.66,54.89],[-3.72,54.88],[-3.78,54.87],[-3.84,54.84],[-3.9,54.81],[-3.96,54.78],[-4.08,54.79],[-4.13,54.78],[-4.17,54.8],[-4.21,54.84],[-4.25,54.85],[-4.3,54.84],[-4.41,54.79],[-4.52,54.76],[-4.65,54.79],[-4.82,54.85],[-4.85,54.83],[-4.89,54.77],[-4.91,54.69],[-5.03,54.76],[-5.14,54.86],[-5.17,54.92],[-5.17,54.99],[-5.12,55.01],[-5.06,54.99],[-4.97,55.15],[-4.78,55.36],[-4.72,55.42],[-4.68,55.5],[-4.68,55.55],[-4.72,55.6],[-4.89,55.7],[-4.89,55.78],[-4.87,55.87],[-4.83,55.93],[-4.81,55.94],[-4.58,55.94],[-4.67,55.97],[-4.84,56.05],[-4.84,56.08],[-4.8,56.16],[-4.82,56.15],[-4.86,56.11],[-4.93,56.03],[-4.97,56.01],[-5.09,55.99],[-5.11,55.94],[-5.13,55.93],[-5.2,55.93],[-5.21,55.89],[-5.23,55.89],[-5.25,55.93],[-5.25,56.0],[-5.22,56.07],[-5.18,56.12],[-5.0,56.23],[-5.08,56.2],[-5.28,56.09],[-5.38,56.02],[-5.41,56.0],[-5.42,55.98],[-5.42,55.95],[-5.37,55.83],[-5.39,55.77],[-5.56,55.39],[-5.59,55.35],[-5.62,55.33],[-5.65,55.33],[-5.73,55.33],[-5.77,55.36],[-5.77,55.39],[-5.75,55.44],[-5.68,55.62],[-5.65,55.67],[-5.61,55.72],[-5.5,55.8],[-5.51,55.81],[-5.57,55.79],[-5.6,55.8],[-5.62,55.81],[-5.61,56.06],[-5.56,56.13],[-5.53,56.25],[-5.49,56.35],[-5.43,56.42],[-5.39,56.51],[-5.33,56.56],[-5.31,56.62],[-5.24,56.69],[-5.19,56.76],[-5.22,56.75],[-5.56,56.57],[-5.65,56.53],[-5.77,56.54],[-5.86,56.56],[-5.94,56.61],[-5.97,56.69],[-6.06,56.69],[-6.13,56.71],[-6.13,56.72],[-6.03,56.76],[-5.88,56.78],[-5.73,56.85],[-5.86,56.9],[-5.85,56.92],[-5.74,56.96],[-5.59,57.1],[-5.56,57.23],[-5.63,57.29],[-5.66,57.33],[-5.79,57.38],[-5.82,57.44],[-5.8,57.47],[-5.76,57.5],[-5.69,57.52],[-5.58,57.55],[-5.68,57.57],[-5.71,57.6],[-5.74,57.64],[-5.74,57.67],[-5.69,57.78],[-5.67,57.82],[-5.61,57.88],[-5.35,57.88],[-5.32,57.9],[-5.29,57.9],[-5.16,57.88],[-5.18,57.91],[-5.39,58.04],[-5.41,58.07],[-5.35,58.14],[-5.35,58.18],[-5.36,58.21],[-5.34,58.24],[-5.27,58.25],[-5.06,58.25],[-5.01,58.26],[-5.03,58.3],[-5.08,58.35],[-5.09,58.38],[-5.08,58.42],[-5.08,58.49],[-5.07,58.52],[-5.02,58.57],[-4.98,58.58],[-4.92,58.59],[-4.81,58.57],[-4.77,58.55],[-4.72,58.51],[-4.68,58.51],[-4.53,58.56],[-4.49,58.57],[-4.43,58.51],[-4.19,58.56],[-3.86,58.58],[-3.66,58.61],[-3.45,58.62],[-3.26,58.65],[-3.05,58.63],[-3.05,58.62],[-3.06,58.59],[-3.11,58.52]]],[[[-7.18,55.06],[-7.1,55.05],[-7.03,55.08],[-6.95,55.18],[-6.89,55.19],[-6.82,55.18],[-6.7,55.19],[-6.48,55.24],[-6.38,55.24],[-6.23,55.22],[-6.13,55.22],[-6.04,55.14],[-5.99,55.03],[-5.87,54.92],[-5.72,54.82],[-5.71,54.76],[-5.77,54.72],[-5.88,54.68],[-5.88,54.64],[-5.8,54.66],[-5.74,54.67],[-5.58,54.66],[-5.53,54.62],[-5.49,54.55],[-5.47,54.5],[-5.48,54.44],[-5.53,54.46],[-5.57,54.51],[-5.62,54.54],[-5.67,54.55],[-5.65,54.48],[-5.66,54.38],[-5.63,54.37],[-5.56,54.37],[-5.61,54.27],[-5.71,54.25],[-5.83,54.24],[-5.85,54.2],[-5.88,54.16],[-5.94,54.09],[-6.02,54.05],[-6.12,54.06],[-6.22,54.09],[-6.18,54.05],[-6.16,54.02],[-6.23,54.0],[-6.31,54.01],[-6.35,53.99],[-6.35,53.94],[-6.32,53.88],[-6.27,53.84],[-6.23,53.75],[-6.19,53.64],[-6.14,53.58],[-6.13,53.5],[-6.14,53.46],[-6.13,53.39],[-6.15,53.37],[-6.13,53.3],[-6.07,53.17],[-6.05,53.09],[-6.03,52.93],[-6.07,52.87],[-6.13,52.81],[-6.17,52.74],[-6.2,52.66],[-6.22,52.54],[-6.35,52.4],[-6.4,52.37],[-6.46,52.35],[-6.33,52.25],[-6.44,52.2],[-6.56,52.19],[-6.7,52.21],[-6.78,52.21],[-6.86,52.18],[-6.89,52.16],[-6.91,52.17],[-6.97,52.25],[-7.0,52.17],[-7.08,52.14],[-7.22,52.14],[-7.44,52.12],[-7.53,52.1],[-7.56,52.06],[-7.59,52.02],[-7.62,51.99],[-7.66,51.98],[-7.84,51.95],[-7.87,51.94],[-7.95,51.87],[-8.06,51.83],[-8.15,51.81],[-8.22,51.85],[-8.25,51.88],[-8.29,51.89],[-8.41,51.89],[-8.37,51.88],[-8.35,51.85],[-8.34,51.79],[-8.35,51.74],[-8.41,51.71],[-8.48,51.71],[-8.59,51.65],[-8.73,51.64],[-8.81,51.58],[-9.3,51.5],[-9.32,51.5],[-9.39,51.52],[-9.46,51.53],[-9.53,51.52],[-9.74,51.47],[-9.84,51.48],[-9.71,51.6],[-9.54,51.66],[-9.52,51.68],[-9.58,51.69],[-9.9,51.65],[-10.01,51.61],[-10.12,51.6],[-10.07,51.66],[-9.93,51.73],[-9.85,51.77],[-9.8,51.78],[-9.75,51.82],[-9.6,51.87],[-10.08,51.77],[-10.21,51.78],[-10.24,51.81],[-10.34,51.8],[-10.38,51.87],[-10.23,51.97],[-10.15,52.02],[-10.04,52.04],[-9.95,52.08],[-9.91,52.12],[-9.96,52.14],[-10.25,52.13],[-10.39,52.13],[-10.38,52.17],[-10.36,52.21],[-10.21,52.27],[-10.13,52.28],[-10.06,52.28],[-9.99,52.26],[-9.94,52.24],[-9.77,52.25],[-9.84,52.29],[-9.85,52.38],[-9.91,52.4],[-9.84,52.44],[-9.76,52.47],[-9.63,52.55],[-9.59,52.56],[-9.33,52.58],[-9.06,52.62],[-8.78,52.68],[-8.92,52.71],[-8.99,52.76],[-9.1,52.67],[-9.18,52.63],[-9.39,52.62],[-9.46,52.63],[-9.56,52.65],[-9.59,52.64],[-9.62,52.62],[-9.76,52.58],[-9.92,52.57],[-9.74,52.65],[-9.51,52.78],[-9.46,52.82],[-9.39,52.9],[-9.42,52.93],[-9.46,52.95],[-9.3,53.1],[-9.24,53.12],[-9.14,53.13],[-9.06,53.15],[-9.03,53.15],[-9.0,53.16],[-8.93,53.21],[-9.03,53.24],[-9.14,53.25],[-9.47,53.23],[-9.51,53.24],[-9.56,53.25],[-9.58,53.27],[-9.6,53.32],[-9.63,53.33],[-9.7,53.33],[-9.77,53.32],[-9.83,53.32],[-9.88,53.34],[-9.8,53.39],[-9.9,53.41],[-10.0,53.4],[-10.09,53.41],[-10.09,53.45],[-10.05,53.48],[-10.11,53.51],[-10.12,53.55],[-10.06,53.57],[-10.0,53.56],[-9.88,53.59],[-9.72,53.6],[-9.86,53.63],[-9.91,53.66],[-9.91,53.7],[-9.9,53.73],[-9.75,53.78],[-9.58,53.81],[-9.59,53.84],[-9.58,53.88],[-9.75,53.89],[-9.91,53.86],[-9.9,53.94],[-9.86,54.0],[-9.85,54.05],[-9.86,54.1],[-9.93,54.08],[-9.94,54.14],[-9.98,54.19],[-10.09,54.16],[-10.09,54.22],[-10.06,54.26],[-10.0,54.28],[-9.94,54.27],[-9.82,54.27],[-9.72,54.3],[-9.56,54.31],[-9.32,54.3],[-9.15,54.21],[-9.1,54.23],[-9.03,54.28],[-9.0,54.29],[-8.75,54.26],[-8.59,54.23],[-8.55,54.24],[-8.57,54.3],[-8.62,54.35],[-8.55,54.4],[-8.47,54.44],[-8.42,54.46],[-8.29,54.48],[-8.23,54.51],[-8.19,54.58],[-8.13,54.64],[-8.46,54.61],[-8.76,54.68],[-8.72,54.73],[-8.65,54.76],[-8.54,54.78],[-8.53,54.81],[-8.47,54.83],[-8.38,54.89],[-8.41,54.97],[-8.39,55.02],[-8.33,55.06],[-8.3,55.11],[-8.27,55.15],[-8.14,55.16],[-8.01,55.2],[-7.96,55.19],[-7.8,55.2],[-7.75,55.19],[-7.76,55.25],[-7.67,55.26],[-7.63,55.24],[-7.61,55.2],[-7.57,55.17],[-7.56,55.12],[-7.59,55.08],[-7.63,55.05],[-7.59,55.03],[-7.66,54.97],[-7.58,54.99],[-7.48,55.05],[-7.48,55.09],[-7.5,55.14],[-7.53,55.19],[-7.52,55.25],[-7.46,55.28],[-7.3,55.3],[-7.37,55.36],[-7.31,55.37],[-7.25,55.35],[-7.16,55.31],[-7.06,55.27],[-6.96,55.24],[-7.06,55.18],[-7.17,55.14],[-7.22,55.09],[-7.18,55.06]]],[[[-15.54,66.23],[-15.43,66.22],[-15.24,66.26],[-15.16,66.28],[-14.97,66.36],[-14.86,66.38],[-14.68,66.38],[-14.6,66.38],[-14.59,66.37],[-14.7,66.34],[-14.79,66.33],[-14.91,66.28],[-15.03,66.18],[-15.12,66.13],[-15.12,66.1],[-15.01,66.06],[-14.89,66.04],[-14.79,66.06],[-14.74,66.05],[-14.7,66.02],[-14.67,65.99],[-14.67,65.96],[-14.69,65.9],[-14.75,65.83],[-14.84,65.78],[-14.83,65.76],[-14.76,65.76],[-14.43,65.79],[-14.39,65.79],[-14.37,65.77],[-14.37,65.74],[-14.35,65.71],[-14.32,65.68],[-14.33,65.66],[-14.47,65.58],[-14.3,65.63],[-14.17,65.64],[-13.94,65.62],[-13.84,65.59],[-13.79,65.53],[-13.71,65.55],[-13.67,65.55],[-13.62,65.52],[-13.62,65.49],[-13.65,65.44],[-13.67,65.4],[-13.71,65.38],[-13.78,65.37],[-13.8,65.35],[-13.77,65.32],[-13.72,65.29],[-13.65,65.29],[-13.64,65.28],[-13.64,65.26],[-13.65,65.24],[-13.67,65.22],[-13.71,65.22],[-13.75,65.19],[-13.58,65.14],[-13.56,65.12],[-13.56,65.1],[-13.57,65.07],[-13.6,65.04],[-13.65,65.02],[-13.78,65.01],[-13.85,64.99],[-13.83,64.96],[-13.83,64.91],[-13.85,64.86],[-13.95,64.78],[-14.04,64.74],[-14.14,64.71],[-14.3,64.72],[-14.39,64.75],[-14.38,64.68],[-14.47,64.64],[-14.45,64.6],[-14.42,64.58],[-14.43,64.54],[-14.48,64.49],[-14.55,64.45],[-14.63,64.42],[-14.79,64.38],[-14.93,64.32],[-15.02,64.3],[-15.26,64.3],[-15.49,64.26],[-15.83,64.18],[-16.06,64.11],[-16.24,64.04],[-16.47,63.92],[-16.64,63.87],[-16.74,63.85],[-16.93,63.84],[-17.1,63.81],[-17.63,63.75],[-17.82,63.71],[-17.84,63.68],[-17.91,63.64],[-17.92,63.62],[-17.89,63.61],[-17.88,63.59],[-17.95,63.54],[-18.08,63.5],[-18.14,63.5],[-18.22,63.53],[-18.25,63.53],[-18.27,63.52],[-18.27,63.51],[-18.22,63.47],[-18.3,63.45],[-18.65,63.41],[-19.25,63.44],[-19.49,63.48],[-19.78,63.54],[-19.95,63.55],[-20.2,63.56],[-20.4,63.64],[-20.49,63.69],[-20.5,63.71],[-20.49,63.73],[-20.47,63.75],[-20.44,63.76],[-20.37,63.76],[-20.36,63.76],[-20.41,63.81],[-20.46,63.79],[-20.59,63.74],[-20.65,63.74],[-20.73,63.77],[-20.73,63.79],[-20.88,63.8],[-21.01,63.84],[-21.14,63.89],[-21.16,63.91],[-21.09,63.93],[-21.11,63.94],[-21.15,63.94],[-21.25,63.94],[-21.39,63.87],[-21.45,63.86],[-22.37,63.84],[-22.61,63.84],[-22.65,63.83],[-22.69,63.87],[-22.73,63.96],[-22.74,64.02],[-22.73,64.05],[-22.7,64.08],[-22.65,64.08],[-22.6,64.05],[-22.56,64.01],[-22.51,63.99],[-22.19,64.04],[-22.06,64.07],[-22.0,64.1],[-21.94,64.15],[-21.87,64.18],[-21.83,64.21],[-21.77,64.28],[-21.72,64.32],[-21.67,64.35],[-21.61,64.37],[-21.46,64.38],[-21.56,64.4],[-21.65,64.4],[-21.95,64.31],[-22.05,64.31],[-22.05,64.33],[-22.01,64.35],[-21.9,64.39],[-21.97,64.39],[-22.0,64.41],[-22.0,64.45],[-21.95,64.51],[-21.7,64.6],[-21.62,64.61],[-21.59,64.63],[-21.62,64.64],[-21.67,64.65],[-21.92,64.56],[-22.11,64.53],[-22.16,64.54],[-22.25,64.57],[-22.28,64.59],[-22.32,64.62],[-22.32,64.65],[-22.23,64.71],[-22.25,64.73],[-22.31,64.73],[-22.47,64.79],[-22.72,64.79],[-23.35,64.82],[-23.48,64.81],[-23.69,64.76],[-23.82,64.74],[-23.88,64.75],[-23.93,64.78],[-23.98,64.82],[-24.03,64.86],[-24.01,64.9],[-23.92,64.92],[-23.86,64.92],[-23.69,64.91],[-23.49,64.95],[-23.35,64.95],[-23.31,64.96],[-23.24,64.99],[-23.2,65.0],[-23.14,64.99],[-23.11,64.97],[-22.9,65.0],[-22.83,65.02],[-22.82,65.03],[-22.79,65.05],[-22.68,65.03],[-22.6,65.03],[-22.49,65.04],[-22.31,65.05],[-21.89,65.05],[-21.83,65.08],[-21.8,65.11],[-21.76,65.17],[-21.78,65.19],[-22.04,65.13],[-22.1,65.13],[-22.4,65.16],[-22.51,65.2],[-22.47,65.23],[-22.31,65.29],[-22.15,65.34],[-21.91,65.4],[-21.85,65.42],[-21.84,65.45],[-22.01,65.49],[-22.31,65.48],[-22.39,65.54],[-22.64,65.57],[-22.81,65.55],[-22.9,65.58],[-23.12,65.53],[-23.6,65.47],[-23.8,65.42],[-23.9,65.41],[-24.02,65.45],[-24.22,65.49],[-24.45,65.5],[-24.48,65.53],[-24.34,65.6],[-24.25,65.61],[-24.16,65.61],[-23.98,65.55],[-23.86,65.54],[-24.01,65.62],[-24.01,65.65],[-24.02,65.69],[-24.07,65.71],[-24.11,65.76],[-24.09,65.78],[-24.03,65.78],[-23.91,65.77],[-23.62,65.68],[-23.47,65.69],[-23.39,65.73],[-23.29,65.75],[-23.32,65.76],[-23.57,65.76],[-23.7,65.78],[-23.77,65.81],[-23.83,65.85],[-23.81,65.87],[-23.74,65.88],[-23.52,65.88],[-23.67,65.95],[-23.77,66.0],[-23.78,66.02],[-23.77,66.04],[-23.76,66.06],[-23.74,66.07],[-23.49,66.03],[-23.43,66.02],[-23.48,66.05],[-23.59,66.09],[-23.6,66.11],[-23.55,66.12],[-23.53,66.15],[-23.53,66.16],[-23.45,66.18],[-23.38,66.18],[-23.3,66.17],[-23.06,66.09],[-23.03,66.06],[-23.02,66.03],[-23.03,66.0],[-23.02,65.98],[-22.93,65.99],[-22.85,65.98],[-22.82,65.98],[-22.72,66.04],[-22.66,66.03],[-22.62,66.0],[-22.61,65.98],[-22.6,65.94],[-22.62,65.88],[-22.62,65.87],[-22.55,65.91],[-22.44,65.91],[-22.43,65.93],[-22.42,66.0],[-22.43,66.06],[-22.45,66.07],[-22.81,66.15],[-22.87,66.17],[-22.95,66.21],[-22.93,66.23],[-22.86,66.25],[-22.76,66.26],[-22.51,66.26],[-22.48,66.27],[-22.53,66.29],[-22.65,66.3],[-22.67,66.31],[-22.69,66.34],[-22.82,66.32],[-22.97,66.32],[-23.12,66.34],[-23.12,66.36],[-23.06,66.38],[-22.94,66.43],[-22.89,66.44],[-22.72,66.43],[-22.56,66.45],[-22.43,66.43],[-22.32,66.39],[-22.17,66.31],[-21.97,66.26],[-21.95,66.24],[-21.84,66.2],[-21.63,66.09],[-21.41,66.03],[-21.4,66.01],[-21.43,65.99],[-21.52,65.97],[-21.5,65.96],[-21.39,65.94],[-21.31,65.9],[-21.3,65.88],[-21.37,65.74],[-21.41,65.71],[-21.46,65.7],[-21.66,65.72],[-21.61,65.68],[-21.47,65.64],[-21.43,65.61],[-21.46,65.58],[-21.44,65.58],[-21.39,65.59],[-21.36,65.58],[-21.37,65.54],[-21.4,65.5],[-21.43,65.47],[-21.42,65.46],[-21.37,65.47],[-21.31,65.46],[-21.23,65.42],[-21.16,65.3],[-21.13,65.27],[-21.11,65.3],[-21.08,65.38],[-21.05,65.43],[-21.02,65.43],[-21.0,65.44],[-20.98,65.47],[-20.94,65.57],[-20.8,65.64],[-20.74,65.66],[-20.68,65.66],[-20.65,65.65],[-20.55,65.58],[-20.49,65.57],[-20.45,65.57],[-20.41,65.62],[-20.36,65.72],[-20.34,65.83],[-20.37,65.95],[-20.36,66.03],[-20.29,66.08],[-20.21,66.1],[-20.1,66.08],[-20.03,66.05],[-19.87,65.93],[-19.75,65.87],[-19.65,65.8],[-19.59,65.78],[-19.49,65.77],[-19.46,65.77],[-19.44,65.79],[-19.43,65.81],[-19.46,65.98],[-19.43,66.04],[-19.38,66.08],[-19.2,66.1],[-19.09,66.12],[-18.99,66.16],[-18.91,66.18],[-18.85,66.18],[-18.78,66.17],[-18.71,66.14],[-18.59,66.07],[-18.45,65.96],[-18.28,65.88],[-18.18,65.76],[-18.16,65.74],[-18.14,65.73],[-18.12,65.75],[-18.1,65.77],[-18.1,65.83],[-18.15,65.91],[-18.32,66.09],[-18.32,66.13],[-18.3,66.16],[-18.18,66.16],[-17.91,66.14],[-17.82,66.11],[-17.63,66.0],[-17.58,65.97],[-17.55,65.96],[-17.54,65.98],[-17.47,66.0],[-17.42,66.03],[-17.33,66.09],[-17.15,66.2],[-17.12,66.21],[-17.06,66.2],[-16.97,66.17],[-16.93,66.14],[-16.84,66.13],[-16.75,66.13],[-16.62,66.17],[-16.49,66.2],[-16.44,66.25],[-16.43,66.28],[-16.54,66.45],[-16.49,66.48],[-16.25,66.52],[-16.04,66.53],[-15.99,66.51],[-15.85,66.43],[-15.76,66.39],[-15.71,66.36],[-15.7,66.29],[-15.65,66.26],[-15.54,66.23]]],[[[-64.85,18.33],[-64.92,18.32],[-65.02,18.37],[-64.94,18.39],[-64.89,18.37],[-64.85,18.33]]],[[[14.31,36.03],[14.25,36.01],[14.19,36.04],[14.18,36.06],[14.26,36.08],[14.3,36.06],[14.32,36.04],[14.31,36.03]]],[[[13.94,40.71],[13.89,40.7],[13.87,40.71],[13.85,40.72],[13.87,40.76],[13.96,40.74],[13.96,40.72],[13.94,40.71]]],[[[12.05,36.76],[12.0,36.75],[11.94,36.78],[11.94,36.83],[11.95,36.84],[12.02,36.82],[12.05,36.78],[12.05,36.76]]],[[[6.33,53.51],[6.19,53.48],[6.16,53.48],[6.17,53.49],[6.29,53.51],[6.33,53.51]]],[[[5.93,53.46],[5.73,53.44],[5.67,53.45],[5.65,53.47],[5.71,53.47],[5.88,53.48],[5.93,53.46]]],[[[5.11,53.31],[4.92,53.23],[4.91,53.25],[5.03,53.31],[5.11,53.31]]],[[[5.33,53.39],[5.23,53.38],[5.19,53.39],[5.42,53.43],[5.56,53.44],[5.58,53.44],[5.33,53.39]]],[[[-120.31,34.02],[-120.36,34.02],[-120.44,34.03],[-120.41,34.06],[-120.37,34.07],[-120.35,34.06],[-120.31,34.02]]],[[[-119.44,33.22],[-119.48,33.22],[-119.54,33.22],[-119.58,33.28],[-119.53,33.28],[-119.48,33.27],[-119.44,33.23],[-119.44,33.22]]],[[[-69.9,12.45],[-69.9,12.42],[-69.94,12.44],[-70.0,12.5],[-70.07,12.55],[-70.05,12.6],[-70.04,12.61],[-69.97,12.57],[-69.91,12.48],[-69.9,12.45]]],[[[-65.21,10.91],[-65.27,10.88],[-65.37,10.91],[-65.41,10.94],[-65.38,10.97],[-65.3,10.97],[-65.23,10.93],[-65.21,10.91]]],[[[-72.8,18.78],[-72.82,18.71],[-73.08,18.79],[-73.29,18.9],[-73.28,18.95],[-73.17,18.97],[-73.07,18.93],[-72.92,18.86],[-72.8,18.78]]],[[[-25.03,36.96],[-25.03,36.94],[-25.09,36.95],[-25.16,36.94],[-25.2,37.0],[-25.16,37.02],[-25.08,37.02],[-25.04,37.0],[-25.03,36.96]]],[[[16.65,43.0],[16.84,42.97],[16.97,42.98],[17.09,42.96],[17.17,42.93],[17.19,42.92],[17.09,42.91],[16.98,42.93],[16.85,42.9],[16.74,42.91],[16.7,42.93],[16.67,42.96],[16.65,43.0]]],[[[17.19,43.13],[17.12,43.12],[16.68,43.12],[16.55,43.14],[16.41,43.2],[16.38,43.21],[16.52,43.23],[16.66,43.21],[16.7,43.17],[17.06,43.14],[17.19,43.13]]],[[[16.79,43.27],[16.63,43.27],[16.49,43.29],[16.42,43.32],[16.43,43.34],[16.45,43.39],[16.6,43.38],[16.83,43.35],[16.89,43.31],[16.87,43.3],[16.79,43.27]]],[[[-2.51,49.49],[-2.55,49.43],[-2.64,49.45],[-2.65,49.47],[-2.54,49.51],[-2.52,49.51],[-2.51,49.49]]],[[[-2.02,49.23],[-2.01,49.18],[-2.05,49.17],[-2.09,49.19],[-2.17,49.19],[-2.24,49.18],[-2.22,49.27],[-2.08,49.26],[-2.02,49.23]]],[[[-59.79,43.94],[-59.92,43.9],[-60.04,43.91],[-60.11,43.94],[-60.12,43.95],[-59.94,43.94],[-59.87,43.95],[-59.73,44.0],[-59.79,43.94]]],[[[-97.01,27.9],[-97.04,27.9],[-96.99,27.98],[-96.98,28.01],[-96.9,28.12],[-96.86,28.13],[-96.84,28.09],[-96.92,28.02],[-97.01,27.9]]],[[[-88.89,29.71],[-88.94,29.66],[-88.94,29.68],[-88.9,29.73],[-88.87,29.75],[-88.89,29.71]]],[[[-88.56,30.22],[-88.57,30.2],[-88.66,30.23],[-88.71,30.24],[-88.72,30.26],[-88.57,30.23],[-88.56,30.22]]],[[[-88.07,30.25],[-88.16,30.23],[-88.29,30.23],[-88.32,30.24],[-88.26,30.25],[-88.11,30.27],[-88.07,30.25]]],[[[-63.01,18.05],[-63.02,18.02],[-63.09,18.04],[-63.12,18.06],[-63.11,18.09],[-63.06,18.12],[-63.02,18.11],[-63.01,18.1],[-63.01,18.05]]],[[[-65.43,18.11],[-65.5,18.1],[-65.56,18.11],[-65.57,18.14],[-65.48,18.17],[-65.37,18.16],[-65.3,18.14],[-65.29,18.13],[-65.43,18.11]]],[[[-62.53,17.12],[-62.58,17.1],[-62.62,17.13],[-62.62,17.2],[-62.57,17.2],[-62.53,17.17],[-62.53,17.12]]],[[[-64.4,18.46],[-64.42,18.46],[-64.44,18.46],[-64.44,18.47],[-64.43,18.51],[-64.32,18.52],[-64.4,18.46]]],[[[-64.66,18.35],[-64.73,18.33],[-64.77,18.33],[-64.79,18.34],[-64.75,18.37],[-64.66,18.35]]],[[[-64.59,18.4],[-64.67,18.4],[-64.7,18.41],[-64.65,18.44],[-64.57,18.45],[-64.55,18.44],[-64.59,18.4]]],[[[-64.77,17.79],[-64.68,17.75],[-64.58,17.75],[-64.69,17.71],[-64.89,17.7],[-64.88,17.77],[-64.77,17.79]]],[[[-77.35,25.01],[-77.46,24.99],[-77.54,25.01],[-77.56,25.03],[-77.53,25.06],[-77.45,25.08],[-77.33,25.08],[-77.28,25.06],[-77.27,25.04],[-77.35,25.01]]],[[[-81.04,24.72],[-81.09,24.69],[-81.14,24.71],[-81.09,24.73],[-80.93,24.76],[-80.99,24.73],[-81.04,24.72]]],[[[-76.55,34.65],[-76.57,34.65],[-76.61,34.66],[-76.66,34.68],[-76.67,34.7],[-76.62,34.69],[-76.55,34.65]]],[[[18.42,59.03],[18.37,59.02],[18.35,59.02],[18.38,59.07],[18.4,59.09],[18.46,59.11],[18.49,59.1],[18.42,59.03]]],[[[18.6,59.47],[18.57,59.44],[18.55,59.48],[18.56,59.49],[18.57,59.53],[18.62,59.55],[18.7,59.53],[18.7,59.52],[18.62,59.49],[18.6,59.47]]],[[[-122.85,47.2],[-122.86,47.19],[-122.88,47.19],[-122.91,47.23],[-122.91,47.25],[-122.89,47.27],[-122.85,47.22],[-122.85,47.2]]],[[[-86.42,16.38],[-86.58,16.3],[-86.63,16.3],[-86.56,16.36],[-86.44,16.41],[-86.34,16.44],[-86.26,16.43],[-86.42,16.38]]],[[[-78.9,8.27],[-78.92,8.23],[-78.96,8.33],[-78.96,8.35],[-78.96,8.44],[-78.92,8.46],[-78.88,8.46],[-78.86,8.45],[-78.84,8.35],[-78.85,8.3],[-78.9,8.27]]],[[[-73.57,45.47],[-73.64,45.45],[-73.78,45.47],[-73.92,45.44],[-73.96,45.44],[-73.85,45.52],[-73.69,45.56],[-73.52,45.7],[-73.48,45.7],[-73.54,45.55],[-73.55,45.49],[-73.57,45.47]]],[[[-73.7,45.59],[-73.82,45.56],[-73.86,45.57],[-73.72,45.67],[-73.57,45.69],[-73.7,45.59]]],[[[-60.96,45.49],[-61.0,45.48],[-61.01,45.5],[-61.08,45.54],[-61.08,45.56],[-61.03,45.58],[-60.91,45.57],[-60.95,45.52],[-60.96,45.49]]],[[[-61.91,47.28],[-61.88,47.27],[-61.82,47.27],[-61.77,47.26],[-61.83,47.22],[-61.95,47.22],[-62.01,47.23],[-61.92,47.43],[-61.83,47.47],[-61.63,47.59],[-61.55,47.63],[-61.47,47.65],[-61.4,47.64],[-61.48,47.56],[-61.58,47.56],[-61.68,47.5],[-61.75,47.43],[-61.83,47.39],[-61.89,47.34],[-61.91,47.28]]],[[[-64.51,47.89],[-64.53,47.81],[-64.62,47.75],[-64.66,47.75],[-64.68,47.75],[-64.66,47.79],[-64.66,47.86],[-64.59,47.87],[-64.56,47.87],[-64.51,47.89]]],[[[-64.48,47.96],[-64.59,47.91],[-64.54,47.98],[-64.52,48.01],[-64.5,48.01],[-64.48,48.01],[-64.48,47.96]]],[[[-71.03,46.87],[-71.12,46.86],[-71.09,46.9],[-70.97,46.96],[-70.88,47.0],[-70.83,47.0],[-70.91,46.92],[-71.03,46.87]]],[[[-66.27,44.29],[-66.32,44.26],[-66.31,44.29],[-66.25,44.38],[-66.21,44.39],[-66.27,44.29]]],[[[-68.62,44.2],[-68.66,44.18],[-68.7,44.18],[-68.7,44.23],[-68.69,44.25],[-68.68,44.26],[-68.66,44.24],[-68.62,44.2]]],[[[-66.76,44.68],[-66.9,44.63],[-66.84,44.76],[-66.8,44.81],[-66.75,44.79],[-66.75,44.71],[-66.76,44.68]]],[[[-68.19,44.33],[-68.25,44.31],[-68.31,44.32],[-68.31,44.27],[-68.32,44.25],[-68.39,44.28],[-68.41,44.29],[-68.41,44.36],[-68.35,44.43],[-68.3,44.46],[-68.24,44.44],[-68.19,44.36],[-68.19,44.33]]],[[[22.92,58.83],[22.84,58.78],[22.79,58.8],[22.77,58.82],[22.66,58.71],[22.54,58.69],[22.47,58.71],[22.48,58.75],[22.41,58.86],[22.31,58.9],[22.16,58.9],[22.06,58.94],[22.46,58.97],[22.5,59.03],[22.59,59.08],[22.65,59.09],[22.7,59.07],[22.71,59.03],[22.73,59.02],[22.91,58.99],[22.98,58.92],[23.01,58.83],[22.92,58.83]]],[[[23.34,58.55],[23.26,58.54],[23.06,58.61],[23.11,58.66],[23.17,58.68],[23.33,58.65],[23.36,58.58],[23.34,58.55]]],[[[26.88,78.65],[26.73,78.65],[26.46,78.72],[26.41,78.78],[26.46,78.81],[26.59,78.81],[26.79,78.72],[27.01,78.7],[26.88,78.65]]],[[[29.05,78.91],[29.35,78.91],[29.65,78.92],[29.7,78.9],[29.31,78.85],[28.88,78.88],[28.49,78.89],[28.04,78.83],[27.89,78.85],[28.12,78.91],[28.37,78.93],[28.41,78.96],[28.51,78.97],[28.85,78.97],[29.05,78.91]]],[[[11.25,78.61],[11.26,78.54],[11.42,78.55],[11.62,78.48],[11.83,78.44],[11.88,78.41],[11.93,78.37],[12.06,78.31],[12.12,78.23],[11.97,78.22],[11.76,78.33],[11.59,78.39],[11.37,78.44],[11.2,78.44],[11.12,78.46],[10.84,78.64],[10.79,78.69],[10.63,78.75],[10.56,78.84],[10.56,78.9],[10.77,78.89],[10.96,78.85],[11.12,78.75],[11.15,78.72],[11.08,78.69],[11.15,78.64],[11.25,78.61]]],[[[19.22,74.39],[19.1,74.35],[18.92,74.41],[18.8,74.49],[18.86,74.51],[19.18,74.52],[19.26,74.48],[19.27,74.46],[19.22,74.39]]],[[[-8.95,70.84],[-9.05,70.83],[-9.1,70.85],[-8.96,70.92],[-8.52,71.03],[-8.34,71.14],[-8.0,71.18],[-7.98,71.12],[-8.0,71.04],[-8.3,70.98],[-8.64,70.94],[-8.95,70.84]]],[[[27.84,35.93],[27.77,35.91],[27.75,35.91],[27.72,35.96],[27.76,36.07],[27.72,36.14],[27.72,36.17],[27.77,36.21],[27.82,36.28],[27.91,36.35],[28.17,36.43],[28.23,36.43],[28.23,36.37],[28.14,36.21],[28.07,36.13],[28.09,36.07],[27.97,36.05],[27.84,35.93]]],[[[27.18,35.47],[27.14,35.41],[27.1,35.46],[27.12,35.51],[27.07,35.6],[27.16,35.73],[27.16,35.79],[27.22,35.82],[27.21,35.71],[27.16,35.63],[27.21,35.56],[27.23,35.48],[27.18,35.47]]],[[[27.86,36.55],[27.84,36.54],[27.79,36.58],[27.79,36.61],[27.84,36.63],[27.86,36.64],[27.87,36.62],[27.87,36.58],[27.86,36.55]]],[[[27.02,36.96],[26.92,36.95],[26.94,37.02],[26.89,37.09],[26.97,37.05],[27.02,37.01],[27.04,37.0],[27.03,36.98],[27.02,36.96]]],[[[26.95,36.73],[26.92,36.73],[26.96,36.77],[27.06,36.84],[27.21,36.9],[27.27,36.91],[27.35,36.87],[27.19,36.81],[27.15,36.78],[27.03,36.77],[26.95,36.73]]],[[[25.55,36.97],[25.46,36.93],[25.4,36.98],[25.36,37.07],[25.53,37.2],[25.56,37.19],[25.59,37.15],[25.58,37.04],[25.55,36.97]]],[[[25.28,37.07],[25.2,36.99],[25.13,37.0],[25.11,37.03],[25.15,37.11],[25.24,37.15],[25.28,37.14],[25.27,37.08],[25.28,37.07]]],[[[25.48,36.39],[25.44,36.34],[25.37,36.36],[25.4,36.38],[25.41,36.4],[25.41,36.44],[25.4,36.47],[25.41,36.47],[25.47,36.44],[25.48,36.39]]],[[[25.38,36.67],[25.36,36.66],[25.29,36.72],[25.26,36.76],[25.3,36.79],[25.41,36.72],[25.38,36.67]]],[[[26.82,37.81],[26.95,37.78],[26.98,37.78],[27.04,37.77],[27.06,37.71],[26.98,37.7],[26.84,37.64],[26.79,37.66],[26.72,37.71],[26.61,37.71],[26.58,37.72],[26.64,37.78],[26.74,37.81],[26.82,37.81]]],[[[26.03,37.53],[25.98,37.53],[26.0,37.57],[26.09,37.63],[26.21,37.64],[26.33,37.67],[26.35,37.67],[26.3,37.62],[26.2,37.57],[26.03,37.53]]],[[[25.86,36.79],[25.77,36.78],[25.74,36.79],[25.8,36.81],[25.83,36.83],[25.85,36.85],[25.94,36.89],[26.0,36.94],[26.06,36.9],[25.98,36.88],[25.86,36.79]]],[[[26.46,36.59],[26.38,36.56],[26.33,36.51],[26.27,36.55],[26.27,36.6],[26.34,36.58],[26.38,36.61],[26.37,36.64],[26.42,36.62],[26.46,36.59]]],[[[24.36,37.58],[24.29,37.53],[24.28,37.6],[24.32,37.68],[24.38,37.68],[24.4,37.65],[24.36,37.58]]],[[[24.44,37.34],[24.38,37.31],[24.4,37.38],[24.37,37.42],[24.39,37.45],[24.43,37.48],[24.45,37.45],[24.48,37.41],[24.44,37.34]]],[[[24.54,36.76],[24.54,36.71],[24.53,36.68],[24.33,36.66],[24.34,36.72],[24.36,36.74],[24.43,36.71],[24.45,36.73],[24.46,36.75],[24.54,36.76]]],[[[24.94,37.49],[24.94,37.39],[24.91,37.39],[24.9,37.41],[24.9,37.45],[24.91,37.51],[24.94,37.49]]],[[[24.99,37.76],[24.96,37.69],[24.88,37.77],[24.8,37.82],[24.77,37.87],[24.71,37.9],[24.7,37.96],[24.76,37.99],[24.79,37.99],[24.86,37.91],[24.96,37.9],[24.95,37.86],[24.98,37.8],[24.99,37.76]]],[[[25.26,37.6],[25.22,37.54],[25.16,37.55],[25.05,37.61],[25.02,37.65],[25.0,37.68],[25.04,37.68],[25.09,37.65],[25.23,37.63],[25.26,37.6]]],[[[24.72,36.92],[24.7,36.92],[24.68,36.96],[24.67,37.0],[24.68,37.02],[24.72,37.02],[24.76,36.95],[24.72,36.92]]],[[[26.09,38.22],[26.0,38.16],[25.89,38.24],[25.87,38.27],[25.95,38.3],[25.99,38.35],[25.96,38.42],[25.85,38.51],[25.85,38.57],[26.01,38.6],[26.11,38.54],[26.16,38.54],[26.14,38.49],[26.15,38.47],[26.16,38.3],[26.11,38.28],[26.1,38.23],[26.09,38.22]]],[[[26.41,39.33],[26.39,39.27],[26.53,39.17],[26.58,39.11],[26.6,39.05],[26.58,39.03],[26.53,39.06],[26.49,39.07],[26.5,39.03],[26.55,38.99],[26.47,38.97],[26.39,38.97],[26.16,39.03],[26.11,39.08],[26.25,39.16],[26.27,39.2],[26.18,39.19],[26.07,39.1],[25.91,39.14],[25.86,39.18],[25.84,39.2],[25.91,39.29],[26.03,39.28],[26.09,39.3],[26.16,39.33],[26.17,39.37],[26.35,39.38],[26.41,39.33]]],[[[23.78,39.11],[23.74,39.08],[23.67,39.1],[23.59,39.21],[23.78,39.11]]],[[[23.89,39.16],[23.84,39.15],[23.89,39.23],[23.97,39.27],[23.94,39.2],[23.89,39.16]]],[[[24.67,38.81],[24.57,38.78],[24.54,38.79],[24.56,38.82],[24.57,38.83],[24.46,38.89],[24.47,38.96],[24.49,38.98],[24.56,38.94],[24.58,38.88],[24.67,38.81]]],[[[25.69,40.43],[25.57,40.4],[25.45,40.48],[25.57,40.52],[25.62,40.49],[25.66,40.46],[25.69,40.43]]],[[[25.44,39.98],[25.4,39.95],[25.37,39.89],[25.36,39.81],[25.3,39.81],[25.26,39.82],[25.25,39.85],[25.25,39.89],[25.22,39.89],[25.2,39.85],[25.19,39.83],[25.13,39.83],[25.06,39.85],[25.07,39.91],[25.05,39.98],[25.06,40.0],[25.23,40.01],[25.29,39.96],[25.35,39.98],[25.37,40.02],[25.45,40.03],[25.44,39.98]]],[[[24.77,40.62],[24.65,40.58],[24.52,40.65],[24.52,40.69],[24.59,40.77],[24.62,40.79],[24.72,40.79],[24.77,40.73],[24.79,40.7],[24.77,40.66],[24.77,40.62]]],[[[25.97,40.14],[25.74,40.11],[25.67,40.14],[25.74,40.2],[25.87,40.23],[25.92,40.24],[25.98,40.18],[25.97,40.14]]],[[[-16.11,11.06],[-16.19,11.04],[-16.23,11.09],[-16.24,11.11],[-16.19,11.13],[-16.18,11.13],[-16.14,11.17],[-16.1,11.19],[-16.09,11.2],[-16.07,11.2],[-16.05,11.12],[-16.07,11.08],[-16.11,11.06]]],[[[-16.37,19.71],[-16.44,19.61],[-16.47,19.65],[-16.48,19.71],[-16.42,19.8],[-16.39,19.85],[-16.34,19.87],[-16.37,19.71]]],[[[-17.19,32.87],[-17.05,32.82],[-16.93,32.84],[-16.77,32.77],[-16.69,32.76],[-16.77,32.71],[-16.84,32.65],[-17.02,32.66],[-17.17,32.72],[-17.23,32.77],[-17.24,32.81],[-17.19,32.87]]],[[[-15.9,11.08],[-15.91,11.05],[-15.96,11.06],[-15.95,11.09],[-15.96,11.1],[-15.95,11.18],[-15.94,11.19],[-15.91,11.16],[-15.91,11.15],[-15.9,11.08]]],[[[-16.33,28.38],[-16.42,28.15],[-16.5,28.06],[-16.54,28.03],[-16.66,28.01],[-16.79,28.15],[-16.87,28.29],[-16.91,28.34],[-16.84,28.38],[-16.75,28.37],[-16.56,28.4],[-16.52,28.41],[-16.32,28.56],[-16.12,28.58],[-16.12,28.53],[-16.33,28.38]]],[[[-13.72,28.91],[-13.78,28.85],[-13.86,28.87],[-13.82,29.01],[-13.79,29.06],[-13.65,29.12],[-13.54,29.14],[-13.5,29.21],[-13.46,29.24],[-13.42,29.2],[-13.45,29.15],[-13.48,29.01],[-13.55,28.96],[-13.72,28.91]]],[[[-14.2,28.17],[-14.33,28.06],[-14.47,28.08],[-14.49,28.1],[-14.36,28.13],[-14.23,28.22],[-14.15,28.41],[-14.03,28.62],[-14.0,28.71],[-13.95,28.74],[-13.89,28.74],[-13.86,28.74],[-13.83,28.69],[-13.83,28.59],[-13.86,28.41],[-13.93,28.25],[-14.2,28.17]]],[[[-12.53,7.44],[-12.54,7.41],[-12.61,7.47],[-12.95,7.57],[-12.85,7.62],[-12.62,7.64],[-12.54,7.61],[-12.51,7.58],[-12.5,7.54],[-12.53,7.44]]],[[[-15.4,28.15],[-15.41,28.07],[-15.38,27.99],[-15.39,27.87],[-15.44,27.81],[-15.56,27.75],[-15.66,27.76],[-15.71,27.78],[-15.81,27.89],[-15.81,27.99],[-15.72,28.06],[-15.68,28.15],[-15.45,28.14],[-15.43,28.15],[-15.42,28.16],[-15.4,28.15]]],[[[-15.73,11.22],[-15.73,11.17],[-15.77,11.18],[-15.78,11.19],[-15.75,11.27],[-15.72,11.3],[-15.67,11.3],[-15.66,11.29],[-15.67,11.26],[-15.69,11.23],[-15.73,11.22]]],[[[-15.55,11.54],[-15.56,11.51],[-15.62,11.53],[-15.54,11.62],[-15.48,11.63],[-15.48,11.57],[-15.53,11.55],[-15.55,11.54]]],[[[-25.17,16.95],[-25.27,16.93],[-25.31,16.94],[-25.32,17.02],[-25.34,17.07],[-25.34,17.09],[-25.11,17.19],[-25.03,17.18],[-24.98,17.09],[-25.02,17.05],[-25.17,16.95]]],[[[-24.89,16.82],[-24.97,16.79],[-25.02,16.8],[-25.09,16.83],[-25.07,16.87],[-24.99,16.91],[-24.94,16.92],[-24.89,16.85],[-24.89,16.82]]],[[[-17.18,28.02],[-17.23,28.01],[-17.27,28.04],[-17.32,28.12],[-17.29,28.18],[-17.26,28.2],[-17.21,28.2],[-17.13,28.16],[-17.1,28.11],[-17.1,28.08],[-17.18,28.02]]],[[[-15.9,11.47],[-15.95,11.43],[-16.0,11.45],[-16.02,11.48],[-16.02,11.53],[-15.96,11.6],[-15.92,11.59],[-15.9,11.47]]],[[[-15.99,11.88],[-16.04,11.76],[-16.1,11.77],[-16.15,11.85],[-16.15,11.88],[-16.02,11.89],[-15.99,11.88]]],[[[-17.89,27.81],[-17.98,27.65],[-18.11,27.71],[-18.14,27.73],[-18.16,27.76],[-18.04,27.77],[-17.92,27.85],[-17.89,27.81]]],[[[-22.92,16.24],[-22.83,16.22],[-22.8,16.23],[-22.75,16.22],[-22.69,16.17],[-22.68,16.11],[-22.71,16.04],[-22.82,15.99],[-22.88,15.99],[-22.96,16.05],[-22.92,16.15],[-22.92,16.24]]],[[[-24.31,14.86],[-24.39,14.82],[-24.44,14.83],[-24.49,14.87],[-24.52,14.93],[-24.5,14.98],[-24.39,15.04],[-24.33,15.02],[-24.3,14.93],[-24.31,14.86]]],[[[-17.83,28.49],[-17.86,28.49],[-17.88,28.56],[-18.0,28.76],[-17.93,28.84],[-17.8,28.85],[-17.74,28.79],[-17.73,28.72],[-17.75,28.69],[-17.74,28.62],[-17.76,28.57],[-17.83,28.49]]],[[[-24.09,16.62],[-24.05,16.59],[-24.03,16.57],[-24.09,16.56],[-24.24,16.6],[-24.28,16.58],[-24.32,16.49],[-24.4,16.62],[-24.39,16.66],[-24.38,16.68],[-24.27,16.64],[-24.09,16.62]]],[[[-22.89,16.66],[-22.92,16.61],[-22.96,16.68],[-22.98,16.7],[-22.99,16.81],[-22.93,16.84],[-22.9,16.84],[-22.9,16.73],[-22.89,16.66]]],[[[-23.18,15.14],[-23.21,15.13],[-23.25,15.18],[-23.24,15.24],[-23.25,15.26],[-23.21,15.32],[-23.14,15.32],[-23.12,15.27],[-23.12,15.17],[-23.18,15.14]]],[[[-23.44,15.01],[-23.5,14.92],[-23.64,14.92],[-23.71,14.96],[-23.79,15.08],[-23.78,15.17],[-23.75,15.24],[-23.76,15.31],[-23.75,15.33],[-23.71,15.32],[-23.7,15.27],[-23.58,15.16],[-23.54,15.14],[-23.44,15.01]]],[[[8.74,3.76],[8.76,3.75],[8.91,3.76],[8.95,3.71],[8.95,3.63],[8.79,3.4],[8.76,3.3],[8.7,3.22],[8.65,3.22],[8.47,3.26],[8.44,3.29],[8.43,3.33],[8.45,3.42],[8.46,3.45],[8.55,3.47],[8.58,3.48],[8.62,3.58],[8.64,3.67],[8.68,3.74],[8.74,3.76]]],[[[6.66,0.12],[6.56,0.05],[6.52,0.07],[6.5,0.12],[6.47,0.23],[6.48,0.28],[6.52,0.34],[6.63,0.4],[6.69,0.4],[6.75,0.33],[6.75,0.24],[6.66,0.12]]],[[[7.42,1.57],[7.39,1.54],[7.34,1.56],[7.33,1.6],[7.39,1.68],[7.41,1.7],[7.44,1.68],[7.45,1.66],[7.45,1.63],[7.42,1.57]]],[[[7.3,4.42],[7.2,4.39],[7.14,4.4],[7.23,4.53],[7.27,4.5],[7.33,4.49],[7.3,4.42]]],[[[11.28,34.75],[11.12,34.68],[11.15,34.74],[11.25,34.82],[11.28,34.8],[11.28,34.75]]],[[[10.96,33.72],[10.93,33.72],[10.88,33.69],[10.86,33.69],[10.78,33.72],[10.76,33.72],[10.72,33.74],[10.73,33.86],[10.75,33.89],[10.92,33.89],[11.02,33.82],[11.03,33.81],[11.04,33.79],[10.99,33.75],[10.96,33.72]]],[[[-4.41,54.19],[-4.61,54.06],[-4.7,54.08],[-4.77,54.07],[-4.79,54.07],[-4.75,54.12],[-4.7,54.22],[-4.61,54.27],[-4.51,54.38],[-4.42,54.41],[-4.4,54.4],[-4.38,54.39],[-4.34,54.27],[-4.39,54.23],[-4.41,54.19]]],[[[-6.61,56.59],[-6.66,56.58],[-6.67,56.59],[-6.57,56.66],[-6.51,56.67],[-6.48,56.67],[-6.53,56.63],[-6.61,56.59]]],[[[-5.11,55.45],[-5.23,55.45],[-5.28,55.46],[-5.33,55.48],[-5.39,55.62],[-5.37,55.67],[-5.35,55.69],[-5.32,55.71],[-5.25,55.72],[-5.19,55.69],[-5.16,55.67],[-5.1,55.57],[-5.09,55.49],[-5.11,55.45]]],[[[-5.78,56.34],[-6.18,56.29],[-6.31,56.29],[-6.33,56.32],[-6.3,56.34],[-6.18,56.36],[-6.14,56.49],[-6.31,56.55],[-6.32,56.57],[-6.31,56.6],[-6.29,56.61],[-6.18,56.64],[-6.14,56.65],[-6.1,56.65],[-6.03,56.61],[-5.95,56.53],[-5.84,56.52],[-5.76,56.49],[-5.78,56.34]]],[[[-6.13,55.93],[-6.09,55.8],[-6.06,55.72],[-6.06,55.7],[-6.09,55.66],[-6.25,55.61],[-6.31,55.61],[-6.31,55.62],[-6.27,55.67],[-6.3,55.73],[-6.29,55.77],[-6.3,55.78],[-6.33,55.77],[-6.45,55.7],[-6.49,55.7],[-6.5,55.71],[-6.47,55.77],[-6.46,55.81],[-6.45,55.83],[-6.41,55.85],[-6.37,55.87],[-6.34,55.87],[-6.31,55.86],[-6.22,55.9],[-6.13,55.93]]],[[[-5.97,55.81],[-5.99,55.8],[-6.04,55.81],[-6.06,55.82],[-6.07,55.85],[-6.07,55.89],[-6.04,55.93],[-5.91,55.97],[-5.97,55.99],[-5.97,56.0],[-5.94,56.05],[-5.8,56.11],[-5.76,56.12],[-5.73,56.12],[-5.8,56.01],[-5.97,55.81]]],[[[-1.04,60.51],[-1.07,60.5],[-1.17,60.6],[-1.09,60.72],[-1.01,60.72],[-0.99,60.69],[-1.0,60.66],[-1.05,60.66],[-1.05,60.65],[-1.04,60.59],[-1.03,60.53],[-1.04,60.51]]],[[[-1.31,60.54],[-1.29,60.47],[-1.24,60.49],[-1.16,60.42],[-1.12,60.42],[-1.05,60.44],[-1.07,60.38],[-1.13,60.21],[-1.15,60.18],[-1.17,60.12],[-1.18,60.11],[-1.2,60.01],[-1.25,59.97],[-1.28,59.89],[-1.3,59.88],[-1.36,59.91],[-1.3,60.04],[-1.28,60.11],[-1.29,60.15],[-1.32,60.19],[-1.41,60.19],[-1.48,60.17],[-1.5,60.19],[-1.5,60.22],[-1.52,60.23],[-1.61,60.23],[-1.64,60.24],[-1.66,60.26],[-1.66,60.28],[-1.58,60.3],[-1.49,60.29],[-1.37,60.33],[-1.45,60.47],[-1.55,60.48],[-1.57,60.49],[-1.55,60.52],[-1.5,60.53],[-1.41,60.6],[-1.36,60.61],[-1.3,60.61],[-1.31,60.54]]],[[[-0.77,60.81],[-0.77,60.8],[-0.83,60.72],[-0.83,60.68],[-0.91,60.69],[-0.92,60.7],[-0.94,60.75],[-0.93,60.8],[-0.92,60.81],[-0.89,60.82],[-0.86,60.81],[-0.82,60.83],[-0.8,60.83],[-0.77,60.81]]],[[[-3.16,58.79],[-3.22,58.78],[-3.28,58.78],[-3.37,58.84],[-3.4,58.88],[-3.39,58.91],[-3.36,58.92],[-3.27,58.91],[-3.23,58.86],[-3.22,58.83],[-3.21,58.81],[-3.16,58.8],[-3.16,58.79]]],[[[-4.2,53.32],[-4.15,53.3],[-4.05,53.31],[-4.08,53.26],[-4.2,53.22],[-4.28,53.17],[-4.37,53.13],[-4.42,53.18],[-4.47,53.18],[-4.55,53.26],[-4.57,53.39],[-4.46,53.42],[-4.32,53.42],[-4.2,53.32]]],[[[-2.55,59.23],[-2.66,59.23],[-2.6,59.29],[-2.54,59.3],[-2.41,59.3],[-2.43,59.27],[-2.55,59.23]]],[[[-2.93,58.74],[-2.94,58.74],[-2.98,58.76],[-3.04,58.82],[-2.94,58.84],[-2.9,58.83],[-2.91,58.8],[-2.93,58.74]]],[[[-3.06,59.03],[-3.07,59.0],[-2.99,59.01],[-2.88,58.98],[-2.82,58.98],[-2.76,58.96],[-2.79,58.91],[-2.83,58.89],[-2.86,58.89],[-2.99,58.94],[-3.17,58.92],[-3.2,58.93],[-3.22,58.94],[-3.23,58.96],[-3.23,58.99],[-3.24,59.0],[-3.3,58.97],[-3.33,58.97],[-3.35,58.99],[-3.35,59.02],[-3.35,59.06],[-3.31,59.13],[-3.25,59.14],[-3.16,59.14],[-3.05,59.1],[-3.02,59.08],[-3.02,59.06],[-3.06,59.03]]],[[[-6.62,61.81],[-6.64,61.77],[-6.67,61.77],[-6.76,61.82],[-6.84,61.84],[-6.86,61.86],[-6.88,61.9],[-6.84,61.9],[-6.79,61.9],[-6.66,61.86],[-6.63,61.83],[-6.62,61.81]]],[[[-6.7,61.44],[-6.68,61.41],[-6.7,61.42],[-6.77,61.45],[-6.89,61.53],[-6.93,61.6],[-6.93,61.63],[-6.91,61.63],[-6.88,61.6],[-6.77,61.58],[-6.74,61.57],[-6.74,61.54],[-6.7,61.5],[-6.7,61.44]]],[[[-7.19,62.14],[-7.1,62.1],[-7.07,62.07],[-7.12,62.05],[-7.18,62.04],[-7.25,62.05],[-7.38,62.07],[-7.42,62.14],[-7.34,62.14],[-7.24,62.15],[-7.19,62.14]]],[[[-6.63,62.23],[-6.66,62.09],[-6.7,62.09],[-6.77,62.13],[-6.82,62.14],[-6.84,62.12],[-6.84,62.1],[-6.81,62.08],[-6.72,61.99],[-6.71,61.96],[-6.73,61.95],[-6.81,61.98],[-7.01,62.09],[-7.17,62.29],[-6.96,62.32],[-6.8,62.27],[-6.63,62.23]]],[[[-2.73,59.19],[-2.82,59.16],[-2.85,59.18],[-2.86,59.25],[-2.96,59.27],[-3.01,59.29],[-3.05,59.32],[-3.04,59.33],[-2.98,59.35],[-2.86,59.29],[-2.82,59.24],[-2.73,59.23],[-2.72,59.22],[-2.73,59.19]]],[[[-6.41,62.26],[-6.45,62.19],[-6.52,62.2],[-6.54,62.21],[-6.56,62.22],[-6.55,62.28],[-6.55,62.36],[-6.47,62.29],[-6.41,62.26]]],[[[-6.2,58.36],[-6.33,58.19],[-6.38,58.18],[-6.42,58.14],[-6.55,58.09],[-6.44,58.09],[-6.4,58.08],[-6.4,58.04],[-6.43,58.02],[-6.58,57.94],[-6.68,57.91],[-6.8,57.83],[-6.85,57.83],[-6.91,57.77],[-6.96,57.75],[-6.98,57.75],[-7.01,57.76],[-7.08,57.81],[-6.96,57.86],[-6.94,57.89],[-6.86,57.92],[-6.86,57.93],[-7.0,57.97],[-7.06,58.0],[-7.05,58.02],[-6.99,58.05],[-7.02,58.05],[-7.04,58.07],[-7.08,58.08],[-7.09,58.1],[-7.1,58.14],[-7.09,58.18],[-7.04,58.2],[-7.03,58.22],[-7.01,58.23],[-6.95,58.22],[-6.89,58.18],[-6.81,58.2],[-6.73,58.19],[-6.72,58.2],[-6.79,58.28],[-6.78,58.3],[-6.74,58.32],[-6.54,58.38],[-6.3,58.49],[-6.24,58.5],[-6.22,58.49],[-6.19,58.44],[-6.2,58.36]]],[[[-6.28,56.96],[-6.31,56.95],[-6.35,56.95],[-6.38,56.97],[-6.43,57.02],[-6.32,57.05],[-6.28,57.03],[-6.26,57.01],[-6.26,56.99],[-6.28,56.96]]],[[[-6.14,57.5],[-6.15,57.46],[-6.16,57.41],[-6.14,57.35],[-6.14,57.31],[-6.09,57.3],[-6.07,57.28],[-5.88,57.26],[-5.71,57.27],[-5.67,57.25],[-5.67,57.23],[-5.7,57.2],[-5.8,57.15],[-5.91,57.06],[-5.95,57.05],[-5.99,57.04],[-6.01,57.05],[-6.03,57.2],[-6.16,57.18],[-6.27,57.18],[-6.32,57.2],[-6.36,57.24],[-6.44,57.33],[-6.68,57.36],[-6.74,57.41],[-6.76,57.44],[-6.75,57.46],[-6.7,57.5],[-6.64,57.48],[-6.61,57.49],[-6.58,57.51],[-6.58,57.52],[-6.62,57.55],[-6.62,57.56],[-6.38,57.6],[-6.36,57.67],[-6.31,57.67],[-6.25,57.65],[-6.17,57.59],[-6.14,57.5]]],[[[-7.21,57.68],[-7.09,57.63],[-7.18,57.53],[-7.32,57.53],[-7.51,57.6],[-7.52,57.62],[-7.5,57.64],[-7.47,57.65],[-7.44,57.66],[-7.39,57.65],[-7.32,57.66],[-7.27,57.66],[-7.21,57.68]]],[[[-7.25,57.12],[-7.29,57.11],[-7.35,57.12],[-7.38,57.13],[-7.42,57.19],[-7.42,57.23],[-7.41,57.3],[-7.41,57.38],[-7.3,57.38],[-7.27,57.37],[-7.25,57.13],[-7.25,57.12]]],[[[-9.95,53.91],[-9.95,53.88],[-10.03,53.92],[-10.06,53.96],[-10.27,53.98],[-10.18,54.02],[-10.14,54.01],[-10.0,54.0],[-9.96,53.99],[-9.95,53.91]]],[[[-7.42,56.97],[-7.5,56.95],[-7.54,56.96],[-7.54,56.97],[-7.52,57.01],[-7.46,57.02],[-7.41,57.0],[-7.4,56.98],[-7.42,56.97]]],[[[21.99,60.34],[21.92,60.33],[21.82,60.38],[21.81,60.4],[21.85,60.41],[21.82,60.45],[21.83,60.47],[21.91,60.44],[21.95,60.4],[21.91,60.39],[21.98,60.36],[21.99,60.34]]],[[[19.66,60.19],[19.67,60.16],[19.63,60.17],[19.6,60.16],[19.58,60.14],[19.54,60.14],[19.52,60.18],[19.55,60.24],[19.63,60.25],[19.66,60.19]]],[[[19.99,60.35],[20.02,60.35],[20.03,60.36],[20.09,60.35],[20.17,60.31],[20.18,60.29],[20.24,60.28],[20.26,60.26],[20.19,60.19],[20.16,60.19],[20.13,60.2],[20.07,60.19],[20.04,60.18],[20.03,60.15],[20.03,60.09],[19.8,60.08],[19.75,60.1],[19.67,60.23],[19.69,60.27],[19.74,60.28],[19.78,60.29],[19.79,60.21],[19.85,60.22],[19.87,60.27],[19.87,60.3],[19.85,60.32],[19.81,60.33],[19.79,60.35],[19.82,60.39],[19.89,60.41],[19.94,60.36],[19.99,60.35]]],[[[21.22,63.24],[21.23,63.22],[21.29,63.23],[21.37,63.26],[21.42,63.25],[21.42,63.2],[21.38,63.2],[21.37,63.21],[21.32,63.18],[21.31,63.16],[21.25,63.15],[21.15,63.2],[21.08,63.28],[21.24,63.28],[21.22,63.26],[21.22,63.24]]],[[[19.16,57.92],[19.14,57.86],[19.09,57.86],[19.04,57.91],[19.13,57.98],[19.28,57.98],[19.33,57.96],[19.16,57.92]]],[[[16.53,56.29],[16.48,56.24],[16.43,56.24],[16.4,56.31],[16.39,56.48],[16.41,56.57],[16.63,56.88],[16.73,56.9],[16.86,57.09],[16.9,57.17],[16.96,57.25],[17.0,57.32],[17.03,57.35],[17.09,57.33],[17.12,57.32],[17.05,57.28],[17.06,57.23],[17.05,57.21],[16.88,56.99],[16.84,56.84],[16.78,56.81],[16.53,56.29]]],[[[15.09,55.02],[15.05,55.0],[14.89,55.03],[14.68,55.1],[14.71,55.24],[14.77,55.3],[15.13,55.14],[15.14,55.09],[15.09,55.02]]],[[[13.71,54.38],[13.73,54.32],[13.71,54.28],[13.59,54.34],[13.48,54.34],[13.41,54.25],[13.36,54.25],[13.19,54.33],[13.16,54.36],[13.16,54.4],[13.18,54.51],[13.18,54.54],[13.23,54.58],[13.24,54.64],[13.34,54.7],[13.42,54.7],[13.45,54.65],[13.49,54.62],[13.64,54.58],[13.66,54.56],[13.67,54.54],[13.6,54.49],[13.58,54.46],[13.6,54.43],[13.71,54.38]]],[[[12.55,54.97],[12.51,54.95],[12.36,54.96],[12.18,54.89],[12.12,54.91],[12.14,54.96],[12.16,54.97],[12.22,54.99],[12.26,55.02],[12.27,55.06],[12.31,55.04],[12.42,55.03],[12.47,55.02],[12.51,55.0],[12.55,54.97]]],[[[12.67,55.6],[12.57,55.55],[12.55,55.56],[12.52,55.61],[12.57,55.65],[12.6,55.68],[12.62,55.68],[12.65,55.65],[12.67,55.6]]],[[[11.36,54.89],[11.54,54.83],[11.66,54.83],[11.74,54.81],[11.76,54.77],[11.77,54.68],[11.68,54.65],[11.59,54.66],[11.46,54.63],[11.04,54.77],[11.04,54.89],[11.06,54.94],[11.26,54.95],[11.36,54.89]]],[[[10.48,54.85],[10.42,54.84],[10.34,54.86],[10.22,54.94],[10.2,54.96],[10.27,54.95],[10.35,54.91],[10.41,54.9],[10.5,54.86],[10.48,54.85]]],[[[10.06,54.89],[9.96,54.87],[9.9,54.9],[9.81,54.91],[9.77,55.06],[9.78,55.07],[9.83,55.06],[10.0,54.99],[10.06,54.91],[10.06,54.89]]],[[[10.73,54.75],[10.69,54.75],[10.63,54.83],[10.62,54.85],[10.69,54.9],[10.74,54.96],[10.86,55.05],[10.93,55.16],[10.95,55.16],[10.92,55.06],[10.77,54.8],[10.73,54.75]]],[[[10.61,55.78],[10.59,55.77],[10.53,55.78],[10.52,55.85],[10.54,55.91],[10.52,55.96],[10.55,55.99],[10.64,55.91],[10.66,55.88],[10.63,55.83],[10.61,55.78]]],[[[11.28,54.42],[11.13,54.42],[11.07,54.46],[11.01,54.47],[11.04,54.52],[11.08,54.53],[11.23,54.5],[11.28,54.44],[11.28,54.42]]],[[[11.05,57.25],[11.01,57.23],[10.87,57.26],[10.93,57.31],[11.09,57.33],[11.17,57.32],[11.08,57.28],[11.05,57.25]]],[[[8.31,54.79],[8.28,54.77],[8.3,54.91],[8.41,55.06],[8.45,55.06],[8.4,55.01],[8.39,54.99],[8.37,54.93],[8.38,54.9],[8.63,54.89],[8.6,54.87],[8.35,54.85],[8.31,54.79]]],[[[-1.18,45.9],[-1.21,45.82],[-1.28,45.9],[-1.37,45.97],[-1.39,46.03],[-1.39,46.05],[-1.29,46.0],[-1.18,45.9]]],[[[-1.07,50.69],[-1.15,50.66],[-1.18,50.62],[-1.2,50.6],[-1.25,50.59],[-1.31,50.59],[-1.52,50.67],[-1.56,50.67],[-1.52,50.7],[-1.39,50.73],[-1.31,50.77],[-1.14,50.73],[-1.07,50.69]]],[[[4.89,53.07],[4.79,53.0],[4.73,53.02],[4.71,53.04],[4.74,53.09],[4.89,53.18],[4.89,53.07]]],[[[10.4,42.86],[10.43,42.82],[10.43,42.8],[10.41,42.77],[10.42,42.71],[10.34,42.76],[10.21,42.74],[10.13,42.74],[10.11,42.79],[10.13,42.81],[10.25,42.82],[10.29,42.83],[10.36,42.82],[10.4,42.86]]],[[[8.48,39.07],[8.42,38.97],[8.36,39.04],[8.36,39.1],[8.37,39.12],[8.44,39.09],[8.48,39.07]]],[[[8.29,41.04],[8.25,40.99],[8.21,41.0],[8.22,41.03],[8.27,41.1],[8.32,41.12],[8.34,41.1],[8.32,41.06],[8.29,41.04]]],[[[4.29,39.84],[4.28,39.83],[3.97,39.95],[3.87,39.96],[3.84,39.98],[3.85,40.04],[3.85,40.06],[4.06,40.08],[4.23,40.03],[4.32,39.92],[4.32,39.9],[4.29,39.84]]],[[[1.59,38.67],[1.57,38.66],[1.5,38.67],[1.41,38.67],[1.4,38.71],[1.42,38.74],[1.44,38.77],[1.5,38.71],[1.59,38.7],[1.59,38.67]]],[[[1.45,38.92],[1.41,38.86],[1.26,38.88],[1.22,38.9],[1.26,38.97],[1.3,38.98],[1.3,39.03],[1.35,39.08],[1.56,39.12],[1.61,39.09],[1.62,39.04],[1.49,38.93],[1.45,38.92]]],[[[-31.14,39.41],[-31.18,39.36],[-31.26,39.38],[-31.28,39.39],[-31.26,39.5],[-31.2,39.52],[-31.14,39.48],[-31.14,39.41]]],[[[-27.08,38.64],[-27.1,38.63],[-27.3,38.66],[-27.36,38.7],[-27.39,38.77],[-27.35,38.79],[-27.26,38.8],[-27.13,38.79],[-27.04,38.74],[-27.04,38.68],[-27.08,38.64]]],[[[-27.78,38.56],[-27.83,38.54],[-28.09,38.62],[-28.19,38.66],[-28.31,38.74],[-27.96,38.64],[-27.78,38.56]]],[[[-28.64,38.52],[-28.74,38.52],[-28.84,38.6],[-28.7,38.64],[-28.66,38.61],[-28.62,38.59],[-28.61,38.55],[-28.64,38.52]]],[[[-28.15,38.45],[-28.06,38.41],[-28.19,38.4],[-28.23,38.38],[-28.33,38.41],[-28.45,38.41],[-28.53,38.46],[-28.55,38.52],[-28.51,38.55],[-28.4,38.55],[-28.15,38.45]]],[[[-25.65,37.84],[-25.59,37.83],[-25.27,37.85],[-25.18,37.84],[-25.19,37.76],[-25.25,37.74],[-25.44,37.72],[-25.73,37.76],[-25.83,37.83],[-25.85,37.87],[-25.85,37.89],[-25.78,37.91],[-25.65,37.84]]],[[[14.57,35.85],[14.53,35.82],[14.44,35.82],[14.35,35.87],[14.35,35.98],[14.45,35.96],[14.54,35.89],[14.57,35.85]]],[[[15.23,44.06],[15.25,44.03],[15.12,44.09],[15.07,44.14],[15.07,44.16],[15.23,44.06]]],[[[14.81,44.98],[14.69,44.96],[14.63,44.99],[14.61,45.03],[14.51,45.04],[14.45,45.08],[14.44,45.1],[14.52,45.15],[14.57,45.22],[14.63,45.18],[14.7,45.09],[14.74,45.07],[14.81,44.98]]],[[[14.83,44.76],[14.86,44.71],[14.76,44.75],[14.68,44.77],[14.66,44.8],[14.67,44.82],[14.69,44.85],[14.75,44.84],[14.76,44.82],[14.83,44.76]]],[[[15.19,44.34],[15.16,44.31],[15.1,44.36],[15.04,44.39],[15.0,44.43],[14.91,44.49],[14.88,44.54],[14.76,44.66],[14.74,44.7],[14.8,44.65],[14.86,44.62],[14.9,44.61],[15.01,44.53],[15.11,44.44],[15.24,44.35],[15.21,44.35],[15.19,44.34]]],[[[15.19,43.92],[15.2,43.91],[15.2,43.9],[15.15,43.91],[15.14,43.91],[14.89,44.13],[14.87,44.17],[14.95,44.12],[15.19,43.92]]],[[[15.37,43.97],[15.44,43.9],[15.37,43.91],[15.31,43.96],[15.27,44.01],[15.37,43.97]]],[[[14.49,44.66],[14.48,44.62],[14.42,44.67],[14.39,44.76],[14.31,44.9],[14.3,44.94],[14.34,44.98],[14.34,45.02],[14.29,45.14],[14.33,45.16],[14.36,45.17],[14.37,45.08],[14.39,45.03],[14.47,44.97],[14.45,44.87],[14.47,44.73],[14.48,44.69],[14.49,44.66]]],[[[17.61,42.77],[17.74,42.7],[17.34,42.79],[17.39,42.8],[17.43,42.8],[17.61,42.77]]],[[[20.61,38.38],[20.62,38.27],[20.7,38.25],[20.79,38.14],[20.78,38.09],[20.76,38.07],[20.61,38.12],[20.57,38.1],[20.52,38.11],[20.5,38.16],[20.5,38.18],[20.47,38.22],[20.45,38.23],[20.39,38.19],[20.35,38.18],[20.35,38.22],[20.41,38.34],[20.44,38.36],[20.48,38.32],[20.52,38.33],[20.55,38.39],[20.55,38.46],[20.56,38.47],[20.61,38.38]]],[[[20.89,37.81],[20.99,37.71],[20.91,37.73],[20.82,37.66],[20.7,37.74],[20.64,37.82],[20.62,37.86],[20.69,37.93],[20.76,37.85],[20.84,37.84],[20.89,37.81]]],[[[20.69,38.61],[20.65,38.6],[20.61,38.61],[20.58,38.6],[20.55,38.58],[20.56,38.66],[20.59,38.76],[20.63,38.82],[20.69,38.84],[20.72,38.8],[20.71,38.64],[20.69,38.61]]],[[[20.76,38.33],[20.71,38.32],[20.65,38.41],[20.62,38.48],[20.65,38.48],[20.67,38.48],[20.7,38.45],[20.7,38.43],[20.71,38.4],[20.74,38.37],[20.76,38.33]]],[[[20.08,39.43],[20.1,39.38],[19.98,39.41],[19.88,39.46],[19.81,39.59],[19.65,39.73],[19.65,39.77],[19.71,39.8],[19.84,39.82],[19.89,39.8],[19.93,39.77],[19.94,39.75],[19.86,39.69],[19.85,39.67],[19.9,39.62],[19.9,39.6],[19.93,39.51],[19.96,39.47],[20.03,39.44],[20.08,39.43]]],[[[23.55,37.93],[23.51,37.9],[23.47,37.9],[23.44,37.91],[23.42,37.93],[23.44,37.94],[23.46,37.98],[23.48,37.99],[23.52,37.99],[23.53,37.97],[23.55,37.93]]],[[[23.05,36.19],[23.04,36.15],[22.94,36.18],[22.91,36.22],[22.91,36.32],[22.93,36.37],[22.95,36.38],[23.0,36.33],[23.1,36.25],[23.05,36.19]]],[[[3.95,51.74],[4.05,51.68],[4.07,51.67],[4.08,51.65],[3.95,51.63],[3.82,51.69],[3.73,51.68],[3.7,51.71],[3.7,51.73],[3.79,51.75],[3.95,51.74]]],[[[-51.01,69.55],[-51.17,69.52],[-51.2,69.53],[-51.23,69.55],[-51.31,69.67],[-51.34,69.73],[-51.32,69.8],[-51.35,69.85],[-51.21,69.91],[-51.09,69.92],[-50.94,69.91],[-50.68,69.85],[-50.7,69.83],[-50.75,69.8],[-50.91,69.76],[-50.97,69.66],[-50.98,69.62],[-50.97,69.58],[-51.01,69.55]]],[[[-37.03,65.53],[-37.19,65.53],[-37.24,65.61],[-37.22,65.7],[-37.05,65.72],[-36.95,65.66],[-36.99,65.58],[-37.03,65.53]]],[[[-53.54,71.04],[-53.63,71.03],[-53.9,71.09],[-53.94,71.1],[-53.96,71.13],[-53.95,71.16],[-53.86,71.21],[-53.7,71.28],[-53.58,71.3],[-53.51,71.25],[-53.44,71.19],[-53.43,71.15],[-53.44,71.12],[-53.46,71.08],[-53.49,71.06],[-53.54,71.04]]],[[[-55.02,72.79],[-55.16,72.72],[-55.27,72.68],[-55.52,72.57],[-55.57,72.56],[-55.63,72.58],[-55.69,72.61],[-55.78,72.62],[-55.81,72.64],[-55.83,72.65],[-55.87,72.66],[-55.94,72.67],[-56.04,72.66],[-56.14,72.67],[-56.21,72.72],[-56.08,72.75],[-55.99,72.78],[-55.67,72.79],[-55.57,72.78],[-55.52,72.78],[-55.43,72.79],[-55.23,72.82],[-55.21,72.84],[-55.03,72.82],[-55.02,72.79]]],[[[-51.68,70.86],[-51.81,70.85],[-52.12,70.87],[-52.14,70.88],[-52.15,70.9],[-52.11,70.97],[-51.97,70.98],[-51.81,70.94],[-51.63,70.89],[-51.61,70.87],[-51.68,70.86]]],[[[-46.27,60.78],[-46.38,60.66],[-46.5,60.69],[-46.55,60.74],[-46.67,60.77],[-46.79,60.76],[-46.79,60.78],[-46.39,60.91],[-46.21,60.94],[-46.22,60.89],[-46.25,60.84],[-46.27,60.78]]],[[[-126.09,49.35],[-126.06,49.26],[-126.19,49.28],[-126.23,49.3],[-126.23,49.34],[-126.21,49.38],[-126.12,49.37],[-126.09,49.35]]],[[[-122.39,47.4],[-122.4,47.37],[-122.44,47.35],[-122.46,47.36],[-122.46,47.39],[-122.47,47.39],[-122.51,47.36],[-122.51,47.42],[-122.49,47.49],[-122.47,47.49],[-122.44,47.45],[-122.39,47.4]]],[[[-122.5,47.59],[-122.5,47.58],[-122.56,47.6],[-122.58,47.62],[-122.57,47.67],[-122.56,47.7],[-122.55,47.7],[-122.52,47.69],[-122.51,47.68],[-122.5,47.59]]],[[[-122.78,48.67],[-122.77,48.65],[-122.81,48.63],[-122.84,48.63],[-122.88,48.66],[-122.9,48.66],[-122.89,48.61],[-122.89,48.59],[-122.99,48.63],[-123.0,48.65],[-122.98,48.68],[-122.92,48.71],[-122.9,48.71],[-122.78,48.67]]],[[[-122.82,48.43],[-122.84,48.42],[-122.89,48.43],[-122.92,48.46],[-122.93,48.48],[-122.91,48.54],[-122.89,48.55],[-122.87,48.55],[-122.86,48.5],[-122.81,48.45],[-122.82,48.43]]],[[[-123.01,48.5],[-122.99,48.47],[-123.09,48.49],[-123.14,48.51],[-123.15,48.53],[-123.17,48.59],[-123.16,48.61],[-123.11,48.61],[-123.02,48.54],[-123.01,48.5]]],[[[-122.57,48.16],[-122.52,48.03],[-122.5,48.08],[-122.37,47.99],[-122.37,47.94],[-122.38,47.92],[-122.41,47.92],[-122.44,47.93],[-122.46,47.96],[-122.49,47.98],[-122.56,47.99],[-122.59,48.03],[-122.6,48.06],[-122.61,48.13],[-122.62,48.15],[-122.66,48.16],[-122.69,48.17],[-122.74,48.23],[-122.75,48.24],[-122.72,48.28],[-122.67,48.35],[-122.63,48.38],[-122.6,48.38],[-122.57,48.36],[-122.54,48.32],[-122.54,48.29],[-122.69,48.24],[-122.7,48.23],[-122.62,48.21],[-122.6,48.2],[-122.57,48.16]]],[[[-124.15,49.53],[-124.14,49.51],[-124.36,49.59],[-124.46,49.63],[-124.49,49.67],[-124.52,49.69],[-124.63,49.74],[-124.65,49.76],[-124.62,49.78],[-124.55,49.76],[-124.42,49.73],[-124.31,49.67],[-124.15,49.53]]],[[[-123.37,48.89],[-123.38,48.88],[-123.54,48.95],[-123.65,49.04],[-123.69,49.1],[-123.48,48.95],[-123.38,48.91],[-123.37,48.89]]],[[[-123.44,48.75],[-123.48,48.73],[-123.5,48.73],[-123.52,48.75],[-123.58,48.93],[-123.55,48.92],[-123.47,48.87],[-123.49,48.85],[-123.42,48.79],[-123.41,48.76],[-123.44,48.75]]],[[[-124.98,50.03],[-125.0,50.02],[-125.03,50.13],[-125.0,50.18],[-124.99,50.2],[-124.99,50.22],[-124.94,50.17],[-124.92,50.13],[-124.91,50.08],[-124.91,50.07],[-124.98,50.03]]],[[[-126.64,49.61],[-126.68,49.6],[-126.74,49.61],[-126.81,49.64],[-126.94,49.72],[-126.95,49.74],[-126.94,49.75],[-126.9,49.76],[-126.9,49.78],[-126.93,49.84],[-126.83,49.87],[-126.74,49.84],[-126.7,49.81],[-126.65,49.75],[-126.63,49.68],[-126.63,49.63],[-126.64,49.61]]],[[[-125.18,50.1],[-125.2,50.04],[-125.26,50.13],[-125.36,50.31],[-125.35,50.35],[-125.3,50.41],[-125.26,50.42],[-125.2,50.39],[-125.14,50.34],[-125.13,50.32],[-125.09,50.27],[-125.07,50.22],[-125.11,50.16],[-125.18,50.1]]],[[[-118.35,32.83],[-118.41,32.82],[-118.47,32.84],[-118.53,32.94],[-118.59,33.01],[-118.56,33.03],[-118.51,32.96],[-118.38,32.85],[-118.35,32.83]]],[[[-118.24,28.94],[-118.29,28.9],[-118.4,29.11],[-118.4,29.16],[-118.37,29.19],[-118.31,29.18],[-118.31,29.13],[-118.27,29.09],[-118.25,29.04],[-118.24,28.94]]],[[[-120.04,33.92],[-120.11,33.9],[-120.17,33.92],[-120.25,34.01],[-120.07,34.03],[-119.99,33.98],[-119.98,33.97],[-120.04,33.92]]],[[[-119.88,34.08],[-119.68,34.03],[-119.57,34.05],[-119.55,34.03],[-119.56,34.01],[-119.81,33.97],[-119.89,33.99],[-119.89,34.03],[-119.92,34.07],[-119.88,34.08]]],[[[-118.35,33.39],[-118.3,33.31],[-118.37,33.32],[-118.45,33.32],[-118.47,33.36],[-118.49,33.41],[-118.51,33.43],[-118.56,33.43],[-118.56,33.44],[-118.57,33.46],[-118.55,33.48],[-118.39,33.42],[-118.35,33.39]]],[[[-71.37,41.49],[-71.39,41.47],[-71.4,41.52],[-71.38,41.57],[-71.36,41.57],[-71.35,41.54],[-71.37,41.49]]],[[[-74.13,39.68],[-74.25,39.53],[-74.25,39.56],[-74.11,39.75],[-74.13,39.68]]],[[[-74.19,40.52],[-74.24,40.52],[-74.19,40.61],[-74.1,40.66],[-74.07,40.65],[-74.07,40.62],[-74.08,40.59],[-74.14,40.54],[-74.19,40.52]]],[[[-64.73,32.29],[-64.82,32.26],[-64.85,32.26],[-64.86,32.27],[-64.77,32.31],[-64.69,32.39],[-64.67,32.38],[-64.73,32.29]]],[[[-70.51,41.38],[-70.79,41.33],[-70.83,41.36],[-70.76,41.37],[-70.67,41.45],[-70.62,41.46],[-70.53,41.41],[-70.51,41.38]]],[[[-71.24,41.49],[-71.29,41.46],[-71.35,41.47],[-71.32,41.51],[-71.31,41.56],[-71.28,41.62],[-71.26,41.64],[-71.23,41.65],[-71.24,41.49]]],[[[-69.98,41.27],[-70.06,41.25],[-70.23,41.29],[-70.09,41.32],[-70.06,41.33],[-70.04,41.37],[-70.04,41.4],[-69.99,41.3],[-69.98,41.27]]],[[[-75.78,35.19],[-75.96,35.12],[-75.98,35.12],[-75.86,35.17],[-75.78,35.19]]],[[[-75.64,35.86],[-75.65,35.84],[-75.72,35.95],[-75.65,35.91],[-75.64,35.88],[-75.64,35.86]]],[[[-75.33,37.89],[-75.38,37.87],[-75.23,38.07],[-75.14,38.24],[-75.1,38.3],[-75.14,38.18],[-75.2,38.07],[-75.33,37.89]]],[[[-75.54,35.24],[-75.68,35.21],[-75.69,35.22],[-75.54,35.28],[-75.49,35.48],[-75.48,35.57],[-75.5,35.74],[-75.5,35.77],[-75.48,35.72],[-75.46,35.56],[-75.46,35.45],[-75.51,35.28],[-75.54,35.24]]],[[[-76.5,34.64],[-76.53,34.63],[-76.44,34.76],[-76.26,34.91],[-76.21,34.94],[-76.36,34.8],[-76.5,34.64]]],[[[-96.76,28.15],[-96.8,28.15],[-96.76,28.2],[-96.68,28.23],[-96.52,28.33],[-96.45,28.34],[-96.42,28.38],[-96.4,28.38],[-96.41,28.34],[-96.54,28.28],[-96.76,28.15]]],[[[-97.35,27.3],[-97.38,27.24],[-97.38,27.33],[-97.3,27.52],[-97.13,27.78],[-97.06,27.82],[-97.25,27.54],[-97.35,27.3]]],[[[-95.04,29.15],[-95.09,29.14],[-94.87,29.29],[-94.83,29.34],[-94.77,29.34],[-94.86,29.25],[-95.04,29.15]]],[[[-97.17,26.16],[-97.18,26.11],[-97.27,26.33],[-97.4,26.82],[-97.41,27.1],[-97.39,27.2],[-97.35,26.8],[-97.2,26.3],[-97.17,26.16]]],[[[-84.91,29.64],[-85.01,29.61],[-85.12,29.63],[-85.05,29.64],[-85.0,29.63],[-84.88,29.68],[-84.81,29.72],[-84.74,29.73],[-84.91,29.64]]],[[[-81.42,30.97],[-81.46,30.73],[-81.48,30.81],[-81.48,30.9],[-81.45,30.95],[-81.42,30.97]]],[[[-89.22,30.08],[-89.22,30.04],[-89.27,30.06],[-89.34,30.06],[-89.31,30.08],[-89.29,30.09],[-89.28,30.11],[-89.18,30.17],[-89.21,30.13],[-89.22,30.08]]],[[[-91.79,29.5],[-91.83,29.49],[-92.0,29.57],[-92.01,29.61],[-91.93,29.64],[-91.88,29.64],[-91.8,29.6],[-91.77,29.58],[-91.75,29.57],[-91.76,29.54],[-91.79,29.5]]],[[[-88.83,29.81],[-88.86,29.78],[-88.83,29.93],[-88.87,30.06],[-88.83,30.0],[-88.81,29.93],[-88.83,29.81]]],[[[-77.66,24.25],[-77.66,24.23],[-77.76,24.16],[-77.68,24.12],[-77.62,24.22],[-77.56,24.14],[-77.53,23.99],[-77.54,23.96],[-77.53,23.94],[-77.52,23.91],[-77.52,23.87],[-77.57,23.74],[-77.77,23.75],[-77.78,23.86],[-77.81,23.88],[-77.85,24.04],[-77.91,24.09],[-78.0,24.22],[-77.95,24.25],[-77.88,24.24],[-77.85,24.26],[-77.76,24.27],[-77.7,24.29],[-77.66,24.25]]],[[[-77.67,21.95],[-77.71,21.92],[-77.76,21.97],[-77.78,21.97],[-77.82,21.99],[-77.9,22.04],[-77.92,22.09],[-77.85,22.09],[-77.77,22.08],[-77.63,22.05],[-77.65,22.0],[-77.67,21.95]]],[[[-78.03,22.29],[-78.05,22.27],[-78.1,22.31],[-78.18,22.32],[-78.23,22.38],[-78.27,22.4],[-78.27,22.42],[-78.2,22.44],[-78.15,22.43],[-78.09,22.39],[-78.06,22.31],[-78.03,22.29]]],[[[-78.63,22.55],[-78.49,22.53],[-78.45,22.54],[-78.4,22.55],[-78.35,22.54],[-78.28,22.46],[-78.34,22.45],[-78.39,22.45],[-78.42,22.46],[-78.55,22.46],[-78.63,22.49],[-78.67,22.51],[-78.7,22.53],[-78.63,22.55]]],[[[-77.23,25.9],[-77.25,25.9],[-77.33,26.0],[-77.4,26.02],[-77.29,26.1],[-77.25,26.16],[-77.25,26.29],[-77.22,26.36],[-77.23,26.42],[-77.21,26.49],[-77.24,26.56],[-77.33,26.62],[-77.51,26.85],[-77.8,26.9],[-77.94,26.9],[-77.86,26.94],[-77.79,26.94],[-77.67,26.91],[-77.53,26.9],[-77.45,26.84],[-77.37,26.75],[-77.3,26.71],[-77.27,26.69],[-77.27,26.66],[-77.26,26.64],[-77.16,26.6],[-77.07,26.53],[-77.04,26.33],[-77.17,26.24],[-77.19,25.96],[-77.23,25.9]]],[[[-74.06,22.72],[-74.03,22.71],[-74.1,22.67],[-74.24,22.72],[-74.27,22.71],[-74.3,22.76],[-74.31,22.8],[-74.31,22.84],[-74.22,22.81],[-74.18,22.76],[-74.06,22.72]]],[[[-74.43,24.07],[-74.51,23.96],[-74.55,23.97],[-74.53,24.11],[-74.47,24.13],[-74.45,24.13],[-74.43,24.07]]],[[[-73.03,21.19],[-73.06,21.12],[-73.16,20.98],[-73.4,20.94],[-73.66,20.94],[-73.68,20.98],[-73.69,21.01],[-73.67,21.06],[-73.67,21.08],[-73.68,21.1],[-73.59,21.13],[-73.52,21.19],[-73.42,21.2],[-73.3,21.16],[-73.24,21.15],[-73.14,21.2],[-73.06,21.31],[-73.01,21.3],[-73.03,21.19]]],[[[-74.21,22.21],[-74.28,22.18],[-74.26,22.24],[-74.13,22.32],[-74.05,22.4],[-74.01,22.43],[-73.99,22.45],[-73.94,22.48],[-73.91,22.53],[-73.91,22.57],[-73.98,22.64],[-73.98,22.68],[-73.95,22.72],[-73.85,22.73],[-73.88,22.68],[-73.84,22.54],[-73.97,22.36],[-74.09,22.31],[-74.21,22.21]]],[[[-76.65,25.49],[-76.48,25.37],[-76.34,25.33],[-76.19,25.19],[-76.13,25.14],[-76.11,25.09],[-76.14,24.89],[-76.17,24.76],[-76.17,24.65],[-76.21,24.68],[-76.24,24.75],[-76.3,24.8],[-76.32,24.82],[-76.21,24.82],[-76.2,24.94],[-76.15,25.03],[-76.16,25.12],[-76.28,25.22],[-76.37,25.31],[-76.5,25.34],[-76.62,25.43],[-76.69,25.44],[-76.78,25.43],[-76.75,25.48],[-76.73,25.55],[-76.71,25.56],[-76.65,25.49]]],[[[-75.66,23.45],[-75.71,23.44],[-75.78,23.47],[-75.96,23.59],[-76.04,23.6],[-76.01,23.67],[-75.95,23.65],[-75.81,23.54],[-75.75,23.49],[-75.66,23.45]]],[[[-74.84,22.89],[-74.85,22.87],[-74.97,23.07],[-75.13,23.12],[-75.22,23.17],[-75.2,23.19],[-75.14,23.2],[-75.13,23.27],[-75.16,23.34],[-75.24,23.47],[-75.29,23.57],[-75.31,23.59],[-75.32,23.67],[-75.22,23.55],[-75.18,23.44],[-75.11,23.33],[-75.06,23.15],[-74.94,23.09],[-74.85,23.0],[-74.84,22.89]]],[[[-75.31,24.2],[-75.3,24.15],[-75.37,24.16],[-75.47,24.14],[-75.5,24.14],[-75.48,24.17],[-75.41,24.22],[-75.41,24.27],[-75.49,24.33],[-75.59,24.49],[-75.64,24.53],[-75.66,24.59],[-75.74,24.65],[-75.73,24.69],[-75.71,24.7],[-75.65,24.68],[-75.53,24.45],[-75.52,24.43],[-75.31,24.2]]],[[[-77.88,22.13],[-77.91,22.12],[-78.01,22.17],[-78.04,22.2],[-78.01,22.25],[-78.0,22.3],[-77.99,22.3],[-77.97,22.24],[-77.89,22.21],[-77.89,22.2],[-77.84,22.15],[-77.88,22.13]]],[[[-82.04,26.45],[-82.07,26.43],[-82.14,26.45],[-82.18,26.48],[-82.2,26.55],[-82.14,26.48],[-82.12,26.46],[-82.04,26.45]]],[[[-77.74,24.71],[-77.75,24.59],[-77.74,24.5],[-77.75,24.46],[-77.85,24.4],[-77.88,24.37],[-77.98,24.33],[-78.04,24.29],[-78.08,24.36],[-78.14,24.41],[-78.15,24.49],[-78.19,24.47],[-78.26,24.48],[-78.37,24.54],[-78.44,24.63],[-78.34,24.64],[-78.32,24.59],[-78.24,24.65],[-78.26,24.69],[-78.27,24.69],[-78.3,24.75],[-78.18,24.92],[-78.16,25.02],[-78.21,25.19],[-78.16,25.2],[-78.03,25.14],[-77.98,25.08],[-77.97,25.0],[-77.92,24.94],[-77.84,24.79],[-77.74,24.71]]],[[[-81.57,24.6],[-81.63,24.59],[-81.58,24.63],[-81.56,24.69],[-81.53,24.64],[-81.53,24.61],[-81.57,24.6]]],[[[-80.19,27.28],[-80.17,27.2],[-80.26,27.38],[-80.38,27.64],[-80.44,27.85],[-80.4,27.79],[-80.36,27.68],[-80.19,27.28]]],[[[-82.56,21.57],[-82.65,21.52],[-82.85,21.44],[-82.96,21.44],[-83.07,21.47],[-83.14,21.53],[-83.18,21.59],[-83.18,21.62],[-83.11,21.57],[-83.05,21.55],[-83.01,21.57],[-82.97,21.59],[-83.08,21.79],[-83.08,21.83],[-82.99,21.94],[-82.76,21.91],[-82.71,21.89],[-82.68,21.82],[-82.63,21.77],[-82.57,21.62],[-82.56,21.57]]],[[[-82.08,26.55],[-82.09,26.49],[-82.14,26.59],[-82.17,26.7],[-82.12,26.67],[-82.08,26.55]]],[[[-79.35,22.66],[-79.35,22.64],[-79.52,22.71],[-79.6,22.79],[-79.63,22.81],[-79.58,22.81],[-79.38,22.68],[-79.35,22.66]]],[[[-78.49,26.73],[-78.37,26.7],[-78.31,26.7],[-78.27,26.72],[-78.09,26.71],[-77.94,26.74],[-77.92,26.69],[-77.93,26.66],[-78.23,26.64],[-78.52,26.56],[-78.67,26.51],[-78.74,26.5],[-78.8,26.53],[-78.99,26.69],[-78.94,26.67],[-78.8,26.58],[-78.71,26.6],[-78.63,26.66],[-78.62,26.7],[-78.63,26.73],[-78.6,26.8],[-78.49,26.73]]],[[[-80.38,25.14],[-80.58,24.95],[-80.56,25.0],[-80.48,25.1],[-80.46,25.15],[-80.4,25.18],[-80.35,25.23],[-80.35,25.3],[-80.28,25.34],[-80.26,25.35],[-80.38,25.14]]],[[[-87.95,17.92],[-88.0,17.91],[-87.96,17.96],[-87.95,18.0],[-87.9,18.15],[-87.86,18.15],[-87.85,18.14],[-87.95,17.92]]],[[[-87.85,17.42],[-87.93,17.28],[-87.93,17.32],[-87.9,17.43],[-87.86,17.46],[-87.83,17.5],[-87.83,17.55],[-87.79,17.52],[-87.8,17.48],[-87.85,17.42]]],[[[-91.68,18.68],[-91.8,18.65],[-91.82,18.68],[-91.59,18.78],[-91.55,18.77],[-91.54,18.76],[-91.65,18.71],[-91.68,18.68]]],[[[-82.23,9.38],[-82.24,9.33],[-82.32,9.42],[-82.28,9.43],[-82.26,9.43],[-82.23,9.38]]],[[[-81.37,19.35],[-81.34,19.33],[-81.3,19.34],[-81.28,19.36],[-81.13,19.35],[-81.11,19.31],[-81.22,19.3],[-81.28,19.28],[-81.3,19.27],[-81.4,19.28],[-81.42,19.37],[-81.39,19.38],[-81.37,19.35]]],[[[-86.94,20.3],[-86.99,20.27],[-87.02,20.38],[-86.98,20.49],[-86.93,20.55],[-86.83,20.56],[-86.76,20.58],[-86.76,20.55],[-86.81,20.47],[-86.94,20.3]]],[[[-62.63,17.24],[-62.66,17.22],[-62.7,17.29],[-62.78,17.3],[-62.84,17.34],[-62.84,17.35],[-62.84,17.37],[-62.83,17.39],[-62.79,17.4],[-62.71,17.35],[-62.68,17.29],[-62.64,17.26],[-62.63,17.24]]],[[[-60.9,13.82],[-60.95,13.72],[-61.06,13.78],[-61.07,13.87],[-61.06,13.92],[-61.0,14.01],[-60.94,14.07],[-60.91,14.09],[-60.89,14.01],[-60.9,13.82]]],[[[-60.83,14.49],[-60.84,14.44],[-60.86,14.43],[-60.9,14.47],[-61.06,14.47],[-61.09,14.51],[-61.09,14.53],[-61.01,14.6],[-61.1,14.62],[-61.14,14.65],[-61.22,14.8],[-61.21,14.85],[-61.18,14.87],[-61.13,14.88],[-61.03,14.83],[-60.95,14.76],[-60.93,14.76],[-60.92,14.74],[-60.93,14.69],[-60.89,14.64],[-60.87,14.61],[-60.83,14.49]]],[[[-61.01,10.13],[-61.17,10.08],[-61.6,10.06],[-61.77,10.09],[-61.91,10.07],[-61.66,10.19],[-61.63,10.24],[-61.53,10.25],[-61.5,10.27],[-61.46,10.54],[-61.48,10.6],[-61.5,10.64],[-61.54,10.66],[-61.64,10.7],[-61.65,10.72],[-61.59,10.75],[-61.46,10.76],[-61.37,10.8],[-61.17,10.8],[-61.08,10.83],[-60.92,10.84],[-61.0,10.72],[-61.03,10.67],[-61.02,10.56],[-61.04,10.48],[-61.02,10.39],[-60.97,10.32],[-61.0,10.26],[-61.0,10.17],[-61.01,10.13]]],[[[-68.21,12.14],[-68.25,12.03],[-68.28,12.08],[-68.29,12.17],[-68.31,12.21],[-68.35,12.23],[-68.37,12.26],[-68.37,12.3],[-68.22,12.23],[-68.21,12.14]]],[[[-60.76,11.18],[-60.81,11.17],[-60.8,11.21],[-60.71,11.28],[-60.56,11.32],[-60.53,11.33],[-60.55,11.26],[-60.76,11.18]]],[[[-62.15,16.74],[-62.15,16.68],[-62.22,16.7],[-62.22,16.75],[-62.19,16.8],[-62.18,16.81],[-62.15,16.74]]],[[[-59.49,13.08],[-59.52,13.06],[-59.61,13.1],[-59.64,13.15],[-59.65,13.3],[-59.59,13.32],[-59.49,13.2],[-59.43,13.15],[-59.49,13.08]]],[[[-63.85,11.13],[-63.82,11.0],[-63.83,10.98],[-63.92,10.89],[-63.99,10.88],[-64.05,10.88],[-64.1,10.9],[-64.16,10.96],[-64.22,10.94],[-64.36,10.96],[-64.4,10.98],[-64.35,11.05],[-64.25,11.08],[-64.21,11.09],[-64.18,11.04],[-64.11,11.01],[-64.03,11.0],[-64.01,11.07],[-63.89,11.17],[-63.85,11.13]]],[[[-63.0,18.22],[-63.16,18.17],[-63.15,18.2],[-63.03,18.27],[-62.98,18.26],[-63.0,18.22]]],[[[-61.72,12.01],[-61.78,12.01],[-61.76,12.05],[-61.75,12.11],[-61.72,12.19],[-61.66,12.24],[-61.61,12.22],[-61.63,12.05],[-61.72,12.01]]],[[[-61.75,17.57],[-61.76,17.55],[-61.84,17.6],[-61.87,17.69],[-61.87,17.7],[-61.85,17.71],[-61.82,17.7],[-61.78,17.69],[-61.75,17.66],[-61.75,17.57]]],[[[-61.23,15.89],[-61.29,15.89],[-61.31,15.89],[-61.32,15.95],[-61.28,16.0],[-61.25,16.01],[-61.21,15.96],[-61.2,15.92],[-61.23,15.89]]],[[[-61.72,17.04],[-61.75,17.0],[-61.86,17.01],[-61.88,17.06],[-61.89,17.1],[-61.82,17.17],[-61.74,17.14],[-61.71,17.11],[-61.69,17.1],[-61.69,17.07],[-61.69,17.05],[-61.72,17.04]]],[[[-61.28,15.25],[-61.38,15.23],[-61.42,15.4],[-61.48,15.53],[-61.47,15.6],[-61.46,15.63],[-61.32,15.59],[-61.28,15.53],[-61.25,15.37],[-61.28,15.25]]],[[[-61.33,16.23],[-61.44,16.22],[-61.52,16.23],[-61.54,16.3],[-61.5,16.36],[-61.53,16.43],[-61.51,16.48],[-61.47,16.51],[-61.41,16.47],[-61.4,16.41],[-61.36,16.36],[-61.17,16.26],[-61.33,16.23]]],[[[-61.59,16.01],[-61.67,15.96],[-61.71,15.98],[-61.76,16.06],[-61.79,16.3],[-61.77,16.34],[-61.75,16.36],[-61.64,16.33],[-61.6,16.29],[-61.55,16.27],[-61.58,16.23],[-61.56,16.05],[-61.59,16.01]]],[[[-61.17,13.16],[-61.2,13.14],[-61.28,13.21],[-61.27,13.29],[-61.22,13.33],[-61.18,13.36],[-61.14,13.36],[-61.12,13.29],[-61.13,13.2],[-61.17,13.16]]],[[[-73.04,22.43],[-72.98,22.41],[-72.95,22.42],[-72.83,22.39],[-72.76,22.34],[-72.75,22.33],[-72.78,22.29],[-72.89,22.36],[-72.98,22.37],[-73.11,22.37],[-73.16,22.38],[-73.13,22.46],[-73.04,22.43]]],[[[-68.75,12.06],[-68.8,12.05],[-69.0,12.14],[-69.15,12.3],[-69.16,12.38],[-69.12,12.37],[-69.08,12.34],[-69.01,12.23],[-68.83,12.16],[-68.75,12.06]]],[[[-71.66,21.77],[-71.67,21.75],[-71.72,21.79],[-71.83,21.79],[-71.85,21.84],[-71.81,21.85],[-71.67,21.83],[-71.64,21.79],[-71.66,21.77]]],[[[-72.92,21.51],[-73.05,21.46],[-73.06,21.52],[-72.99,21.56],[-72.92,21.51]]],[[[-71.88,21.84],[-71.9,21.83],[-71.96,21.86],[-71.96,21.89],[-71.98,21.89],[-72.02,21.92],[-72.01,21.95],[-71.93,21.95],[-71.9,21.86],[-71.88,21.84]]],[[[-72.33,21.85],[-72.22,21.8],[-72.15,21.8],[-72.14,21.79],[-72.18,21.78],[-72.19,21.77],[-72.3,21.76],[-72.34,21.76],[-72.34,21.8],[-72.33,21.85]]],[[[-128.94,52.51],[-128.97,52.46],[-129.1,52.57],[-129.15,52.61],[-129.25,52.72],[-129.27,52.77],[-129.26,52.8],[-129.25,52.81],[-129.22,52.8],[-129.19,52.79],[-128.99,52.66],[-128.94,52.6],[-128.94,52.51]]],[[[-129.85,53.17],[-129.87,53.16],[-129.93,53.18],[-130.0,53.23],[-130.0,53.46],[-129.94,53.44],[-129.75,53.24],[-129.77,53.22],[-129.85,53.17]]],[[[-127.92,51.47],[-127.94,51.46],[-127.98,51.46],[-128.04,51.47],[-128.09,51.51],[-128.15,51.63],[-128.14,51.65],[-128.12,51.67],[-128.03,51.71],[-128.0,51.7],[-127.99,51.67],[-127.93,51.61],[-127.92,51.59],[-127.92,51.51],[-127.92,51.47]]],[[[-128.37,52.4],[-128.45,52.39],[-128.42,52.44],[-128.41,52.47],[-128.43,52.5],[-128.44,52.56],[-128.44,52.7],[-128.36,52.78],[-128.25,52.78],[-128.25,52.74],[-128.3,52.55],[-128.32,52.46],[-128.34,52.43],[-128.37,52.4]]],[[[-129.31,52.99],[-129.33,52.98],[-129.37,53.0],[-129.41,53.02],[-129.48,53.1],[-129.5,53.13],[-129.51,53.18],[-129.5,53.19],[-129.47,53.18],[-129.45,53.17],[-129.34,53.05],[-129.31,52.99]]],[[[-129.17,53.12],[-129.17,53.11],[-129.28,53.11],[-129.31,53.12],[-129.32,53.14],[-129.33,53.17],[-129.31,53.21],[-129.25,53.29],[-129.25,53.32],[-129.24,53.33],[-129.2,53.29],[-129.18,53.26],[-129.17,53.12]]],[[[-61.0,8.87],[-61.06,8.85],[-61.07,8.95],[-61.05,8.97],[-60.94,9.06],[-60.92,9.07],[-60.89,9.05],[-60.9,9.03],[-60.85,9.0],[-60.86,8.95],[-60.92,8.9],[-61.0,8.87]]],[[[-80.13,-2.97],[-80.15,-3.01],[-80.25,-3.01],[-80.27,-3.0],[-80.27,-2.95],[-80.25,-2.81],[-80.22,-2.75],[-80.15,-2.7],[-80.08,-2.67],[-80.0,-2.67],[-79.91,-2.73],[-80.01,-2.82],[-80.07,-2.83],[-80.09,-2.85],[-80.13,-2.97]]],[[[-51.83,-1.43],[-51.94,-1.45],[-51.8,-1.2],[-51.68,-1.09],[-51.68,-0.86],[-51.55,-0.65],[-51.42,-0.57],[-51.25,-0.54],[-51.16,-0.67],[-51.28,-1.02],[-51.31,-1.02],[-51.47,-1.21],[-51.64,-1.34],[-51.83,-1.43]]],[[[-79.07,8.25],[-79.11,8.21],[-79.13,8.25],[-79.1,8.3],[-79.09,8.3],[-79.07,8.25]]],[[[-78.91,1.25],[-78.97,1.25],[-78.99,1.29],[-78.92,1.35],[-78.9,1.36],[-78.91,1.25]]],[[[-78.11,2.54],[-78.14,2.52],[-78.19,2.56],[-78.21,2.61],[-78.18,2.65],[-78.14,2.63],[-78.12,2.6],[-78.11,2.54]]],[[[-60.82,9.14],[-60.94,9.11],[-60.94,9.13],[-60.91,9.18],[-60.84,9.19],[-60.82,9.21],[-60.78,9.22],[-60.76,9.22],[-60.74,9.2],[-60.79,9.18],[-60.82,9.14]]],[[[-44.5,-2.94],[-44.6,-3.04],[-44.57,-2.92],[-44.58,-2.85],[-44.57,-2.78],[-44.5,-2.73],[-44.48,-2.72],[-44.49,-2.79],[-44.48,-2.81],[-44.5,-2.94]]],[[[-44.88,-1.32],[-44.95,-1.37],[-44.97,-1.39],[-45.02,-1.37],[-45.01,-1.34],[-45.0,-1.35],[-44.98,-1.27],[-44.89,-1.28],[-44.88,-1.32]]],[[[-49.74,0.27],[-49.7,0.22],[-49.84,0.01],[-49.92,-0.02],[-50.0,-0.03],[-50.11,0.03],[-50.29,0.03],[-50.34,0.04],[-50.35,0.13],[-50.27,0.23],[-50.13,0.23],[-49.88,0.3],[-49.74,0.27]]],[[[-50.3,1.94],[-50.4,1.89],[-50.46,1.91],[-50.51,2.03],[-50.49,2.13],[-50.42,2.16],[-50.36,2.15],[-50.34,2.14],[-50.29,1.98],[-50.3,1.94]]],[[[-50.65,-0.13],[-50.93,-0.33],[-51.02,-0.26],[-51.04,-0.23],[-51.02,-0.19],[-51.03,-0.17],[-51.0,-0.11],[-50.84,-0.05],[-50.77,-0.04],[-50.67,-0.06],[-50.65,-0.11],[-50.65,-0.13]]],[[[-49.44,-0.11],[-49.71,-0.14],[-49.83,-0.09],[-49.8,-0.05],[-49.71,0.02],[-49.6,0.06],[-49.5,0.08],[-49.4,0.06],[-49.37,0.0],[-49.38,-0.06],[-49.44,-0.11]]],[[[-50.43,0.14],[-50.44,-0.01],[-50.62,0.05],[-50.61,0.2],[-50.53,0.25],[-50.45,0.33],[-50.43,0.42],[-50.42,0.56],[-50.4,0.58],[-50.37,0.59],[-50.35,0.58],[-50.34,0.38],[-50.33,0.26],[-50.43,0.14]]],[[[-50.15,0.39],[-50.26,0.36],[-50.28,0.39],[-50.28,0.52],[-50.25,0.59],[-50.11,0.6],[-50.1,0.62],[-50.06,0.64],[-50.04,0.59],[-50.04,0.52],[-50.15,0.39]]],[[[-90.33,-0.77],[-90.39,-0.77],[-90.54,-0.68],[-90.53,-0.58],[-90.47,-0.52],[-90.27,-0.48],[-90.19,-0.54],[-90.19,-0.66],[-90.26,-0.74],[-90.32,-0.76],[-90.33,-0.77]]],[[[-89.42,-0.91],[-89.54,-0.95],[-89.58,-0.93],[-89.6,-0.91],[-89.61,-0.89],[-89.54,-0.83],[-89.48,-0.79],[-89.42,-0.72],[-89.32,-0.68],[-89.29,-0.69],[-89.27,-0.7],[-89.26,-0.73],[-89.29,-0.79],[-89.36,-0.83],[-89.42,-0.91]]],[[[-81.6,7.33],[-81.66,7.33],[-81.77,7.37],[-81.85,7.45],[-81.86,7.48],[-81.86,7.51],[-81.81,7.59],[-81.75,7.62],[-81.73,7.62],[-81.67,7.52],[-81.71,7.49],[-81.69,7.42],[-81.61,7.38],[-81.6,7.33]]],[[[-91.43,-0.46],[-91.53,-0.48],[-91.61,-0.44],[-91.65,-0.39],[-91.65,-0.31],[-91.65,-0.28],[-91.46,-0.26],[-91.4,-0.32],[-91.4,-0.42],[-91.43,-0.46]]],[[[-90.42,-1.34],[-90.46,-1.34],[-90.52,-1.3],[-90.48,-1.22],[-90.43,-1.24],[-90.4,-1.26],[-90.38,-1.29],[-90.42,-1.34]]],[[[-91.27,0.03],[-91.21,-0.04],[-91.18,-0.22],[-90.98,-0.42],[-90.95,-0.53],[-90.97,-0.58],[-90.96,-0.6],[-90.86,-0.67],[-90.8,-0.75],[-90.91,-0.94],[-91.13,-1.02],[-91.37,-1.02],[-91.42,-1.0],[-91.48,-0.92],[-91.5,-0.86],[-91.46,-0.8],[-91.33,-0.71],[-91.14,-0.62],[-91.12,-0.56],[-91.2,-0.5],[-91.25,-0.37],[-91.37,-0.29],[-91.43,-0.02],[-91.47,-0.01],[-91.55,-0.05],[-91.59,-0.01],[-91.6,0.0],[-91.51,0.06],[-91.49,0.11],[-91.36,0.13],[-91.31,0.09],[-91.27,0.03]]],[[[-90.57,-0.33],[-90.62,-0.36],[-90.81,-0.33],[-90.87,-0.27],[-90.82,-0.19],[-90.78,-0.16],[-90.67,-0.19],[-90.55,-0.28],[-90.57,-0.33]]],[[[-106.5,21.61],[-106.53,21.53],[-106.61,21.56],[-106.63,21.61],[-106.64,21.7],[-106.6,21.71],[-106.54,21.68],[-106.52,21.65],[-106.5,21.61]]],[[[-110.91,18.74],[-110.97,18.72],[-111.06,18.78],[-111.04,18.83],[-110.99,18.86],[-110.94,18.8],[-110.91,18.74]]],[[[-110.57,25.0],[-110.54,24.89],[-110.59,24.91],[-110.66,24.97],[-110.7,25.05],[-110.7,25.08],[-110.69,25.09],[-110.6,25.04],[-110.57,25.0]]],[[[-109.81,24.15],[-109.83,24.15],[-109.88,24.2],[-109.9,24.33],[-109.89,24.34],[-109.79,24.18],[-109.8,24.16],[-109.81,24.15]]],[[[-113.16,29.05],[-113.16,29.03],[-113.26,29.1],[-113.5,29.31],[-113.58,29.41],[-113.59,29.46],[-113.59,29.57],[-113.51,29.56],[-113.42,29.49],[-113.38,29.42],[-113.37,29.34],[-113.2,29.3],[-113.18,29.13],[-113.16,29.05]]],[[[-114.69,31.71],[-114.73,31.7],[-114.79,31.75],[-114.78,31.79],[-114.77,31.79],[-114.71,31.76],[-114.69,31.72],[-114.69,31.71]]],[[[-115.17,28.07],[-115.18,28.04],[-115.35,28.1],[-115.26,28.22],[-115.27,28.34],[-115.23,28.37],[-115.2,28.33],[-115.15,28.17],[-115.17,28.07]]],[[[-111.7,24.39],[-111.71,24.35],[-112.01,24.53],[-111.94,24.55],[-111.86,24.54],[-111.7,24.39]]],[[[-111.1,26.02],[-111.09,25.98],[-111.09,25.97],[-111.14,26.0],[-111.2,25.85],[-111.22,25.84],[-111.18,26.04],[-111.14,26.07],[-111.09,26.08],[-111.1,26.02]]],[[[-112.2,29.01],[-112.28,28.77],[-112.36,28.77],[-112.51,28.85],[-112.53,28.89],[-112.47,29.17],[-112.42,29.2],[-112.29,29.24],[-112.26,29.21],[-112.25,29.13],[-112.2,29.01]]],[[[-112.06,24.55],[-112.08,24.53],[-112.16,24.65],[-112.18,24.73],[-112.21,24.76],[-112.3,24.79],[-112.22,24.95],[-112.16,25.29],[-112.13,25.22],[-112.2,24.89],[-112.2,24.84],[-112.16,24.8],[-112.13,24.73],[-112.13,24.65],[-112.07,24.58],[-112.06,24.55]]],[[[8.59,54.71],[8.55,54.69],[8.45,54.69],[8.4,54.71],[8.42,54.74],[8.47,54.76],[8.51,54.76],[8.57,54.75],[8.59,54.71]]],[[[6.73,53.58],[6.64,53.58],[6.67,53.61],[6.75,53.63],[6.8,53.63],[6.73,53.58]]],[[[-86.59,71.01],[-86.55,70.99],[-86.32,71.02],[-86.13,71.05],[-85.82,71.13],[-85.64,71.15],[-85.09,71.15],[-85.0,71.14],[-85.04,71.09],[-85.07,71.08],[-85.05,71.06],[-84.99,71.03],[-84.87,71.0],[-84.82,71.03],[-84.79,71.09],[-84.71,71.36],[-84.67,71.44],[-84.66,71.51],[-84.66,71.59],[-84.7,71.63],[-84.84,71.66],[-85.03,71.65],[-85.13,71.66],[-85.25,71.68],[-85.34,71.7],[-85.4,71.73],[-85.51,71.82],[-85.6,71.87],[-85.81,71.96],[-85.91,71.99],[-85.86,72.02],[-85.66,72.06],[-85.55,72.1],[-85.41,72.21],[-85.32,72.23],[-85.02,72.22],[-84.61,72.13],[-84.35,72.05],[-84.28,72.04],[-84.28,72.06],[-84.35,72.09],[-84.64,72.19],[-84.78,72.26],[-84.84,72.31],[-84.81,72.33],[-84.64,72.35],[-84.62,72.38],[-84.85,72.41],[-84.96,72.41],[-85.06,72.38],[-85.16,72.38],[-85.34,72.42],[-85.39,72.44],[-85.5,72.51],[-85.55,72.57],[-85.62,72.6],[-85.64,72.63],[-85.65,72.72],[-85.64,72.77],[-85.62,72.82],[-85.57,72.86],[-85.45,72.93],[-85.39,72.95],[-85.26,72.95],[-84.99,72.92],[-84.26,72.8],[-84.27,72.84],[-85.09,73.0],[-85.38,73.05],[-85.45,73.11],[-85.02,73.34],[-84.62,73.39],[-84.42,73.46],[-84.09,73.46],[-83.78,73.42],[-83.78,73.43],[-83.91,73.51],[-83.9,73.53],[-83.73,73.58],[-83.41,73.63],[-83.02,73.68],[-82.94,73.7],[-82.84,73.72],[-82.66,73.73],[-82.2,73.74],[-81.95,73.73],[-81.61,73.7],[-81.41,73.63],[-81.34,73.6],[-81.24,73.48],[-81.15,73.31],[-81.03,73.25],[-80.82,73.21],[-80.68,73.17],[-80.6,73.12],[-80.58,73.06],[-80.62,73.0],[-80.59,72.93],[-80.5,72.86],[-80.43,72.82],[-80.28,72.77],[-80.27,72.75],[-80.32,72.72],[-80.42,72.68],[-80.68,72.56],[-81.0,72.43],[-81.23,72.31],[-81.24,72.28],[-80.76,72.46],[-80.61,72.45],[-80.6,72.43],[-80.7,72.34],[-80.82,72.26],[-80.94,72.21],[-80.92,72.19],[-80.69,72.1],[-80.73,72.09],[-80.84,72.1],[-80.89,72.09],[-80.92,72.07],[-80.94,72.05],[-80.94,72.01],[-80.93,71.97],[-80.93,71.94],[-80.95,71.92],[-80.93,71.91],[-80.86,71.91],[-80.8,71.93],[-80.71,71.99],[-80.39,72.15],[-80.18,72.21],[-80.12,72.21],[-79.93,72.17],[-79.88,72.18],[-80.09,72.3],[-80.11,72.33],[-80.07,72.38],[-80.04,72.39],[-79.93,72.43],[-79.83,72.45],[-79.78,72.44],[-79.69,72.38],[-79.65,72.33],[-79.58,72.31],[-79.43,72.34],[-79.32,72.39],[-79.19,72.36],[-79.0,72.27],[-79.02,72.19],[-79.02,72.1],[-79.01,72.04],[-78.78,71.93],[-78.61,71.88],[-78.59,71.88],[-78.59,71.9],[-78.62,71.93],[-78.71,71.97],[-78.79,72.03],[-78.86,72.1],[-78.82,72.27],[-78.7,72.35],[-78.58,72.33],[-78.43,72.28],[-78.31,72.28],[-78.12,72.28],[-77.73,72.18],[-77.52,72.18],[-77.54,72.22],[-77.69,72.24],[-77.93,72.29],[-78.29,72.36],[-78.45,72.44],[-78.48,72.47],[-78.48,72.51],[-78.46,72.54],[-78.42,72.57],[-78.35,72.6],[-78.0,72.69],[-77.75,72.72],[-77.57,72.74],[-77.26,72.74],[-76.89,72.72],[-76.7,72.7],[-76.47,72.63],[-76.19,72.57],[-76.09,72.56],[-75.97,72.56],[-75.83,72.58],[-75.7,72.57],[-75.29,72.48],[-75.19,72.43],[-75.12,72.38],[-75.07,72.32],[-75.04,72.27],[-75.05,72.23],[-75.39,72.04],[-75.54,72.01],[-75.64,71.94],[-75.79,71.8],[-75.91,71.73],[-75.92,71.72],[-75.9,71.71],[-75.82,71.75],[-75.69,71.84],[-75.6,71.92],[-75.43,71.98],[-75.15,72.06],[-74.9,72.1],[-74.69,72.1],[-74.52,72.09],[-74.38,72.07],[-74.29,72.05],[-74.27,72.04],[-74.21,71.98],[-74.21,71.94],[-74.25,71.89],[-74.32,71.84],[-74.62,71.79],[-74.79,71.74],[-74.89,71.73],[-75.2,71.71],[-75.19,71.69],[-74.96,71.67],[-74.7,71.68],[-74.71,71.65],[-74.83,71.57],[-74.87,71.5],[-74.83,71.45],[-74.84,71.41],[-74.93,71.31],[-75.04,71.23],[-75.0,71.22],[-74.76,71.34],[-74.7,71.47],[-74.6,71.58],[-74.49,71.65],[-74.4,71.67],[-74.14,71.68],[-73.99,71.75],[-73.87,71.77],[-73.81,71.77],[-73.71,71.75],[-73.71,71.72],[-73.87,71.6],[-74.2,71.4],[-74.06,71.43],[-73.97,71.47],[-73.85,71.52],[-73.71,71.59],[-73.62,71.53],[-73.48,71.48],[-73.4,71.37],[-73.26,71.32],[-73.18,71.28],[-73.19,71.35],[-73.31,71.48],[-73.28,71.54],[-73.19,71.56],[-72.9,71.68],[-72.7,71.64],[-72.58,71.61],[-72.52,71.62],[-72.36,71.61],[-72.12,71.59],[-71.88,71.56],[-71.64,71.52],[-71.46,71.46],[-71.33,71.4],[-71.26,71.36],[-71.23,71.34],[-71.19,71.28],[-71.22,71.24],[-71.4,71.15],[-71.5,71.11],[-71.59,71.09],[-71.86,71.1],[-71.94,71.09],[-72.02,71.07],[-72.3,70.94],[-72.45,70.88],[-72.6,70.85],[-72.63,70.83],[-72.31,70.83],[-72.22,70.87],[-72.15,70.94],[-72.01,71.01],[-71.74,71.05],[-71.37,70.98],[-71.19,70.98],[-71.05,71.05],[-70.89,71.1],[-70.83,71.11],[-70.79,71.1],[-70.67,71.05],[-70.64,71.01],[-70.64,70.9],[-70.66,70.87],[-70.76,70.79],[-71.02,70.67],[-71.19,70.63],[-71.38,70.61],[-71.59,70.57],[-71.66,70.53],[-71.73,70.49],[-71.8,70.46],[-71.89,70.43],[-71.77,70.39],[-71.73,70.4],[-71.68,70.42],[-71.56,70.51],[-71.48,70.54],[-71.43,70.55],[-71.38,70.55],[-71.32,70.53],[-71.28,70.5],[-71.28,70.43],[-71.43,70.13],[-71.41,70.13],[-71.31,70.21],[-71.05,70.52],[-70.98,70.58],[-70.85,70.64],[-70.56,70.74],[-70.34,70.79],[-70.08,70.83],[-69.95,70.85],[-69.8,70.83],[-69.7,70.79],[-69.56,70.78],[-69.4,70.79],[-69.29,70.78],[-69.17,70.76],[-69.07,70.73],[-68.89,70.69],[-68.5,70.61],[-68.45,70.59],[-68.4,70.56],[-68.36,70.52],[-68.36,70.48],[-68.42,70.44],[-68.48,70.41],[-68.56,70.41],[-68.64,70.38],[-68.79,70.32],[-68.84,70.31],[-69.08,70.29],[-69.3,70.28],[-69.44,70.25],[-69.7,70.19],[-70.06,70.07],[-70.06,70.04],[-69.91,70.03],[-69.8,70.05],[-69.63,70.13],[-69.48,70.16],[-69.25,70.19],[-68.92,70.21],[-68.78,70.2],[-68.75,70.2],[-68.73,70.18],[-68.72,70.15],[-68.78,70.1],[-68.84,70.08],[-69.01,69.98],[-68.9,69.95],[-68.74,69.94],[-68.66,69.97],[-68.58,70.03],[-68.49,70.06],[-68.39,70.07],[-68.31,70.09],[-68.23,70.11],[-68.21,70.13],[-68.32,70.16],[-68.33,70.18],[-68.28,70.23],[-68.2,70.28],[-68.12,70.31],[-68.06,70.32],[-67.86,70.28],[-67.72,70.22],[-67.36,70.03],[-67.32,70.0],[-67.2,69.86],[-67.17,69.8],[-67.19,69.76],[-67.22,69.73],[-67.26,69.72],[-67.34,69.72],[-67.81,69.78],[-68.02,69.77],[-68.11,69.75],[-68.19,69.73],[-68.25,69.7],[-68.29,69.66],[-68.37,69.64],[-68.67,69.64],[-68.84,69.62],[-69.12,69.57],[-69.23,69.55],[-69.25,69.51],[-69.07,69.52],[-68.79,69.56],[-68.51,69.58],[-68.06,69.48],[-67.91,69.46],[-67.82,69.47],[-67.72,69.48],[-67.36,69.47],[-67.24,69.46],[-67.05,69.42],[-66.77,69.34],[-66.72,69.31],[-66.69,69.29],[-66.68,69.26],[-66.68,69.19],[-66.71,69.17],[-66.8,69.15],[-67.21,69.17],[-67.33,69.18],[-67.48,69.17],[-67.61,69.17],[-67.77,69.2],[-67.94,69.25],[-68.2,69.2],[-68.41,69.23],[-68.62,69.21],[-69.04,69.1],[-68.99,69.08],[-68.42,69.17],[-68.3,69.17],[-68.12,69.13],[-67.83,69.07],[-67.75,69.04],[-67.75,68.93],[-67.8,68.86],[-67.88,68.78],[-68.02,68.79],[-68.32,68.84],[-68.45,68.85],[-68.54,68.84],[-68.67,68.81],[-68.73,68.81],[-69.22,68.87],[-69.33,68.88],[-69.34,68.87],[-69.32,68.86],[-68.87,68.76],[-68.54,68.75],[-68.33,68.73],[-68.21,68.7],[-68.15,68.68],[-68.15,68.62],[-68.04,68.55],[-67.94,68.52],[-67.88,68.52],[-67.77,68.55],[-67.66,68.55],[-67.57,68.53],[-67.46,68.5],[-67.32,68.49],[-67.2,68.47],[-67.11,68.46],[-66.85,68.47],[-66.74,68.46],[-66.71,68.45],[-66.76,68.42],[-67.0,68.37],[-67.03,68.33],[-66.9,68.26],[-66.83,68.22],[-66.83,68.18],[-66.91,68.1],[-66.92,68.07],[-66.9,68.06],[-66.73,68.13],[-66.7,68.12],[-66.68,68.03],[-66.66,68.03],[-66.61,68.11],[-66.63,68.21],[-66.53,68.25],[-66.21,68.28],[-66.27,68.12],[-66.27,68.04],[-66.41,67.9],[-66.53,67.86],[-66.53,67.85],[-66.44,67.83],[-66.39,67.83],[-66.34,67.85],[-66.23,67.96],[-65.99,68.07],[-65.94,68.07],[-65.94,68.03],[-65.97,67.96],[-65.86,67.92],[-65.76,67.96],[-65.7,67.99],[-65.57,67.98],[-65.51,67.97],[-65.49,67.94],[-65.55,67.8],[-65.54,67.77],[-65.4,67.67],[-65.39,67.68],[-65.41,67.72],[-65.44,67.83],[-65.42,67.88],[-65.3,67.94],[-65.06,68.03],[-64.98,68.04],[-64.92,68.03],[-64.84,67.99],[-64.86,67.97],[-64.96,67.94],[-65.03,67.89],[-65.07,67.82],[-65.02,67.79],[-64.83,67.78],[-64.64,67.84],[-64.53,67.81],[-64.4,67.74],[-64.16,67.62],[-64.02,67.65],[-63.85,67.57],[-64.08,67.5],[-64.01,67.35],[-64.3,67.35],[-64.47,67.34],[-64.58,67.36],[-64.7,67.35],[-64.59,67.32],[-64.38,67.3],[-64.36,67.26],[-64.19,67.26],[-64.06,67.27],[-63.84,67.26],[-63.82,67.32],[-63.68,67.35],[-63.59,67.38],[-63.52,67.36],[-63.32,67.34],[-63.04,67.24],[-63.16,67.17],[-63.19,67.12],[-63.24,67.07],[-63.26,67.02],[-63.31,66.99],[-63.7,66.82],[-63.64,66.82],[-63.47,66.86],[-63.14,66.92],[-62.96,66.95],[-62.83,66.93],[-62.77,66.93],[-62.71,66.95],[-62.6,66.93],[-62.38,66.91],[-62.12,67.05],[-61.97,67.02],[-61.82,66.93],[-61.51,66.78],[-61.35,66.69],[-61.3,66.65],[-61.31,66.61],[-61.45,66.57],[-61.53,66.56],[-61.72,66.64],[-61.9,66.68],[-62.01,66.67],[-62.12,66.64],[-62.09,66.63],[-61.65,66.5],[-61.58,66.41],[-61.57,66.37],[-61.86,66.31],[-61.96,66.31],[-62.16,66.34],[-62.28,66.39],[-62.37,66.41],[-62.51,66.42],[-62.55,66.41],[-62.41,66.32],[-62.42,66.29],[-62.5,66.27],[-62.53,66.23],[-62.24,66.15],[-62.02,66.07],[-61.99,66.04],[-62.14,66.01],[-62.24,66.01],[-62.47,66.02],[-62.59,66.03],[-62.62,66.02],[-62.5,65.97],[-62.45,65.95],[-62.41,65.91],[-62.39,65.87],[-62.38,65.83],[-62.49,65.8],[-62.61,65.72],[-62.66,65.64],[-62.77,65.63],[-62.82,65.65],[-62.97,65.62],[-63.17,65.66],[-63.24,65.7],[-63.46,65.85],[-63.46,65.84],[-63.41,65.76],[-63.42,65.71],[-63.65,65.67],[-63.65,65.66],[-63.51,65.64],[-63.34,65.62],[-63.36,65.54],[-63.36,65.23],[-63.4,65.12],[-63.49,65.02],[-63.61,64.93],[-63.74,64.99],[-63.79,65.05],[-63.83,65.08],[-63.9,65.11],[-63.98,65.12],[-64.06,65.12],[-64.15,65.07],[-64.25,65.11],[-64.35,65.17],[-64.31,65.32],[-64.27,65.4],[-64.29,65.4],[-64.34,65.36],[-64.47,65.25],[-64.56,65.12],[-64.67,65.17],[-64.76,65.23],[-64.85,65.3],[-64.98,65.38],[-65.11,65.46],[-65.18,65.57],[-65.21,65.59],[-65.28,65.68],[-65.31,65.7],[-65.34,65.71],[-65.4,65.76],[-65.38,65.82],[-65.28,65.89],[-65.18,65.94],[-65.03,65.99],[-64.85,66.02],[-64.77,66.08],[-64.67,66.19],[-64.56,66.27],[-64.45,66.32],[-64.5,66.33],[-64.66,66.29],[-64.76,66.23],[-64.89,66.14],[-65.0,66.08],[-65.31,66.01],[-65.42,65.99],[-65.54,65.99],[-65.83,66.0],[-65.89,66.02],[-65.86,66.09],[-65.66,66.2],[-65.69,66.21],[-65.76,66.17],[-65.86,66.14],[-65.94,66.13],[-66.06,66.13],[-66.21,66.21],[-66.28,66.23],[-66.42,66.25],[-66.48,66.28],[-66.71,66.46],[-66.76,66.51],[-66.79,66.56],[-66.86,66.6],[-66.99,66.63],[-67.01,66.62],[-66.97,66.58],[-66.97,66.55],[-67.08,66.53],[-67.19,66.53],[-67.31,66.57],[-67.32,66.52],[-67.19,66.43],[-67.19,66.32],[-67.23,66.31],[-67.31,66.3],[-67.37,66.32],[-67.56,66.4],[-67.74,66.46],[-67.87,66.49],[-67.88,66.47],[-67.8,66.37],[-67.7,66.27],[-67.55,66.19],[-67.3,66.09],[-67.18,66.03],[-67.27,65.96],[-67.35,65.93],[-67.4,65.92],[-67.55,65.92],[-67.83,65.97],[-67.96,66.01],[-68.15,66.13],[-68.46,66.25],[-68.53,66.25],[-68.75,66.2],[-68.71,66.19],[-68.57,66.19],[-68.47,66.17],[-68.22,66.08],[-68.2,66.04],[-68.26,65.99],[-68.26,65.94],[-68.19,65.87],[-68.12,65.83],[-67.97,65.8],[-67.89,65.79],[-67.87,65.77],[-67.95,65.62],[-67.96,65.58],[-67.94,65.56],[-67.91,65.56],[-67.72,65.63],[-67.64,65.64],[-67.57,65.64],[-67.49,65.63],[-67.4,65.59],[-67.35,65.55],[-67.33,65.51],[-67.3,65.48],[-67.12,65.44],[-67.13,65.42],[-67.33,65.36],[-67.34,65.35],[-67.3,65.34],[-67.18,65.3],[-67.07,65.24],[-67.0,65.17],[-66.98,65.14],[-66.99,65.1],[-66.97,65.08],[-66.91,65.08],[-66.89,65.09],[-66.86,65.09],[-66.83,65.07],[-66.8,65.02],[-66.73,64.86],[-66.7,64.82],[-66.68,64.81],[-66.67,64.97],[-66.64,65.0],[-66.52,64.97],[-66.35,64.91],[-66.22,64.85],[-66.21,64.83],[-66.3,64.78],[-66.28,64.76],[-66.21,64.72],[-66.15,64.73],[-66.11,64.79],[-66.03,64.85],[-65.94,64.89],[-65.77,64.85],[-65.63,64.77],[-65.61,64.74],[-65.51,64.71],[-65.43,64.73],[-65.27,64.63],[-65.35,64.59],[-65.51,64.53],[-65.53,64.5],[-65.49,64.51],[-65.18,64.51],[-65.09,64.48],[-65.07,64.44],[-65.21,64.3],[-65.34,64.32],[-65.51,64.32],[-65.59,64.31],[-65.58,64.29],[-65.35,64.23],[-65.28,64.18],[-65.19,64.13],[-65.15,64.09],[-65.15,64.07],[-65.19,64.04],[-65.17,64.03],[-65.01,64.01],[-64.91,64.03],[-64.79,64.03],[-64.68,64.03],[-64.67,64.01],[-64.69,63.96],[-64.8,63.92],[-64.77,63.91],[-64.64,63.92],[-64.58,63.9],[-64.5,63.79],[-64.41,63.71],[-64.48,63.69],[-64.56,63.68],[-64.55,63.57],[-64.5,63.46],[-64.5,63.36],[-64.51,63.26],[-64.59,63.24],[-64.66,63.25],[-64.7,63.27],[-64.89,63.55],[-64.93,63.6],[-64.99,63.64],[-65.19,63.76],[-65.18,63.74],[-65.13,63.69],[-65.09,63.61],[-65.03,63.44],[-65.0,63.33],[-65.02,63.29],[-65.06,63.28],[-65.07,63.26],[-65.05,63.23],[-64.89,63.13],[-64.82,63.06],[-64.77,62.99],[-64.72,62.95],[-64.67,62.92],[-64.68,62.9],[-64.75,62.89],[-64.87,62.88],[-64.92,62.89],[-65.13,62.95],[-65.16,62.93],[-65.05,62.7],[-65.05,62.65],[-65.11,62.63],[-65.18,62.65],[-65.27,62.72],[-65.4,62.79],[-65.57,62.87],[-65.74,62.93],[-65.78,62.93],[-65.81,62.91],[-65.83,62.91],[-65.86,62.92],[-65.92,62.97],[-65.98,63.0],[-66.22,63.11],[-66.25,63.11],[-66.23,63.08],[-66.2,63.01],[-66.23,62.99],[-66.29,63.0],[-66.41,63.03],[-66.5,63.1],[-66.6,63.22],[-66.65,63.26],[-66.66,63.23],[-66.63,63.12],[-66.64,63.08],[-66.7,63.07],[-66.72,63.08],[-66.75,63.11],[-66.77,63.16],[-66.83,63.2],[-66.92,63.23],[-66.97,63.26],[-67.0,63.31],[-67.02,63.32],[-67.18,63.31],[-67.26,63.34],[-67.5,63.48],[-67.71,63.63],[-67.84,63.71],[-67.89,63.73],[-67.82,63.64],[-67.74,63.49],[-67.72,63.42],[-67.76,63.42],[-67.84,63.45],[-68.24,63.64],[-68.49,63.73],[-68.63,63.74],[-68.86,63.75],[-68.91,63.7],[-68.79,63.6],[-68.67,63.51],[-68.56,63.46],[-68.37,63.35],[-68.21,63.21],[-68.14,63.17],[-67.92,63.11],[-67.8,63.1],[-67.68,63.09],[-67.66,63.07],[-67.72,63.03],[-67.74,63.01],[-67.47,62.95],[-67.37,62.91],[-67.27,62.86],[-67.21,62.84],[-66.98,62.7],[-66.92,62.68],[-66.71,62.63],[-66.64,62.6],[-66.53,62.51],[-66.46,62.46],[-66.36,62.35],[-66.28,62.3],[-66.1,62.25],[-66.02,62.23],[-65.98,62.21],[-66.0,62.16],[-66.03,62.14],[-66.13,62.1],[-66.12,62.05],[-66.06,61.97],[-66.06,61.91],[-66.12,61.89],[-66.26,61.87],[-66.32,61.87],[-66.42,61.89],[-66.55,61.93],[-66.8,62.01],[-67.18,62.07],[-67.32,62.11],[-67.37,62.13],[-67.44,62.15],[-68.38,62.24],[-68.54,62.26],[-68.63,62.28],[-68.72,62.32],[-69.08,62.41],[-69.13,62.42],[-69.37,62.57],[-69.55,62.74],[-69.6,62.77],[-69.8,62.79],[-69.96,62.78],[-70.07,62.76],[-70.24,62.76],[-70.34,62.79],[-70.57,62.87],[-70.8,62.91],[-71.0,62.98],[-71.11,63.0],[-71.1,63.02],[-70.95,63.12],[-70.99,63.12],[-71.25,63.04],[-71.35,63.07],[-71.5,63.13],[-71.62,63.19],[-71.86,63.36],[-71.99,63.42],[-71.97,63.43],[-71.82,63.44],[-71.7,63.43],[-71.61,63.44],[-71.46,63.51],[-71.39,63.56],[-71.38,63.58],[-71.51,63.59],[-71.54,63.6],[-71.57,63.63],[-71.63,63.66],[-71.73,63.71],[-71.84,63.72],[-72.22,63.71],[-72.29,63.73],[-72.29,63.76],[-72.21,63.84],[-72.17,63.87],[-72.16,63.89],[-72.17,63.89],[-72.23,63.89],[-72.45,63.82],[-72.5,63.82],[-72.59,63.9],[-72.64,63.99],[-72.68,64.02],[-72.73,64.03],[-72.91,64.12],[-73.17,64.28],[-73.27,64.33],[-73.38,64.38],[-73.45,64.4],[-73.44,64.42],[-73.28,64.56],[-73.27,64.58],[-73.41,64.57],[-73.63,64.6],[-73.73,64.57],[-73.79,64.57],[-73.87,64.59],[-73.91,64.58],[-73.95,64.47],[-73.98,64.44],[-74.03,64.42],[-74.06,64.42],[-74.1,64.44],[-74.1,64.47],[-74.13,64.61],[-74.21,64.63],[-74.42,64.63],[-74.46,64.64],[-74.51,64.67],[-74.56,64.72],[-74.59,64.79],[-74.63,64.82],[-74.68,64.83],[-74.72,64.83],[-74.75,64.81],[-74.81,64.8],[-74.92,64.79],[-74.92,64.77],[-74.82,64.72],[-74.73,64.65],[-74.64,64.56],[-74.69,64.5],[-74.89,64.47],[-75.07,64.46],[-75.22,64.47],[-75.33,64.49],[-75.49,64.54],[-75.72,64.52],[-75.77,64.39],[-75.82,64.38],[-76.03,64.39],[-76.12,64.38],[-76.41,64.3],[-76.49,64.29],[-76.56,64.3],[-76.63,64.28],[-76.72,64.24],[-76.86,64.24],[-77.02,64.27],[-77.17,64.29],[-77.28,64.28],[-77.4,64.3],[-77.53,64.34],[-77.63,64.36],[-77.76,64.36],[-77.79,64.37],[-77.98,64.46],[-78.05,64.5],[-78.17,64.62],[-78.2,64.66],[-78.2,64.71],[-78.19,64.75],[-78.14,64.81],[-78.1,64.94],[-78.06,64.98],[-77.99,65.02],[-77.88,65.07],[-77.45,65.16],[-77.36,65.2],[-77.36,65.22],[-77.46,65.33],[-77.46,65.36],[-77.43,65.37],[-77.36,65.44],[-77.33,65.45],[-77.25,65.46],[-77.09,65.43],[-76.96,65.42],[-76.78,65.41],[-76.48,65.37],[-76.07,65.29],[-75.83,65.23],[-75.65,65.14],[-75.52,65.06],[-75.5,65.01],[-75.56,64.95],[-75.59,64.93],[-75.59,64.91],[-75.56,64.88],[-75.45,64.84],[-75.43,64.86],[-75.44,64.9],[-75.41,64.94],[-75.36,64.97],[-75.36,65.01],[-75.4,65.06],[-75.45,65.1],[-75.5,65.14],[-75.77,65.26],[-75.8,65.3],[-75.71,65.32],[-75.32,65.27],[-75.17,65.28],[-75.11,65.33],[-75.05,65.36],[-74.98,65.38],[-74.85,65.39],[-74.67,65.37],[-74.57,65.36],[-74.49,65.37],[-74.39,65.4],[-74.24,65.48],[-74.14,65.5],[-73.99,65.52],[-73.88,65.52],[-73.68,65.48],[-73.55,65.49],[-73.56,65.54],[-73.64,65.65],[-73.75,65.77],[-73.83,65.81],[-74.03,65.88],[-74.28,66.01],[-74.4,66.1],[-74.43,66.14],[-74.42,66.17],[-74.37,66.21],[-73.93,66.36],[-73.58,66.51],[-73.43,66.58],[-73.36,66.64],[-73.28,66.67],[-73.2,66.7],[-73.03,66.73],[-72.99,66.77],[-72.97,66.83],[-72.95,66.88],[-72.79,67.03],[-72.67,67.07],[-72.49,67.1],[-72.36,67.13],[-72.22,67.25],[-72.23,67.28],[-72.3,67.31],[-72.35,67.34],[-72.58,67.66],[-72.73,67.81],[-72.9,67.94],[-73.06,68.11],[-73.33,68.27],[-73.33,68.31],[-73.28,68.36],[-73.31,68.37],[-73.58,68.3],[-73.64,68.29],[-73.75,68.33],[-73.82,68.36],[-73.88,68.43],[-73.87,68.46],[-73.83,68.5],[-73.78,68.58],[-73.78,68.62],[-73.8,68.66],[-73.82,68.69],[-73.85,68.7],[-73.94,68.71],[-74.07,68.71],[-74.12,68.7],[-73.97,68.58],[-73.99,68.55],[-74.18,68.54],[-74.27,68.54],[-74.35,68.56],[-74.42,68.58],[-74.65,68.71],[-74.7,68.76],[-74.68,68.79],[-74.7,68.81],[-74.75,68.8],[-74.81,68.8],[-74.89,68.81],[-74.91,68.82],[-74.75,68.89],[-74.74,68.91],[-74.82,68.94],[-74.93,68.94],[-74.95,68.96],[-74.92,68.98],[-74.77,69.02],[-74.72,69.05],[-74.81,69.06],[-74.85,69.07],[-74.95,69.02],[-75.1,68.94],[-75.21,68.91],[-75.36,68.95],[-75.46,68.96],[-75.52,68.95],[-75.62,68.89],[-75.84,68.84],[-76.23,68.73],[-76.4,68.69],[-76.59,68.7],[-76.62,68.72],[-76.62,68.76],[-76.6,68.79],[-76.58,68.82],[-76.57,68.85],[-76.59,68.97],[-76.56,69.01],[-76.5,69.03],[-76.38,69.05],[-76.09,69.03],[-75.95,69.03],[-75.86,69.06],[-75.76,69.1],[-75.67,69.16],[-75.65,69.21],[-75.75,69.3],[-75.79,69.32],[-76.05,69.39],[-76.19,69.41],[-76.32,69.42],[-76.41,69.44],[-76.46,69.47],[-76.52,69.52],[-76.52,69.55],[-76.52,69.59],[-76.46,69.62],[-76.23,69.65],[-76.23,69.66],[-76.42,69.69],[-76.51,69.68],[-76.59,69.66],[-76.69,69.59],[-76.74,69.57],[-76.92,69.61],[-77.02,69.62],[-77.09,69.64],[-77.13,69.65],[-77.11,69.67],[-77.02,69.69],[-76.87,69.75],[-76.86,69.78],[-76.96,69.82],[-77.02,69.84],[-77.23,69.85],[-77.49,69.84],[-77.59,69.85],[-77.64,69.9],[-77.66,69.97],[-77.67,70.04],[-77.72,70.17],[-77.77,70.24],[-77.84,70.25],[-78.16,70.22],[-78.23,70.22],[-78.28,70.23],[-78.49,70.32],[-78.57,70.35],[-78.62,70.35],[-78.77,70.45],[-78.83,70.46],[-78.9,70.51],[-78.98,70.58],[-79.07,70.6],[-79.16,70.58],[-79.25,70.53],[-79.35,70.48],[-79.4,70.44],[-79.41,70.4],[-79.35,70.37],[-79.02,70.33],[-78.93,70.29],[-78.86,70.24],[-78.81,70.18],[-78.77,70.1],[-78.78,70.05],[-78.82,70.01],[-78.89,69.98],[-79.09,69.93],[-79.3,69.89],[-79.52,69.89],[-79.62,69.89],[-80.16,70.0],[-80.26,70.0],[-80.39,70.01],[-80.67,70.05],[-80.83,70.06],[-81.1,70.09],[-81.56,70.11],[-81.65,70.09],[-81.53,70.05],[-81.42,70.02],[-81.33,70.02],[-81.2,69.98],[-81.02,69.9],[-80.92,69.85],[-80.84,69.79],[-80.84,69.77],[-80.92,69.73],[-81.56,69.94],[-81.96,69.87],[-82.14,69.84],[-82.29,69.84],[-82.49,69.87],[-82.93,69.97],[-83.09,70.0],[-83.15,70.01],[-83.53,69.96],[-83.86,69.96],[-84.52,70.01],[-84.77,70.03],[-84.83,70.06],[-84.91,70.08],[-85.05,70.08],[-85.43,70.11],[-85.78,70.04],[-86.2,70.11],[-86.32,70.15],[-86.36,70.17],[-86.48,70.29],[-86.5,70.35],[-86.47,70.41],[-86.43,70.44],[-86.4,70.47],[-86.62,70.4],[-86.7,70.39],[-86.81,70.39],[-87.12,70.41],[-87.17,70.4],[-87.16,70.38],[-87.07,70.34],[-87.06,70.33],[-87.24,70.31],[-87.5,70.33],[-87.62,70.32],[-87.67,70.31],[-87.79,70.26],[-87.84,70.25],[-87.9,70.25],[-88.18,70.37],[-88.4,70.44],[-88.66,70.47],[-88.78,70.49],[-88.85,70.52],[-89.21,70.76],[-89.26,70.81],[-89.37,71.0],[-89.41,71.04],[-89.46,71.06],[-89.37,71.07],[-89.03,71.04],[-88.7,71.05],[-88.52,71.03],[-88.31,70.98],[-88.04,70.95],[-87.84,70.94],[-87.53,70.96],[-87.18,70.99],[-87.14,71.01],[-87.37,71.05],[-87.57,71.11],[-87.76,71.18],[-87.87,71.21],[-88.06,71.23],[-88.59,71.24],[-89.08,71.29],[-89.42,71.35],[-89.69,71.42],[-89.81,71.46],[-89.85,71.49],[-89.89,71.59],[-89.93,71.74],[-89.98,71.85],[-90.02,71.9],[-90.03,71.95],[-89.93,72.05],[-89.66,72.16],[-89.66,72.18],[-89.71,72.18],[-89.82,72.21],[-89.86,72.25],[-89.87,72.31],[-89.87,72.37],[-89.86,72.41],[-89.82,72.47],[-89.7,72.57],[-89.54,72.69],[-89.36,72.8],[-89.33,72.84],[-89.31,72.94],[-89.29,73.02],[-89.26,73.07],[-89.23,73.11],[-89.11,73.18],[-88.98,73.25],[-88.76,73.31],[-88.74,73.33],[-88.74,73.37],[-88.73,73.39],[-88.71,73.4],[-88.17,73.6],[-87.93,73.67],[-87.72,73.72],[-87.47,73.76],[-86.77,73.83],[-86.41,73.85],[-85.95,73.85],[-85.11,73.81],[-85.01,73.78],[-84.98,73.76],[-84.95,73.72],[-84.97,73.69],[-85.2,73.6],[-85.49,73.53],[-85.68,73.46],[-86.0,73.31],[-86.09,73.26],[-86.48,72.96],[-86.57,72.91],[-86.63,72.87],[-86.67,72.76],[-86.66,72.72],[-86.59,72.66],[-86.38,72.52],[-86.32,72.46],[-86.32,72.4],[-86.35,72.26],[-86.35,72.19],[-86.34,72.12],[-86.3,72.03],[-86.22,71.9],[-86.04,71.77],[-85.75,71.64],[-85.54,71.56],[-85.33,71.49],[-85.08,71.4],[-85.02,71.35],[-85.14,71.3],[-85.41,71.23],[-85.76,71.19],[-85.95,71.16],[-86.18,71.1],[-86.47,71.04],[-86.59,71.01]]],[[[-70.75,80.0],[-70.76,80.0],[-71.36,79.91],[-71.28,79.91],[-71.11,79.88],[-71.11,79.85],[-71.3,79.78],[-71.39,79.76],[-71.96,79.7],[-72.22,79.69],[-72.44,79.69],[-73.45,79.83],[-73.81,79.85],[-74.14,79.88],[-74.39,79.87],[-74.66,79.84],[-74.54,79.82],[-74.05,79.78],[-73.64,79.77],[-73.47,79.76],[-73.41,79.73],[-73.23,79.64],[-73.2,79.6],[-73.24,79.55],[-73.29,79.52],[-73.36,79.5],[-73.47,79.5],[-73.87,79.5],[-74.02,79.49],[-74.19,79.46],[-74.41,79.45],[-74.8,79.46],[-75.26,79.42],[-75.5,79.41],[-75.77,79.43],[-76.07,79.47],[-76.38,79.49],[-76.9,79.51],[-76.86,79.49],[-76.67,79.48],[-76.3,79.41],[-76.12,79.33],[-75.95,79.31],[-75.6,79.24],[-75.35,79.23],[-75.09,79.2],[-74.73,79.24],[-74.48,79.23],[-74.53,79.05],[-74.64,79.04],[-75.23,79.04],[-75.51,79.06],[-75.64,79.09],[-75.91,79.12],[-76.16,79.1],[-76.38,79.1],[-76.53,79.09],[-76.77,79.09],[-77.4,79.06],[-77.73,79.06],[-77.97,79.08],[-78.26,79.08],[-78.58,79.08],[-78.56,79.05],[-78.42,79.05],[-78.22,79.02],[-78.04,78.96],[-77.88,78.94],[-77.7,78.95],[-77.51,78.98],[-76.82,79.02],[-76.52,79.02],[-76.26,79.01],[-76.08,78.99],[-75.95,78.96],[-75.8,78.89],[-75.4,78.88],[-75.1,78.86],[-74.62,78.76],[-74.49,78.75],[-74.43,78.72],[-74.54,78.66],[-74.55,78.62],[-74.88,78.54],[-75.4,78.52],[-75.97,78.53],[-76.37,78.52],[-76.42,78.51],[-76.14,78.49],[-75.49,78.4],[-75.24,78.36],[-75.19,78.33],[-75.55,78.22],[-75.87,78.01],[-75.97,77.99],[-76.08,77.99],[-76.36,77.99],[-76.71,77.94],[-76.97,77.93],[-77.46,77.95],[-78.01,77.95],[-78.06,77.91],[-78.08,77.85],[-78.08,77.75],[-78.05,77.62],[-78.08,77.52],[-78.17,77.46],[-78.28,77.41],[-78.49,77.37],[-78.71,77.34],[-78.87,77.33],[-79.14,77.33],[-79.91,77.3],[-80.28,77.3],[-80.57,77.31],[-80.87,77.36],[-81.38,77.48],[-81.52,77.51],[-81.66,77.53],[-81.65,77.5],[-81.5,77.43],[-81.38,77.39],[-81.28,77.37],[-81.3,77.34],[-81.52,77.31],[-81.77,77.3],[-82.06,77.3],[-82.07,77.28],[-81.97,77.25],[-81.84,77.21],[-81.76,77.2],[-81.53,77.21],[-81.28,77.26],[-81.12,77.27],[-80.8,77.26],[-80.67,77.24],[-80.27,77.15],[-80.22,77.15],[-79.92,77.19],[-79.5,77.2],[-79.34,77.16],[-79.28,77.09],[-79.27,77.03],[-79.32,76.98],[-79.22,76.94],[-78.98,76.89],[-78.79,76.88],[-78.66,76.91],[-78.46,76.97],[-78.37,76.98],[-78.29,76.98],[-78.17,76.93],[-78.0,76.85],[-77.98,76.75],[-78.12,76.64],[-78.28,76.57],[-78.93,76.45],[-79.13,76.4],[-79.29,76.35],[-79.51,76.31],[-79.95,76.25],[-80.19,76.24],[-80.69,76.18],[-80.8,76.17],[-80.96,76.18],[-81.0,76.21],[-80.96,76.27],[-80.9,76.32],[-80.83,76.37],[-80.83,76.41],[-80.97,76.47],[-81.07,76.5],[-81.17,76.51],[-81.36,76.5],[-81.47,76.49],[-81.59,76.48],[-81.72,76.49],[-81.82,76.52],[-82.03,76.63],[-82.11,76.64],[-82.22,76.64],[-82.31,76.66],[-82.39,76.69],[-82.53,76.72],[-82.49,76.7],[-82.36,76.64],[-82.26,76.57],[-82.21,76.51],[-82.23,76.47],[-83.39,76.44],[-83.89,76.45],[-83.99,76.5],[-84.22,76.68],[-84.28,76.36],[-85.14,76.3],[-85.34,76.31],[-85.68,76.35],[-86.12,76.43],[-86.3,76.49],[-86.37,76.55],[-86.42,76.58],[-86.45,76.58],[-86.56,76.52],[-86.68,76.38],[-86.98,76.41],[-87.35,76.45],[-87.49,76.59],[-87.5,76.39],[-88.1,76.41],[-88.4,76.41],[-88.48,76.58],[-88.5,76.77],[-88.61,76.65],[-88.56,76.55],[-88.55,76.42],[-88.8,76.46],[-89.37,76.47],[-89.57,76.49],[-89.54,76.66],[-89.5,76.83],[-88.77,76.99],[-88.56,77.07],[-88.4,77.1],[-88.15,77.12],[-87.83,77.14],[-87.61,77.13],[-87.36,77.14],[-87.06,77.17],[-86.85,77.17],[-86.81,77.18],[-86.87,77.2],[-87.1,77.31],[-87.18,77.33],[-87.27,77.34],[-87.43,77.35],[-87.59,77.39],[-87.68,77.44],[-87.78,77.49],[-87.94,77.6],[-88.09,77.72],[-88.02,77.78],[-87.76,77.84],[-87.5,77.87],[-87.24,77.89],[-87.02,77.89],[-86.76,77.86],[-86.39,77.81],[-86.17,77.75],[-85.91,77.61],[-85.73,77.51],[-85.59,77.46],[-84.95,77.37],[-84.74,77.36],[-84.49,77.37],[-83.97,77.39],[-83.72,77.41],[-83.61,77.44],[-83.55,77.48],[-83.48,77.51],[-83.25,77.58],[-82.9,77.73],[-82.71,77.85],[-82.66,77.89],[-82.63,77.94],[-82.6,77.99],[-82.7,77.96],[-83.3,77.67],[-83.43,77.62],[-83.78,77.53],[-83.93,77.52],[-84.17,77.52],[-84.49,77.56],[-84.86,77.5],[-85.09,77.52],[-85.29,77.56],[-85.29,77.76],[-85.55,77.93],[-85.27,78.01],[-85.03,78.06],[-84.62,78.2],[-84.52,78.2],[-84.22,78.18],[-84.39,78.21],[-84.55,78.25],[-84.91,78.24],[-84.78,78.53],[-85.02,78.31],[-85.27,78.2],[-85.42,78.14],[-85.59,78.11],[-86.22,78.08],[-86.06,78.19],[-85.92,78.34],[-86.07,78.28],[-86.43,78.2],[-86.69,78.15],[-86.91,78.13],[-87.34,78.13],[-87.55,78.18],[-87.49,78.28],[-87.49,78.42],[-87.36,78.48],[-87.16,78.56],[-86.95,78.66],[-86.81,78.77],[-86.24,78.82],[-85.69,78.84],[-85.23,78.9],[-85.0,78.91],[-84.79,78.88],[-83.91,78.84],[-83.55,78.8],[-83.39,78.78],[-83.27,78.77],[-83.15,78.81],[-82.99,78.84],[-82.44,78.84],[-82.29,78.85],[-82.15,78.86],[-81.98,78.9],[-81.78,78.95],[-81.75,78.98],[-81.89,78.97],[-82.03,78.96],[-82.24,78.92],[-82.44,78.9],[-82.64,78.91],[-83.06,78.94],[-83.78,78.95],[-84.15,78.96],[-84.32,78.98],[-84.41,79.0],[-84.5,79.03],[-84.57,79.07],[-84.53,79.1],[-84.38,79.12],[-84.26,79.12],[-84.05,79.1],[-83.82,79.06],[-83.58,79.05],[-83.66,79.09],[-83.98,79.16],[-84.2,79.23],[-84.38,79.3],[-84.52,79.38],[-84.84,79.49],[-85.09,79.61],[-85.27,79.66],[-85.46,79.69],[-86.03,79.72],[-86.15,79.74],[-86.42,79.85],[-86.49,80.0],[-82.72,80.0],[-82.68,79.99],[-82.38,79.91],[-82.05,79.78],[-81.86,79.72],[-81.69,79.69],[-81.46,79.65],[-81.04,79.61],[-80.67,79.6],[-80.48,79.61],[-80.27,79.64],[-80.12,79.67],[-80.29,79.68],[-80.71,79.67],[-81.01,79.69],[-81.18,79.73],[-81.36,79.79],[-81.64,79.89],[-81.86,79.96],[-82.05,80.0],[-70.75,80.0]]],[[[-94.31,71.76],[-94.17,71.76],[-94.09,71.77],[-93.81,71.77],[-93.75,71.74],[-93.75,71.72],[-93.78,71.67],[-93.76,71.64],[-93.58,71.57],[-93.41,71.52],[-93.26,71.46],[-93.03,71.34],[-92.98,71.3],[-92.95,71.26],[-92.89,71.12],[-92.88,71.07],[-92.9,70.92],[-92.92,70.89],[-92.98,70.85],[-92.96,70.84],[-92.78,70.8],[-92.64,70.72],[-92.57,70.69],[-92.39,70.65],[-92.36,70.63],[-92.32,70.61],[-92.21,70.49],[-92.05,70.39],[-92.04,70.37],[-92.07,70.32],[-92.05,70.3],[-91.98,70.29],[-91.93,70.29],[-91.88,70.33],[-91.82,70.34],[-91.76,70.33],[-91.72,70.3],[-91.65,70.23],[-91.56,70.18],[-91.57,70.16],[-91.62,70.15],[-91.86,70.13],[-91.99,70.14],[-92.12,70.17],[-92.21,70.2],[-92.29,70.24],[-92.32,70.24],[-92.36,70.2],[-92.45,70.15],[-92.51,70.1],[-92.45,70.08],[-92.13,70.08],[-92.06,70.07],[-91.98,70.04],[-92.07,69.98],[-92.28,69.89],[-92.75,69.71],[-92.89,69.67],[-92.85,69.65],[-92.8,69.65],[-92.64,69.66],[-92.49,69.68],[-92.31,69.67],[-92.23,69.65],[-92.26,69.63],[-92.21,69.6],[-91.91,69.53],[-91.72,69.55],[-91.53,69.62],[-91.38,69.65],[-91.2,69.64],[-91.15,69.64],[-91.17,69.62],[-91.31,69.58],[-91.43,69.54],[-91.44,69.53],[-91.29,69.54],[-90.95,69.52],[-90.79,69.51],[-90.67,69.52],[-90.55,69.5],[-90.45,69.48],[-90.42,69.46],[-90.51,69.45],[-90.61,69.45],[-90.68,69.43],[-90.75,69.39],[-90.79,69.35],[-90.82,69.29],[-90.89,69.27],[-91.0,69.28],[-91.05,69.29],[-91.02,69.32],[-91.06,69.32],[-91.15,69.3],[-91.22,69.3],[-91.24,69.29],[-90.74,69.11],[-90.59,68.95],[-90.48,68.88],[-90.47,68.86],[-90.54,68.82],[-90.54,68.79],[-90.51,68.69],[-90.53,68.61],[-90.57,68.47],[-90.53,68.43],[-90.42,68.39],[-90.36,68.35],[-90.32,68.33],[-90.29,68.29],[-90.25,68.27],[-90.2,68.26],[-90.17,68.27],[-90.16,68.31],[-90.12,68.34],[-90.01,68.4],[-89.9,68.49],[-89.88,68.52],[-89.9,68.59],[-89.88,68.63],[-89.78,68.74],[-89.75,68.81],[-89.72,68.93],[-89.67,69.01],[-89.55,69.08],[-89.35,69.23],[-89.28,69.26],[-89.2,69.27],[-89.06,69.27],[-88.95,69.22],[-88.81,69.14],[-88.64,69.06],[-88.32,68.95],[-88.22,68.92],[-88.04,68.81],[-87.96,68.71],[-87.91,68.56],[-87.87,68.48],[-87.83,68.45],[-87.81,68.4],[-87.81,68.35],[-87.83,68.3],[-87.85,68.27],[-87.89,68.25],[-87.99,68.24],[-88.11,68.25],[-88.15,68.27],[-88.21,68.33],[-88.24,68.34],[-88.35,68.29],[-88.36,68.26],[-88.32,68.17],[-88.33,67.99],[-88.31,67.95],[-88.2,67.77],[-88.0,67.63],[-87.5,67.36],[-87.47,67.32],[-87.42,67.21],[-87.39,67.19],[-87.36,67.18],[-87.32,67.17],[-87.27,67.18],[-87.08,67.27],[-86.92,67.36],[-86.81,67.4],[-86.75,67.41],[-86.68,67.42],[-86.61,67.45],[-86.56,67.48],[-86.54,67.52],[-86.5,67.65],[-86.48,67.71],[-86.4,67.8],[-86.37,67.82],[-85.98,68.05],[-85.95,68.07],[-85.79,68.33],[-85.73,68.45],[-85.72,68.52],[-85.74,68.58],[-85.73,68.63],[-85.69,68.67],[-85.64,68.7],[-85.56,68.73],[-85.52,68.77],[-85.49,68.77],[-85.43,68.77],[-85.34,68.75],[-85.28,68.74],[-84.87,68.77],[-84.87,68.79],[-85.11,68.84],[-85.1,68.87],[-85.08,68.91],[-85.01,68.95],[-84.92,68.96],[-84.9,68.99],[-84.89,69.02],[-84.86,69.07],[-84.89,69.09],[-85.11,69.17],[-85.24,69.16],[-85.28,69.17],[-85.39,69.23],[-85.43,69.32],[-85.43,69.35],[-85.42,69.41],[-85.4,69.43],[-85.41,69.45],[-85.44,69.49],[-85.44,69.52],[-85.42,69.55],[-85.43,69.58],[-85.48,69.62],[-85.5,69.65],[-85.45,69.75],[-85.45,69.78],[-85.5,69.82],[-85.53,69.84],[-85.51,69.85],[-85.42,69.85],[-85.3,69.84],[-85.18,69.81],[-85.02,69.8],[-84.83,69.84],[-84.65,69.85],[-84.32,69.84],[-84.24,69.84],[-83.92,69.75],[-83.67,69.7],[-83.55,69.7],[-82.99,69.69],[-82.75,69.7],[-82.62,69.69],[-82.37,69.64],[-82.39,69.6],[-82.5,69.53],[-82.63,69.52],[-82.75,69.49],[-82.64,69.46],[-82.31,69.41],[-82.23,69.33],[-82.21,69.3],[-82.25,69.26],[-82.23,69.25],[-82.15,69.25],[-81.95,69.28],[-81.73,69.26],[-81.41,69.2],[-81.38,69.19],[-81.32,69.14],[-81.33,69.12],[-81.61,69.0],[-81.76,68.96],[-81.95,68.91],[-81.96,68.88],[-81.69,68.88],[-81.48,68.87],[-81.38,68.85],[-81.33,68.83],[-81.26,68.78],[-81.25,68.74],[-81.26,68.69],[-81.28,68.66],[-81.53,68.56],[-81.64,68.52],[-81.83,68.49],[-81.91,68.46],[-82.01,68.46],[-82.11,68.5],[-82.21,68.51],[-82.4,68.48],[-82.5,68.48],[-82.55,68.47],[-82.55,68.45],[-82.46,68.38],[-82.41,68.36],[-82.39,68.34],[-82.43,68.31],[-82.42,68.3],[-82.39,68.29],[-82.22,68.15],[-82.19,68.13],[-82.15,68.14],[-82.08,68.18],[-82.03,68.2],[-82.01,68.19],[-82.01,68.17],[-82.09,68.05],[-82.1,68.02],[-82.1,67.99],[-82.06,67.93],[-81.98,67.86],[-81.87,67.8],[-81.71,67.72],[-81.49,67.64],[-81.41,67.6],[-81.29,67.5],[-81.27,67.46],[-81.3,67.36],[-81.39,67.19],[-81.44,67.09],[-81.47,67.07],[-81.63,67.0],[-81.72,66.99],[-81.87,66.99],[-81.93,66.97],[-82.01,66.92],[-82.11,66.83],[-82.2,66.76],[-82.26,66.74],[-82.37,66.71],[-82.55,66.62],[-82.64,66.59],[-82.95,66.55],[-83.2,66.43],[-83.3,66.39],[-83.41,66.37],[-83.52,66.37],[-83.59,66.39],[-83.63,66.46],[-83.65,66.48],[-83.74,66.53],[-83.92,66.68],[-84.0,66.73],[-84.05,66.74],[-84.15,66.73],[-84.21,66.74],[-84.32,66.78],[-84.37,66.81],[-84.36,66.82],[-84.27,66.84],[-84.31,66.86],[-84.47,66.93],[-84.53,66.96],[-84.54,66.97],[-84.69,67.02],[-84.85,67.03],[-85.04,66.96],[-85.11,66.91],[-85.11,66.89],[-85.02,66.87],[-84.98,66.88],[-84.9,66.93],[-84.86,66.94],[-84.74,66.93],[-84.64,66.9],[-84.6,66.88],[-84.59,66.86],[-84.32,66.71],[-84.22,66.68],[-84.18,66.65],[-84.15,66.59],[-84.09,66.53],[-83.96,66.42],[-83.83,66.29],[-83.8,66.24],[-83.87,66.21],[-83.91,66.21],[-84.01,66.23],[-84.29,66.29],[-84.32,66.29],[-84.4,66.26],[-84.46,66.19],[-84.48,66.18],[-84.63,66.21],[-84.91,66.27],[-85.1,66.33],[-85.19,66.37],[-85.31,66.44],[-85.44,66.54],[-85.6,66.57],[-85.79,66.53],[-86.06,66.52],[-86.63,66.53],[-86.71,66.52],[-86.74,66.51],[-86.69,66.46],[-86.7,66.44],[-86.74,66.43],[-86.75,66.42],[-86.69,66.36],[-86.58,66.32],[-86.3,66.27],[-86.11,66.23],[-86.0,66.19],[-85.96,66.15],[-85.96,66.12],[-86.01,66.05],[-86.04,66.02],[-86.7,65.67],[-86.95,65.53],[-87.08,65.44],[-87.19,65.38],[-87.29,65.35],[-87.45,65.34],[-87.68,65.34],[-87.97,65.35],[-88.12,65.39],[-88.39,65.52],[-88.59,65.59],[-88.67,65.61],[-88.74,65.68],[-88.81,65.69],[-88.95,65.7],[-89.09,65.74],[-89.42,65.86],[-89.59,65.91],[-89.75,65.94],[-89.89,65.94],[-89.94,65.93],[-89.85,65.87],[-89.89,65.87],[-90.0,65.88],[-90.12,65.88],[-90.32,65.93],[-90.51,65.92],[-90.66,65.93],[-90.83,65.95],[-91.01,65.97],[-91.31,65.96],[-91.41,65.96],[-91.43,65.95],[-91.29,65.89],[-91.04,65.83],[-91.07,65.89],[-91.06,65.9],[-90.98,65.92],[-90.6,65.88],[-90.16,65.81],[-90.05,65.81],[-89.92,65.78],[-89.79,65.74],[-89.6,65.65],[-89.24,65.45],[-89.13,65.4],[-88.97,65.35],[-88.2,65.28],[-87.93,65.28],[-87.39,65.26],[-87.11,65.22],[-87.03,65.2],[-87.0,65.11],[-87.03,65.06],[-87.18,64.93],[-87.28,64.83],[-87.89,64.4],[-87.96,64.3],[-88.0,64.24],[-88.11,64.18],[-88.38,64.09],[-88.65,64.01],[-88.82,63.99],[-88.96,64.01],[-89.06,64.03],[-89.2,64.11],[-89.21,64.11],[-89.11,63.98],[-89.13,63.97],[-89.21,63.98],[-89.4,64.04],[-89.46,64.03],[-89.5,64.01],[-89.55,64.01],[-89.62,64.03],[-89.73,64.08],[-89.76,64.1],[-89.79,64.17],[-89.81,64.18],[-90.04,64.14],[-90.08,64.13],[-89.99,64.1],[-89.95,64.08],[-89.86,63.98],[-89.86,63.96],[-89.92,63.94],[-90.14,63.98],[-90.17,63.98],[-90.06,63.88],[-90.02,63.83],[-90.01,63.8],[-90.15,63.69],[-90.25,63.64],[-90.37,63.62],[-90.45,63.64],[-90.53,63.67],[-90.6,63.66],[-90.64,63.62],[-90.71,63.6],[-90.81,63.58],[-90.95,63.59],[-91.11,63.62],[-91.54,63.73],[-91.67,63.74],[-91.93,63.76],[-91.96,63.77],[-91.95,63.79],[-91.92,63.8],[-91.93,63.81],[-91.98,63.82],[-92.04,63.81],[-92.09,63.78],[-92.2,63.78],[-92.34,63.79],[-92.55,63.83],[-92.97,63.94],[-93.43,64.03],[-93.7,64.15],[-93.6,64.04],[-93.6,64.0],[-93.66,63.97],[-93.66,63.94],[-93.56,63.87],[-93.42,63.84],[-93.27,63.84],[-93.27,63.85],[-93.33,63.87],[-93.38,63.9],[-93.41,63.94],[-93.38,63.95],[-93.25,63.93],[-93.17,63.9],[-92.53,63.76],[-92.34,63.73],[-92.2,63.71],[-92.16,63.69],[-92.21,63.66],[-92.46,63.57],[-92.47,63.56],[-92.29,63.56],[-92.08,63.64],[-91.96,63.68],[-91.84,63.7],[-91.69,63.66],[-91.49,63.56],[-91.33,63.51],[-91.1,63.48],[-90.97,63.44],[-90.75,63.35],[-90.71,63.3],[-90.69,63.11],[-90.7,63.06],[-90.73,63.02],[-90.78,62.97],[-90.87,62.95],[-91.01,62.94],[-91.11,62.92],[-91.35,62.82],[-91.45,62.8],[-91.87,62.83],[-92.03,62.86],[-92.11,62.86],[-92.15,62.84],[-92.2,62.83],[-92.36,62.82],[-92.39,62.8],[-92.38,62.77],[-92.35,62.73],[-92.31,62.71],[-92.24,62.68],[-92.15,62.67],[-91.96,62.64],[-91.94,62.59],[-91.94,62.58],[-92.01,62.54],[-92.08,62.54],[-92.21,62.59],[-92.27,62.59],[-92.32,62.56],[-92.4,62.56],[-92.5,62.56],[-92.55,62.55],[-92.56,62.5],[-92.59,62.47],[-92.71,62.42],[-92.77,62.38],[-92.77,62.35],[-92.7,62.33],[-92.63,62.28],[-92.54,62.2],[-92.53,62.17],[-92.58,62.18],[-92.65,62.21],[-92.73,62.26],[-92.87,62.31],[-93.15,62.37],[-93.21,62.36],[-93.18,62.35],[-92.99,62.29],[-92.91,62.24],[-92.91,62.22],[-93.07,62.15],[-93.07,62.13],[-93.03,62.11],[-93.02,62.09],[-93.07,62.06],[-93.17,62.03],[-93.35,62.03],[-93.37,62.01],[-93.3,61.98],[-93.27,61.96],[-93.33,61.93],[-93.37,61.93],[-93.58,61.94],[-93.53,61.87],[-93.49,61.85],[-93.43,61.81],[-93.31,61.78],[-93.31,61.77],[-93.35,61.74],[-93.42,61.71],[-93.71,61.6],[-93.91,61.48],[-93.94,61.44],[-93.89,61.36],[-93.89,61.34],[-93.94,61.31],[-94.06,61.32],[-94.08,61.3],[-94.06,61.27],[-94.05,61.21],[-94.07,61.14],[-94.15,61.03],[-94.31,60.87],[-94.43,60.73],[-94.51,60.6],[-94.57,60.54],[-94.68,60.54],[-94.76,60.5],[-94.71,60.48],[-94.67,60.45],[-94.65,60.42],[-94.67,60.3],[-94.74,60.11],[-94.79,59.95],[-94.78,59.48],[-94.79,59.27],[-94.82,59.15],[-94.87,59.09],[-94.96,59.07],[-94.85,59.05],[-94.78,59.02],[-94.74,58.98],[-94.71,58.9],[-94.67,58.87],[-94.62,58.88],[-94.58,58.87],[-94.54,58.85],[-94.42,58.75],[-94.29,58.72],[-94.28,58.66],[-94.33,58.34],[-94.33,58.3],[-94.27,58.38],[-94.21,58.63],[-94.12,58.74],[-94.06,58.76],[-93.78,58.77],[-93.49,58.74],[-93.38,58.74],[-93.28,58.76],[-93.18,58.73],[-93.15,58.69],[-93.13,58.56],[-93.1,58.49],[-92.93,58.22],[-92.84,58.08],[-92.74,57.84],[-92.7,57.78],[-92.49,57.47],[-92.45,57.38],[-92.43,57.32],[-92.44,57.28],[-92.48,57.21],[-92.55,57.11],[-92.61,57.04],[-92.68,56.99],[-92.74,56.95],[-92.8,56.93],[-92.8,56.92],[-92.73,56.93],[-92.65,56.96],[-92.51,57.02],[-92.46,57.04],[-92.3,57.05],[-92.3,57.02],[-92.37,56.98],[-92.36,56.97],[-92.25,57.01],[-92.02,57.06],[-91.11,57.24],[-90.9,57.26],[-90.59,57.22],[-90.34,57.15],[-90.08,57.05],[-89.79,56.98],[-89.34,56.92],[-89.21,56.88],[-88.95,56.85],[-88.83,56.81],[-88.68,56.73],[-88.45,56.61],[-88.27,56.54],[-88.08,56.47],[-87.88,56.34],[-87.56,56.06],[-87.48,56.02],[-87.29,55.97],[-86.92,55.91],[-86.38,55.77],[-86.14,55.72],[-85.98,55.7],[-85.83,55.66],[-85.68,55.6],[-85.56,55.54],[-85.48,55.47],[-85.41,55.43],[-85.28,55.38],[-85.22,55.35],[-85.21,55.3],[-85.36,55.1],[-85.37,55.08],[-85.21,55.22],[-85.13,55.27],[-85.06,55.29],[-84.92,55.28],[-84.71,55.26],[-84.52,55.26],[-84.36,55.28],[-84.22,55.29],[-84.11,55.29],[-84.02,55.3],[-83.97,55.31],[-83.91,55.31],[-83.67,55.26],[-83.57,55.26],[-83.21,55.21],[-82.99,55.23],[-82.95,55.22],[-82.87,55.16],[-82.8,55.16],[-82.69,55.17],[-82.58,55.15],[-82.39,55.07],[-82.31,55.0],[-82.23,54.86],[-82.22,54.81],[-82.37,54.48],[-82.42,54.36],[-82.42,54.24],[-82.39,54.18],[-82.26,54.07],[-82.24,54.04],[-82.16,53.89],[-82.14,53.82],[-82.15,53.74],[-82.19,53.61],[-82.18,53.51],[-82.15,53.36],[-82.16,53.26],[-82.22,53.21],[-82.26,53.16],[-82.29,53.07],[-82.29,53.03],[-82.26,52.96],[-82.2,52.92],[-82.11,52.88],[-82.02,52.81],[-81.86,52.65],[-81.74,52.56],[-81.6,52.43],[-81.57,52.37],[-81.61,52.32],[-81.66,52.29],[-81.78,52.25],[-81.83,52.22],[-81.81,52.22],[-81.65,52.24],[-81.55,52.24],[-81.47,52.2],[-81.4,52.14],[-81.29,52.09],[-81.13,52.05],[-80.97,51.97],[-80.71,51.8],[-80.66,51.76],[-80.59,51.67],[-80.5,51.53],[-80.45,51.43],[-80.44,51.39],[-80.5,51.34],[-80.67,51.26],[-80.85,51.12],[-80.79,51.13],[-80.68,51.19],[-80.48,51.31],[-80.37,51.33],[-80.27,51.32],[-80.1,51.28],[-79.96,51.24],[-79.84,51.17],[-79.65,51.01],[-79.46,50.88],[-79.35,50.76],[-79.38,50.83],[-79.45,50.92],[-79.64,51.05],[-79.71,51.12],[-79.73,51.15],[-79.74,51.19],[-79.72,51.25],[-79.69,51.35],[-79.64,51.41],[-79.59,51.45],[-79.55,51.49],[-79.53,51.54],[-79.5,51.57],[-79.34,51.63],[-79.3,51.62],[-79.26,51.55],[-79.23,51.54],[-79.15,51.53],[-79.09,51.5],[-79.04,51.46],[-79.01,51.43],[-78.98,51.39],[-78.94,51.26],[-78.9,51.2],[-78.9,51.27],[-78.86,51.38],[-78.83,51.43],[-78.73,51.5],[-78.74,51.53],[-78.78,51.57],[-78.98,51.73],[-78.98,51.77],[-78.93,51.8],[-78.89,51.85],[-78.87,51.91],[-78.83,51.96],[-78.7,52.03],[-78.59,52.14],[-78.54,52.21],[-78.49,52.25],[-78.45,52.26],[-78.51,52.29],[-78.53,52.31],[-78.53,52.4],[-78.56,52.49],[-78.6,52.54],[-78.72,52.63],[-78.74,52.66],[-78.77,52.76],[-78.75,52.81],[-78.72,52.86],[-78.74,52.9],[-78.85,52.98],[-78.9,53.04],[-78.95,53.21],[-78.99,53.41],[-79.04,53.56],[-79.1,53.66],[-79.11,53.72],[-79.08,53.74],[-79.04,53.82],[-79.0,53.84],[-78.95,53.83],[-78.94,53.84],[-79.03,53.88],[-79.08,53.93],[-79.07,53.95],[-79.0,54.0],[-79.01,54.02],[-79.07,54.05],[-79.24,54.1],[-79.18,54.12],[-79.14,54.16],[-79.15,54.17],[-79.22,54.19],[-79.3,54.22],[-79.36,54.26],[-79.43,54.34],[-79.48,54.39],[-79.52,54.49],[-79.6,54.6],[-79.63,54.63],[-79.67,54.65],[-79.71,54.65],[-79.71,54.67],[-79.67,54.7],[-78.91,54.88],[-78.85,54.91],[-78.48,55.01],[-78.3,55.07],[-78.13,55.15],[-77.89,55.24],[-77.78,55.29],[-77.7,55.34],[-77.32,55.56],[-77.17,55.66],[-77.07,55.76],[-76.94,55.87],[-76.76,56.0],[-76.65,56.11],[-76.6,56.2],[-76.55,56.36],[-76.53,56.5],[-76.52,56.71],[-76.53,56.89],[-76.57,57.18],[-76.6,57.27],[-76.66,57.38],[-76.79,57.6],[-76.81,57.66],[-76.89,57.76],[-77.16,58.02],[-77.49,58.2],[-77.55,58.24],[-77.68,58.29],[-77.88,58.35],[-78.01,58.4],[-78.35,58.58],[-78.46,58.6],[-78.51,58.65],[-78.52,58.68],[-78.5,58.77],[-78.48,58.83],[-78.46,58.87],[-78.43,58.9],[-78.24,59.04],[-78.14,59.14],[-78.07,59.2],[-77.99,59.25],[-77.84,59.31],[-77.76,59.38],[-77.78,59.41],[-77.84,59.44],[-77.86,59.48],[-77.75,59.56],[-77.73,59.58],[-77.75,59.66],[-77.73,59.68],[-77.59,59.68],[-77.4,59.57],[-77.35,59.58],[-77.41,59.61],[-77.49,59.68],[-77.47,59.72],[-77.33,59.8],[-77.33,59.83],[-77.37,59.88],[-77.37,59.93],[-77.29,60.02],[-77.31,60.04],[-77.55,60.06],[-77.59,60.09],[-77.57,60.1],[-77.46,60.13],[-77.45,60.15],[-77.65,60.36],[-77.68,60.43],[-77.6,60.51],[-77.5,60.54],[-77.52,60.56],[-77.64,60.57],[-77.71,60.58],[-77.79,60.64],[-77.76,60.68],[-77.73,60.7],[-77.66,60.79],[-77.59,60.81],[-77.6,60.83],[-77.87,60.79],[-78.0,60.82],[-78.12,60.81],[-78.18,60.82],[-78.16,60.85],[-77.93,61.0],[-77.83,61.08],[-77.77,61.16],[-77.73,61.21],[-77.73,61.23],[-77.75,61.39],[-77.74,61.44],[-77.65,61.48],[-77.51,61.56],[-77.7,61.63],[-77.81,61.69],[-77.89,61.73],[-77.95,61.76],[-78.02,61.83],[-78.08,61.92],[-78.14,62.11],[-78.15,62.21],[-78.13,62.28],[-78.11,62.32],[-78.07,62.36],[-77.9,62.43],[-77.6,62.53],[-77.37,62.57],[-77.21,62.55],[-76.88,62.53],[-76.62,62.47],[-75.82,62.32],[-75.68,62.25],[-75.81,62.19],[-75.79,62.18],[-75.49,62.29],[-75.41,62.31],[-75.34,62.31],[-75.11,62.27],[-75.02,62.26],[-74.91,62.23],[-74.63,62.12],[-74.61,62.13],[-74.69,62.18],[-74.65,62.21],[-74.43,62.27],[-74.21,62.32],[-74.05,62.37],[-73.88,62.43],[-73.76,62.47],[-73.71,62.47],[-73.63,62.45],[-73.43,62.37],[-73.3,62.33],[-73.2,62.28],[-73.05,62.2],[-72.99,62.18],[-72.88,62.13],[-72.73,62.13],[-72.69,62.12],[-72.67,62.11],[-72.65,62.08],[-72.63,62.05],[-72.63,62.03],[-72.67,61.96],[-72.77,61.84],[-72.73,61.84],[-72.66,61.86],[-72.57,61.91],[-72.51,61.92],[-72.36,61.89],[-72.23,61.83],[-72.18,61.8],[-72.13,61.75],[-72.08,61.73],[-72.04,61.68],[-72.04,61.66],[-72.08,61.64],[-72.25,61.6],[-72.22,61.59],[-72.02,61.61],[-71.96,61.64],[-71.92,61.68],[-71.87,61.69],[-71.64,61.62],[-71.6,61.59],[-71.62,61.57],[-71.66,61.55],[-71.76,61.53],[-71.84,61.47],[-71.85,61.44],[-71.79,61.42],[-71.65,61.41],[-71.65,61.4],[-71.73,61.37],[-71.74,61.34],[-71.55,61.21],[-71.42,61.16],[-71.35,61.15],[-71.18,61.15],[-71.03,61.13],[-70.72,61.06],[-70.54,61.04],[-70.38,61.06],[-70.28,61.07],[-70.19,61.04],[-70.16,61.02],[-70.14,60.98],[-70.15,60.92],[-70.1,60.88],[-69.99,60.86],[-69.91,60.86],[-69.8,60.91],[-69.71,60.91],[-69.68,60.95],[-69.65,61.01],[-69.62,61.05],[-69.56,61.06],[-69.5,61.04],[-69.47,61.01],[-69.41,60.92],[-69.4,60.88],[-69.4,60.85],[-69.43,60.81],[-69.49,60.78],[-69.57,60.74],[-69.64,60.69],[-69.72,60.57],[-69.75,60.49],[-69.76,60.44],[-69.76,60.39],[-69.74,60.33],[-69.71,60.29],[-69.63,60.22],[-69.63,60.2],[-69.62,60.15],[-69.63,60.12],[-69.67,60.08],[-69.8,60.03],[-69.96,60.02],[-70.51,60.02],[-70.65,60.03],[-70.62,59.98],[-70.47,59.97],[-70.33,59.97],[-69.81,59.94],[-69.73,59.92],[-69.67,59.87],[-69.63,59.82],[-69.59,59.72],[-69.58,59.68],[-69.6,59.62],[-69.66,59.57],[-69.69,59.49],[-69.71,59.39],[-69.68,59.34],[-69.4,59.34],[-69.34,59.3],[-69.35,59.28],[-69.45,59.18],[-69.46,59.15],[-69.41,59.09],[-69.42,59.07],[-69.45,59.05],[-69.47,59],[-69.5,58.92],[-69.53,58.87],[-69.61,58.83],[-69.65,58.82],[-69.68,58.83],[-69.75,58.94],[-69.78,58.96],[-69.81,58.95],[-69.83,58.93],[-69.83,58.91],[-69.84,58.88],[-69.87,58.86],[-69.98,58.82],[-70.16,58.79],[-70.15,58.76],[-70.03,58.75],[-69.88,58.7],[-69.79,58.69],[-69.65,58.73],[-69.38,58.85],[-69.27,58.88],[-69.17,58.9],[-69.06,58.9],[-68.94,58.89],[-68.7,58.9],[-68.64,58.89],[-68.56,58.87],[-68.47,58.82],[-68.41,58.78],[-68.38,58.74],[-68.33,58.6],[-68.25,58.56],[-68.24,58.53],[-68.23,58.48],[-68.23,58.4],[-68.31,58.23],[-68.36,58.16],[-68.47,58.08],[-68.6,58.04],[-68.83,58.0],[-68.95,57.97],[-69.04,57.93],[-69.04,57.9],[-68.78,57.98],[-68.5,58.01],[-68.41,58.05],[-68.35,58.09],[-68.29,58.18],[-68.18,58.4],[-68.11,58.47],[-68.02,58.49],[-67.98,58.46],[-67.89,58.33],[-67.89,58.3],[-67.91,58.27],[-68.06,58.14],[-68.01,58.15],[-67.86,58.27],[-67.82,58.31],[-67.81,58.37],[-67.76,58.4],[-67.74,58.39],[-67.69,58.24],[-67.69,58.14],[-67.68,58.11],[-67.7,58.01],[-67.68,57.99],[-67.63,58.08],[-67.62,58.14],[-67.6,58.19],[-67.57,58.21],[-67.38,58.3],[-67.16,58.37],[-67.02,58.43],[-66.9,58.46],[-66.72,58.49],[-66.61,58.55],[-66.56,58.64],[-66.52,58.7],[-66.48,58.73],[-66.36,58.79],[-66.3,58.79],[-66.24,58.77],[-66.17,58.73],[-66.09,58.66],[-66.04,58.61],[-66.03,58.57],[-66.02,58.43],[-66.0,58.43],[-65.93,58.54],[-65.92,58.57],[-65.93,58.61],[-65.95,58.65],[-66.02,58.73],[-66.05,58.79],[-66.04,58.82],[-65.97,58.84],[-65.85,58.85],[-65.84,58.86],[-65.92,58.9],[-65.92,58.91],[-65.84,58.98],[-65.79,58.98],[-65.7,58.97],[-65.72,59.0],[-65.72,59.02],[-65.7,59.03],[-65.54,59.01],[-65.53,59.04],[-65.4,59.04],[-65.38,59.06],[-65.5,59.09],[-65.61,59.11],[-65.64,59.13],[-65.67,59.15],[-65.7,59.21],[-65.69,59.23],[-65.66,59.23],[-65.61,59.21],[-65.58,59.24],[-65.55,59.32],[-65.51,59.35],[-65.41,59.31],[-65.41,59.33],[-65.49,59.45],[-65.48,59.47],[-65.35,59.48],[-65.27,59.46],[-65.07,59.38],[-65.04,59.39],[-65.07,59.41],[-65.17,59.46],[-65.26,59.5],[-65.35,59.51],[-65.41,59.54],[-65.48,59.62],[-65.49,59.65],[-65.48,59.69],[-65.43,59.78],[-65.41,59.8],[-65.36,59.81],[-65.29,59.82],[-65.21,59.81],[-65.05,59.75],[-65.03,59.77],[-65.11,59.8],[-65.16,59.83],[-65.18,59.87],[-65.17,59.91],[-65.1,59.99],[-65.07,60.06],[-64.93,60.25],[-64.89,60.29],[-64.85,60.31],[-64.82,60.33],[-64.71,60.34],[-64.5,60.27],[-64.44,60.23],[-64.42,60.17],[-64.53,60.09],[-64.71,60.04],[-64.77,60.01],[-64.73,60.0],[-64.56,60.04],[-64.41,60.06],[-64.28,60.06],[-64.18,59.97],[-64.17,59.85],[-64.23,59.74],[-64.15,59.79],[-64.06,59.82],[-63.98,59.75],[-63.97,59.7],[-63.93,59.64],[-63.84,59.57],[-63.75,59.51],[-63.85,59.45],[-63.97,59.41],[-63.95,59.38],[-63.78,59.35],[-63.76,59.32],[-63.78,59.28],[-63.75,59.28],[-63.64,59.34],[-63.54,59.33],[-63.42,59.19],[-63.51,59.12],[-63.65,59.08],[-63.76,59.06],[-63.91,59.07],[-63.97,59.05],[-63.94,59.03],[-63.79,59.03],[-63.57,59.05],[-63.4,59.08],[-63.33,59.08],[-63.25,59.07],[-63.22,59.06],[-63.3,59.03],[-63.31,59.03],[-63.28,59.0],[-63.22,58.93],[-63.22,58.91],[-63.28,58.87],[-63.19,58.86],[-63.05,58.88],[-63.01,58.86],[-62.93,58.77],[-62.87,58.67],[-63.1,58.55],[-63.22,58.52],[-63.39,58.45],[-63.44,58.4],[-63.54,58.33],[-63.47,58.33],[-63.3,58.44],[-63.21,58.47],[-63.15,58.46],[-63.12,58.44],[-63.13,58.41],[-63.08,58.41],[-62.84,58.48],[-62.74,58.49],[-62.61,58.5],[-62.59,58.47],[-62.67,58.32],[-62.81,58.2],[-63.06,58.13],[-63.15,58.08],[-63.26,58.01],[-63.22,58.0],[-62.98,58.09],[-62.82,58.13],[-62.59,58.16],[-62.49,58.15],[-62.31,57.97],[-62.2,57.95],[-62.12,57.96],[-61.96,57.91],[-61.9,57.86],[-61.91,57.83],[-61.97,57.8],[-61.99,57.77],[-61.93,57.67],[-61.97,57.61],[-62.08,57.56],[-62.17,57.54],[-62.25,57.53],[-62.34,57.48],[-62.38,57.48],[-62.5,57.49],[-62.45,57.46],[-62.4,57.45],[-62.3,57.44],[-62.19,57.45],[-62.09,57.45],[-61.92,57.42],[-61.85,57.38],[-61.85,57.37],[-61.89,57.35],[-61.94,57.27],[-61.98,57.25],[-61.94,57.23],[-61.86,57.2],[-61.8,57.19],[-61.72,57.2],[-61.63,57.18],[-61.33,57.01],[-61.35,56.92],[-61.39,56.85],[-61.37,56.78],[-61.37,56.68],[-61.53,56.65],[-62.06,56.7],[-62.37,56.77],[-62.38,56.79],[-62.3,56.83],[-62.37,56.84],[-62.46,56.82],[-62.5,56.8],[-62.4,56.73],[-62.12,56.67],[-61.99,56.59],[-61.85,56.58],[-61.81,56.57],[-61.74,56.53],[-61.76,56.51],[-61.9,56.51],[-62.01,56.45],[-61.94,56.42],[-61.69,56.4],[-61.51,56.39],[-61.43,56.36],[-61.5,56.33],[-61.71,56.29],[-61.71,56.23],[-61.56,56.21],[-61.42,56.22],[-61.36,56.22],[-61.32,56.08],[-61.3,56.05],[-61.45,56.02],[-61.45,56.0],[-61.35,55.97],[-61.19,55.96],[-61.13,55.93],[-61.12,55.89],[-61.09,55.87],[-61.0,55.86],[-60.89,55.91],[-60.83,55.96],[-60.74,55.94],[-60.74,55.89],[-60.63,55.83],[-60.59,55.81],[-60.56,55.73],[-60.48,55.81],[-60.41,55.79],[-60.34,55.78],[-60.37,55.71],[-60.41,55.65],[-60.35,55.61],[-60.31,55.56],[-60.19,55.48],[-60.22,55.44],[-60.36,55.37],[-60.43,55.24],[-60.45,55.2],[-60.52,55.13],[-60.62,55.06],[-60.56,55.07],[-60.34,55.19],[-60.21,55.24],[-59.93,55.26],[-59.86,55.29],[-59.76,55.31],[-59.7,55.27],[-59.69,55.2],[-59.61,55.17],[-59.52,55.2],[-59.44,55.18],[-59.49,55.13],[-59.74,54.94],[-59.82,54.87],[-59.84,54.81],[-59.75,54.89],[-59.43,55.06],[-59.39,55.08],[-59.32,55.15],[-59.26,55.2],[-59.09,55.18],[-59.0,55.15],[-58.96,55.06],[-58.89,54.95],[-58.78,54.84],[-58.5,54.78],[-58.4,54.77],[-58.22,54.81],[-58.2,54.87],[-58.06,54.88],[-57.96,54.88],[-57.93,54.77],[-57.83,54.72],[-57.72,54.67],[-57.63,54.65],[-57.48,54.64],[-57.4,54.59],[-57.4,54.57],[-57.49,54.52],[-57.56,54.44],[-57.7,54.39],[-57.89,54.38],[-58.15,54.35],[-58.16,54.32],[-58.22,54.29],[-58.36,54.25],[-58.44,54.23],[-58.56,54.1],[-58.63,54.05],[-58.72,54.04],[-58.84,54.04],[-58.92,54.03],[-58.98,54.01],[-59.01,53.98],[-59.04,53.96],[-59.2,53.93],[-59.5,53.83],[-59.65,53.83],[-59.75,53.84],[-59.82,53.83],[-59.87,53.81],[-60.01,53.76],[-60.06,53.73],[-60.08,53.7],[-60.1,53.63],[-60.12,53.61],[-60.14,53.6],[-60.26,53.61],[-60.4,53.65],[-60.37,53.61],[-60.16,53.53],[-60.1,53.49],[-60.16,53.45],[-60.29,53.39],[-60.31,53.36],[-60.25,53.34],[-60.27,53.32],[-60.35,53.29],[-60.34,53.28],[-60.33,53.27],[-60.15,53.31],[-59.99,53.39],[-59.88,53.48],[-59.83,53.5],[-59.62,53.54],[-59.5,53.57],[-59.32,53.64],[-59.13,53.74],[-58.92,53.88],[-58.65,53.98],[-58.33,54.05],[-58.09,54.09],[-57.94,54.09],[-57.93,54.1],[-58.06,54.13],[-58.18,54.13],[-58.32,54.11],[-58.36,54.15],[-58.36,54.17],[-58.31,54.2],[-58.19,54.23],[-57.61,54.19],[-57.42,54.16],[-57.2,53.92],[-57.15,53.85],[-57.13,53.79],[-57.16,53.76],[-57.24,53.72],[-57.49,53.63],[-57.52,53.61],[-57.53,53.6],[-57.42,53.58],[-57.39,53.56],[-57.33,53.47],[-57.22,53.53],[-57.01,53.67],[-56.84,53.74],[-56.7,53.76],[-56.52,53.77],[-56.46,53.77],[-56.44,53.72],[-56.35,53.62],[-56.27,53.6],[-56.11,53.59],[-55.97,53.47],[-55.91,53.39],[-55.86,53.34],[-55.86,53.31],[-55.85,53.29],[-55.82,53.25],[-55.8,53.21],[-55.81,53.13],[-55.89,53.0],[-55.83,52.88],[-55.86,52.82],[-55.87,52.74],[-55.82,52.68],[-55.8,52.64],[-55.85,52.62],[-56.17,52.57],[-56.29,52.57],[-56.32,52.54],[-56.23,52.54],[-56.05,52.54],[-55.84,52.51],[-55.75,52.47],[-55.71,52.43],[-55.72,52.39],[-55.78,52.36],[-55.9,52.37],[-56.01,52.39],[-56.0,52.37],[-55.83,52.31],[-55.78,52.28],[-55.69,52.24],[-55.67,52.19],[-55.7,52.14],[-56.02,51.93],[-56.28,51.8],[-56.55,51.68],[-56.98,51.46],[-57.02,51.45],[-57.1,51.44],[-57.3,51.48],[-57.46,51.47],[-57.77,51.43],[-57.85,51.4],[-58.02,51.32],[-58.09,51.31],[-58.27,51.3],[-58.44,51.31],[-58.51,51.3],[-58.59,51.26],[-58.61,51.24],[-58.64,51.17],[-59.05,50.88],[-59.17,50.78],[-59.38,50.68],[-59.61,50.49],[-59.82,50.42],[-59.89,50.32],[-60.08,50.25],[-60.44,50.24],[-60.61,50.22],[-60.81,50.25],[-60.96,50.21],[-61.18,50.19],[-61.29,50.2],[-61.72,50.1],[-61.84,50.2],[-61.92,50.23],[-62.17,50.24],[-62.36,50.28],[-62.54,50.28],[-62.72,50.3],[-62.83,50.3],[-62.95,50.29],[-63.14,50.29],[-63.24,50.24],[-63.59,50.26],[-63.73,50.3],[-63.85,50.31],[-64.02,50.3],[-64.17,50.27],[-64.51,50.31],[-64.87,50.28],[-65.18,50.3],[-65.27,50.32],[-65.76,50.26],[-65.96,50.29],[-66.13,50.2],[-66.24,50.22],[-66.37,50.21],[-66.41,50.22],[-66.5,50.21],[-66.55,50.16],[-66.62,50.16],[-66.74,50.07],[-66.94,49.99],[-67.23,49.6],[-67.26,49.45],[-67.37,49.35],[-67.47,49.33],[-67.55,49.33],[-68.06,49.26],[-68.28,49.2],[-68.22,49.15],[-68.29,49.11],[-68.41,49.1],[-68.54,49.06],[-68.63,49.01],[-68.67,48.94],[-68.93,48.83],[-69.23,48.57],[-69.37,48.39],[-69.55,48.25],[-69.67,48.2],[-69.76,48.19],[-69.85,48.21],[-70.0,48.27],[-70.11,48.28],[-70.38,48.37],[-71.02,48.46],[-70.92,48.42],[-70.84,48.37],[-70.67,48.35],[-70.5,48.35],[-70.15,48.24],[-69.97,48.21],[-69.87,48.17],[-69.78,48.1],[-69.84,47.95],[-69.91,47.83],[-69.99,47.74],[-70.3,47.5],[-70.45,47.42],[-70.71,47.14],[-70.97,47.01],[-71.12,46.92],[-71.27,46.8],[-71.62,46.7],[-71.76,46.67],[-71.88,46.69],[-72.03,46.61],[-72.2,46.56],[-72.26,46.49],[-72.68,46.29],[-72.84,46.26],[-72.98,46.21],[-73.02,46.12],[-73.15,46.07],[-73.18,46.02],[-73.28,45.9],[-73.48,45.74],[-73.71,45.71],[-73.8,45.65],[-73.9,45.56],[-74.04,45.5],[-74.32,45.53],[-74.25,45.49],[-74.0,45.43],[-73.97,45.35],[-74.1,45.32],[-74.36,45.21],[-74.71,45.0],[-74.57,45.04],[-74.27,45.19],[-74.05,45.24],[-73.76,45.4],[-73.56,45.43],[-73.52,45.46],[-73.48,45.59],[-73.47,45.63],[-73.37,45.76],[-73.25,45.86],[-73.16,46.01],[-72.99,46.1],[-72.73,46.18],[-72.5,46.35],[-72.37,46.4],[-72.24,46.44],[-72.19,46.51],[-72.11,46.55],[-71.9,46.63],[-71.67,46.65],[-71.44,46.72],[-71.26,46.76],[-71.15,46.82],[-70.99,46.85],[-70.52,47.03],[-70.39,47.12],[-70.22,47.29],[-70.07,47.38],[-70.02,47.47],[-69.8,47.62],[-69.58,47.82],[-69.47,47.97],[-69.31,48.05],[-68.99,48.27],[-68.82,48.37],[-68.75,48.38],[-68.55,48.46],[-68.43,48.54],[-68.24,48.63],[-67.89,48.73],[-67.56,48.86],[-67.12,48.96],[-66.6,49.13],[-66.18,49.21],[-65.88,49.23],[-65.52,49.27],[-65.4,49.26],[-64.84,49.19],[-64.57,49.1],[-64.26,48.92],[-64.22,48.87],[-64.21,48.81],[-64.37,48.84],[-64.51,48.84],[-64.41,48.8],[-64.25,48.69],[-64.25,48.55],[-64.35,48.42],[-64.63,48.36],[-64.71,48.31],[-64.76,48.23],[-64.82,48.2],[-64.96,48.16],[-65.04,48.11],[-65.26,48.02],[-65.36,48.01],[-65.48,48.03],[-65.75,48.11],[-65.93,48.19],[-66.01,48.15],[-66.08,48.1],[-66.25,48.12],[-66.32,48.1],[-66.45,48.12],[-66.7,48.02],[-66.63,48.01],[-66.43,48.07],[-66.36,48.06],[-66.21,47.99],[-65.85,47.91],[-65.76,47.86],[-65.67,47.7],[-65.61,47.67],[-65.48,47.69],[-65.34,47.77],[-65.23,47.81],[-65.0,47.85],[-65.05,47.79],[-64.87,47.8],[-64.7,47.72],[-64.77,47.67],[-64.85,47.57],[-64.91,47.37],[-65.09,47.23],[-65.32,47.1],[-65.26,47.07],[-65.19,47.05],[-65.04,47.09],[-64.94,47.09],[-64.83,47.06],[-64.87,46.96],[-64.91,46.89],[-64.88,46.82],[-64.82,46.7],[-64.73,46.67],[-64.69,46.51],[-64.64,46.43],[-64.65,46.36],[-64.56,46.31],[-64.54,46.24],[-64.21,46.22],[-64.15,46.19],[-63.92,46.17],[-63.87,46.15],[-63.83,46.11],[-64.06,46.02],[-63.87,45.96],[-63.7,45.86],[-63.57,45.88],[-63.51,45.87],[-63.36,45.81],[-63.32,45.78],[-63.29,45.75],[-63.22,45.76],[-63.11,45.78],[-62.91,45.78],[-62.7,45.74],[-62.72,45.69],[-62.75,45.65],[-62.59,45.66],[-62.48,45.62],[-62.45,45.64],[-62.42,45.66],[-62.22,45.73],[-61.96,45.87],[-61.92,45.85],[-61.91,45.8],[-61.88,45.71],[-61.78,45.66],[-61.66,45.64],[-61.49,45.69],[-61.43,45.65],[-61.35,45.57],[-61.28,45.48],[-61.28,45.44],[-61.38,45.41],[-61.46,45.37],[-61.11,45.35],[-61.07,45.33],[-61.03,45.29],[-61.07,45.25],[-61.1,45.23],[-61.17,45.26],[-61.28,45.24],[-61.39,45.19],[-61.5,45.16],[-61.57,45.15],[-61.65,45.13],[-61.72,45.09],[-61.79,45.08],[-62.03,44.99],[-62.26,44.94],[-62.51,44.84],[-62.77,44.79],[-63.03,44.71],[-63.09,44.71],[-63.16,44.71],[-63.31,44.64],[-63.38,44.65],[-63.46,44.64],[-63.54,44.66],[-63.6,44.68],[-63.56,44.61],[-63.54,44.54],[-63.57,44.51],[-63.61,44.48],[-63.76,44.49],[-63.82,44.51],[-63.89,44.55],[-63.92,44.6],[-64.0,44.64],[-64.04,44.59],[-64.04,44.55],[-64.1,44.49],[-64.17,44.59],[-64.29,44.55],[-64.34,44.44],[-64.31,44.41],[-64.28,44.33],[-64.33,44.29],[-64.38,44.3],[-64.47,44.19],[-64.58,44.14],[-64.69,44.02],[-64.83,43.93],[-64.86,43.87],[-65.09,43.73],[-65.17,43.73],[-65.23,43.73],[-65.33,43.67],[-65.34,43.55],[-65.39,43.57],[-65.43,43.56],[-65.45,43.52],[-65.48,43.52],[-65.56,43.55],[-65.66,43.53],[-65.74,43.56],[-65.84,43.73],[-65.89,43.8],[-65.98,43.81],[-66.0,43.78],[-66.04,43.74],[-66.13,43.81],[-66.19,44.08],[-66.19,44.14],[-66.1,44.37],[-65.87,44.57],[-65.94,44.58],[-66.15,44.44],[-66.13,44.47],[-66.09,44.5],[-66.02,44.56],[-65.92,44.62],[-65.78,44.65],[-65.68,44.65],[-65.62,44.68],[-65.52,44.73],[-65.5,44.76],[-65.59,44.73],[-65.73,44.7],[-65.69,44.74],[-65.66,44.76],[-64.9,45.12],[-64.75,45.18],[-64.45,45.26],[-64.41,45.31],[-64.45,45.34],[-64.33,45.31],[-64.34,45.27],[-64.36,45.24],[-64.37,45.19],[-64.35,45.14],[-64.24,45.11],[-64.14,45.02],[-64.18,45.15],[-64.09,45.22],[-63.75,45.31],[-63.46,45.32],[-63.37,45.36],[-63.61,45.39],[-63.91,45.38],[-64.09,45.41],[-64.34,45.39],[-64.6,45.41],[-64.68,45.38],[-64.75,45.32],[-64.83,45.35],[-64.87,45.35],[-64.91,45.37],[-64.83,45.48],[-64.56,45.63],[-64.4,45.76],[-64.35,45.78],[-64.31,45.84],[-64.4,45.83],[-64.48,45.81],[-64.54,45.87],[-64.63,45.95],[-64.64,45.91],[-64.59,45.81],[-64.78,45.64],[-64.9,45.63],[-65.06,45.54],[-65.28,45.47],[-65.55,45.34],[-65.88,45.22],[-65.96,45.22],[-66.11,45.32],[-66.07,45.36],[-66.03,45.42],[-66.06,45.4],[-66.09,45.38],[-66.18,45.34],[-66.11,45.26],[-66.14,45.23],[-66.25,45.19],[-66.35,45.13],[-66.44,45.1],[-66.51,45.14],[-66.71,45.08],[-66.87,45.07],[-66.91,45.1],[-66.92,45.15],[-66.98,45.16],[-67.08,45.14],[-67.12,45.17],[-67.13,45.14],[-67.1,45.09],[-67.08,44.99],[-67.11,44.94],[-67.11,44.89],[-67.01,44.87],[-66.99,44.85],[-66.99,44.83],[-67.19,44.68],[-67.36,44.7],[-67.46,44.66],[-67.56,44.64],[-67.6,44.58],[-67.65,44.56],[-67.73,44.57],[-67.79,44.59],[-67.84,44.58],[-67.91,44.45],[-67.96,44.46],[-67.98,44.42],[-68.01,44.4],[-68.06,44.38],[-68.09,44.44],[-68.12,44.49],[-68.15,44.5],[-68.2,44.52],[-68.25,44.51],[-68.28,44.51],[-68.32,44.47],[-68.37,44.45],[-68.42,44.47],[-68.45,44.51],[-68.48,44.45],[-68.52,44.38],[-68.51,44.3],[-68.53,44.26],[-68.57,44.27],[-68.61,44.31],[-68.72,44.34],[-68.81,44.34],[-68.79,44.38],[-68.71,44.44],[-68.74,44.45],[-68.78,44.45],[-68.79,44.45],[-68.77,44.51],[-68.76,44.57],[-68.8,44.55],[-68.85,44.49],[-68.96,44.43],[-68.96,44.35],[-69.06,44.17],[-69.07,44.1],[-69.14,44.04],[-69.23,43.99],[-69.34,44.0],[-69.43,43.96],[-69.48,43.91],[-69.52,43.9],[-69.54,43.96],[-69.56,43.98],[-69.59,43.89],[-69.62,43.88],[-69.64,43.95],[-69.65,43.99],[-69.7,43.96],[-69.73,43.85],[-69.76,43.86],[-69.77,43.9],[-69.8,43.91],[-69.8,43.87],[-69.79,43.81],[-69.81,43.77],[-69.84,43.79],[-69.87,43.82],[-69.93,43.8],[-69.97,43.79],[-69.97,43.82],[-69.97,43.86],[-70.06,43.83],[-70.18,43.77],[-70.27,43.67],[-70.24,43.66],[-70.2,43.63],[-70.36,43.48],[-70.52,43.35],[-70.64,43.13],[-70.69,43.11],[-70.73,43.07],[-70.78,42.94],[-70.83,42.83],[-70.8,42.77],[-70.78,42.72],[-70.74,42.67],[-70.7,42.66],[-70.65,42.67],[-70.62,42.67],[-70.6,42.65],[-70.61,42.62],[-70.66,42.62],[-70.75,42.57],[-70.83,42.55],[-70.87,42.5],[-70.93,42.43],[-71.05,42.33],[-71.0,42.3],[-70.82,42.26],[-70.74,42.23],[-70.62,42.04],[-70.65,42.02],[-70.66,41.99],[-70.55,41.94],[-70.51,41.8],[-70.43,41.76],[-70.3,41.73],[-70.14,41.77],[-70.0,41.83],[-70.01,41.87],[-70.09,41.98],[-70.11,42.03],[-70.17,42.06],[-70.2,42.04],[-70.24,42.07],[-70.24,42.09],[-70.2,42.1],[-70.16,42.1],[-70.11,42.08],[-69.98,41.96],[-69.94,41.81],[-69.93,41.71],[-69.95,41.68],[-69.99,41.68],[-70.06,41.68],[-70.4,41.63],[-70.48,41.58],[-70.66,41.53],[-70.67,41.56],[-70.66,41.61],[-70.67,41.71],[-70.7,41.71],[-70.97,41.55],[-71.08,41.54],[-71.17,41.49],[-71.19,41.52],[-71.2,41.64],[-71.15,41.75],[-71.18,41.74],[-71.27,41.68],[-71.31,41.72],[-71.33,41.76],[-71.36,41.79],[-71.39,41.8],[-71.36,41.7],[-71.43,41.63],[-71.44,41.45],[-71.52,41.38],[-71.77,41.33],[-71.93,41.34],[-72.07,41.33],[-72.27,41.29],[-72.37,41.31],[-72.48,41.28],[-72.85,41.27],[-72.92,41.29],[-73.02,41.22],[-73.18,41.18],[-73.58,41.02],[-73.67,40.97],[-73.78,40.88],[-73.85,40.83],[-73.91,40.82],[-73.95,40.78],[-73.99,40.75],[-73.95,40.84],[-73.91,40.91],[-73.87,41.06],[-73.88,41.17],[-73.93,41.22],[-73.97,41.25],[-73.92,41.14],[-73.91,41.0],[-73.93,40.91],[-74.03,40.76],[-74.07,40.72],[-74.12,40.69],[-74.15,40.67],[-74.19,40.65],[-74.23,40.61],[-74.26,40.53],[-74.24,40.46],[-74.05,40.43],[-74.0,40.45],[-73.97,40.4],[-73.96,40.33],[-73.97,40.25],[-74.0,40.17],[-74.03,40.07],[-74.05,39.92],[-74.08,39.79],[-74.08,39.83],[-74.06,39.99],[-74.1,39.98],[-74.12,39.94],[-74.18,39.73],[-74.26,39.61],[-74.33,39.54],[-74.41,39.55],[-74.39,39.49],[-74.41,39.45],[-74.43,39.39],[-74.47,39.34],[-74.52,39.35],[-74.58,39.32],[-74.6,39.29],[-74.6,39.25],[-74.65,39.21],[-74.79,39.0],[-74.92,38.94],[-74.95,38.95],[-74.92,39.05],[-74.9,39.15],[-74.98,39.19],[-75.05,39.21],[-75.14,39.21],[-75.23,39.28],[-75.35,39.34],[-75.52,39.49],[-75.52,39.53],[-75.52,39.6],[-75.47,39.71],[-75.42,39.79],[-75.35,39.83],[-75.15,39.87],[-75.1,39.93],[-75.07,39.98],[-75.17,39.89],[-75.32,39.86],[-75.4,39.83],[-75.46,39.78],[-75.5,39.72],[-75.59,39.64],[-75.58,39.59],[-75.57,39.55],[-75.57,39.48],[-75.52,39.4],[-75.41,39.28],[-75.39,39.09],[-75.31,38.97],[-75.19,38.82],[-75.09,38.78],[-75.08,38.72],[-75.13,38.63],[-75.19,38.59],[-75.11,38.6],[-75.07,38.58],[-75.04,38.5],[-75.04,38.43],[-75.05,38.38],[-75.07,38.37],[-75.07,38.41],[-75.09,38.43],[-75.12,38.41],[-75.13,38.38],[-75.14,38.3],[-75.16,38.26],[-75.23,38.24],[-75.29,38.13],[-75.35,38.07],[-75.6,37.63],[-75.59,37.56],[-75.63,37.54],[-75.7,37.52],[-75.77,37.47],[-75.81,37.43],[-75.85,37.3],[-75.93,37.15],[-75.98,37.21],[-76.0,37.26],[-75.98,37.4],[-75.89,37.62],[-75.79,37.76],[-75.72,37.82],[-75.66,37.95],[-75.74,37.97],[-75.85,37.97],[-75.83,38.03],[-75.8,38.09],[-75.86,38.14],[-75.89,38.15],[-75.93,38.17],[-75.88,38.21],[-75.86,38.26],[-75.88,38.32],[-75.86,38.36],[-75.89,38.36],[-75.94,38.31],[-75.97,38.29],[-75.99,38.33],[-76.01,38.32],[-76.02,38.29],[-76.05,38.28],[-76.12,38.32],[-76.21,38.36],[-76.26,38.44],[-76.29,38.49],[-76.26,38.6],[-76.2,38.62],[-76.11,38.6],[-76.0,38.6],[-76.02,38.63],[-76.06,38.62],[-76.17,38.71],[-76.21,38.76],[-76.28,38.77],[-76.31,38.72],[-76.34,38.71],[-76.3,38.82],[-76.25,38.82],[-76.17,38.85],[-76.19,38.92],[-76.24,38.94],[-76.33,38.91],[-76.33,38.95],[-76.31,39.01],[-76.25,39.01],[-76.19,38.99],[-76.14,39.08],[-76.13,39.12],[-76.22,39.06],[-76.24,39.19],[-76.15,39.32],[-76.07,39.37],[-75.98,39.37],[-75.88,39.38],[-75.94,39.4],[-76.0,39.41],[-75.95,39.46],[-75.91,39.47],[-75.87,39.51],[-75.97,39.5],[-75.96,39.59],[-76.01,39.57],[-76.06,39.56],[-76.09,39.53],[-76.08,39.47],[-76.1,39.43],[-76.14,39.4],[-76.22,39.38],[-76.22,39.42],[-76.25,39.44],[-76.26,39.35],[-76.28,39.32],[-76.33,39.4],[-76.35,39.39],[-76.35,39.36],[-76.36,39.32],[-76.41,39.3],[-76.4,39.25],[-76.42,39.23],[-76.57,39.27],[-76.57,39.25],[-76.49,39.16],[-76.43,39.13],[-76.42,39.07],[-76.47,39.03],[-76.55,39.07],[-76.56,39.07],[-76.52,39.0],[-76.49,38.95],[-76.52,38.9],[-76.52,38.84],[-76.52,38.79],[-76.54,38.74],[-76.5,38.53],[-76.46,38.47],[-76.42,38.42],[-76.39,38.37],[-76.44,38.36],[-76.51,38.4],[-76.57,38.44],[-76.65,38.54],[-76.66,38.58],[-76.68,38.61],[-76.67,38.54],[-76.64,38.45],[-76.41,38.27],[-76.37,38.2],[-76.33,38.14],[-76.34,38.09],[-76.4,38.13],[-76.45,38.17],[-76.59,38.23],[-76.77,38.26],[-76.87,38.39],[-76.87,38.34],[-76.89,38.29],[-76.95,38.35],[-76.99,38.39],[-77.0,38.45],[-77.08,38.44],[-77.16,38.4],[-77.23,38.41],[-77.24,38.49],[-77.22,38.54],[-77.13,38.65],[-77.05,38.71],[-77.02,38.78],[-77.03,38.89],[-77.05,38.78],[-77.09,38.72],[-77.16,38.68],[-77.26,38.6],[-77.28,38.53],[-77.31,38.4],[-77.27,38.35],[-77.23,38.34],[-77.11,38.37],[-77.05,38.36],[-76.91,38.2],[-76.64,38.13],[-76.55,38.09],[-76.47,38.01],[-76.35,37.96],[-76.26,37.89],[-76.26,37.85],[-76.29,37.79],[-76.31,37.72],[-76.34,37.68],[-76.44,37.67],[-76.49,37.68],[-76.79,37.94],[-76.83,37.96],[-76.94,38.1],[-77.07,38.17],[-77.11,38.17],[-76.93,38.03],[-76.85,37.94],[-76.72,37.81],[-76.62,37.76],[-76.55,37.67],[-76.48,37.63],[-76.31,37.57],[-76.37,37.53],[-76.27,37.5],[-76.25,37.43],[-76.26,37.36],[-76.4,37.39],[-76.41,37.33],[-76.39,37.3],[-76.45,37.27],[-76.54,37.31],[-76.76,37.51],[-76.76,37.48],[-76.74,37.45],[-76.61,37.32],[-76.5,37.25],[-76.4,37.21],[-76.33,37.15],[-76.3,37.11],[-76.28,37.05],[-76.34,37.01],[-76.4,36.99],[-76.46,37.03],[-76.51,37.07],[-76.6,37.14],[-76.63,37.22],[-76.7,37.22],[-77.01,37.32],[-77.25,37.33],[-77.23,37.31],[-77.2,37.3],[-77.0,37.27],[-76.93,37.23],[-76.77,37.18],[-76.67,37.17],[-76.63,37.05],[-76.5,36.96],[-76.49,36.9],[-76.4,36.89],[-76.24,36.95],[-76.14,36.93],[-76.0,36.91],[-75.97,36.86],[-75.94,36.77],[-75.89,36.66],[-75.76,36.23],[-75.56,35.88],[-75.53,35.82],[-75.58,35.87],[-75.73,36.1],[-75.81,36.27],[-75.89,36.57],[-75.92,36.63],[-75.95,36.66],[-75.97,36.64],[-75.97,36.6],[-75.96,36.57],[-75.99,36.47],[-75.98,36.43],[-75.92,36.38],[-75.87,36.27],[-75.82,36.11],[-75.88,36.18],[-75.95,36.21],[-76.05,36.23],[-76.15,36.28],[-76.14,36.22],[-76.15,36.15],[-76.22,36.17],[-76.27,36.19],[-76.23,36.12],[-76.32,36.14],[-76.38,36.13],[-76.42,36.07],[-76.48,36.03],[-76.56,36.02],[-76.68,36.08],[-76.72,36.15],[-76.73,36.23],[-76.74,36.13],[-76.72,36.03],[-76.73,35.96],[-76.61,35.94],[-76.5,35.96],[-76.36,35.95],[-76.26,35.97],[-76.21,35.99],[-76.07,35.97],[-76.06,35.88],[-76.08,35.79],[-76.08,35.69],[-76.05,35.69],[-76.0,35.72],[-75.98,35.9],[-75.85,35.96],[-75.81,35.96],[-75.77,35.9],[-75.76,35.84],[-75.74,35.77],[-75.77,35.65],[-75.97,35.51],[-76.1,35.38],[-76.17,35.35],[-76.28,35.37],[-76.39,35.4],[-76.45,35.41],[-76.49,35.4],[-76.52,35.44],[-76.53,35.51],[-76.58,35.53],[-76.61,35.53],[-76.63,35.45],[-76.74,35.43],[-76.89,35.46],[-77.04,35.53],[-76.97,35.46],[-76.6,35.33],[-76.55,35.31],[-76.51,35.27],[-76.57,35.22],[-76.61,35.15],[-76.61,35.1],[-76.63,35.07],[-76.78,34.99],[-76.86,35.0],[-77.07,35.15],[-76.97,35.03],[-76.9,34.97],[-76.74,34.94],[-76.46,34.99],[-76.36,34.94],[-76.44,34.84],[-76.52,34.78],[-76.62,34.77],[-76.71,34.75],[-76.73,34.71],[-76.8,34.7],[-76.9,34.7],[-77.05,34.7],[-77.13,34.71],[-77.25,34.62],[-77.3,34.6],[-77.36,34.62],[-77.38,34.69],[-77.41,34.73],[-77.41,34.59],[-77.4,34.55],[-77.38,34.53],[-77.52,34.45],[-77.65,34.36],[-77.7,34.33],[-77.75,34.28],[-77.86,34.15],[-77.89,34.05],[-77.93,33.94],[-77.93,33.99],[-77.93,34.07],[-77.95,34.17],[-77.97,33.99],[-78.01,33.91],[-78.41,33.92],[-78.58,33.87],[-78.84,33.72],[-78.92,33.66],[-79.14,33.41],[-79.19,33.24],[-79.24,33.31],[-79.23,33.36],[-79.23,33.4],[-79.28,33.32],[-79.23,33.19],[-79.28,33.14],[-79.42,33.04],[-79.5,33.03],[-79.59,33.0],[-79.61,32.91],[-79.74,32.82],[-79.8,32.79],[-79.93,32.81],[-79.89,32.73],[-79.94,32.67],[-80.02,32.62],[-80.12,32.59],[-80.18,32.59],[-80.23,32.58],[-80.27,32.54],[-80.36,32.5],[-80.46,32.52],[-80.57,32.53],[-80.63,32.51],[-80.53,32.48],[-80.47,32.42],[-80.49,32.35],[-80.51,32.32],[-80.58,32.29],[-80.61,32.29],[-80.63,32.33],[-80.65,32.4],[-80.68,32.38],[-80.68,32.35],[-80.71,32.34],[-80.8,32.45],[-80.8,32.36],[-80.77,32.3],[-80.73,32.27],[-80.7,32.25],[-80.69,32.22],[-80.76,32.14],[-80.79,32.13],[-80.85,32.11],[-80.88,32.07],[-80.87,32.03],[-80.92,31.94],[-81.05,31.89],[-81.08,31.89],[-81.11,31.88],[-81.1,31.84],[-81.07,31.81],[-81.07,31.79],[-81.1,31.75],[-81.16,31.74],[-81.2,31.7],[-81.19,31.67],[-81.17,31.65],[-81.17,31.61],[-81.24,31.57],[-81.26,31.54],[-81.22,31.53],[-81.2,31.54],[-81.18,31.53],[-81.22,31.47],[-81.26,31.44],[-81.29,31.37],[-81.38,31.35],[-81.38,31.33],[-81.33,31.31],[-81.29,31.26],[-81.36,31.17],[-81.41,31.18],[-81.44,31.2],[-81.46,31.13],[-81.45,31.09],[-81.47,31.01],[-81.5,30.91],[-81.52,30.87],[-81.52,30.8],[-81.5,30.73],[-81.46,30.64],[-81.39,30.27],[-81.34,30.14],[-81.25,29.79],[-81.1,29.46],[-80.9,29.05],[-80.56,28.56],[-80.52,28.49],[-80.57,28.43],[-80.58,28.36],[-80.58,28.27],[-80.57,28.18],[-80.53,28.07],[-80.46,27.9],[-80.5,27.93],[-80.61,28.18],[-80.62,28.32],[-80.61,28.52],[-80.63,28.52],[-80.65,28.45],[-80.67,28.37],[-80.69,28.34],[-80.73,28.46],[-80.73,28.52],[-80.69,28.58],[-80.7,28.6],[-80.77,28.63],[-80.78,28.68],[-80.77,28.73],[-80.81,28.76],[-80.84,28.76],[-80.82,28.64],[-80.79,28.56],[-80.75,28.38],[-80.69,28.27],[-80.65,28.18],[-80.23,27.21],[-80.13,27.08],[-80.09,26.99],[-80.05,26.81],[-80.04,26.57],[-80.11,26.13],[-80.13,25.83],[-80.14,25.84],[-80.14,25.87],[-80.16,25.88],[-80.22,25.74],[-80.3,25.62],[-80.33,25.43],[-80.37,25.33],[-80.48,25.23],[-80.56,25.23],[-80.74,25.16],[-80.86,25.18],[-81.01,25.13],[-81.11,25.14],[-81.17,25.23],[-81.16,25.27],[-81.14,25.31],[-81.1,25.32],[-80.97,25.22],[-80.94,25.26],[-80.98,25.31],[-81.06,25.34],[-81.11,25.37],[-81.23,25.58],[-81.35,25.73],[-81.36,25.83],[-81.57,25.89],[-81.72,25.98],[-81.81,26.15],[-81.87,26.44],[-81.93,26.47],[-81.96,26.49],[-81.9,26.6],[-81.83,26.69],[-81.88,26.66],[-81.92,26.63],[-81.97,26.55],[-82.01,26.54],[-82.04,26.55],[-82.08,26.7],[-82.07,26.89],[-82.01,26.96],[-82.1,26.96],[-82.18,26.94],[-82.17,26.87],[-82.18,26.84],[-82.24,26.85],[-82.29,26.87],[-82.35,26.94],[-82.44,27.06],[-82.62,27.4],[-82.66,27.45],[-82.71,27.5],[-82.69,27.52],[-82.64,27.52],[-82.52,27.68],[-82.43,27.77],[-82.4,27.84],[-82.41,27.86],[-82.45,27.9],[-82.5,27.87],[-82.52,27.88],[-82.58,27.96],[-82.64,27.98],[-82.68,27.96],[-82.63,27.9],[-82.6,27.87],[-82.61,27.78],[-82.63,27.75],[-82.66,27.72],[-82.72,27.73],[-82.74,27.71],[-82.78,27.73],[-82.81,27.78],[-82.84,27.85],[-82.75,28.24],[-82.66,28.49],[-82.65,28.77],[-82.64,28.81],[-82.65,28.89],[-82.77,29.05],[-83.29,29.45],[-83.69,29.93],[-84.04,30.1],[-84.31,30.06],[-84.36,30.03],[-84.38,29.98],[-84.36,29.93],[-84.38,29.91],[-84.45,29.91],[-84.55,29.9],[-84.8,29.77],[-84.89,29.78],[-84.97,29.75],[-85.03,29.72],[-85.19,29.71],[-85.32,29.68],[-85.38,29.7],[-85.41,29.77],[-85.41,29.84],[-85.38,29.79],[-85.34,29.74],[-85.31,29.76],[-85.31,29.8],[-85.35,29.88],[-85.5,29.98],[-85.68,30.12],[-85.62,30.12],[-85.61,30.15],[-85.66,30.19],[-85.64,30.24],[-85.6,30.29],[-85.68,30.28],[-85.74,30.24],[-85.74,30.2],[-85.76,30.17],[-85.79,30.17],[-85.86,30.21],[-86.18,30.33],[-86.45,30.4],[-86.24,30.43],[-86.12,30.41],[-86.14,30.44],[-86.17,30.46],[-86.26,30.49],[-86.37,30.48],[-86.45,30.5],[-86.52,30.47],[-86.61,30.42],[-86.68,30.4],[-86.97,30.37],[-87.2,30.34],[-87.16,30.37],[-87.12,30.4],[-86.99,30.43],[-86.97,30.5],[-87.0,30.57],[-87.03,30.55],[-87.07,30.5],[-87.12,30.54],[-87.17,30.54],[-87.18,30.45],[-87.25,30.4],[-87.28,30.34],[-87.48,30.29],[-87.5,30.31],[-87.44,30.36],[-87.45,30.39],[-87.51,30.37],[-87.62,30.26],[-88.01,30.23],[-87.99,30.25],[-87.9,30.26],[-87.79,30.29],[-87.81,30.35],[-87.86,30.41],[-87.9,30.41],[-87.92,30.45],[-87.92,30.56],[-87.95,30.63],[-88.01,30.69],[-88.03,30.68],[-88.08,30.57],[-88.12,30.42],[-88.14,30.37],[-88.25,30.36],[-88.35,30.37],[-88.69,30.36],[-88.82,30.41],[-88.87,30.42],[-88.91,30.42],[-89.05,30.37],[-89.22,30.33],[-89.26,30.34],[-89.32,30.35],[-89.44,30.22],[-89.59,30.17],[-89.95,30.27],[-90.05,30.35],[-90.13,30.37],[-90.23,30.38],[-90.33,30.28],[-90.41,30.14],[-90.28,30.07],[-90.18,30.03],[-89.99,30.06],[-89.89,30.13],[-89.81,30.12],[-89.77,30.14],[-89.74,30.17],[-89.67,30.14],[-89.67,30.12],[-89.71,30.08],[-89.78,30.05],[-89.82,30.01],[-89.74,29.93],[-89.63,29.9],[-89.59,29.92],[-89.56,30.0],[-89.49,30.06],[-89.4,30.05],[-89.41,30.01],[-89.4,29.98],[-89.36,29.92],[-89.36,29.84],[-89.35,29.82],[-89.46,29.78],[-89.53,29.77],[-89.59,29.73],[-89.56,29.7],[-89.62,29.67],[-89.66,29.68],[-89.68,29.67],[-89.69,29.65],[-89.72,29.62],[-89.67,29.54],[-89.58,29.49],[-89.51,29.42],[-89.25,29.33],[-89.18,29.34],[-89.12,29.25],[-89.07,29.22],[-89.02,29.2],[-89.02,29.14],[-89.11,29.1],[-89.13,29.05],[-89.16,29.02],[-89.2,29.05],[-89.24,29.08],[-89.33,29.0],[-89.38,28.98],[-89.35,29.07],[-89.39,29.11],[-89.44,29.19],[-89.52,29.25],[-89.58,29.27],[-89.62,29.3],[-89.67,29.32],[-89.72,29.31],[-89.79,29.33],[-89.8,29.38],[-89.82,29.42],[-89.88,29.46],[-90.16,29.54],[-90.16,29.5],[-90.14,29.48],[-90.1,29.46],[-90.05,29.43],[-90.05,29.34],[-90.07,29.3],[-90.08,29.24],[-90.1,29.18],[-90.14,29.14],[-90.21,29.1],[-90.25,29.13],[-90.3,29.26],[-90.38,29.3],[-90.5,29.3],[-90.59,29.27],[-90.68,29.15],[-90.75,29.13],[-91.0,29.19],[-91.29,29.29],[-91.28,29.32],[-91.24,29.33],[-91.15,29.32],[-91.16,29.35],[-91.24,29.46],[-91.26,29.51],[-91.25,29.56],[-91.28,29.56],[-91.33,29.51],[-91.51,29.56],[-91.56,29.61],[-91.67,29.75],[-91.82,29.75],[-91.89,29.84],[-92.02,29.8],[-92.08,29.76],[-92.14,29.7],[-92.11,29.67],[-92.06,29.62],[-92.08,29.59],[-92.26,29.56],[-92.67,29.6],[-92.79,29.63],[-92.95,29.71],[-93.18,29.78],[-93.28,29.79],[-93.39,29.78],[-93.69,29.77],[-93.77,29.75],[-93.83,29.73],[-93.87,29.76],[-93.88,29.81],[-93.85,29.82],[-93.81,29.85],[-93.77,29.91],[-93.77,29.95],[-93.79,29.98],[-93.84,29.98],[-93.95,29.81],[-93.89,29.72],[-93.89,29.69],[-94.1,29.67],[-94.57,29.48],[-94.76,29.38],[-94.75,29.42],[-94.53,29.55],[-94.61,29.57],[-94.73,29.54],[-94.78,29.55],[-94.72,29.66],[-94.74,29.75],[-94.83,29.75],[-94.89,29.68],[-94.93,29.68],[-94.98,29.71],[-95.02,29.7],[-94.99,29.53],[-94.94,29.46],[-94.89,29.37],[-95.02,29.26],[-95.14,29.17],[-95.15,29.08],[-95.27,28.96],[-95.39,28.9],[-95.66,28.74],[-95.73,28.71],[-95.85,28.64],[-96.02,28.59],[-96.18,28.5],[-96.23,28.49],[-96.13,28.56],[-96.01,28.63],[-96.12,28.62],[-96.28,28.66],[-96.37,28.66],[-96.37,28.63],[-96.45,28.59],[-96.53,28.65],[-96.56,28.68],[-96.58,28.72],[-96.61,28.72],[-96.64,28.71],[-96.52,28.49],[-96.48,28.48],[-96.42,28.46],[-96.49,28.41],[-96.56,28.37],[-96.68,28.34],[-96.77,28.42],[-96.79,28.32],[-96.81,28.22],[-96.84,28.19],[-96.89,28.16],[-96.92,28.19],[-96.93,28.22],[-96.97,28.19],[-97.02,28.16],[-97.1,28.16],[-97.16,28.14],[-97.16,28.1],[-97.14,28.06],[-97.03,28.09],[-97.07,27.99],[-97.17,27.88],[-97.25,27.85],[-97.37,27.87],[-97.4,27.86],[-97.43,27.84],[-97.29,27.67],[-97.38,27.42],[-97.44,27.33],[-97.48,27.32],[-97.52,27.31],[-97.68,27.39],[-97.77,27.46],[-97.69,27.29],[-97.49,27.24],[-97.47,27.17],[-97.48,27.12],[-97.52,27.05],[-97.55,26.97],[-97.53,26.91],[-97.49,26.76],[-97.47,26.69],[-97.44,26.49],[-97.4,26.4],[-97.21,26.07],[-97.15,26.07],[-97.14,26.03],[-97.15,25.96],[-97.16,25.75],[-97.22,25.59],[-97.42,25.23],[-97.51,25.01],[-97.67,24.39],[-97.72,23.98],[-97.73,23.79],[-97.74,23.76],[-97.73,23.73],[-97.77,23.31],[-97.75,22.94],[-97.76,22.89],[-97.82,22.78],[-97.86,22.62],[-97.84,22.56],[-97.84,22.51],[-97.78,22.28],[-97.76,22.11],[-97.58,21.81],[-97.48,21.7],[-97.36,21.61],[-97.31,21.56],[-97.34,21.44],[-97.39,21.37],[-97.41,21.27],[-97.43,21.36],[-97.42,21.47],[-97.38,21.52],[-97.38,21.57],[-97.46,21.61],[-97.59,21.76],[-97.75,22.03],[-97.64,21.6],[-97.6,21.54],[-97.57,21.51],[-97.51,21.48],[-97.5,21.43],[-97.5,21.4],[-97.36,21.1],[-97.19,20.8],[-97.19,20.72],[-97.12,20.61],[-96.71,20.19],[-96.46,19.87],[-96.37,19.57],[-96.32,19.47],[-96.29,19.34],[-96.12,19.2],[-96.07,19.11],[-95.98,19.05],[-95.91,18.9],[-95.78,18.81],[-95.81,18.8],[-95.93,18.85],[-95.92,18.82],[-95.82,18.75],[-95.63,18.69],[-95.58,18.69],[-95.65,18.72],[-95.72,18.77],[-95.7,18.77],[-95.56,18.72],[-95.18,18.7],[-95.01,18.57],[-94.8,18.51],[-94.68,18.35],[-94.55,18.17],[-94.46,18.17],[-94.39,18.17],[-94.19,18.2],[-93.87,18.3],[-93.76,18.36],[-93.55,18.43],[-93.23,18.44],[-93.13,18.42],[-92.88,18.47],[-92.77,18.52],[-92.73,18.57],[-92.71,18.61],[-92.49,18.66],[-92.44,18.68],[-92.21,18.68],[-92.1,18.7],[-91.97,18.72],[-91.88,18.64],[-91.88,18.6],[-91.94,18.56],[-91.91,18.53],[-91.8,18.47],[-91.6,18.45],[-91.53,18.46],[-91.44,18.54],[-91.28,18.62],[-91.28,18.72],[-91.31,18.77],[-91.36,18.78],[-91.37,18.81],[-91.33,18.88],[-91.34,18.9],[-91.45,18.83],[-91.47,18.83],[-91.46,18.86],[-91.44,18.89],[-91.14,19.04],[-91.06,19.1],[-90.96,19.15],[-90.74,19.35],[-90.69,19.73],[-90.65,19.8],[-90.51,19.91],[-90.49,19.95],[-90.48,20.03],[-90.49,20.22],[-90.48,20.38],[-90.48,20.56],[-90.46,20.71],[-90.44,20.76],[-90.35,21.01],[-90.18,21.12],[-89.89,21.25],[-89.82,21.27],[-88.88,21.41],[-88.75,21.45],[-88.58,21.54],[-88.47,21.57],[-88.25,21.57],[-88.18,21.58],[-88.17,21.59],[-88.17,21.6],[-88.13,21.62],[-88.01,21.6],[-87.77,21.55],[-87.69,21.54],[-87.48,21.47],[-87.25,21.45],[-87.22,21.46],[-87.19,21.48],[-87.16,21.51],[-87.19,21.55],[-87.21,21.54],[-87.25,21.53],[-87.3,21.52],[-87.39,21.55],[-87.37,21.57],[-87.28,21.57],[-87.22,21.58],[-87.13,21.62],[-87.03,21.59],[-86.91,21.46],[-86.82,21.42],[-86.82,21.23],[-86.8,21.2],[-86.77,21.15],[-86.82,21.01],[-86.86,20.89],[-86.93,20.79],[-87.06,20.63],[-87.22,20.51],[-87.42,20.23],[-87.47,20.1],[-87.47,20.0],[-87.43,19.9],[-87.44,19.86],[-87.47,19.82],[-87.51,19.83],[-87.59,19.78],[-87.69,19.64],[-87.69,19.59],[-87.65,19.55],[-87.59,19.57],[-87.51,19.57],[-87.47,19.59],[-87.42,19.58],[-87.43,19.5],[-87.48,19.44],[-87.51,19.43],[-87.57,19.42],[-87.63,19.38],[-87.66,19.35],[-87.66,19.26],[-87.62,19.25],[-87.55,19.32],[-87.51,19.32],[-87.5,19.29],[-87.59,19.05],[-87.65,18.8],[-87.73,18.66],[-87.76,18.45],[-87.8,18.36],[-87.85,18.27],[-87.88,18.27],[-87.96,18.44],[-88.04,18.48],[-88.06,18.52],[-88.01,18.73],[-88.03,18.84],[-88.07,18.83],[-88.13,18.77],[-88.2,18.72],[-88.2,18.64],[-88.28,18.51],[-88.3,18.47],[-88.35,18.36],[-88.3,18.34],[-88.25,18.35],[-88.13,18.35],[-88.09,18.23],[-88.1,18.12],[-88.21,17.85],[-88.22,17.75],[-88.27,17.61],[-88.2,17.52],[-88.27,17.39],[-88.29,17.31],[-88.29,17.19],[-88.26,16.96],[-88.31,16.63],[-88.4,16.49],[-88.46,16.43],[-88.56,16.29],[-88.7,16.25],[-88.88,16.02],[-88.91,15.96],[-88.89,15.89],[-88.84,15.87],[-88.8,15.86],[-88.71,15.81],[-88.6,15.76],[-88.54,15.85],[-88.57,15.9],[-88.6,15.93],[-88.59,15.95],[-88.23,15.73],[-88.13,15.7],[-88.05,15.76],[-88.01,15.79],[-87.91,15.86],[-87.87,15.88],[-87.7,15.91],[-87.62,15.91],[-87.54,15.83],[-87.49,15.79],[-87.38,15.83],[-87.29,15.83],[-86.91,15.76],[-86.76,15.79],[-86.48,15.8],[-86.36,15.78],[-86.18,15.89],[-86.07,15.91],[-85.94,15.95],[-85.95,16.0],[-85.99,16.02],[-85.78,16.0],[-85.48,15.9],[-85.16,15.92],[-85.05,15.97],[-84.97,15.99],[-84.65,15.88],[-84.56,15.8],[-84.49,15.79],[-84.44,15.81],[-84.43,15.83],[-84.49,15.85],[-84.52,15.87],[-84.26,15.82],[-83.78,15.44],[-83.77,15.41],[-83.97,15.52],[-84.08,15.51],[-84.11,15.49],[-84.11,15.43],[-84.1,15.4],[-84.05,15.4],[-84.01,15.41],[-83.93,15.39],[-83.87,15.35],[-83.8,15.29],[-83.76,15.22],[-83.72,15.22],[-83.67,15.26],[-83.59,15.27],[-83.54,15.22],[-83.5,15.22],[-83.55,15.29],[-83.68,15.37],[-83.65,15.37],[-83.37,15.24],[-83.29,15.08],[-83.23,15.04],[-83.16,14.99],[-83.19,14.96],[-83.22,14.93],[-83.28,14.81],[-83.3,14.8],[-83.31,14.89],[-83.34,14.9],[-83.39,14.87],[-83.41,14.83],[-83.37,14.77],[-83.34,14.77],[-83.3,14.75],[-83.19,14.34],[-83.21,14.27],[-83.28,14.15],[-83.35,14.06],[-83.41,14.0],[-83.49,13.74],[-83.57,13.32],[-83.51,12.94],[-83.54,12.6],[-83.52,12.51],[-83.51,12.41],[-83.57,12.39],[-83.6,12.4],[-83.63,12.46],[-83.62,12.51],[-83.59,12.58],[-83.58,12.67],[-83.59,12.71],[-83.63,12.61],[-83.68,12.57],[-83.72,12.55],[-83.75,12.5],[-83.72,12.41],[-83.67,12.34],[-83.65,12.29],[-83.67,12.23],[-83.68,12.02],[-83.7,12.03],[-83.72,12.06],[-83.77,12.06],[-83.77,11.98],[-83.77,11.93],[-83.81,11.9],[-83.83,11.86],[-83.79,11.84],[-83.75,11.82],[-83.7,11.82],[-83.66,11.72],[-83.65,11.64],[-83.74,11.57],[-83.78,11.5],[-83.83,11.43],[-83.86,11.35],[-83.87,11.3],[-83.83,11.13],[-83.77,11.01],[-83.71,10.93],[-83.64,10.92],[-83.62,10.88],[-83.59,10.81],[-83.58,10.73],[-83.45,10.47],[-83.35,10.32],[-83.12,10.04],[-83.03,9.99],[-82.87,9.77],[-82.81,9.73],[-82.78,9.67],[-82.61,9.62],[-82.56,9.58],[-82.5,9.52],[-82.37,9.43],[-82.36,9.38],[-82.38,9.34],[-82.34,9.21],[-82.27,9.19],[-82.2,9.22],[-82.19,9.19],[-82.2,9.17],[-82.24,9.14],[-82.24,9.03],[-82.13,8.98],[-82.08,8.93],[-81.89,8.96],[-81.83,8.94],[-81.78,8.96],[-81.83,9.05],[-81.9,9.11],[-81.89,9.14],[-81.84,9.12],[-81.8,9.07],[-81.71,9.02],[-81.55,8.83],[-81.35,8.78],[-81.2,8.79],[-81.06,8.81],[-80.84,8.89],[-80.68,9.02],[-80.55,9.08],[-80.13,9.21],[-79.98,9.34],[-79.92,9.36],[-79.86,9.38],[-79.72,9.48],[-79.65,9.56],[-79.58,9.6],[-79.36,9.57],[-79.21,9.53],[-79.11,9.54],[-79.02,9.51],[-78.97,9.45],[-78.93,9.43],[-78.7,9.43],[-78.5,9.41],[-78.08,9.24],[-77.83,9.07],[-77.7,8.89],[-77.37,8.66],[-77.34,8.64],[-77.26,8.49],[-77.13,8.4],[-76.99,8.25],[-76.94,8.15],[-76.89,8.13],[-76.85,8.09],[-76.87,8.06],[-76.91,8.03],[-76.92,7.97],[-76.9,7.94],[-76.87,7.92],[-76.79,7.93],[-76.74,8.0],[-76.77,8.31],[-76.82,8.46],[-76.87,8.51],[-76.92,8.57],[-76.89,8.62],[-76.8,8.64],[-76.69,8.69],[-76.28,8.99],[-76.14,9.27],[-76.03,9.37],[-75.91,9.43],[-75.76,9.42],[-75.64,9.45],[-75.6,9.54],[-75.64,9.66],[-75.68,9.73],[-75.64,9.83],[-75.59,9.99],[-75.6,10.13],[-75.54,10.21],[-75.56,10.24],[-75.64,10.17],[-75.71,10.14],[-75.67,10.2],[-75.55,10.33],[-75.49,10.53],[-75.45,10.61],[-75.28,10.73],[-75.25,10.78],[-75.12,10.87],[-74.92,11.06],[-74.84,11.11],[-74.45,10.99],[-74.33,11.0],[-74.35,10.97],[-74.41,10.97],[-74.49,10.93],[-74.52,10.86],[-74.46,10.79],[-74.4,10.77],[-74.35,10.81],[-74.3,10.95],[-74.22,11.11],[-74.2,11.27],[-74.14,11.32],[-74.06,11.34],[-73.91,11.31],[-73.8,11.28],[-73.68,11.27],[-73.31,11.3],[-72.72,11.71],[-72.45,11.8],[-72.28,11.89],[-72.17,12.06],[-72.14,12.19],[-72.06,12.24],[-71.97,12.24],[-71.93,12.27],[-71.92,12.31],[-71.71,12.42],[-71.6,12.43],[-71.49,12.43],[-71.26,12.34],[-71.16,12.16],[-71.14,12.05],[-71.28,11.92],[-71.32,11.86],[-71.35,11.81],[-71.41,11.76],[-71.49,11.72],[-71.87,11.63],[-71.91,11.61],[-71.96,11.57],[-71.96,11.48],[-71.95,11.41],[-71.84,11.19],[-71.79,11.14],[-71.64,11.01],[-71.68,11.0],[-71.73,10.99],[-71.69,10.84],[-71.6,10.73],[-71.59,10.66],[-71.66,10.44],[-71.79,10.32],[-71.88,10.17],[-71.96,10.11],[-72.11,9.82],[-71.99,9.64],[-71.98,9.55],[-71.87,9.43],[-71.81,9.39],[-71.76,9.34],[-71.78,9.25],[-71.74,9.13],[-71.69,9.07],[-71.62,9.05],[-71.54,9.05],[-71.3,9.13],[-71.24,9.16],[-71.21,9.22],[-71.09,9.35],[-71.08,9.51],[-71.05,9.71],[-71.08,9.83],[-71.21,10.01],[-71.26,10.14],[-71.39,10.26],[-71.46,10.47],[-71.49,10.53],[-71.52,10.62],[-71.54,10.78],[-71.46,10.84],[-71.47,10.96],[-71.26,11.0],[-70.82,11.21],[-70.55,11.26],[-70.23,11.37],[-70.16,11.43],[-70.1,11.52],[-70.05,11.53],[-69.89,11.44],[-69.8,11.47],[-69.77,11.54],[-69.82,11.67],[-69.91,11.67],[-70.19,11.62],[-70.22,11.68],[-70.22,11.73],[-70.29,11.89],[-70.25,12.0],[-70.2,12.1],[-70.12,12.14],[-70.0,12.18],[-69.91,12.11],[-69.86,12.05],[-69.83,12.0],[-69.81,11.84],[-69.76,11.68],[-69.71,11.56],[-69.63,11.48],[-69.57,11.49],[-69.53,11.5],[-69.23,11.52],[-69.05,11.46],[-68.83,11.43],[-68.62,11.31],[-68.4,11.16],[-68.34,11.05],[-68.32,10.95],[-68.27,10.88],[-68.32,10.81],[-68.3,10.69],[-68.23,10.57],[-68.14,10.49],[-67.87,10.47],[-67.58,10.52],[-67.13,10.57],[-66.99,10.61],[-66.25,10.63],[-66.11,10.57],[-66.09,10.52],[-66.09,10.47],[-65.85,10.26],[-65.66,10.23],[-65.49,10.16],[-65.32,10.12],[-65.13,10.07],[-65.02,10.08],[-64.94,10.1],[-64.85,10.1],[-64.19,10.46],[-63.83,10.45],[-63.78,10.47],[-63.73,10.5],[-63.86,10.56],[-64.16,10.58],[-64.25,10.54],[-64.3,10.64],[-64.2,10.63],[-63.87,10.66],[-63.5,10.64],[-63.19,10.71],[-63.04,10.72],[-62.95,10.71],[-62.7,10.75],[-62.24,10.7],[-61.88,10.74],[-61.92,10.68],[-62.04,10.65],[-62.23,10.63],[-62.38,10.55],[-62.69,10.56],[-62.91,10.53],[-62.84,10.51],[-62.84,10.42],[-62.81,10.4],[-62.78,10.4],[-62.71,10.33],[-62.69,10.29],[-62.66,10.2],[-62.69,10.1],[-62.74,10.06],[-62.65,10.07],[-62.6,10.12],[-62.61,10.16],[-62.6,10.22],[-62.55,10.2],[-62.52,10.18],[-62.4,9.92],[-62.32,9.78],[-62.3,9.79],[-62.28,9.79],[-62.26,9.82],[-62.22,9.88],[-62.19,9.84],[-62.17,9.83],[-62.15,9.82],[-62.17,9.88],[-62.15,9.95],[-62.16,9.98],[-62.12,9.98],[-62.08,9.98],[-62.02,9.95],[-61.91,9.87],[-61.84,9.78],[-61.83,9.73],[-61.81,9.71],[-61.76,9.68],[-61.74,9.63],[-61.73,9.7],[-61.76,9.75],[-61.77,9.81],[-61.63,9.82],[-61.59,9.89],[-61.51,9.85],[-61.31,9.63],[-61.23,9.6],[-61.01,9.56],[-60.87,9.45],[-60.79,9.36],[-60.84,9.26],[-60.97,9.22],[-61.02,9.15],[-61.05,9.1],[-61.05,9.04],[-61.09,8.97],[-61.1,8.94],[-61.12,8.84],[-61.18,8.73],[-61.25,8.6],[-61.62,8.6],[-61.53,8.55],[-61.44,8.51],[-61.3,8.41],[-61.19,8.49],[-61.04,8.49],[-60.87,8.58],[-60.8,8.59],[-60.48,8.55],[-60.4,8.61],[-60.34,8.63],[-60.17,8.62],[-60.02,8.55],[-59.98,8.53],[-59.84,8.37],[-59.76,8.34],[-59.74,8.34],[-59.74,8.38],[-59.67,8.36],[-59.48,8.25],[-59.2,8.07],[-58.81,7.74],[-58.7,7.61],[-58.63,7.55],[-58.51,7.4],[-58.48,7.33],[-58.48,7.04],[-58.58,6.84],[-58.61,6.7],[-58.61,6.5],[-58.67,6.39],[-58.59,6.45],[-58.57,6.63],[-58.5,6.73],[-58.41,6.85],[-58.3,6.88],[-58.17,6.83],[-58.07,6.82],[-57.98,6.79],[-57.79,6.6],[-57.61,6.45],[-57.54,6.33],[-57.34,6.27],[-57.23,6.18],[-57.19,6.1],[-57.17,5.89],[-57.21,5.56],[-57.19,5.55],[-57.18,5.53],[-57.14,5.64],[-57.14,5.74],[-57.1,5.83],[-57.06,5.94],[-56.97,5.99],[-56.47,5.94],[-56.24,5.89],[-55.94,5.8],[-55.9,5.7],[-55.9,5.8],[-55.91,5.89],[-55.83,5.96],[-55.65,5.99],[-55.38,5.95],[-55.15,5.99],[-54.83,5.99],[-54.36,5.91],[-54.14,5.86],[-54.05,5.81],[-54.04,5.72],[-54.05,5.61],[-54.08,5.5],[-54.16,5.36],[-54.09,5.41],[-53.99,5.68],[-53.92,5.77],[-53.85,5.78],[-53.45,5.56],[-53.27,5.54],[-52.9,5.43],[-52.76,5.27],[-52.45,5.02],[-52.29,4.94],[-52.29,4.88],[-52.32,4.77],[-52.22,4.86],[-52.06,4.72],[-52.01,4.65],[-51.96,4.51],[-51.98,4.43],[-52.0,4.39],[-52.0,4.35],[-51.95,4.4],[-51.93,4.44],[-51.92,4.52],[-51.88,4.63],[-51.83,4.64],[-51.79,4.57],[-51.7,4.29],[-51.67,4.23],[-51.65,4.14],[-51.66,4.1],[-51.65,4.06],[-51.56,4.23],[-51.55,4.31],[-51.46,4.31],[-51.33,4.22],[-51.22,4.09],[-51.08,3.67],[-51.05,3.28],[-50.99,3.08],[-50.83,2.65],[-50.82,2.57],[-50.79,2.48],[-50.74,2.38],[-50.68,2.21],[-50.68,2.18],[-50.71,2.13],[-50.66,2.13],[-50.61,2.1],[-50.58,2.0],[-50.53,1.93],[-50.46,1.83],[-50.3,1.8],[-50.19,1.79],[-50.05,1.73],[-49.96,1.66],[-49.88,1.42],[-49.91,1.27],[-49.9,1.16],[-49.94,1.12],[-50.05,1.05],[-50.07,1.02],[-50.29,0.84],[-50.34,0.75],[-50.46,0.64],[-50.58,0.42],[-50.76,0.22],[-50.82,0.17],[-50.91,0.16],[-50.97,0.13],[-51.1,-0.03],[-51.28,-0.09],[-51.3,-0.18],[-51.4,-0.39],[-51.5,-0.51],[-51.56,-0.55],[-51.7,-0.76],[-51.72,-0.86],[-51.72,-1.02],[-51.82,-1.12],[-51.92,-1.18],[-51.93,-1.32],[-51.98,-1.37],[-52.02,-1.4],[-52.23,-1.36],[-52.55,-1.51],[-52.66,-1.55],[-52.31,-1.56],[-52.2,-1.64],[-51.95,-1.59],[-51.65,-1.39],[-51.53,-1.35],[-51.3,-1.22],[-51.2,-1.14],[-51.03,-1.03],[-50.99,-0.99],[-50.89,-0.94],[-50.84,-1.0],[-50.84,-1.04],[-50.92,-1.12],[-50.9,-1.16],[-50.84,-1.23],[-50.83,-1.31],[-50.82,-1.38],[-50.79,-1.49],[-50.68,-1.64],[-50.68,-1.69],[-50.69,-1.76],[-50.64,-1.82],[-50.59,-1.85],[-50.4,-2.02],[-50.26,-1.92],[-50.17,-1.9],[-50.12,-1.86],[-50.0,-1.83],[-49.9,-1.87],[-49.72,-1.93],[-49.59,-1.87],[-49.31,-1.73],[-49.4,-1.97],[-49.46,-2.19],[-49.51,-2.28],[-49.55,-2.52],[-49.6,-2.58],[-49.64,-2.66],[-49.58,-2.63],[-49.52,-2.6],[-49.46,-2.5],[-49.41,-2.34],[-49.21,-1.92],[-49.15,-1.88],[-48.99,-1.83],[-48.71,-1.49],[-48.6,-1.49],[-48.53,-1.57],[-48.46,-1.61],[-48.45,-1.52],[-48.35,-1.48],[-48.45,-1.44],[-48.47,-1.39],[-48.48,-1.32],[-48.41,-1.23],[-48.45,-1.15],[-48.31,-1.04],[-48.32,-0.96],[-48.27,-0.9],[-48.2,-0.83],[-48.13,-0.8],[-48.12,-0.74],[-48.07,-0.71],[-48.03,-0.71],[-47.96,-0.77],[-47.88,-0.69],[-47.81,-0.66],[-47.77,-0.68],[-47.73,-0.71],[-47.69,-0.72],[-47.65,-0.72],[-47.56,-0.67],[-47.47,-0.75],[-47.42,-0.77],[-47.43,-0.72],[-47.46,-0.68],[-47.44,-0.65],[-47.4,-0.63],[-47.27,-0.65],[-47.2,-0.68],[-47.13,-0.75],[-47.02,-0.75],[-46.94,-0.74],[-46.89,-0.78],[-46.81,-0.78],[-46.77,-0.84],[-46.64,-0.92],[-46.62,-0.97],[-46.52,-1.0],[-46.42,-1.03],[-46.32,-1.04],[-46.22,-1.03],[-46.21,-1.1],[-46.14,-1.12],[-46.04,-1.1],[-45.97,-1.19],[-45.78,-1.25],[-45.64,-1.35],[-45.56,-1.33],[-45.46,-1.36],[-45.35,-1.57],[-45.33,-1.72],[-45.28,-1.7],[-45.24,-1.63],[-45.18,-1.51],[-45.08,-1.47],[-45.03,-1.51],[-44.92,-1.59],[-44.83,-1.67],[-44.79,-1.72],[-44.72,-1.73],[-44.78,-1.8],[-44.72,-1.79],[-44.65,-1.75],[-44.59,-1.84],[-44.55,-1.95],[-44.54,-2.05],[-44.58,-2.11],[-44.62,-2.15],[-44.66,-2.23],[-44.71,-2.24],[-44.76,-2.27],[-44.7,-2.32],[-44.66,-2.37],[-44.58,-2.23],[-44.52,-2.19],[-44.44,-2.17],[-44.39,-2.27],[-44.38,-2.37],[-44.52,-2.41],[-44.52,-2.48],[-44.56,-2.52],[-44.59,-2.57],[-44.61,-2.68],[-44.64,-2.76],[-44.72,-3.14],[-44.72,-3.2],[-44.62,-3.14],[-44.44,-2.94],[-44.38,-2.74],[-44.31,-2.54],[-44.23,-2.47],[-44.18,-2.47],[-44.11,-2.49],[-44.1,-2.56],[-44.11,-2.6],[-44.19,-2.7],[-44.23,-2.75],[-44.19,-2.81],[-44.01,-2.64],[-43.93,-2.58],[-43.86,-2.6],[-43.73,-2.52],[-43.46,-2.5],[-43.43,-2.41],[-43.38,-2.38],[-43.23,-2.39],[-42.94,-2.47],[-42.83,-2.53],[-42.68,-2.59],[-42.59,-2.66],[-42.25,-2.79],[-42.0,-2.81],[-41.88,-2.75],[-41.72,-2.81],[-41.64,-2.88],[-41.48,-2.92],[-41.32,-2.94],[-41.19,-2.89],[-40.88,-2.87],[-40.47,-2.8],[-40.24,-2.81],[-39.96,-2.86],[-39.77,-2.99],[-39.61,-3.06],[-39.51,-3.13],[-39.35,-3.2],[-39.01,-3.39],[-38.9,-3.5],[-38.69,-3.65],[-38.48,-3.72],[-38.36,-3.88],[-38.27,-3.95],[-38.05,-4.22],[-37.8,-4.4],[-37.63,-4.59],[-37.3,-4.71],[-37.17,-4.91],[-36.95,-4.94],[-36.86,-4.97],[-36.75,-5.05],[-36.59,-5.1],[-36.39,-5.08],[-36.16,-5.09],[-35.98,-5.05],[-35.55,-5.13],[-35.48,-5.17],[-35.39,-5.25],[-35.24,-5.57],[-35.14,-5.92],[-35.1,-6.19],[-34.99,-6.39],[-34.93,-6.79],[-34.88,-6.91],[-34.88,-7.0],[-34.83,-7.02],[-34.81,-7.29],[-34.82,-7.39],[-34.86,-7.53],[-34.86,-7.6],[-34.85,-7.63],[-34.87,-7.69],[-34.88,-7.75],[-34.84,-7.87],[-34.83,-7.97],[-34.89,-8.09],[-34.97,-8.41],[-35.16,-8.93],[-35.34,-9.23],[-35.6,-9.54],[-35.76,-9.7],[-35.83,-9.72],[-35.89,-9.69],[-35.85,-9.77],[-35.89,-9.85],[-36.0,-10.0],[-78.21,-10.0],[-78.28,-9.81],[-78.36,-9.65],[-78.45,-9.37],[-78.58,-9.16],[-78.66,-8.97],[-78.75,-8.74],[-78.76,-8.62],[-78.93,-8.4],[-79.01,-8.21],[-79.16,-8.05],[-79.31,-7.92],[-79.38,-7.84],[-79.59,-7.42],[-79.62,-7.3],[-79.76,-7.07],[-79.9,-6.9],[-79.99,-6.77],[-80.11,-6.65],[-80.81,-6.28],[-81.06,-6.13],[-81.14,-6.06],[-81.18,-5.94],[-81.16,-5.88],[-81.09,-5.81],[-80.99,-5.86],[-80.93,-5.84],[-80.88,-5.76],[-80.88,-5.64],[-80.94,-5.48],[-81.17,-5.17],[-81.15,-5.1],[-81.11,-5.03],[-81.2,-4.88],[-81.29,-4.76],[-81.34,-4.67],[-81.28,-4.32],[-81.23,-4.23],[-80.89,-3.88],[-80.8,-3.73],[-80.65,-3.64],[-80.5,-3.5],[-80.32,-3.39],[-80.3,-3.37],[-80.16,-3.32],[-80.1,-3.27],[-80.03,-3.23],[-79.96,-3.16],[-79.92,-3.09],[-79.82,-2.78],[-79.73,-2.58],[-79.75,-2.48],[-79.82,-2.36],[-79.84,-2.17],[-79.83,-2.11],[-79.84,-2.07],[-79.89,-2.15],[-79.88,-2.42],[-79.93,-2.55],[-79.99,-2.58],[-80.03,-2.56],[-80.01,-2.35],[-80.05,-2.39],[-80.13,-2.53],[-80.25,-2.63],[-80.26,-2.66],[-80.28,-2.71],[-80.38,-2.67],[-80.45,-2.63],[-80.68,-2.4],[-80.84,-2.35],[-80.93,-2.27],[-80.95,-2.24],[-80.96,-2.19],[-80.87,-2.14],[-80.77,-2.08],[-80.76,-1.93],[-80.76,-1.82],[-80.84,-1.63],[-80.8,-1.38],[-80.82,-1.29],[-80.9,-1.08],[-80.84,-0.97],[-80.62,-0.9],[-80.55,-0.85],[-80.51,-0.68],[-80.46,-0.59],[-80.36,-0.63],[-80.28,-0.62],[-80.38,-0.58],[-80.47,-0.44],[-80.48,-0.37],[-80.32,-0.17],[-80.24,-0.11],[-80.13,-0.01],[-80.05,0.16],[-80.03,0.41],[-80.06,0.59],[-80.09,0.78],[-80.04,0.83],[-79.9,0.86],[-79.8,0.92],[-79.74,0.98],[-79.61,0.97],[-79.47,1.06],[-79.23,1.1],[-78.9,1.21],[-78.83,1.3],[-78.86,1.46],[-78.89,1.52],[-79.03,1.62],[-78.96,1.75],[-78.79,1.85],[-78.58,1.77],[-78.55,1.92],[-78.63,2.06],[-78.62,2.31],[-78.59,2.36],[-78.53,2.42],[-78.46,2.47],[-78.42,2.48],[-78.34,2.46],[-78.3,2.51],[-78.12,2.49],[-78.07,2.51],[-78.03,2.54],[-77.99,2.57],[-77.93,2.63],[-77.9,2.7],[-77.87,2.73],[-77.81,2.72],[-77.81,2.75],[-77.78,2.79],[-77.67,2.88],[-77.67,2.92],[-77.7,3.01],[-77.69,3.04],[-77.63,3.05],[-77.56,3.08],[-77.52,3.16],[-77.47,3.23],[-77.42,3.34],[-77.36,3.35],[-77.32,3.47],[-77.24,3.59],[-77.08,3.91],[-77.13,3.91],[-77.17,3.86],[-77.21,3.87],[-77.26,3.89],[-77.25,4.04],[-77.28,4.06],[-77.36,3.94],[-77.43,4.06],[-77.43,4.13],[-77.4,4.2],[-77.41,4.25],[-77.52,4.21],[-77.52,4.26],[-77.45,4.3],[-77.41,4.35],[-77.35,4.4],[-77.33,4.47],[-77.31,4.59],[-77.29,4.72],[-77.31,4.78],[-77.34,4.84],[-77.37,5.08],[-77.36,5.22],[-77.37,5.32],[-77.4,5.42],[-77.53,5.54],[-77.32,5.68],[-77.25,5.78],[-77.34,6.0],[-77.47,6.18],[-77.47,6.29],[-77.44,6.27],[-77.4,6.28],[-77.36,6.5],[-77.37,6.58],[-77.44,6.69],[-77.53,6.69],[-77.6,6.84],[-77.65,6.87],[-77.68,6.96],[-77.8,7.14],[-77.9,7.23],[-77.93,7.26],[-78.17,7.54],[-78.38,7.9],[-78.42,8.06],[-78.37,8.07],[-78.32,8.07],[-78.29,8.09],[-78.25,8.14],[-78.28,8.25],[-78.18,8.33],[-78.14,8.39],[-78.11,8.38],[-78.05,8.28],[-77.95,8.23],[-77.83,8.15],[-77.76,8.13],[-77.85,8.22],[-78.01,8.33],[-78.06,8.4],[-78.1,8.5],[-78.16,8.45],[-78.19,8.42],[-78.22,8.4],[-78.25,8.42],[-78.26,8.45],[-78.35,8.46],[-78.37,8.49],[-78.4,8.51],[-78.39,8.44],[-78.37,8.4],[-78.38,8.36],[-78.41,8.36],[-78.44,8.4],[-78.47,8.45],[-78.51,8.63],[-78.62,8.71],[-78.67,8.74],[-78.71,8.75],[-78.77,8.81],[-78.85,8.84],[-78.96,8.93],[-79.09,9.0],[-79.25,9.02],[-79.44,9.01],[-79.51,8.97],[-79.55,8.92],[-79.57,8.9],[-79.69,8.85],[-79.73,8.78],[-79.76,8.71],[-79.82,8.64],[-79.75,8.6],[-80.13,8.35],[-80.2,8.31],[-80.37,8.29],[-80.41,8.26],[-80.46,8.21],[-80.47,8.14],[-80.46,8.08],[-80.41,8.03],[-80.37,8.0],[-80.26,7.85],[-80.08,7.67],[-80.04,7.6],[-80.01,7.5],[-80.07,7.45],[-80.11,7.43],[-80.29,7.43],[-80.35,7.39],[-80.37,7.32],[-80.44,7.27],[-80.67,7.23],[-80.85,7.22],[-80.9,7.28],[-80.91,7.44],[-81.04,7.71],[-81.06,7.9],[-81.09,7.88],[-81.16,7.85],[-81.18,7.81],[-81.2,7.67],[-81.22,7.62],[-81.27,7.63],[-81.37,7.68],[-81.5,7.72],[-81.68,8.02],[-81.69,8.07],[-81.73,8.14],[-81.86,8.17],[-81.97,8.22],[-82.1,8.22],[-82.16,8.19],[-82.22,8.23],[-82.24,8.31],[-82.36,8.27],[-82.53,8.29],[-82.68,8.32],[-82.78,8.3],[-82.87,8.25],[-82.85,8.1],[-82.88,8.07],[-82.95,8.18],[-83.04,8.29],[-83.12,8.35],[-83.13,8.51],[-83.16,8.59],[-83.29,8.66],[-83.39,8.72],[-83.47,8.71],[-83.42,8.62],[-83.3,8.51],[-83.29,8.46],[-83.29,8.41],[-83.38,8.41],[-83.45,8.44],[-83.54,8.45],[-83.6,8.48],[-83.73,8.61],[-83.64,8.73],[-83.61,8.8],[-83.62,8.96],[-83.64,9.04],[-83.74,9.15],[-83.9,9.28],[-84.12,9.38],[-84.22,9.46],[-84.48,9.53],[-84.58,9.57],[-84.66,9.65],[-84.67,9.7],[-84.64,9.79],[-84.71,9.9],[-85.03,10.12],[-85.2,10.2],[-85.24,10.24],[-85.26,10.26],[-85.24,10.11],[-85.16,10.02],[-84.96,9.93],[-84.91,9.88],[-84.89,9.82],[-85.0,9.7],[-85.06,9.67],[-85.08,9.6],[-85.11,9.58],[-85.15,9.62],[-85.31,9.81],[-85.62,9.9],[-85.68,9.96],[-85.8,10.13],[-85.85,10.29],[-85.83,10.4],[-85.7,10.56],[-85.66,10.64],[-85.67,10.68],[-85.67,10.75],[-85.71,10.79],[-85.83,10.85],[-85.91,10.9],[-85.89,10.92],[-85.75,10.99],[-85.74,11.04],[-85.74,11.06],[-85.75,11.09],[-85.83,11.2],[-85.96,11.33],[-86.47,11.74],[-86.66,11.98],[-86.76,12.16],[-86.85,12.25],[-87.13,12.43],[-87.19,12.51],[-87.46,12.76],[-87.67,12.9],[-87.67,12.97],[-87.59,13.04],[-87.54,13.04],[-87.5,12.98],[-87.42,12.92],[-87.39,12.92],[-87.34,12.95],[-87.34,12.98],[-87.33,13.08],[-87.41,13.13],[-87.46,13.22],[-87.5,13.27],[-87.49,13.31],[-87.49,13.35],[-87.6,13.39],[-87.71,13.36],[-87.77,13.38],[-87.81,13.4],[-87.84,13.39],[-87.82,13.29],[-87.88,13.22],[-87.93,13.18],[-88.02,13.17],[-88.18,13.16],[-88.42,13.21],[-88.59,13.28],[-88.69,13.28],[-88.66,13.26],[-88.58,13.24],[-88.48,13.2],[-88.51,13.18],[-88.87,13.28],[-89.28,13.48],[-89.52,13.51],[-89.8,13.56],[-89.97,13.68],[-90.1,13.74],[-90.48,13.9],[-90.61,13.93],[-91.15,13.93],[-91.38,13.99],[-91.64,14.11],[-91.82,14.23],[-92.24,14.55],[-92.26,14.57],[-92.53,14.84],[-92.81,15.14],[-92.92,15.24],[-93.02,15.31],[-93.17,15.45],[-93.54,15.75],[-93.73,15.89],[-93.92,16.05],[-94.08,16.15],[-94.24,16.21],[-94.31,16.24],[-94.37,16.28],[-94.41,16.29],[-94.43,16.23],[-94.37,16.2],[-94.3,16.17],[-94.25,16.17],[-94.19,16.15],[-94.03,16.06],[-94.0,16.02],[-94.47,16.19],[-94.66,16.2],[-94.68,16.23],[-94.59,16.32],[-94.62,16.35],[-94.65,16.35],[-94.75,16.29],[-94.79,16.29],[-94.8,16.33],[-94.79,16.36],[-94.86,16.42],[-94.9,16.42],[-94.93,16.38],[-95.02,16.31],[-95.02,16.28],[-94.85,16.25],[-94.79,16.23],[-94.8,16.21],[-94.95,16.21],[-95.13,16.18],[-95.46,15.97],[-95.77,15.89],[-96.21,15.69],[-96.41,15.68],[-96.51,15.65],[-96.81,15.73],[-97.18,15.91],[-97.75,15.97],[-98.14,16.21],[-98.52,16.3],[-98.76,16.53],[-98.91,16.54],[-99.0,16.58],[-99.35,16.66],[-99.69,16.72],[-100.02,16.92],[-100.24,16.98],[-100.43,17.06],[-100.85,17.2],[-101.0,17.28],[-101.15,17.39],[-101.39,17.51],[-101.49,17.62],[-101.6,17.65],[-101.76,17.84],[-101.85,17.92],[-101.92,17.96],[-102.0,17.97],[-102.22,17.96],[-102.55,18.04],[-102.7,18.06],[-103.02,18.19],[-103.44,18.33],[-103.58,18.48],[-103.7,18.63],[-103.91,18.83],[-104.05,18.91],[-104.28,19.01],[-104.41,19.09],[-104.6,19.15],[-104.94,19.31],[-105.05,19.44],[-105.11,19.56],[-105.29,19.71],[-105.48,19.98],[-105.53,20.08],[-105.57,20.23],[-105.62,20.32],[-105.67,20.39],[-105.64,20.44],[-105.54,20.5],[-105.38,20.51],[-105.26,20.58],[-105.24,20.63],[-105.25,20.67],[-105.33,20.75],[-105.42,20.78],[-105.49,20.78],[-105.51,20.81],[-105.46,20.84],[-105.39,20.93],[-105.3,21.03],[-105.24,21.12],[-105.22,21.25],[-105.23,21.38],[-105.21,21.49],[-105.43,21.62],[-105.46,21.67],[-105.53,21.82],[-105.65,21.99],[-105.65,22.33],[-105.79,22.63],[-105.94,22.78],[-106.02,22.83],[-106.23,23.06],[-106.4,23.2],[-106.57,23.45],[-106.73,23.61],[-106.94,23.88],[-107.08,24.02],[-107.76,24.47],[-107.73,24.47],[-107.53,24.36],[-107.49,24.37],[-107.49,24.42],[-107.51,24.49],[-107.55,24.5],[-107.6,24.49],[-107.67,24.5],[-107.71,24.53],[-107.82,24.54],[-107.95,24.61],[-108.01,24.69],[-108.02,24.78],[-108.21,24.97],[-108.28,25.08],[-108.24,25.07],[-108.19,25.03],[-108.14,25.02],[-108.08,25.02],[-108.04,25.04],[-108.05,25.07],[-108.09,25.09],[-108.37,25.19],[-108.47,25.27],[-108.7,25.38],[-108.75,25.42],[-108.79,25.54],[-108.84,25.54],[-108.89,25.51],[-109.03,25.48],[-109.06,25.52],[-109.07,25.55],[-108.97,25.59],[-108.88,25.7],[-108.89,25.73],[-108.94,25.69],[-109.01,25.64],[-109.08,25.62],[-109.2,25.59],[-109.25,25.61],[-109.3,25.63],[-109.38,25.73],[-109.43,26.03],[-109.35,26.14],[-109.27,26.24],[-109.2,26.31],[-109.16,26.26],[-109.12,26.25],[-109.15,26.31],[-109.22,26.36],[-109.24,26.4],[-109.24,26.45],[-109.28,26.53],[-109.48,26.71],[-109.68,26.7],[-109.75,26.7],[-109.83,26.77],[-109.89,26.88],[-109.92,26.98],[-109.93,27.03],[-109.94,27.08],[-110.28,27.16],[-110.38,27.23],[-110.48,27.32],[-110.52,27.4],[-110.56,27.45],[-110.59,27.54],[-110.62,27.65],[-110.58,27.8],[-110.53,27.86],[-110.76,27.92],[-110.85,27.92],[-110.92,27.89],[-110.99,27.93],[-111.12,27.97],[-111.28,28.12],[-111.47,28.38],[-111.68,28.47],[-111.75,28.56],[-111.83,28.65],[-111.91,28.75],[-111.92,28.8],[-111.94,28.82],[-112.04,28.9],[-112.16,29.02],[-112.19,29.12],[-112.22,29.27],[-112.3,29.32],[-112.38,29.35],[-112.39,29.42],[-112.39,29.46],[-112.41,29.54],[-112.57,29.72],[-112.65,29.87],[-112.7,29.92],[-112.74,29.99],[-112.76,30.13],[-112.82,30.3],[-112.95,30.51],[-113.06,30.65],[-113.11,30.79],[-113.09,30.94],[-113.1,31.03],[-113.12,31.05],[-113.11,31.08],[-113.07,31.06],[-113.04,31.09],[-113.05,31.18],[-113.08,31.21],[-113.19,31.24],[-113.23,31.26],[-113.48,31.29],[-113.62,31.35],[-113.63,31.47],[-113.7,31.52],[-113.76,31.56],[-113.95,31.63],[-113.98,31.59],[-114.0,31.53],[-114.08,31.51],[-114.15,31.51],[-114.26,31.55],[-114.55,31.73],[-114.61,31.76],[-114.7,31.78],[-114.74,31.81],[-114.93,31.9],[-114.9,31.85],[-114.84,31.8],[-114.79,31.65],[-114.85,31.54],[-114.88,31.16],[-114.84,31.08],[-114.76,30.96],[-114.7,30.77],[-114.69,30.62],[-114.63,30.51],[-114.65,30.24],[-114.63,30.16],[-114.55,30.02],[-114.4,29.9],[-114.37,29.83],[-114.18,29.73],[-114.06,29.61],[-113.83,29.44],[-113.76,29.37],[-113.55,29.1],[-113.54,29.02],[-113.5,28.93],[-113.38,28.95],[-113.33,28.87],[-113.34,28.84],[-113.32,28.81],[-113.26,28.82],[-113.21,28.8],[-113.09,28.51],[-113.03,28.47],[-112.96,28.46],[-112.87,28.42],[-112.87,28.35],[-112.87,28.29],[-112.8,28.21],[-112.81,28.09],[-112.75,27.99],[-112.76,27.9],[-112.73,27.83],[-112.55,27.66],[-112.33,27.52],[-112.28,27.35],[-112.19,27.19],[-112.1,27.15],[-112.0,27.08],[-112.02,27.01],[-112.01,26.97],[-111.88,26.84],[-111.86,26.68],[-111.75,26.57],[-111.72,26.56],[-111.7,26.58],[-111.78,26.69],[-111.82,26.76],[-111.82,26.87],[-111.8,26.88],[-111.57,26.71],[-111.55,26.58],[-111.47,26.51],[-111.46,26.41],[-111.42,26.35],[-111.4,26.27],[-111.33,26.13],[-111.33,25.93],[-111.29,25.79],[-111.15,25.57],[-111.03,25.53],[-111.01,25.42],[-110.89,25.14],[-110.76,24.99],[-110.69,24.87],[-110.68,24.79],[-110.73,24.67],[-110.73,24.59],[-110.66,24.34],[-110.55,24.21],[-110.42,24.18],[-110.4,24.17],[-110.41,24.13],[-110.37,24.1],[-110.32,24.14],[-110.3,24.19],[-110.32,24.26],[-110.33,24.31],[-110.3,24.34],[-110.26,24.34],[-110.02,24.17],[-109.98,24.11],[-109.89,24.03],[-109.81,23.94],[-109.78,23.86],[-109.71,23.8],[-109.68,23.66],[-109.51,23.6],[-109.42,23.48],[-109.41,23.41],[-109.46,23.21],[-109.5,23.16],[-109.63,23.08],[-109.73,22.98],[-109.82,22.92],[-109.92,22.89],[-110.01,22.89],[-110.09,23.01],[-110.18,23.34],[-110.24,23.41],[-110.29,23.52],[-110.36,23.6],[-110.63,23.74],[-110.76,23.88],[-110.9,23.97],[-111.04,24.11],[-111.42,24.33],[-111.58,24.44],[-111.68,24.56],[-111.75,24.55],[-111.8,24.54],[-111.82,24.57],[-111.83,24.63],[-111.85,24.67],[-112.07,24.84],[-112.12,24.93],[-112.13,25.04],[-112.08,25.32],[-112.06,25.49],[-112.07,25.57],[-112.09,25.58],[-112.11,25.63],[-112.12,25.77],[-112.17,25.91],[-112.38,26.21],[-112.53,26.27],[-112.66,26.32],[-113.02,26.58],[-113.12,26.72],[-113.14,26.79],[-113.16,26.95],[-113.21,26.86],[-113.27,26.79],[-113.43,26.8],[-113.6,26.72],[-113.7,26.79],[-113.76,26.87],[-113.84,26.97],[-113.94,26.99],[-114.0,26.99],[-114.11,27.11],[-114.2,27.14],[-114.33,27.16],[-114.45,27.22],[-114.48,27.28],[-114.5,27.38],[-114.54,27.43],[-114.72,27.54],[-114.86,27.66],[-114.99,27.74],[-115.03,27.8],[-115.04,27.84],[-114.82,27.83],[-114.57,27.78],[-114.45,27.8],[-114.37,27.84],[-114.3,27.87],[-114.29,27.84],[-114.3,27.78],[-114.23,27.72],[-114.14,27.67],[-114.07,27.68],[-114.14,27.73],[-114.18,27.83],[-114.16,27.87],[-114.16,27.92],[-114.25,27.91],[-114.27,27.93],[-114.19,28.01],[-114.09,28.22],[-114.05,28.43],[-114.15,28.61],[-114.31,28.73],[-114.66,29.09],[-114.88,29.28],[-114.94,29.35],[-114.99,29.38],[-115.17,29.43],[-115.31,29.53],[-115.57,29.68],[-115.67,29.76],[-115.75,29.94],[-115.81,29.96],[-115.79,30.08],[-115.82,30.3],[-115.86,30.36],[-116.0,30.41],[-116.03,30.56],[-116.04,30.71],[-116.06,30.8],[-116.3,30.97],[-116.31,31.05],[-116.31,31.13],[-116.33,31.2],[-116.46,31.36],[-116.61,31.5],[-116.66,31.56],[-116.67,31.7],[-116.72,31.73],[-116.7,31.74],[-116.65,31.74],[-116.62,31.76],[-116.62,31.85],[-116.85,32.0],[-116.91,32.2],[-117.03,32.31],[-117.06,32.34],[-117.13,32.53],[-117.13,32.54],[-117.14,32.65],[-117.18,32.69],[-117.24,32.66],[-117.27,32.81],[-117.26,32.87],[-117.26,32.94],[-117.32,33.1],[-117.47,33.3],[-117.79,33.54],[-117.95,33.62],[-118.08,33.72],[-118.16,33.75],[-118.26,33.76],[-118.29,33.71],[-118.41,33.74],[-118.39,33.86],[-118.51,34.02],[-118.6,34.04],[-118.83,34.02],[-119.14,34.11],[-119.24,34.16],[-119.27,34.26],[-119.41,34.34],[-119.61,34.42],[-119.71,34.4],[-119.85,34.41],[-120.05,34.47],[-120.17,34.48],[-120.4,34.46],[-120.48,34.47],[-120.56,34.54],[-120.64,34.58],[-120.63,34.67],[-120.64,34.75],[-120.62,34.81],[-120.66,34.95],[-120.63,35.08],[-120.66,35.12],[-120.71,35.16],[-120.86,35.21],[-120.88,35.27],[-120.86,35.37],[-120.9,35.43],[-121.02,35.48],[-121.14,35.61],[-121.28,35.68],[-121.34,35.79],[-121.43,35.86],[-121.46,35.93],[-121.66,36.15],[-121.88,36.33],[-121.91,36.43],[-121.92,36.57],[-121.84,36.66],[-121.79,36.73],[-121.79,36.8],[-121.81,36.85],[-121.88,36.94],[-122.16,36.99],[-122.39,37.21],[-122.41,37.37],[-122.5,37.54],[-122.5,37.65],[-122.51,37.77],[-122.45,37.8],[-122.38,37.79],[-122.39,37.74],[-122.37,37.66],[-122.3,37.59],[-122.23,37.56],[-122.17,37.5],[-122.12,37.48],[-122.07,37.48],[-122.1,37.52],[-122.12,37.54],[-122.16,37.63],[-122.22,37.73],[-122.3,37.79],[-122.33,37.9],[-122.37,37.92],[-122.39,37.96],[-122.31,38.01],[-122.22,38.04],[-122.09,38.05],[-121.72,38.03],[-121.64,38.06],[-121.57,38.05],[-121.53,38.06],[-121.63,38.08],[-121.68,38.07],[-121.75,38.08],[-121.88,38.08],[-121.93,38.09],[-121.99,38.12],[-122.03,38.12],[-122.15,38.07],[-122.21,38.07],[-122.34,38.14],[-122.39,38.14],[-122.48,38.11],[-122.49,37.95],[-122.47,37.84],[-122.52,37.83],[-122.58,37.87],[-122.68,37.9],[-122.76,37.95],[-122.87,38.03],[-122.93,38.06],[-123.0,37.99],[-123.0,38.02],[-122.97,38.1],[-122.98,38.23],[-122.88,38.12],[-122.91,38.2],[-122.99,38.28],[-123.05,38.31],[-123.12,38.45],[-123.29,38.54],[-123.42,38.68],[-123.7,38.91],[-123.72,39.11],[-123.82,39.37],[-123.78,39.51],[-123.78,39.62],[-123.83,39.78],[-123.88,39.86],[-124.11,40.09],[-124.32,40.25],[-124.36,40.37],[-124.37,40.49],[-124.32,40.6],[-124.28,40.71],[-124.25,40.74],[-124.24,40.73],[-124.25,40.7],[-124.22,40.7],[-124.21,40.75],[-124.19,40.77],[-124.22,40.78],[-124.22,40.79],[-124.2,40.82],[-124.13,40.97],[-124.14,41.16],[-124.07,41.38],[-124.07,41.46],[-124.12,41.62],[-124.16,41.72],[-124.24,41.79],[-124.21,41.89],[-124.21,41.98],[-124.36,42.12],[-124.41,42.3],[-124.42,42.38],[-124.41,42.58],[-124.44,42.67],[-124.54,42.81],[-124.5,42.94],[-124.45,43.01],[-124.35,43.34],[-124.32,43.37],[-124.28,43.37],[-124.2,43.42],[-124.23,43.44],[-124.29,43.41],[-124.24,43.54],[-124.18,43.65],[-124.15,43.69],[-124.13,44.06],[-124.1,44.33],[-124.05,44.43],[-124.07,44.52],[-124.04,44.65],[-124.06,44.78],[-123.95,45.4],[-123.96,45.48],[-123.93,45.58],[-123.96,45.84],[-123.95,46.14],[-123.98,46.18],[-123.99,46.22],[-123.96,46.23],[-123.91,46.18],[-123.67,46.18],[-123.52,46.22],[-123.47,46.21],[-123.4,46.15],[-123.32,46.14],[-123.22,46.15],[-123.25,46.17],[-123.3,46.17],[-123.4,46.22],[-123.46,46.27],[-123.65,46.27],[-123.69,46.3],[-123.9,46.27],[-123.96,46.3],[-124.07,46.28],[-124.05,46.37],[-124.05,46.49],[-124.04,46.61],[-124.02,46.52],[-123.95,46.43],[-123.91,46.53],[-123.89,46.66],[-123.96,46.71],[-124.07,46.74],[-124.11,46.86],[-123.84,46.96],[-123.99,46.98],[-124.04,47.03],[-124.11,47.04],[-124.12,47.0],[-124.14,46.95],[-124.16,47.02],[-124.17,47.09],[-124.2,47.21],[-124.31,47.4],[-124.38,47.66],[-124.46,47.78],[-124.62,47.9],[-124.66,47.97],[-124.7,48.15],[-124.68,48.29],[-124.71,48.38],[-124.63,48.38],[-124.43,48.3],[-124.18,48.24],[-124.1,48.2],[-123.98,48.17],[-123.29,48.12],[-123.25,48.12],[-123.16,48.15],[-123.12,48.15],[-123.02,48.08],[-122.97,48.07],[-122.91,48.08],[-122.86,48.09],[-122.78,48.14],[-122.77,48.12],[-122.77,48.08],[-122.74,48.01],[-122.68,47.93],[-122.66,47.88],[-122.78,47.74],[-122.8,47.74],[-122.81,47.78],[-122.82,47.79],[-123.05,47.55],[-123.13,47.44],[-123.14,47.39],[-123.14,47.36],[-123.1,47.35],[-123.03,47.36],[-122.92,47.41],[-122.92,47.42],[-123.02,47.4],[-123.07,47.4],[-123.06,47.45],[-123.05,47.48],[-122.98,47.56],[-122.91,47.61],[-122.81,47.66],[-122.76,47.7],[-122.72,47.76],[-122.61,47.84],[-122.59,47.86],[-122.59,47.92],[-122.59,47.93],[-122.53,47.92],[-122.51,47.82],[-122.52,47.77],[-122.62,47.71],[-122.63,47.69],[-122.61,47.62],[-122.63,47.61],[-122.66,47.62],[-122.68,47.61],[-122.59,47.53],[-122.56,47.46],[-122.55,47.4],[-122.58,47.29],[-122.6,47.27],[-122.65,47.28],[-122.71,47.32],[-122.72,47.31],[-122.77,47.22],[-122.78,47.23],[-122.81,47.33],[-122.83,47.34],[-122.92,47.29],[-122.96,47.24],[-122.99,47.17],[-123.03,47.14],[-122.91,47.13],[-122.81,47.15],[-122.73,47.11],[-122.7,47.11],[-122.63,47.14],[-122.6,47.17],[-122.54,47.28],[-122.51,47.3],[-122.46,47.3],[-122.42,47.31],[-122.35,47.37],[-122.35,47.4],[-122.38,47.53],[-122.37,47.6],[-122.38,47.63],[-122.41,47.65],[-122.41,47.68],[-122.38,47.72],[-122.38,47.75],[-122.4,47.78],[-122.39,47.82],[-122.33,47.9],[-122.32,47.93],[-122.24,48.01],[-122.26,48.04],[-122.32,48.08],[-122.35,48.11],[-122.39,48.17],[-122.42,48.18],[-122.39,48.09],[-122.39,48.08],[-122.49,48.13],[-122.52,48.16],[-122.53,48.2],[-122.52,48.23],[-122.47,48.26],[-122.4,48.27],[-122.41,48.29],[-122.49,48.37],[-122.54,48.41],[-122.58,48.43],[-122.64,48.43],[-122.66,48.45],[-122.67,48.47],[-122.66,48.49],[-122.63,48.5],[-122.54,48.49],[-122.5,48.51],[-122.5,48.54],[-122.51,48.56],[-122.51,48.67],[-122.55,48.76],[-122.56,48.78],[-122.58,48.78],[-122.6,48.77],[-122.65,48.76],[-122.69,48.79],[-122.72,48.85],[-122.79,48.99],[-122.83,49.03],[-122.92,49.07],[-122.96,49.07],[-123.0,49.06],[-123.03,49.04],[-123.05,48.99],[-123.06,48.98],[-123.08,48.98],[-123.09,48.99],[-123.12,49.06],[-123.11,49.08],[-123.08,49.12],[-123.08,49.13],[-123.15,49.12],[-123.18,49.13],[-123.2,49.15],[-123.19,49.22],[-123.23,49.26],[-123.18,49.28],[-123.07,49.29],[-122.95,49.29],[-122.91,49.32],[-122.88,49.4],[-122.96,49.33],[-123.02,49.32],[-123.17,49.35],[-123.28,49.34],[-123.29,49.36],[-123.29,49.37],[-123.26,49.39],[-123.25,49.44],[-123.22,49.59],[-123.19,49.64],[-123.18,49.67],[-123.19,49.68],[-123.33,49.58],[-123.34,49.55],[-123.32,49.52],[-123.34,49.46],[-123.4,49.44],[-123.44,49.45],[-123.51,49.4],[-123.53,49.4],[-123.86,49.48],[-123.89,49.49],[-123.95,49.53],[-124.03,49.6],[-124.05,49.66],[-124.02,49.71],[-123.99,49.74],[-123.96,49.74],[-123.92,49.72],[-123.85,49.64],[-123.82,49.59],[-123.74,49.59],[-123.61,49.66],[-123.58,49.68],[-123.71,49.66],[-123.76,49.66],[-123.82,49.69],[-123.87,49.74],[-123.9,49.8],[-123.9,49.98],[-123.88,50.02],[-123.82,50.04],[-123.78,50.09],[-123.79,50.11],[-123.83,50.14],[-123.88,50.17],[-123.93,50.19],[-123.95,50.18],[-123.86,50.1],[-123.87,50.07],[-123.96,49.99],[-123.97,49.97],[-123.97,49.89],[-123.98,49.88],[-124.06,49.85],[-124.14,49.79],[-124.28,49.77],[-124.41,49.78],[-124.48,49.81],[-124.7,49.96],[-124.78,50.02],[-124.78,50.07],[-124.93,50.26],[-124.93,50.3],[-124.99,50.36],[-125.04,50.36],[-125.06,50.42],[-124.94,50.54],[-124.86,50.64],[-124.85,50.67],[-124.86,50.72],[-124.88,50.83],[-124.86,50.87],[-124.93,50.81],[-124.95,50.76],[-124.93,50.72],[-124.94,50.67],[-124.99,50.59],[-125.06,50.51],[-125.21,50.48],[-125.48,50.5],[-125.51,50.51],[-125.53,50.53],[-125.54,50.65],[-125.56,50.63],[-125.59,50.57],[-125.61,50.49],[-125.64,50.47],[-125.7,50.46],[-125.74,50.48],[-125.77,50.51],[-125.84,50.51],[-125.97,50.49],[-126.02,50.5],[-126.09,50.5],[-126.24,50.52],[-126.4,50.53],[-126.45,50.55],[-126.45,50.59],[-126.42,50.61],[-126.24,50.62],[-126.07,50.66],[-125.9,50.68],[-125.9,50.7],[-125.98,50.71],[-126.37,50.67],[-126.49,50.67],[-126.51,50.68],[-126.52,50.72],[-126.47,50.77],[-126.4,50.81],[-126.37,50.84],[-126.42,50.85],[-126.49,50.84],[-126.52,50.87],[-126.48,50.96],[-126.52,51.06],[-126.56,50.97],[-126.63,50.92],[-126.96,50.89],[-127.01,50.87],[-127.06,50.87],[-127.27,50.92],[-127.36,50.95],[-127.44,50.99],[-127.59,51.09],[-127.71,51.15],[-127.71,51.27],[-127.69,51.34],[-127.63,51.43],[-127.42,51.61],[-127.35,51.64],[-127.28,51.65],[-126.97,51.67],[-126.74,51.69],[-126.69,51.7],[-127.03,51.72],[-127.34,51.71],[-127.44,51.68],[-127.58,51.56],[-127.61,51.51],[-127.64,51.48],[-127.67,51.48],[-127.71,51.49],[-127.73,51.51],[-127.75,51.54],[-127.82,51.6],[-127.85,51.67],[-127.87,51.78],[-127.86,51.82],[-127.83,51.88],[-127.73,51.99],[-127.86,51.99],[-127.84,52.09],[-127.8,52.19],[-127.67,52.25],[-127.55,52.3],[-127.44,52.36],[-127.24,52.4],[-127.18,52.31],[-127.01,52.29],[-126.96,52.25],[-126.9,52.19],[-126.83,52.13],[-126.74,52.06],[-126.71,52.06],[-126.75,52.11],[-126.9,52.23],[-126.9,52.27],[-126.94,52.31],[-127.13,52.37],[-127.16,52.39],[-127.19,52.46],[-127.21,52.5],[-127.19,52.54],[-127.0,52.66],[-126.95,52.72],[-126.95,52.75],[-126.97,52.78],[-127.01,52.84],[-127.02,52.84],[-127.01,52.75],[-127.01,52.72],[-127.03,52.68],[-127.07,52.65],[-127.11,52.63],[-127.52,52.36],[-127.56,52.34],[-127.71,52.32],[-127.79,52.29],[-127.83,52.25],[-127.9,52.15],[-128.0,51.95],[-128.1,51.79],[-128.19,52.0],[-128.36,52.16],[-128.04,52.32],[-128.03,52.34],[-128.06,52.43],[-128.05,52.45],[-128.02,52.49],[-127.94,52.55],[-128.04,52.53],[-128.18,52.41],[-128.24,52.37],[-128.27,52.36],[-128.28,52.44],[-128.2,52.62],[-128.13,52.81],[-128.11,52.86],[-128.05,52.91],[-128.11,52.91],[-128.37,52.83],[-128.45,52.88],[-128.52,53.14],[-128.65,53.24],[-128.87,53.33],[-129.08,53.37],[-129.13,53.44],[-129.17,53.53],[-129.11,53.64],[-129.02,53.69],[-128.94,53.72],[-128.85,53.7],[-128.85,53.67],[-128.91,53.56],[-128.83,53.55],[-128.54,53.42],[-128.48,53.41],[-128.36,53.46],[-128.29,53.46],[-128.13,53.42],[-128.08,53.37],[-127.93,53.27],[-127.95,53.33],[-128.12,53.45],[-128.21,53.48],[-128.37,53.49],[-128.47,53.47],[-128.51,53.48],[-128.6,53.51],[-128.68,53.55],[-128.75,53.66],[-128.77,53.71],[-128.76,53.75],[-128.75,53.78],[-128.71,53.81],[-128.65,53.83],[-128.56,53.85],[-128.53,53.86],[-128.65,53.92],[-128.7,53.92],[-128.89,53.83],[-128.93,53.82],[-128.94,53.84],[-128.96,53.84],[-129.01,53.8],[-129.06,53.78],[-129.21,53.64],[-129.23,53.58],[-129.24,53.48],[-129.26,53.42],[-129.28,53.39],[-129.46,53.35],[-129.56,53.25],[-129.69,53.33],[-129.82,53.41],[-129.91,53.55],[-130.0,53.56],[-130.0,54.14],[-129.79,54.17],[-129.63,54.23],[-129.79,54.24],[-129.9,54.23],[-130.0,54.2],[-130.0,55.02],[-129.95,55.08],[-129.89,55.16],[-129.78,55.28],[-129.56,55.46],[-129.63,55.45],[-129.67,55.44],[-129.7,55.44],[-129.73,55.46],[-129.77,55.5],[-129.8,55.56],[-129.81,55.53],[-129.82,55.42],[-129.84,55.32],[-129.88,55.25],[-129.99,55.11],[-130.0,55.1],[-130.0,55.26],[-129.99,55.36],[-130.0,55.39],[-130.0,70.09],[-129.94,70.09],[-129.9,70.11],[-129.73,70.19],[-129.68,70.19],[-129.62,70.17],[-129.54,70.11],[-129.54,70.07],[-129.65,70.0],[-130.0,69.9],[-130.0,69.74],[-129.57,69.83],[-129.26,69.86],[-129.11,69.88],[-129.03,69.9],[-128.98,69.93],[-128.9,69.97],[-128.88,69.96],[-128.92,69.89],[-128.94,69.88],[-129.14,69.83],[-129.16,69.8],[-129.14,69.75],[-129.1,69.72],[-129.05,69.7],[-128.97,69.71],[-128.85,69.75],[-128.71,69.81],[-128.39,69.96],[-128.36,69.99],[-128.28,70.11],[-128.1,70.16],[-127.76,70.22],[-127.68,70.26],[-127.97,70.29],[-128.03,70.32],[-128.04,70.33],[-127.99,70.36],[-128.12,70.4],[-128.17,70.42],[-128.17,70.48],[-128.13,70.52],[-128.04,70.57],[-127.99,70.57],[-127.86,70.55],[-127.75,70.52],[-127.38,70.37],[-127.23,70.3],[-127.14,70.24],[-126.93,70.06],[-126.83,69.96],[-126.76,69.85],[-126.68,69.78],[-126.61,69.73],[-126.25,69.55],[-126.06,69.47],[-125.91,69.42],[-125.73,69.38],[-125.52,69.35],[-125.39,69.35],[-125.17,69.43],[-125.17,69.48],[-125.26,69.57],[-125.36,69.63],[-125.35,69.66],[-125.22,69.73],[-125.23,69.76],[-125.2,69.83],[-125.11,69.82],[-125.08,69.82],[-125.03,69.84],[-124.97,69.89],[-124.89,69.94],[-124.79,69.97],[-124.77,69.99],[-124.86,70.01],[-124.92,70.01],[-124.96,70.01],[-124.99,70.03],[-124.95,70.04],[-124.75,70.08],[-124.71,70.12],[-124.64,70.14],[-124.56,70.15],[-124.5,70.14],[-124.44,70.11],[-124.44,70.06],[-124.47,69.98],[-124.47,69.92],[-124.41,69.77],[-124.35,69.73],[-124.12,69.69],[-124.14,69.65],[-124.4,69.49],[-124.45,69.45],[-124.48,69.43],[-124.47,69.4],[-124.43,69.38],[-124.34,69.36],[-124.11,69.36],[-124.05,69.37],[-123.61,69.38],[-123.53,69.39],[-123.46,69.42],[-123.36,69.5],[-123.25,69.52],[-123.21,69.54],[-123.14,69.63],[-123.11,69.74],[-123.08,69.78],[-123.03,69.81],[-122.96,69.82],[-122.79,69.81],[-122.7,69.82],[-122.39,69.81],[-122.07,69.82],[-121.74,69.8],[-121.53,69.78],[-121.34,69.74],[-120.96,69.66],[-120.81,69.62],[-120.29,69.42],[-120.14,69.38],[-119.85,69.34],[-118.87,69.26],[-118.74,69.23],[-118.49,69.14],[-118.31,69.09],[-118.1,69.04],[-117.83,69.0],[-117.31,68.93],[-117.23,68.91],[-117.13,68.91],[-117.03,68.92],[-116.55,68.88],[-116.42,68.88],[-116.33,68.87],[-116.22,68.85],[-116.06,68.84],[-116.07,68.86],[-116.25,68.96],[-116.24,68.97],[-116.17,68.98],[-115.94,68.96],[-115.88,68.99],[-115.81,68.99],[-115.63,68.97],[-115.44,68.94],[-115.24,68.89],[-114.99,68.85],[-114.62,68.75],[-114.41,68.66],[-114.22,68.55],[-114.11,68.48],[-114.09,68.44],[-114.05,68.41],[-113.99,68.41],[-113.96,68.4],[-114.02,68.31],[-114.05,68.28],[-114.1,68.27],[-114.27,68.25],[-114.77,68.27],[-114.85,68.2],[-115.13,68.13],[-115.18,68.1],[-115.19,68.08],[-115.17,68.02],[-115.2,68.0],[-115.43,67.92],[-115.43,67.9],[-115.29,67.87],[-115.13,67.82],[-115.01,67.81],[-114.86,67.81],[-114.66,67.8],[-114.43,67.75],[-114.27,67.73],[-114.18,67.74],[-114.05,67.73],[-113.89,67.71],[-113.68,67.7],[-113.21,67.7],[-113.07,67.69],[-112.88,67.68],[-112.5,67.68],[-112.44,67.68],[-112.31,67.72],[-112.24,67.73],[-112.1,67.73],[-111.71,67.76],[-111.58,67.76],[-111.45,67.78],[-111.29,67.82],[-111.19,67.82],[-111.15,67.8],[-111.09,67.79],[-110.99,67.79],[-110.8,67.83],[-110.37,67.95],[-110.22,67.95],[-110.1,67.99],[-110.07,67.99],[-110.04,67.98],[-109.94,67.89],[-109.9,67.87],[-109.83,67.87],[-109.76,67.82],[-109.69,67.75],[-109.63,67.73],[-109.22,67.73],[-109.08,67.71],[-109.04,67.69],[-108.99,67.64],[-108.97,67.53],[-108.95,67.49],[-108.89,67.44],[-108.85,67.42],[-108.82,67.44],[-108.72,67.58],[-108.68,67.61],[-108.61,67.6],[-108.59,67.59],[-108.49,67.48],[-108.35,67.4],[-107.99,67.26],[-107.93,67.2],[-107.91,67.16],[-107.93,67.13],[-107.99,67.1],[-108.09,67.07],[-108.22,67.05],[-108.34,67.06],[-108.46,67.09],[-108.5,67.09],[-108.46,67.06],[-108.22,66.94],[-108.16,66.89],[-108.1,66.86],[-108.05,66.84],[-108.0,66.82],[-107.96,66.78],[-107.76,66.68],[-107.7,66.64],[-107.48,66.49],[-107.37,66.43],[-107.29,66.4],[-107.26,66.4],[-107.28,66.42],[-107.56,66.62],[-107.71,66.74],[-107.73,66.77],[-107.74,66.81],[-107.75,66.96],[-107.73,66.98],[-107.63,67.0],[-107.5,66.94],[-107.45,66.93],[-107.42,66.93],[-107.4,66.95],[-107.33,66.93],[-107.2,66.88],[-107.16,66.88],[-107.25,66.98],[-107.32,67.02],[-107.35,67.05],[-107.28,67.1],[-107.32,67.13],[-107.48,67.2],[-107.57,67.27],[-107.64,67.38],[-107.65,67.43],[-107.64,67.47],[-107.65,67.51],[-107.75,67.59],[-107.87,67.64],[-107.95,67.7],[-107.97,67.73],[-107.96,67.82],[-107.89,67.86],[-107.76,67.91],[-107.73,67.96],[-107.79,68.01],[-107.8,68.04],[-107.76,68.03],[-107.51,68.06],[-107.45,68.05],[-107.35,68.06],[-107.22,68.09],[-107.12,68.11],[-106.99,68.11],[-106.92,68.11],[-106.84,68.13],[-106.79,68.14],[-106.71,68.21],[-106.67,68.22],[-106.53,68.21],[-106.46,68.2],[-106.42,68.2],[-106.43,68.29],[-106.4,68.32],[-106.27,68.38],[-106.13,68.39],[-106.04,68.41],[-105.93,68.44],[-105.86,68.48],[-105.78,68.53],[-105.75,68.59],[-105.77,68.61],[-105.93,68.64],[-106.03,68.62],[-106.24,68.58],[-106.46,68.52],[-106.54,68.46],[-106.57,68.39],[-106.61,68.36],[-106.78,68.39],[-106.85,68.39],[-106.95,68.37],[-107.04,68.35],[-107.15,68.3],[-107.3,68.3],[-107.5,68.32],[-107.62,68.33],[-107.74,68.29],[-107.73,68.25],[-107.68,68.2],[-107.73,68.17],[-108.03,68.16],[-108.1,68.17],[-108.26,68.15],[-108.32,68.15],[-108.37,68.18],[-108.69,68.28],[-108.72,68.3],[-108.64,68.38],[-108.35,68.6],[-108.31,68.61],[-107.77,68.65],[-107.44,68.69],[-106.83,68.81],[-106.71,68.82],[-106.32,68.9],[-106.16,68.92],[-106.02,68.91],[-105.8,68.86],[-105.69,68.83],[-105.61,68.78],[-105.54,68.72],[-105.46,68.58],[-105.43,68.46],[-105.38,68.41],[-105.19,68.33],[-105.1,68.3],[-105.04,68.29],[-104.99,68.31],[-104.96,68.31],[-104.94,68.3],[-104.91,68.25],[-104.88,68.25],[-104.77,68.25],[-104.65,68.23],[-104.64,68.21],[-104.66,68.15],[-104.63,68.12],[-104.49,68.06],[-104.35,68.04],[-104.19,68.03],[-103.9,68.04],[-103.66,68.07],[-103.47,68.12],[-103.32,68.06],[-103.02,67.94],[-102.84,67.85],[-102.69,67.81],[-102.39,67.76],[-102.32,67.74],[-102.21,67.73],[-102.06,67.75],[-101.88,67.75],[-101.69,67.71],[-101.55,67.69],[-101.1,67.76],[-101.03,67.77],[-100.86,67.8],[-100.75,67.81],[-100.62,67.81],[-100.52,67.82],[-100.46,67.84],[-100.21,67.84],[-99.77,67.81],[-99.47,67.78],[-99.29,67.75],[-99.15,67.72],[-99.03,67.72],[-98.92,67.73],[-98.81,67.74],[-98.7,67.78],[-98.45,67.8],[-98.41,67.81],[-98.42,67.83],[-98.47,67.86],[-98.61,67.91],[-98.7,67.97],[-98.72,68.0],[-98.72,68.04],[-98.69,68.07],[-98.63,68.07],[-98.54,68.05],[-98.41,67.99],[-98.06,67.77],[-97.98,67.74],[-97.93,67.71],[-97.61,67.63],[-97.45,67.62],[-97.27,67.67],[-97.19,67.7],[-97.16,67.73],[-97.16,67.75],[-97.14,67.8],[-97.16,67.82],[-97.21,67.86],[-97.34,67.9],[-97.55,67.96],[-97.74,67.98],[-97.91,67.95],[-98.11,67.9],[-98.19,67.92],[-98.44,68.06],[-98.5,68.12],[-98.5,68.13],[-98.39,68.12],[-98.38,68.13],[-98.45,68.2],[-98.49,68.22],[-98.63,68.33],[-98.65,68.36],[-98.56,68.37],[-98.52,68.38],[-98.47,68.38],[-98.22,68.32],[-98.09,68.35],[-97.79,68.39],[-97.91,68.45],[-97.94,68.51],[-97.93,68.52],[-97.83,68.53],[-97.64,68.48],[-97.55,68.47],[-97.48,68.5],[-97.41,68.5],[-97.34,68.48],[-97.27,68.45],[-97.14,68.38],[-97.07,68.33],[-97.0,68.26],[-96.98,68.26],[-96.63,68.25],[-96.43,68.31],[-96.43,68.29],[-96.48,68.24],[-96.73,68.06],[-96.72,68.04],[-96.59,68.05],[-96.53,68.06],[-96.49,68.08],[-96.46,68.14],[-96.44,68.15],[-96.08,68.24],[-95.97,68.25],[-96.04,68.16],[-96.17,67.83],[-96.2,67.72],[-96.23,67.68],[-96.37,67.55],[-96.37,67.51],[-96.21,67.4],[-96.19,67.38],[-96.17,67.29],[-96.14,67.27],[-96.01,67.27],[-95.88,67.3],[-95.72,67.32],[-95.7,67.3],[-95.78,67.19],[-95.78,67.18],[-95.63,67.21],[-95.56,67.22],[-95.53,67.21],[-95.42,67.16],[-95.4,67.12],[-95.41,67.06],[-95.42,67.01],[-95.46,66.99],[-95.5,66.98],[-95.56,66.97],[-95.61,66.98],[-95.77,66.97],[-95.86,66.98],[-95.95,67.01],[-96.02,67.02],[-96.1,66.99],[-96.22,67.0],[-96.35,67.07],[-96.4,67.06],[-96.42,67.05],[-96.42,67.04],[-96.36,66.99],[-95.89,66.74],[-95.81,66.69],[-95.8,66.62],[-95.79,66.62],[-95.74,66.69],[-95.77,66.73],[-96.02,66.87],[-96.05,66.92],[-96.04,66.94],[-95.97,66.95],[-95.63,66.92],[-95.49,66.92],[-95.4,66.95],[-95.35,66.98],[-95.32,67.15],[-95.26,67.26],[-95.3,67.36],[-95.39,67.52],[-95.46,67.61],[-95.63,67.7],[-95.65,67.74],[-95.46,68.02],[-95.43,68.05],[-95.38,68.06],[-95.23,68.06],[-95.13,68.08],[-94.96,68.05],[-94.86,68.04],[-94.74,68.07],[-94.49,68.19],[-94.38,68.23],[-94.25,68.3],[-94.1,68.4],[-93.93,68.47],[-93.65,68.54],[-93.48,68.6],[-93.45,68.62],[-93.61,68.62],[-93.64,68.63],[-93.68,68.69],[-93.66,68.78],[-93.66,68.84],[-93.68,68.89],[-93.72,68.93],[-93.77,68.97],[-93.81,68.99],[-93.85,69.0],[-93.88,69.0],[-93.9,68.98],[-93.94,68.89],[-93.99,68.82],[-94.06,68.78],[-94.22,68.76],[-94.48,68.74],[-94.59,68.78],[-94.6,68.8],[-94.56,68.91],[-94.48,68.96],[-94.24,69.05],[-94.08,69.12],[-94.08,69.14],[-94.22,69.14],[-94.26,69.15],[-94.28,69.24],[-94.28,69.28],[-94.25,69.31],[-94.16,69.34],[-93.85,69.38],[-93.62,69.42],[-93.61,69.4],[-93.8,69.28],[-93.82,69.25],[-93.75,69.23],[-93.57,69.3],[-93.45,69.36],[-93.43,69.38],[-93.54,69.38],[-93.54,69.41],[-93.52,69.45],[-93.53,69.48],[-93.65,69.52],[-93.79,69.5],[-93.92,69.46],[-94.02,69.45],[-94.16,69.45],[-94.27,69.46],[-94.34,69.47],[-94.42,69.52],[-94.51,69.58],[-94.63,69.65],[-94.68,69.66],[-94.71,69.65],[-94.79,69.59],[-94.82,69.58],[-95.29,69.67],[-95.49,69.72],[-95.59,69.76],[-95.71,69.78],[-95.85,69.79],[-95.96,69.8],[-96.05,69.83],[-96.12,69.87],[-96.17,69.92],[-96.27,69.99],[-96.49,70.12],[-96.55,70.21],[-96.56,70.24],[-96.55,70.33],[-96.34,70.47],[-96.3,70.51],[-96.23,70.54],[-96.12,70.56],[-96.05,70.57],[-95.88,70.55],[-95.98,70.59],[-95.99,70.62],[-95.89,70.69],[-95.91,70.7],[-96.19,70.64],[-96.26,70.64],[-96.36,70.68],[-96.55,70.81],[-96.55,70.89],[-96.49,71.0],[-96.47,71.07],[-96.52,71.13],[-96.5,71.14],[-96.45,71.16],[-96.42,71.18],[-96.45,71.24],[-96.41,71.27],[-96.27,71.34],[-96.14,71.4],[-96.06,71.41],[-95.99,71.41],[-95.92,71.39],[-95.85,71.36],[-95.73,71.33],[-95.63,71.32],[-95.56,71.34],[-95.45,71.46],[-95.41,71.49],[-95.45,71.51],[-95.67,71.5],[-95.77,71.51],[-95.83,71.53],[-95.87,71.57],[-95.84,71.6],[-95.62,71.69],[-95.51,71.78],[-95.2,71.9],[-94.89,71.96],[-94.73,71.98],[-94.61,71.99],[-94.56,71.98],[-94.49,71.92],[-94.48,71.85],[-94.31,71.76]]],[[[-80.73,52.75],[-80.8,52.73],[-81.01,52.76],[-81.1,52.78],[-81.35,52.85],[-81.84,52.96],[-82.01,53.01],[-82.04,53.05],[-81.95,53.13],[-81.9,53.17],[-81.85,53.19],[-81.34,53.22],[-81.14,53.21],[-80.9,53.04],[-80.77,52.92],[-80.71,52.83],[-80.71,52.79],[-80.73,52.75]]],[[[-73.62,67.78],[-74.11,67.78],[-74.37,67.79],[-74.48,67.8],[-74.57,67.83],[-74.68,67.91],[-74.75,67.98],[-74.75,68.02],[-74.73,68.05],[-74.71,68.07],[-74.38,68.09],[-74.11,68.06],[-73.88,68.02],[-73.58,68.02],[-73.49,68.0],[-73.46,67.99],[-73.44,67.97],[-73.4,67.88],[-73.4,67.83],[-73.41,67.79],[-73.62,67.78]]],[[[-77.88,63.47],[-77.79,63.43],[-77.7,63.43],[-77.65,63.4],[-77.54,63.29],[-77.53,63.27],[-77.53,63.23],[-77.59,63.19],[-77.66,63.16],[-77.79,63.13],[-77.94,63.11],[-78.02,63.14],[-78.26,63.24],[-78.47,63.36],[-78.54,63.42],[-78.51,63.45],[-78.42,63.47],[-78.23,63.49],[-77.93,63.48],[-77.88,63.47]]],[[[-82.0,62.95],[-81.96,62.93],[-81.95,62.88],[-81.96,62.83],[-81.99,62.78],[-82.03,62.73],[-82.11,62.65],[-82.39,62.52],[-82.49,62.45],[-82.57,62.4],[-83.02,62.21],[-83.07,62.2],[-83.13,62.2],[-83.25,62.23],[-83.38,62.24],[-83.7,62.16],[-83.71,62.17],[-83.73,62.26],[-83.76,62.3],[-83.9,62.4],[-83.91,62.43],[-83.91,62.45],[-83.9,62.48],[-83.74,62.57],[-83.38,62.9],[-83.29,62.92],[-83.11,62.88],[-83.03,62.87],[-82.97,62.87],[-82.71,62.94],[-82.46,62.94],[-82.23,62.98],[-82.13,62.98],[-82.05,62.97],[-82.0,62.95]]],[[[-79.55,62.41],[-79.47,62.38],[-79.34,62.29],[-79.29,62.25],[-79.27,62.19],[-79.31,62.1],[-79.32,62.03],[-79.37,61.97],[-79.46,61.89],[-79.54,61.81],[-79.61,61.71],[-79.67,61.64],[-79.71,61.61],[-79.76,61.6],[-79.82,61.59],[-79.9,61.63],[-80.0,61.7],[-80.09,61.75],[-80.2,61.78],[-80.27,61.82],[-80.28,61.86],[-80.28,61.99],[-80.28,62.05],[-80.26,62.11],[-80.23,62.15],[-80.18,62.21],[-80.02,62.34],[-79.93,62.39],[-79.87,62.4],[-79.71,62.4],[-79.65,62.4],[-79.6,62.41],[-79.55,62.41]]],[[[-104.56,77.14],[-104.71,77.12],[-105.02,77.16],[-105.22,77.18],[-105.38,77.25],[-105.56,77.35],[-105.7,77.46],[-105.75,77.53],[-105.85,77.56],[-105.88,77.63],[-106.07,77.73],[-106.04,77.74],[-105.86,77.75],[-105.59,77.74],[-105.46,77.7],[-105.29,77.64],[-105.07,77.55],[-105.01,77.51],[-104.99,77.45],[-104.96,77.42],[-104.77,77.41],[-104.54,77.34],[-104.5,77.31],[-104.45,77.25],[-104.46,77.22],[-104.49,77.16],[-104.56,77.14]]],[[[-95.48,77.79],[-95.23,77.75],[-94.96,77.77],[-94.67,77.78],[-94.01,77.76],[-93.58,77.77],[-93.47,77.76],[-93.3,77.74],[-93.21,77.71],[-93.13,77.66],[-93.34,77.63],[-93.52,77.47],[-93.54,77.47],[-93.74,77.46],[-93.84,77.45],[-94.41,77.47],[-95.99,77.48],[-96.06,77.5],[-96.26,77.59],[-96.28,77.63],[-96.24,77.67],[-96.19,77.7],[-96.14,77.71],[-95.68,77.78],[-95.48,77.79]]],[[[-98.8,80.0],[-98.79,79.98],[-98.77,79.85],[-98.79,79.79],[-98.84,79.74],[-98.89,79.73],[-98.95,79.72],[-99.22,79.76],[-99.3,79.78],[-99.31,79.8],[-99.33,79.84],[-99.52,79.89],[-99.86,79.88],[-100.0,79.88],[-100.06,79.9],[-100.09,79.92],[-100.13,80.0],[-98.8,80.0]]],[[[-89.83,77.27],[-90.09,77.21],[-90.23,77.21],[-90.99,77.33],[-91.15,77.39],[-91.18,77.43],[-91.19,77.48],[-91.18,77.56],[-91.15,77.61],[-91.11,77.63],[-91.02,77.64],[-90.84,77.65],[-90.67,77.65],[-90.42,77.63],[-90.17,77.59],[-89.84,77.49],[-89.72,77.44],[-89.69,77.38],[-89.69,77.34],[-89.71,77.31],[-89.75,77.29],[-89.83,77.27]]],[[[-93.54,75.03],[-93.48,74.95],[-93.47,74.92],[-93.46,74.86],[-93.49,74.77],[-93.51,74.76],[-93.54,74.75],[-93.55,74.73],[-93.55,74.69],[-93.57,74.67],[-93.63,74.66],[-93.98,74.64],[-94.21,74.65],[-94.53,74.64],[-94.7,74.64],[-94.8,74.66],[-94.96,74.7],[-95.29,74.79],[-95.45,74.8],[-95.87,74.83],[-96.09,74.93],[-96.18,74.95],[-96.27,74.92],[-96.29,74.93],[-96.32,74.95],[-96.34,74.98],[-96.39,75.0],[-96.56,74.99],[-96.59,75.0],[-96.6,75.03],[-96.6,75.06],[-96.57,75.1],[-96.38,75.21],[-96.29,75.22],[-96.18,75.24],[-96.12,75.3],[-96.12,75.36],[-95.95,75.44],[-95.85,75.47],[-95.67,75.53],[-95.05,75.62],[-94.88,75.63],[-94.65,75.62],[-94.43,75.59],[-94.26,75.54],[-93.91,75.42],[-93.75,75.35],[-93.67,75.27],[-93.59,75.23],[-93.5,75.14],[-93.53,75.1],[-93.55,75.05],[-93.54,75.03]]],[[[-109.82,78.65],[-109.64,78.59],[-109.58,78.59],[-109.5,78.58],[-109.47,78.57],[-109.36,78.49],[-109.34,78.46],[-109.34,78.41],[-109.35,78.37],[-109.39,78.34],[-109.48,78.32],[-109.71,78.3],[-110.02,78.32],[-110.29,78.3],[-110.42,78.29],[-110.76,78.31],[-110.84,78.32],[-111.03,78.37],[-111.17,78.39],[-111.23,78.38],[-111.3,78.34],[-111.44,78.29],[-111.52,78.27],[-111.76,78.28],[-112.13,78.37],[-112.56,78.34],[-113.0,78.29],[-113.17,78.28],[-113.22,78.3],[-113.29,78.33],[-113.28,78.35],[-113.15,78.41],[-112.86,78.47],[-112.64,78.5],[-112.21,78.55],[-111.71,78.57],[-111.52,78.6],[-111.4,78.64],[-111.07,78.71],[-110.88,78.74],[-110.62,78.76],[-110.41,78.76],[-110.14,78.7],[-109.94,78.68],[-109.82,78.65]]],[[[-118.33,75.58],[-118.61,75.52],[-118.82,75.52],[-119.09,75.57],[-119.31,75.59],[-119.38,75.6],[-119.39,75.62],[-119.32,75.66],[-119.23,75.7],[-119.0,75.77],[-118.63,75.91],[-118.38,75.96],[-118.14,75.99],[-117.89,76.08],[-117.75,76.11],[-117.63,76.12],[-117.51,76.1],[-117.5,76.08],[-117.63,75.97],[-117.72,75.92],[-117.89,75.81],[-118.23,75.61],[-118.33,75.58]]],[[[-105.29,72.92],[-105.34,72.91],[-105.43,72.94],[-105.57,72.99],[-105.8,73.09],[-106.07,73.2],[-106.11,73.26],[-106.18,73.3],[-106.53,73.41],[-106.75,73.46],[-106.92,73.48],[-106.95,73.51],[-106.83,73.6],[-106.69,73.67],[-106.61,73.7],[-106.36,73.72],[-105.51,73.77],[-105.32,73.77],[-105.11,73.74],[-104.83,73.65],[-104.72,73.64],[-104.65,73.61],[-104.59,73.58],[-104.56,73.54],[-104.55,73.47],[-104.58,73.35],[-104.62,73.31],[-104.79,73.17],[-104.97,73.09],[-105.0,73.04],[-105.07,73.0],[-105.2,72.95],[-105.29,72.92]]],[[[-100.0,73.95],[-99.16,73.73],[-99.04,73.75],[-98.78,73.76],[-98.52,73.79],[-98.15,73.82],[-97.93,73.87],[-97.83,73.88],[-97.67,73.89],[-97.58,73.89],[-97.33,73.86],[-97.22,73.84],[-97.17,73.82],[-97.11,73.79],[-97.01,73.71],[-97.0,73.67],[-97.09,73.61],[-97.16,73.59],[-97.28,73.57],[-97.39,73.56],[-97.49,73.53],[-97.6,73.54],[-97.63,73.5],[-97.61,73.48],[-97.59,73.47],[-97.53,73.47],[-97.47,73.49],[-97.35,73.48],[-97.29,73.46],[-97.23,73.42],[-97.27,73.39],[-97.48,73.34],[-97.8,73.29],[-98.18,73.12],[-98.38,73.04],[-98.42,73.02],[-98.44,73.0],[-98.43,72.96],[-98.42,72.94],[-98.37,72.93],[-98.18,72.99],[-98.06,73.02],[-97.94,73.04],[-97.72,73.04],[-97.64,73.03],[-97.48,72.99],[-97.33,72.94],[-97.3,72.92],[-97.31,72.9],[-97.37,72.88],[-97.38,72.86],[-97.24,72.84],[-97.08,72.76],[-97.07,72.72],[-97.14,72.67],[-97.16,72.64],[-97.13,72.63],[-97.05,72.64],[-96.87,72.69],[-96.67,72.71],[-96.59,72.71],[-96.54,72.7],[-96.49,72.63],[-96.45,72.55],[-96.44,72.49],[-96.47,72.43],[-96.52,72.39],[-96.64,72.34],[-96.75,72.32],[-96.8,72.32],[-96.8,72.31],[-96.67,72.27],[-96.62,72.24],[-96.59,72.2],[-96.6,72.17],[-96.62,72.15],[-96.77,72.05],[-96.76,72.03],[-96.72,72.03],[-96.62,71.97],[-96.61,71.83],[-96.95,71.79],[-97.02,71.76],[-97.12,71.71],[-97.22,71.67],[-97.46,71.63],[-97.58,71.63],[-98.18,71.66],[-98.24,71.68],[-98.28,71.72],[-98.31,71.76],[-98.31,71.8],[-98.3,71.83],[-98.31,71.85],[-98.32,71.85],[-98.39,71.82],[-98.46,71.77],[-98.42,71.72],[-98.23,71.56],[-98.2,71.49],[-98.19,71.46],[-98.2,71.44],[-98.41,71.35],[-98.54,71.32],[-98.66,71.3],[-98.78,71.31],[-98.9,71.35],[-98.99,71.37],[-99.17,71.37],[-99.22,71.39],[-99.28,71.42],[-99.4,71.56],[-99.58,71.65],[-99.73,71.76],[-100.12,71.91],[-100.33,72.0],[-100.59,72.15],[-100.71,72.19],[-100.8,72.2],[-100.98,72.21],[-101.03,72.23],[-101.09,72.28],[-101.21,72.32],[-101.25,72.32],[-101.32,72.31],[-101.5,72.28],[-101.72,72.31],[-101.77,72.34],[-101.8,72.39],[-101.83,72.41],[-101.91,72.43],[-101.97,72.49],[-102.4,72.59],[-102.66,72.72],[-102.71,72.76],[-102.71,72.78],[-102.69,72.84],[-102.63,72.91],[-102.55,72.98],[-102.5,73.01],[-102.34,73.06],[-102.2,73.08],[-102.02,73.07],[-101.92,73.06],[-101.84,73.02],[-101.8,72.97],[-101.75,72.94],[-101.62,72.91],[-101.54,72.88],[-101.43,72.82],[-101.35,72.75],[-101.27,72.72],[-101.09,72.71],[-100.9,72.73],[-100.48,72.77],[-100.47,72.78],[-100.44,72.81],[-100.4,72.98],[-100.37,72.98],[-100.23,72.9],[-100.19,72.89],[-100.13,72.91],[-100.09,72.94],[-100.1,72.96],[-100.18,73.06],[-100.24,73.1],[-100.28,73.12],[-100.33,73.13],[-100.45,73.12],[-100.53,73.14],[-100.55,73.16],[-100.54,73.2],[-100.49,73.23],[-100.44,73.25],[-100.34,73.27],[-100.23,73.25],[-100.07,73.21],[-99.97,73.2],[-99.83,73.21],[-100.01,73.24],[-100.26,73.34],[-100.37,73.36],[-100.5,73.32],[-100.59,73.3],[-100.76,73.28],[-100.89,73.28],[-101.45,73.43],[-101.48,73.45],[-101.52,73.49],[-101.52,73.51],[-101.46,73.53],[-101.32,73.57],[-101.11,73.6],[-100.98,73.6],[-100.85,73.57],[-100.68,73.49],[-100.52,73.45],[-100.51,73.47],[-100.54,73.51],[-100.61,73.58],[-100.66,73.59],[-100.78,73.61],[-100.9,73.66],[-100.95,73.69],[-100.98,73.73],[-100.99,73.77],[-100.96,73.79],[-100.92,73.81],[-100.48,73.84],[-100.18,73.8],[-99.99,73.8],[-99.91,73.85],[-99.94,73.86],[-100.04,73.84],[-100.15,73.84],[-100.22,73.87],[-100.23,73.89],[-100.14,73.93],[-100.0,73.95]]],[[[-84.92,65.26],[-84.89,65.25],[-84.84,65.26],[-84.77,65.31],[-84.61,65.45],[-84.57,65.46],[-84.5,65.46],[-84.27,65.37],[-84.18,65.32],[-84.13,65.25],[-84.08,65.22],[-83.9,65.18],[-83.72,65.17],[-83.49,65.13],[-83.41,65.1],[-83.22,64.97],[-83.2,64.96],[-82.99,64.9],[-82.67,64.78],[-82.59,64.76],[-82.27,64.72],[-82.16,64.69],[-82.05,64.64],[-81.93,64.56],[-81.79,64.43],[-81.68,64.21],[-81.67,64.17],[-81.68,64.15],[-81.72,64.12],[-81.9,64.03],[-81.89,64.02],[-81.72,64.02],[-81.34,64.08],[-81.1,64.04],[-81.02,64.03],[-81.01,64.03],[-80.92,64.1],[-80.83,64.09],[-80.69,64.02],[-80.61,63.97],[-80.57,63.93],[-80.58,63.91],[-80.67,63.9],[-80.45,63.86],[-80.26,63.8],[-80.3,63.76],[-80.5,63.67],[-80.71,63.6],[-80.95,63.48],[-81.01,63.46],[-81.05,63.46],[-81.18,63.48],[-81.37,63.54],[-81.96,63.66],[-82.15,63.69],[-82.38,63.71],[-82.41,63.74],[-82.47,63.93],[-82.57,63.96],[-82.93,64.0],[-83.03,64.02],[-83.04,64.06],[-83.02,64.13],[-83.07,64.16],[-83.19,64.16],[-83.3,64.14],[-83.49,64.1],[-83.58,64.06],[-83.62,64.01],[-83.64,63.92],[-83.66,63.87],[-83.73,63.81],[-84.02,63.66],[-84.14,63.61],[-84.26,63.6],[-84.31,63.59],[-84.39,63.53],[-84.51,63.39],[-84.55,63.35],[-84.63,63.31],[-84.8,63.25],[-84.96,63.2],[-85.24,63.14],[-85.39,63.12],[-85.5,63.14],[-85.57,63.27],[-85.71,63.66],[-85.74,63.68],[-85.77,63.7],[-85.8,63.71],[-86.3,63.66],[-86.58,63.66],[-86.85,63.58],[-86.92,63.57],[-87.05,63.57],[-87.15,63.59],[-87.18,63.6],[-87.19,63.63],[-87.19,63.67],[-87.15,63.71],[-87.03,63.83],[-86.93,63.9],[-86.89,63.92],[-86.42,64.05],[-86.31,64.09],[-86.25,64.14],[-86.25,64.18],[-86.27,64.24],[-86.35,64.38],[-86.37,64.5],[-86.37,64.57],[-86.34,64.66],[-86.23,64.9],[-86.19,65.01],[-86.11,65.42],[-86.07,65.53],[-86.02,65.64],[-85.96,65.7],[-85.81,65.83],[-85.7,65.88],[-85.55,65.92],[-85.52,65.91],[-85.5,65.9],[-85.44,65.85],[-85.24,65.8],[-85.18,65.75],[-85.13,65.69],[-85.11,65.62],[-85.13,65.59],[-85.23,65.55],[-85.24,65.53],[-85.24,65.51],[-85.06,65.44],[-84.92,65.26]]],[[[-75.68,68.32],[-75.15,68.23],[-75.1,68.2],[-75.08,68.17],[-75.06,68.14],[-75.06,68.08],[-75.07,68.05],[-75.12,67.99],[-75.13,67.97],[-75.09,67.75],[-75.09,67.63],[-75.13,67.54],[-75.2,67.46],[-75.31,67.4],[-75.4,67.37],[-75.78,67.28],[-76.05,67.26],[-76.33,67.26],[-76.69,67.24],[-76.86,67.24],[-76.94,67.25],[-77.0,67.27],[-77.08,67.32],[-77.16,67.41],[-77.22,67.51],[-77.3,67.69],[-77.31,67.71],[-77.23,67.85],[-77.13,67.95],[-76.94,68.09],[-76.74,68.23],[-76.69,68.25],[-76.6,68.28],[-76.36,68.32],[-76.17,68.31],[-76.09,68.31],[-75.98,68.33],[-75.87,68.34],[-75.68,68.32]]],[[[-79.54,73.65],[-79.37,73.64],[-78.29,73.67],[-78.06,73.65],[-77.38,73.54],[-77.21,73.5],[-77.12,73.45],[-77.04,73.37],[-77.01,73.36],[-76.76,73.31],[-76.66,73.25],[-76.62,73.23],[-76.57,73.16],[-76.46,73.12],[-76.33,73.1],[-76.29,73.08],[-76.31,73.0],[-76.26,72.96],[-76.14,72.91],[-76.09,72.88],[-76.18,72.84],[-76.4,72.82],[-77.01,72.84],[-77.84,72.9],[-78.31,72.88],[-78.55,72.86],[-79.13,72.77],[-79.32,72.76],[-79.5,72.76],[-79.82,72.83],[-79.94,72.86],[-79.98,72.89],[-80.05,72.98],[-80.11,73.08],[-80.15,73.16],[-80.18,73.22],[-80.29,73.25],[-80.62,73.27],[-80.73,73.31],[-80.78,73.33],[-80.82,73.38],[-80.82,73.43],[-80.8,73.47],[-80.78,73.48],[-80.74,73.48],[-80.83,73.53],[-80.86,73.59],[-80.86,73.67],[-80.85,73.72],[-80.82,73.74],[-80.76,73.76],[-80.62,73.77],[-80.41,73.77],[-80.12,73.71],[-79.89,73.7],[-79.54,73.65]]],[[[-97.7,76.47],[-97.69,76.42],[-97.7,76.39],[-97.74,76.36],[-97.74,76.34],[-97.71,76.3],[-97.57,76.22],[-97.53,76.18],[-97.52,76.14],[-97.53,76.11],[-97.61,76.05],[-97.65,75.98],[-97.65,75.94],[-97.6,75.88],[-97.6,75.85],[-97.69,75.8],[-97.89,75.76],[-97.86,75.74],[-97.44,75.68],[-97.41,75.67],[-97.41,75.55],[-97.34,75.42],[-97.36,75.42],[-97.47,75.46],[-97.65,75.51],[-97.88,75.42],[-97.85,75.26],[-97.7,75.19],[-97.66,75.15],[-97.67,75.13],[-97.8,75.12],[-97.84,75.12],[-97.97,75.15],[-98.05,75.2],[-98.07,75.2],[-98.09,75.18],[-98.08,75.15],[-97.99,75.11],[-97.95,75.06],[-97.99,75.05],[-98.12,75.03],[-98.3,75.03],[-98.57,75.01],[-98.7,75.01],[-98.83,75.02],[-99.01,75.02],[-99.16,75.02],[-99.24,75.03],[-99.33,75.05],[-99.42,75.04],[-99.63,74.98],[-99.95,75.0],[-100.23,75.01],[-100.29,75.03],[-100.36,75.07],[-100.48,75.19],[-100.46,75.22],[-100.15,75.24],[-100.15,75.25],[-100.36,75.29],[-100.61,75.32],[-100.73,75.35],[-100.7,75.39],[-100.71,75.41],[-100.28,75.46],[-99.97,75.57],[-99.77,75.61],[-99.76,75.63],[-99.59,75.66],[-99.21,75.67],[-99.19,75.7],[-99.92,75.68],[-100.9,75.62],[-101.21,75.59],[-101.46,75.61],[-102.54,75.51],[-102.59,75.51],[-102.7,75.54],[-102.8,75.6],[-102.73,75.64],[-102.41,75.71],[-102.25,75.78],[-102.27,75.81],[-102.14,75.88],[-101.94,75.88],[-101.6,75.83],[-101.42,75.78],[-101.26,75.76],[-101.12,75.76],[-100.97,75.8],[-101.01,75.8],[-101.26,75.78],[-101.29,75.79],[-101.41,75.85],[-101.47,75.88],[-101.51,75.92],[-101.51,75.94],[-101.43,75.99],[-101.72,76.01],[-101.82,76.04],[-101.87,76.08],[-101.86,76.1],[-101.77,76.15],[-101.53,76.22],[-101.56,76.24],[-101.91,76.23],[-101.99,76.24],[-102.14,76.28],[-102.1,76.33],[-101.96,76.4],[-101.86,76.44],[-101.79,76.45],[-101.68,76.45],[-101.42,76.42],[-101.34,76.41],[-101.14,76.35],[-101.09,76.31],[-101.09,76.27],[-101.06,76.25],[-100.9,76.21],[-100.23,76.01],[-100.11,75.96],[-100.02,75.94],[-99.87,75.92],[-99.77,75.93],[-99.7,75.94],[-99.69,75.96],[-99.98,76.03],[-100.05,76.07],[-100.11,76.12],[-100.09,76.13],[-100.0,76.14],[-99.79,76.13],[-99.54,76.15],[-99.82,76.17],[-100.0,76.2],[-100.18,76.2],[-100.41,76.24],[-100.41,76.26],[-100.36,76.27],[-100.04,76.29],[-99.98,76.3],[-99.98,76.31],[-100.08,76.34],[-100.17,76.36],[-100.65,76.4],[-100.82,76.44],[-100.87,76.46],[-100.89,76.48],[-100.83,76.52],[-100.57,76.58],[-100.39,76.61],[-100.07,76.63],[-99.81,76.63],[-99.67,76.62],[-99.33,76.52],[-99.17,76.45],[-98.89,76.47],[-98.97,76.54],[-99.02,76.61],[-98.94,76.64],[-98.71,76.69],[-98.53,76.67],[-98.29,76.6],[-98.24,76.58],[-97.97,76.53],[-97.81,76.52],[-97.73,76.5],[-97.7,76.47]]],[[[-103.43,79.32],[-103.19,79.3],[-102.91,79.23],[-102.65,79.1],[-102.64,79.08],[-102.64,79.05],[-102.65,79.03],[-102.68,78.99],[-102.73,78.97],[-102.6,78.94],[-102.58,78.93],[-102.59,78.9],[-102.58,78.88],[-102.49,78.9],[-102.42,78.93],[-102.41,78.95],[-102.39,79.01],[-102.19,79.04],[-101.97,79.08],[-101.87,79.09],[-101.7,79.08],[-101.3,78.98],[-101.14,78.97],[-101.09,78.96],[-101.04,78.94],[-101.03,78.91],[-101.12,78.86],[-101.15,78.82],[-101.13,78.8],[-100.92,78.78],[-100.44,78.82],[-100.01,78.73],[-99.78,78.62],[-99.61,78.58],[-99.58,78.56],[-99.63,78.54],[-99.68,78.49],[-99.82,78.46],[-99.85,78.44],[-99.77,78.39],[-99.77,78.36],[-99.78,78.33],[-99.75,78.3],[-99.56,78.28],[-99.13,78.12],[-99.05,78.07],[-99.0,78.02],[-99.0,78.0],[-99.06,77.97],[-99.13,77.88],[-99.17,77.86],[-99.34,77.84],[-99.66,77.82],[-99.96,77.79],[-100.27,77.83],[-100.59,77.89],[-100.68,77.93],[-100.76,77.98],[-100.78,78.0],[-100.81,78.07],[-100.83,78.09],[-100.96,78.13],[-101.07,78.19],[-101.3,78.2],[-101.83,78.26],[-102.06,78.28],[-102.28,78.28],[-102.61,78.25],[-102.67,78.26],[-102.72,78.28],[-102.77,78.31],[-102.78,78.33],[-102.73,78.37],[-103.68,78.32],[-103.95,78.26],[-104.32,78.27],[-104.51,78.29],[-104.76,78.35],[-104.88,78.4],[-104.99,78.47],[-105.0,78.52],[-104.91,78.55],[-104.82,78.57],[-104.73,78.58],[-104.21,78.54],[-103.76,78.52],[-103.57,78.54],[-103.48,78.59],[-103.59,78.62],[-104.02,78.63],[-103.93,78.66],[-103.56,78.69],[-103.37,78.74],[-103.41,78.75],[-103.52,78.77],[-104.01,78.76],[-104.19,78.78],[-104.19,78.8],[-104.15,78.81],[-103.88,78.9],[-103.89,78.92],[-104.01,78.95],[-104.11,78.99],[-104.15,78.99],[-104.39,78.96],[-104.74,78.83],[-104.82,78.81],[-104.9,78.81],[-104.97,78.83],[-104.97,78.86],[-104.89,78.89],[-104.74,78.99],[-104.75,79.03],[-104.9,79.05],[-105.31,79.03],[-105.54,79.03],[-105.57,79.06],[-105.58,79.11],[-105.57,79.16],[-105.51,79.24],[-105.44,79.3],[-105.39,79.32],[-104.85,79.31],[-103.96,79.35],[-103.71,79.35],[-103.43,79.32]]],[[[-87.13,80.0],[-87.08,79.97],[-86.98,79.89],[-87.05,79.81],[-87.14,79.66],[-87.22,79.63],[-87.3,79.58],[-87.24,79.57],[-86.93,79.59],[-86.86,79.6],[-86.65,79.65],[-86.34,79.63],[-86.23,79.62],[-86.18,79.61],[-86.09,79.55],[-86.01,79.48],[-85.95,79.49],[-85.8,79.57],[-85.75,79.59],[-85.68,79.62],[-85.65,79.61],[-85.5,79.53],[-85.18,79.39],[-85.06,79.33],[-85.04,79.28],[-85.18,79.23],[-85.29,79.21],[-86.09,79.1],[-86.45,79.04],[-86.63,78.99],[-86.72,78.98],[-86.91,78.98],[-86.96,78.97],[-87.02,78.9],[-87.08,78.87],[-87.25,78.81],[-87.48,78.72],[-87.62,78.68],[-87.86,78.71],[-87.92,78.75],[-87.96,78.85],[-87.96,78.89],[-87.95,78.92],[-87.92,78.95],[-87.82,79.04],[-87.83,79.05],[-87.88,79.04],[-88.04,79.0],[-88.1,78.97],[-88.16,78.93],[-88.19,78.87],[-88.17,78.75],[-88.19,78.7],[-88.25,78.67],[-88.23,78.65],[-88.04,78.63],[-88.0,78.62],[-87.98,78.59],[-87.97,78.56],[-87.98,78.54],[-88.04,78.49],[-88.15,78.48],[-88.28,78.5],[-88.58,78.6],[-88.71,78.6],[-88.74,78.58],[-88.71,78.55],[-88.62,78.46],[-88.61,78.39],[-88.65,78.33],[-88.73,78.24],[-88.79,78.19],[-88.82,78.19],[-88.97,78.18],[-89.1,78.21],[-89.47,78.37],[-89.66,78.44],[-89.93,78.57],[-90.0,78.6],[-90.04,78.61],[-90.08,78.55],[-90.0,78.5],[-89.76,78.37],[-89.61,78.28],[-89.51,78.2],[-89.49,78.17],[-89.53,78.16],[-89.58,78.17],[-89.65,78.19],[-89.87,78.24],[-89.97,78.26],[-90.03,78.29],[-90.14,78.31],[-90.3,78.33],[-90.46,78.33],[-90.62,78.32],[-90.65,78.31],[-90.47,78.27],[-90.41,78.25],[-90.36,78.22],[-90.33,78.18],[-90.39,78.16],[-90.61,78.15],[-90.92,78.16],[-91.41,78.19],[-91.9,78.24],[-92.35,78.31],[-92.68,78.39],[-92.81,78.43],[-92.85,78.46],[-92.73,78.49],[-92.3,78.52],[-91.87,78.54],[-91.93,78.56],[-92.72,78.61],[-92.97,78.61],[-93.11,78.6],[-93.27,78.61],[-93.39,78.64],[-93.55,78.71],[-93.63,78.75],[-93.62,78.77],[-93.56,78.78],[-93.21,78.77],[-93.16,78.78],[-93.34,78.81],[-93.9,78.87],[-94.11,78.93],[-94.15,78.95],[-94.17,78.97],[-94.16,78.99],[-93.95,79.04],[-93.29,79.14],[-93.07,79.16],[-92.84,79.16],[-92.68,79.19],[-92.55,79.28],[-91.87,79.32],[-91.34,79.36],[-91.3,79.37],[-91.69,79.36],[-92.25,79.37],[-92.48,79.44],[-92.64,79.45],[-92.82,79.45],[-93.03,79.43],[-93.38,79.37],[-93.55,79.35],[-93.93,79.29],[-94.04,79.3],[-94.09,79.3],[-94.11,79.32],[-94.04,79.36],[-93.94,79.39],[-93.96,79.4],[-94.11,79.4],[-94.28,79.4],[-94.4,79.39],[-94.85,79.34],[-95.04,79.29],[-95.1,79.29],[-95.32,79.35],[-95.66,79.39],[-95.73,79.42],[-95.66,79.53],[-95.56,79.55],[-95.3,79.57],[-94.52,79.67],[-94.48,79.69],[-94.4,79.74],[-94.58,79.73],[-94.97,79.68],[-95.3,79.65],[-95.55,79.65],[-95.74,79.66],[-95.86,79.67],[-96.0,79.7],[-96.46,79.85],[-96.59,79.92],[-96.61,79.98],[-96.62,80.0],[-87.13,80.0]]],[[[-94.29,76.91],[-94.11,76.9],[-93.95,76.92],[-93.81,76.91],[-93.61,76.87],[-93.42,76.81],[-93.28,76.78],[-93.23,76.77],[-93.21,76.75],[-93.19,76.71],[-93.19,76.69],[-93.2,76.67],[-93.26,76.63],[-93.32,76.57],[-93.43,76.53],[-93.48,76.49],[-93.53,76.45],[-93.42,76.47],[-93.0,76.62],[-92.72,76.6],[-92.3,76.62],[-91.79,76.68],[-91.55,76.69],[-91.31,76.68],[-91.12,76.66],[-90.74,76.58],[-90.6,76.54],[-90.55,76.52],[-90.54,76.5],[-90.62,76.46],[-90.86,76.48],[-91.26,76.5],[-91.34,76.51],[-91.4,76.51],[-91.44,76.5],[-91.42,76.46],[-91.33,76.45],[-90.85,76.44],[-89.28,76.3],[-89.22,76.26],[-89.24,76.24],[-89.29,76.22],[-89.41,76.19],[-90.31,76.16],[-90.83,76.19],[-91.26,76.23],[-91.41,76.22],[-91.28,76.16],[-91.02,76.14],[-90.8,76.11],[-90.71,76.08],[-90.25,76.05],[-90.18,76.03],[-90.03,75.97],[-89.91,75.97],[-89.79,75.92],[-89.7,75.85],[-89.65,75.84],[-89.51,75.86],[-89.28,75.8],[-89.2,75.76],[-89.2,75.74],[-89.26,75.7],[-89.36,75.65],[-89.63,75.58],[-89.65,75.57],[-89.34,75.57],[-89.28,75.56],[-88.92,75.45],[-88.87,75.45],[-88.84,75.46],[-88.8,75.5],[-88.82,75.54],[-88.86,75.59],[-88.85,75.62],[-88.78,75.65],[-88.71,75.66],[-88.64,75.66],[-88.57,75.65],[-88.2,75.51],[-87.73,75.58],[-87.64,75.55],[-87.57,75.49],[-87.54,75.48],[-87.36,75.59],[-87.26,75.62],[-86.81,75.49],[-86.54,75.46],[-86.44,75.44],[-86.24,75.41],[-85.95,75.4],[-85.9,75.44],[-86.07,75.5],[-85.97,75.53],[-85.58,75.58],[-85.37,75.57],[-84.99,75.64],[-84.75,75.65],[-84.6,75.65],[-84.13,75.76],[-84.01,75.78],[-83.93,75.82],[-83.74,75.81],[-83.24,75.75],[-83.09,75.76],[-82.55,75.82],[-82.35,75.83],[-82.15,75.83],[-81.65,75.79],[-81.27,75.76],[-81.15,75.74],[-81.19,75.68],[-81.17,75.67],[-81.12,75.66],[-81.0,75.64],[-80.53,75.64],[-80.32,75.63],[-80.16,75.58],[-80.12,75.56],[-80.13,75.54],[-80.29,75.49],[-80.26,75.48],[-80.1,75.47],[-79.74,75.46],[-79.66,75.45],[-79.59,75.38],[-79.51,75.3],[-79.51,75.26],[-79.63,75.2],[-79.98,75.12],[-80.36,75.05],[-80.38,75.03],[-80.26,75.0],[-80.14,74.99],[-80.04,74.99],[-79.73,75.02],[-79.66,75.02],[-79.52,74.99],[-79.46,74.96],[-79.4,74.92],[-79.51,74.88],[-79.94,74.83],[-80.2,74.89],[-80.29,74.91],[-80.35,74.9],[-80.31,74.88],[-80.19,74.83],[-80.15,74.8],[-80.19,74.78],[-80.21,74.75],[-80.21,74.7],[-80.22,74.66],[-80.26,74.58],[-80.28,74.58],[-81.23,74.57],[-81.34,74.55],[-81.61,74.5],[-81.81,74.48],[-81.94,74.47],[-82.07,74.48],[-82.41,74.54],[-82.65,74.53],[-82.74,74.53],[-82.93,74.57],[-82.98,74.58],[-83.06,74.63],[-83.12,74.69],[-83.11,74.73],[-83.09,74.79],[-83.1,74.82],[-83.16,74.82],[-83.22,74.83],[-83.41,74.88],[-83.52,74.9],[-83.54,74.89],[-83.51,74.85],[-83.49,74.83],[-83.36,74.8],[-83.34,74.76],[-83.39,74.67],[-83.41,74.65],[-83.53,74.59],[-83.62,74.57],[-83.87,74.56],[-84.25,74.52],[-84.43,74.51],[-84.67,74.52],[-84.82,74.54],[-84.92,74.57],[-85.01,74.6],[-85.06,74.61],[-85.09,74.53],[-85.13,74.52],[-85.21,74.52],[-85.34,74.54],[-85.44,74.6],[-85.47,74.6],[-85.49,74.57],[-85.51,74.55],[-85.54,74.53],[-85.81,74.5],[-85.96,74.5],[-86.11,74.54],[-86.21,74.54],[-86.34,74.51],[-86.66,74.56],[-86.73,74.56],[-86.67,74.49],[-86.77,74.48],[-86.99,74.48],[-87.36,74.5],[-87.59,74.47],[-88.01,74.49],[-88.42,74.49],[-88.5,74.51],[-88.56,74.54],[-88.56,74.57],[-88.54,74.61],[-88.48,74.67],[-88.37,74.74],[-88.34,74.78],[-88.43,74.8],[-88.49,74.83],[-88.53,74.83],[-88.68,74.8],[-88.78,74.72],[-88.85,74.69],[-88.88,74.71],[-88.91,74.76],[-88.94,74.79],[-88.98,74.79],[-89.02,74.77],[-89.06,74.75],[-89.12,74.74],[-89.19,74.74],[-89.22,74.73],[-89.2,74.7],[-89.19,74.67],[-89.2,74.64],[-89.26,74.61],[-89.45,74.57],[-89.56,74.55],[-89.84,74.55],[-90.02,74.56],[-90.36,74.61],[-90.55,74.61],[-90.78,74.7],[-90.97,74.72],[-90.96,74.75],[-90.88,74.8],[-90.88,74.82],[-91.13,74.74],[-91.16,74.71],[-91.13,74.65],[-91.17,74.65],[-91.34,74.67],[-91.51,74.65],[-91.55,74.66],[-91.67,74.7],[-91.87,74.74],[-91.96,74.79],[-92.1,74.95],[-92.17,75.05],[-92.17,75.07],[-92.06,75.1],[-92.08,75.12],[-92.21,75.18],[-92.35,75.23],[-92.39,75.26],[-92.41,75.3],[-92.43,75.35],[-92.43,75.38],[-92.41,75.41],[-92.33,75.48],[-92.11,75.61],[-92.08,75.63],[-92.07,75.66],[-92.1,75.73],[-92.14,75.8],[-92.19,75.85],[-92.31,75.92],[-92.47,75.99],[-92.71,76.11],[-92.88,76.21],[-93.09,76.35],[-93.19,76.37],[-93.31,76.36],[-93.56,76.31],[-93.64,76.29],[-93.67,76.27],[-93.85,76.27],[-94.38,76.28],[-94.59,76.3],[-94.74,76.29],[-95.0,76.26],[-95.27,76.26],[-95.45,76.36],[-95.84,76.42],[-95.96,76.45],[-96.04,76.49],[-96.01,76.51],[-95.79,76.54],[-95.7,76.56],[-95.65,76.58],[-95.87,76.57],[-95.97,76.57],[-96.64,76.7],[-96.85,76.73],[-96.88,76.74],[-96.9,76.75],[-96.9,76.77],[-96.88,76.8],[-96.68,76.77],[-96.59,76.76],[-96.45,76.77],[-96.4,76.8],[-96.43,76.81],[-96.66,76.86],[-96.77,76.89],[-96.81,76.91],[-96.77,76.95],[-96.76,76.97],[-96.69,76.99],[-96.55,76.99],[-96.38,77.0],[-96.06,77.05],[-95.85,77.07],[-95.64,77.06],[-95.13,77.02],[-94.62,76.96],[-94.29,76.91]]],[[[-96.2,78.53],[-95.97,78.51],[-95.56,78.52],[-95.41,78.5],[-95.03,78.43],[-94.92,78.39],[-94.89,78.36],[-94.89,78.35],[-95.01,78.31],[-95.27,78.26],[-95.33,78.23],[-95.1,78.18],[-94.99,78.14],[-94.94,78.11],[-94.93,78.08],[-95.09,77.99],[-95.2,77.97],[-95.37,77.97],[-95.45,77.96],[-95.67,77.92],[-96.01,77.89],[-96.48,77.87],[-96.6,77.85],[-96.83,77.81],[-96.99,77.81],[-97.04,77.83],[-97.06,77.86],[-97.05,77.88],[-97.02,77.91],[-97.09,77.93],[-97.43,77.98],[-97.62,78.05],[-97.65,78.07],[-97.66,78.09],[-97.23,78.1],[-97.04,78.12],[-96.96,78.14],[-96.94,78.15],[-97.03,78.16],[-97.32,78.2],[-97.82,78.23],[-97.84,78.26],[-98.05,78.33],[-98.07,78.39],[-98.11,78.4],[-98.25,78.43],[-98.28,78.44],[-98.32,78.48],[-98.32,78.5],[-98.32,78.52],[-98.06,78.56],[-98.1,78.59],[-98.29,78.69],[-98.34,78.75],[-98.33,78.77],[-98.21,78.8],[-98.04,78.81],[-97.6,78.8],[-97.38,78.78],[-97.17,78.76],[-96.94,78.72],[-96.59,78.69],[-96.48,78.67],[-96.27,78.6],[-96.24,78.57],[-96.26,78.55],[-96.2,78.53]]],[[[-110.46,78.1],[-109.66,78.08],[-109.62,78.07],[-109.62,78.06],[-109.68,78.0],[-109.77,77.96],[-110.2,77.9],[-110.75,77.86],[-110.87,77.83],[-110.86,77.82],[-110.81,77.8],[-110.72,77.78],[-110.29,77.79],[-110.19,77.78],[-110.15,77.76],[-110.13,77.74],[-110.12,77.72],[-110.12,77.62],[-110.14,77.57],[-110.2,77.52],[-110.37,77.49],[-110.68,77.45],[-110.89,77.43],[-111.06,77.43],[-111.23,77.43],[-111.95,77.34],[-112.18,77.34],[-112.37,77.36],[-112.64,77.44],[-112.93,77.47],[-113.05,77.51],[-113.16,77.53],[-113.2,77.56],[-113.21,77.58],[-113.19,77.6],[-113.14,77.62],[-113.12,77.63],[-113.17,77.68],[-113.19,77.72],[-113.27,77.78],[-113.28,77.81],[-113.28,77.84],[-113.27,77.86],[-113.22,77.9],[-113.19,77.91],[-113.02,77.92],[-112.8,77.94],[-112.3,78.01],[-111.21,78.09],[-110.87,78.08],[-110.73,78.1],[-110.46,78.1]]],[[[-115.55,77.36],[-115.48,77.32],[-115.47,77.31],[-115.51,77.29],[-115.62,77.27],[-116.21,77.18],[-116.33,77.14],[-116.29,77.1],[-116.07,77.03],[-115.86,76.97],[-115.81,76.94],[-115.91,76.91],[-116.11,76.92],[-116.18,76.92],[-116.25,76.9],[-116.23,76.87],[-116.02,76.78],[-115.94,76.74],[-115.95,76.71],[-115.98,76.69],[-116.08,76.65],[-116.22,76.61],[-116.47,76.58],[-117.0,76.53],[-117.02,76.5],[-117.01,76.47],[-117.03,76.4],[-117.04,76.37],[-117.11,76.32],[-117.15,76.3],[-117.23,76.28],[-117.35,76.27],[-117.49,76.27],[-117.73,76.32],[-117.84,76.34],[-117.99,76.41],[-118.02,76.45],[-118.01,76.5],[-117.97,76.57],[-117.9,76.65],[-117.81,76.73],[-117.78,76.78],[-117.82,76.8],[-117.88,76.81],[-118.08,76.77],[-118.2,76.76],[-118.3,76.74],[-118.37,76.7],[-118.41,76.66],[-118.43,76.59],[-118.47,76.55],[-118.57,76.53],[-118.73,76.53],[-118.79,76.51],[-118.82,76.49],[-118.8,76.46],[-118.64,76.42],[-118.62,76.37],[-118.64,76.33],[-118.81,76.28],[-118.85,76.26],[-118.96,76.17],[-118.99,76.14],[-119.08,76.12],[-119.17,76.13],[-119.25,76.16],[-119.37,76.22],[-119.45,76.28],[-119.49,76.32],[-119.52,76.34],[-119.58,76.33],[-119.65,76.28],[-119.65,76.24],[-119.64,76.19],[-119.64,76.16],[-119.74,76.12],[-119.73,76.1],[-119.55,76.05],[-119.53,76.03],[-119.53,76.0],[-119.54,75.98],[-119.61,75.98],[-119.67,75.95],[-119.73,75.92],[-119.91,75.86],[-120.16,75.85],[-120.37,75.82],[-120.41,75.83],[-120.46,75.87],[-120.51,75.96],[-120.56,76.01],[-120.64,76.03],[-120.73,76.13],[-120.77,76.17],[-120.81,76.18],[-120.85,76.18],[-120.9,76.16],[-121.02,76.02],[-121.21,75.98],[-121.32,75.98],[-121.43,75.98],[-121.69,76.02],[-121.91,76.03],[-122.06,76.02],[-122.3,75.96],[-122.4,75.94],[-122.53,75.95],[-122.59,75.97],[-122.64,76.01],[-122.65,76.03],[-122.61,76.04],[-122.55,76.08],[-122.55,76.1],[-122.61,76.12],[-122.61,76.14],[-122.59,76.15],[-122.59,76.16],[-122.62,76.17],[-122.68,76.16],[-122.9,76.13],[-122.88,76.16],[-122.77,76.23],[-122.52,76.35],[-122.42,76.39],[-122.37,76.4],[-121.61,76.44],[-121.56,76.45],[-121.2,76.62],[-121.1,76.66],[-121.0,76.69],[-120.49,76.79],[-120.44,76.82],[-120.36,76.89],[-120.31,76.9],[-120.2,76.93],[-119.83,77.07],[-119.49,77.18],[-119.32,77.24],[-119.09,77.31],[-118.82,77.33],[-118.01,77.38],[-117.42,77.32],[-117.28,77.31],[-117.21,77.33],[-117.15,77.36],[-117.06,77.35],[-116.84,77.34],[-116.8,77.35],[-116.7,77.38],[-116.77,77.4],[-117.03,77.43],[-117.05,77.45],[-117.04,77.47],[-116.95,77.5],[-116.84,77.53],[-116.51,77.55],[-116.36,77.54],[-116.21,77.52],[-116.01,77.46],[-115.55,77.36]]],[[[-108.29,76.06],[-108.17,76.05],[-108.02,76.07],[-107.85,76.06],[-107.78,76.04],[-107.72,76.0],[-107.72,75.97],[-107.73,75.96],[-107.76,75.94],[-107.97,75.84],[-108.02,75.8],[-107.95,75.8],[-107.92,75.8],[-107.7,75.88],[-107.54,75.9],[-107.42,75.91],[-107.22,75.89],[-107.14,75.88],[-107.08,75.86],[-107.05,75.85],[-106.97,75.77],[-106.91,75.68],[-106.9,75.69],[-106.9,75.74],[-106.89,75.78],[-106.69,75.81],[-106.69,75.82],[-106.76,75.84],[-106.82,75.87],[-106.86,75.93],[-106.85,75.95],[-106.8,75.97],[-106.68,76.02],[-106.53,76.05],[-106.4,76.06],[-105.9,76.01],[-105.71,75.97],[-105.63,75.95],[-105.6,75.93],[-105.56,75.88],[-105.48,75.75],[-105.48,75.7],[-105.52,75.63],[-105.68,75.5],[-105.7,75.41],[-105.86,75.19],[-105.97,75.13],[-106.09,75.09],[-106.59,75.02],[-106.96,74.94],[-107.06,74.93],[-107.15,74.93],[-107.46,74.95],[-107.82,75.0],[-108.02,74.99],[-108.23,74.95],[-108.35,74.94],[-108.47,74.95],[-108.59,74.96],[-108.75,74.99],[-108.67,75.01],[-108.63,75.02],[-108.67,75.04],[-108.83,75.06],[-109.0,75.01],[-109.5,74.88],[-110.18,74.84],[-110.39,74.81],[-110.54,74.78],[-110.62,74.75],[-110.75,74.69],[-110.94,74.64],[-111.29,74.59],[-111.73,74.5],[-112.52,74.42],[-113.02,74.4],[-113.51,74.43],[-113.67,74.45],[-113.84,74.49],[-114.17,74.57],[-114.27,74.6],[-114.38,74.67],[-114.31,74.72],[-114.13,74.77],[-113.86,74.81],[-113.32,74.88],[-112.84,74.98],[-112.66,74.99],[-112.19,75.01],[-111.96,75.0],[-111.78,75.01],[-111.67,75.02],[-111.5,75.06],[-111.26,75.13],[-111.08,75.2],[-111.03,75.23],[-111.09,75.26],[-111.18,75.26],[-111.47,75.19],[-111.62,75.17],[-111.78,75.17],[-112.0,75.14],[-112.21,75.13],[-112.26,75.13],[-112.48,75.2],[-112.6,75.21],[-112.65,75.2],[-112.7,75.19],[-112.8,75.14],[-112.86,75.12],[-112.95,75.11],[-113.34,75.09],[-113.71,75.07],[-113.79,75.08],[-113.84,75.11],[-113.86,75.13],[-113.86,75.19],[-113.89,75.21],[-113.85,75.26],[-113.81,75.3],[-113.76,75.32],[-113.5,75.4],[-113.47,75.42],[-113.59,75.41],[-113.88,75.38],[-113.92,75.39],[-113.98,75.43],[-114.02,75.43],[-114.05,75.42],[-114.07,75.39],[-114.12,75.29],[-114.17,75.24],[-114.28,75.25],[-114.43,75.28],[-114.48,75.29],[-114.51,75.28],[-114.5,75.26],[-114.36,75.17],[-114.36,75.14],[-114.45,75.09],[-114.86,75.0],[-115.02,74.98],[-115.08,74.99],[-115.13,75.01],[-115.17,75.05],[-115.28,75.1],[-115.34,75.11],[-115.41,75.11],[-115.48,75.1],[-115.54,75.08],[-115.57,75.06],[-115.61,75.01],[-115.68,74.97],[-115.73,74.97],[-116.14,75.04],[-116.48,75.17],[-116.84,75.15],[-117.0,75.16],[-117.5,75.2],[-117.57,75.23],[-117.6,75.27],[-117.6,75.29],[-117.58,75.31],[-117.51,75.36],[-117.39,75.42],[-117.34,75.44],[-117.26,75.46],[-117.15,75.47],[-116.89,75.48],[-116.21,75.48],[-116.08,75.49],[-115.34,75.62],[-115.25,75.64],[-115.14,75.68],[-115.12,75.7],[-115.12,75.71],[-116.03,75.61],[-116.43,75.59],[-117.03,75.6],[-117.14,75.62],[-117.16,75.64],[-117.04,75.72],[-116.97,75.75],[-116.8,75.77],[-116.39,75.81],[-115.84,75.84],[-115.48,75.84],[-115.17,75.87],[-114.99,75.9],[-115.6,75.89],[-116.34,75.88],[-116.44,75.89],[-116.65,75.93],[-116.66,75.96],[-116.58,75.99],[-116.55,76.02],[-116.61,76.07],[-116.59,76.1],[-116.45,76.14],[-116.21,76.19],[-116.06,76.2],[-115.77,76.18],[-114.94,76.17],[-114.78,76.17],[-114.88,76.19],[-115.02,76.21],[-115.66,76.24],[-115.8,76.25],[-115.82,76.27],[-115.83,76.3],[-115.83,76.33],[-115.78,76.36],[-115.58,76.44],[-115.0,76.5],[-114.77,76.51],[-114.53,76.5],[-114.3,76.47],[-114.19,76.45],[-114.14,76.42],[-114.12,76.4],[-114.11,76.35],[-114.1,76.33],[-114.06,76.3],[-113.92,76.23],[-113.82,76.21],[-113.36,76.25],[-113.17,76.26],[-112.98,76.24],[-112.7,76.2],[-112.33,76.07],[-111.87,75.94],[-111.87,75.91],[-112.05,75.87],[-112.08,75.85],[-112.06,75.83],[-111.88,75.83],[-111.71,75.83],[-111.55,75.82],[-111.51,75.81],[-111.45,75.76],[-111.37,75.68],[-111.28,75.61],[-111.16,75.57],[-111.05,75.55],[-110.89,75.55],[-110.73,75.56],[-110.46,75.56],[-109.09,75.51],[-109.01,75.51],[-108.95,75.54],[-108.91,75.59],[-108.9,75.62],[-108.92,75.67],[-108.94,75.7],[-109.8,75.86],[-109.87,75.93],[-109.45,76.02],[-109.42,76.04],[-109.42,76.07],[-109.43,76.11],[-109.49,76.14],[-109.71,76.21],[-109.91,76.22],[-110.2,76.29],[-110.25,76.31],[-110.28,76.33],[-110.31,76.37],[-110.31,76.4],[-110.27,76.42],[-109.98,76.48],[-109.86,76.52],[-109.51,76.69],[-109.34,76.76],[-109.22,76.79],[-109.1,76.81],[-108.83,76.82],[-108.55,76.76],[-108.49,76.75],[-108.47,76.74],[-108.48,76.71],[-108.51,76.68],[-108.61,76.63],[-108.64,76.61],[-108.63,76.59],[-108.56,76.54],[-108.54,76.5],[-108.52,76.45],[-108.51,76.44],[-108.35,76.39],[-108.19,76.33],[-108.12,76.23],[-108.18,76.2],[-108.31,76.15],[-108.38,76.12],[-108.41,76.09],[-108.39,76.07],[-108.29,76.06]]],[[[-93.17,74.16],[-92.78,74.11],[-92.59,74.08],[-92.49,74.06],[-92.31,73.99],[-92.22,73.97],[-91.87,74.01],[-91.63,74.03],[-91.09,74.01],[-90.63,73.95],[-90.46,73.91],[-90.35,73.87],[-90.38,73.82],[-90.47,73.75],[-90.57,73.69],[-90.76,73.58],[-90.93,73.53],[-90.98,73.5],[-91.0,73.47],[-91.07,73.42],[-91.25,73.3],[-91.3,73.28],[-91.55,73.24],[-91.47,73.21],[-91.43,73.19],[-91.46,73.15],[-91.62,73.03],[-91.79,72.92],[-91.91,72.85],[-92.12,72.75],[-92.23,72.73],[-92.39,72.72],[-93.34,72.8],[-93.58,72.8],[-94.21,72.76],[-94.15,72.74],[-93.92,72.7],[-93.77,72.67],[-93.57,72.56],[-93.55,72.53],[-93.53,72.5],[-93.54,72.44],[-93.56,72.42],[-93.87,72.25],[-93.97,72.13],[-94.04,72.03],[-94.14,72.0],[-94.5,72.04],[-94.61,72.04],[-95.01,72.01],[-95.19,72.03],[-95.17,72.18],[-95.19,72.34],[-95.25,72.5],[-95.55,72.78],[-95.58,72.83],[-95.6,72.88],[-95.61,72.94],[-95.61,73.0],[-95.59,73.12],[-95.59,73.17],[-95.6,73.33],[-95.64,73.56],[-95.65,73.64],[-95.65,73.67],[-95.63,73.7],[-95.57,73.73],[-95.45,73.75],[-95.39,73.76],[-95.0,73.69],[-94.82,73.66],[-94.7,73.66],[-94.69,73.67],[-94.8,73.69],[-94.9,73.72],[-95.06,73.81],[-95.13,73.88],[-95.15,73.91],[-95.15,73.93],[-95.14,73.96],[-95.12,73.99],[-95.04,74.02],[-94.97,74.04],[-94.73,74.09],[-94.48,74.11],[-93.94,74.13],[-93.78,74.12],[-93.55,74.17],[-93.41,74.18],[-93.17,74.16]]],[[[-97.44,69.64],[-97.41,69.63],[-97.35,69.64],[-97.31,69.67],[-97.28,69.68],[-97.24,69.67],[-97.1,69.61],[-96.99,69.55],[-96.88,69.51],[-96.69,69.47],[-96.3,69.34],[-96.18,69.26],[-96.06,69.13],[-95.95,69.02],[-95.85,68.95],[-95.75,68.9],[-95.59,68.84],[-95.44,68.88],[-95.37,68.89],[-95.32,68.87],[-95.27,68.83],[-95.3,68.81],[-95.36,68.78],[-95.47,68.75],[-95.61,68.75],[-95.69,68.74],[-95.8,68.69],[-95.89,68.63],[-96.02,68.61],[-96.27,68.51],[-96.4,68.47],[-96.6,68.46],[-97.01,68.54],[-97.26,68.53],[-97.47,68.54],[-97.7,68.63],[-97.89,68.67],[-98.24,68.74],[-98.26,68.75],[-98.27,68.77],[-98.28,68.81],[-98.3,68.83],[-98.32,68.84],[-98.38,68.84],[-98.43,68.82],[-98.54,68.8],[-98.7,68.8],[-98.78,68.82],[-98.83,68.84],[-98.86,68.86],[-98.86,68.89],[-98.88,68.92],[-98.9,68.93],[-98.96,68.93],[-99.06,68.92],[-99.09,68.9],[-99.07,68.88],[-99.09,68.86],[-99.25,68.86],[-99.32,68.88],[-99.44,68.92],[-99.49,68.96],[-99.56,69.03],[-99.56,69.05],[-99.51,69.1],[-99.46,69.13],[-99.09,69.15],[-98.91,69.17],[-98.72,69.22],[-98.5,69.31],[-98.46,69.33],[-98.45,69.35],[-98.47,69.38],[-98.54,69.43],[-98.56,69.46],[-98.54,69.48],[-98.45,69.48],[-98.49,69.5],[-98.53,69.53],[-98.55,69.54],[-98.55,69.57],[-98.48,69.58],[-98.39,69.57],[-98.22,69.48],[-98.16,69.47],[-98.04,69.46],[-98.16,69.51],[-98.29,69.63],[-98.3,69.67],[-98.3,69.69],[-98.27,69.75],[-98.24,69.78],[-98.2,69.8],[-98.08,69.83],[-97.89,69.86],[-97.79,69.86],[-97.69,69.84],[-97.6,69.8],[-97.41,69.74],[-97.38,69.71],[-97.39,69.7],[-97.46,69.68],[-97.47,69.67],[-97.44,69.64]]],[[[-114.52,72.59],[-114.46,72.58],[-114.34,72.59],[-114.17,72.62],[-113.96,72.65],[-113.69,72.67],[-113.62,72.65],[-113.58,72.65],[-113.5,72.69],[-113.49,72.72],[-113.5,72.75],[-113.49,72.82],[-113.45,72.86],[-113.29,72.95],[-113.21,72.98],[-113.07,73.0],[-112.75,72.99],[-112.45,72.94],[-112.05,72.89],[-111.46,72.77],[-111.27,72.71],[-111.25,72.67],[-111.36,72.57],[-111.61,72.44],[-111.82,72.39],[-111.9,72.36],[-111.76,72.34],[-111.68,72.3],[-111.54,72.35],[-111.45,72.41],[-111.31,72.45],[-111.26,72.46],[-111.25,72.45],[-111.28,72.42],[-111.29,72.4],[-111.28,72.38],[-111.27,72.36],[-111.18,72.36],[-111.14,72.37],[-110.96,72.43],[-110.78,72.53],[-110.51,72.6],[-110.44,72.63],[-110.21,72.66],[-110.21,72.68],[-110.2,72.76],[-110.28,72.79],[-110.55,72.86],[-110.69,72.94],[-110.66,73.01],[-110.51,73.0],[-110.09,72.99],[-110.01,72.98],[-109.61,72.88],[-109.47,72.81],[-109.36,72.78],[-109.12,72.73],[-109.04,72.69],[-108.99,72.67],[-108.97,72.65],[-108.99,72.64],[-108.99,72.6],[-108.95,72.58],[-108.8,72.57],[-108.75,72.55],[-108.7,72.5],[-108.63,72.41],[-108.57,72.32],[-108.47,72.14],[-108.28,71.9],[-108.21,71.75],[-108.19,71.72],[-108.14,71.7],[-108.02,71.68],[-107.93,71.64],[-107.81,71.63],[-107.79,71.63],[-107.76,71.66],[-107.69,71.72],[-107.35,71.82],[-107.33,71.84],[-107.37,71.86],[-107.38,71.88],[-107.38,71.89],[-107.31,71.89],[-107.54,72.03],[-107.7,72.15],[-107.79,72.3],[-107.81,72.35],[-107.82,72.44],[-107.86,72.47],[-107.91,72.49],[-107.93,72.52],[-107.92,72.56],[-107.93,72.59],[-108.0,72.65],[-108.24,73.11],[-108.24,73.15],[-108.2,73.18],[-108.12,73.2],[-107.98,73.21],[-107.94,73.22],[-107.99,73.23],[-108.08,73.28],[-108.09,73.3],[-108.03,73.35],[-107.72,73.33],[-107.5,73.29],[-107.11,73.19],[-107.07,73.2],[-107.03,73.25],[-106.95,73.28],[-106.83,73.27],[-106.48,73.2],[-106.08,73.07],[-105.81,73.01],[-105.62,72.93],[-105.5,72.85],[-105.42,72.79],[-105.41,72.76],[-105.43,72.74],[-105.41,72.71],[-105.35,72.67],[-105.32,72.63],[-105.3,72.56],[-105.25,72.46],[-105.23,72.42],[-104.88,71.98],[-104.81,71.9],[-104.77,71.87],[-104.52,71.7],[-104.39,71.58],[-104.37,71.5],[-104.36,71.47],[-104.35,71.43],[-104.36,71.38],[-104.38,71.34],[-104.44,71.3],[-104.49,71.25],[-104.56,71.13],[-104.57,71.1],[-104.51,71.06],[-104.17,70.93],[-103.95,70.76],[-103.85,70.73],[-103.58,70.63],[-103.29,70.57],[-103.2,70.55],[-103.1,70.51],[-103.08,70.51],[-103.02,70.52],[-103.01,70.53],[-103.0,70.54],[-103.08,70.62],[-103.09,70.65],[-103.05,70.66],[-102.75,70.52],[-102.59,70.47],[-102.37,70.41],[-101.99,70.29],[-101.94,70.27],[-101.73,70.29],[-101.68,70.28],[-101.64,70.27],[-101.63,70.25],[-101.62,70.17],[-101.56,70.14],[-101.24,70.15],[-101.15,70.15],[-101.09,70.14],[-101.04,70.11],[-100.97,70.03],[-100.91,69.87],[-100.91,69.81],[-100.94,69.72],[-100.98,69.68],[-101.04,69.67],[-101.22,69.68],[-101.34,69.71],[-101.4,69.75],[-101.46,69.83],[-101.48,69.85],[-101.51,69.83],[-101.57,69.76],[-101.6,69.72],[-101.65,69.7],[-101.73,69.7],[-101.86,69.74],[-102.1,69.82],[-102.18,69.85],[-102.23,69.84],[-102.35,69.81],[-102.52,69.76],[-102.6,69.72],[-102.57,69.69],[-102.54,69.66],[-102.53,69.62],[-102.54,69.59],[-102.56,69.57],[-102.62,69.55],[-102.74,69.55],[-102.92,69.56],[-103.06,69.59],[-103.3,69.67],[-103.36,69.69],[-103.43,69.67],[-103.46,69.64],[-103.42,69.61],[-103.29,69.57],[-103.14,69.5],[-103.1,69.48],[-103.06,69.48],[-103.05,69.47],[-103.03,69.43],[-103.04,69.37],[-103.11,69.24],[-103.12,69.2],[-103.09,69.21],[-102.88,69.34],[-102.78,69.38],[-102.55,69.43],[-102.45,69.48],[-102.15,69.49],[-102.05,69.46],[-101.98,69.43],[-101.98,69.41],[-102.05,69.36],[-102.07,69.34],[-102.07,69.31],[-102.06,69.28],[-102.05,69.26],[-101.99,69.24],[-101.9,69.25],[-101.87,69.24],[-101.82,69.22],[-101.79,69.18],[-101.79,69.13],[-101.86,69.02],[-101.98,68.99],[-102.36,68.92],[-102.49,68.89],[-102.74,68.86],[-102.83,68.83],[-102.9,68.82],[-103.16,68.83],[-103.47,68.81],[-103.82,68.85],[-104.07,68.87],[-104.35,68.93],[-104.46,68.91],[-104.57,68.87],[-105.11,68.92],[-105.17,68.96],[-105.15,68.98],[-105.02,69.05],[-105.01,69.07],[-105.02,69.08],[-105.26,69.09],[-105.53,69.13],[-105.8,69.15],[-106.01,69.15],[-106.14,69.16],[-106.27,69.19],[-106.34,69.22],[-106.35,69.25],[-106.36,69.28],[-106.34,69.34],[-106.36,69.38],[-106.42,69.41],[-106.54,69.44],[-106.66,69.44],[-106.76,69.41],[-106.86,69.35],[-107.03,69.18],[-107.12,69.15],[-107.35,69.03],[-107.44,69.0],[-107.86,68.95],[-108.36,68.93],[-108.55,68.9],[-108.73,68.83],[-108.95,68.76],[-109.47,68.68],[-109.96,68.63],[-110.47,68.61],[-110.85,68.58],[-110.96,68.59],[-111.13,68.59],[-111.31,68.54],[-111.52,68.53],[-112.3,68.52],[-112.67,68.49],[-112.86,68.48],[-113.02,68.48],[-113.13,68.49],[-113.23,68.54],[-113.34,68.6],[-113.55,68.77],[-113.62,68.84],[-113.59,68.96],[-113.61,69.03],[-113.68,69.18],[-113.69,69.2],[-114.07,69.25],[-114.32,69.27],[-114.7,69.27],[-115.16,69.26],[-115.62,69.28],[-115.86,69.3],[-116.1,69.34],[-116.51,69.42],[-116.54,69.43],[-116.57,69.46],[-116.61,69.51],[-116.71,69.58],[-116.99,69.72],[-117.1,69.8],[-117.12,69.83],[-117.15,69.89],[-117.18,69.99],[-117.2,70.05],[-117.16,70.09],[-117.14,70.1],[-116.55,70.18],[-115.53,70.26],[-114.59,70.31],[-114.17,70.31],[-113.92,70.28],[-113.67,70.27],[-113.21,70.26],[-112.64,70.23],[-112.52,70.23],[-112.27,70.25],[-112.19,70.28],[-111.78,70.27],[-111.7,70.29],[-111.63,70.31],[-111.73,70.35],[-112.11,70.45],[-113.15,70.62],[-113.4,70.65],[-113.76,70.69],[-113.97,70.7],[-114.23,70.67],[-114.33,70.68],[-114.59,70.64],[-114.84,70.62],[-115.31,70.6],[-115.99,70.59],[-116.09,70.59],[-116.23,70.62],[-116.33,70.62],[-116.99,70.6],[-117.59,70.63],[-118.26,70.89],[-118.38,70.97],[-118.35,71.0],[-118.27,71.03],[-117.93,71.13],[-117.81,71.16],[-117.31,71.21],[-116.82,71.28],[-116.42,71.34],[-116.23,71.36],[-116.04,71.36],[-115.89,71.38],[-115.92,71.4],[-116.05,71.42],[-116.04,71.45],[-115.98,71.47],[-115.73,71.49],[-115.47,71.47],[-115.34,71.47],[-115.3,71.49],[-115.34,71.51],[-115.59,71.55],[-116.78,71.44],[-117.34,71.43],[-117.72,71.39],[-117.94,71.39],[-118.19,71.44],[-118.22,71.45],[-118.23,71.47],[-118.15,71.53],[-117.88,71.56],[-117.74,71.66],[-117.89,71.66],[-118.37,71.64],[-118.58,71.65],[-118.87,71.69],[-118.95,71.73],[-118.99,71.76],[-118.99,71.8],[-118.98,71.91],[-118.96,71.97],[-118.94,71.99],[-118.59,72.17],[-118.37,72.21],[-118.21,72.26],[-118.21,72.29],[-118.25,72.31],[-118.39,72.37],[-118.45,72.4],[-118.48,72.43],[-118.46,72.47],[-118.37,72.53],[-118.13,72.63],[-117.55,72.83],[-117.26,72.91],[-116.97,72.96],[-116.57,73.05],[-115.55,73.21],[-114.64,73.37],[-114.3,73.33],[-114.21,73.3],[-114.16,73.27],[-114.13,73.23],[-114.1,73.18],[-114.05,73.07],[-114.05,73.01],[-114.05,72.96],[-114.07,72.91],[-114.11,72.86],[-114.18,72.81],[-114.28,72.74],[-114.5,72.63],[-114.52,72.59]]],[[[-119.74,74.11],[-119.73,74.11],[-119.47,74.2],[-119.31,74.21],[-119.21,74.2],[-119.17,74.19],[-119.15,74.17],[-119.14,74.13],[-119.13,74.03],[-119.12,74.02],[-119.08,74.02],[-119.03,74.04],[-118.74,74.19],[-118.63,74.23],[-118.54,74.24],[-118.2,74.27],[-117.97,74.27],[-117.71,74.25],[-117.51,74.23],[-117.2,74.17],[-116.95,74.1],[-116.72,74.03],[-115.96,73.75],[-115.63,73.67],[-115.51,73.62],[-115.46,73.58],[-115.41,73.54],[-115.39,73.5],[-115.41,73.46],[-115.45,73.44],[-115.52,73.42],[-115.99,73.32],[-116.24,73.29],[-116.48,73.25],[-117.07,73.11],[-117.46,73.04],[-117.98,72.9],[-118.96,72.68],[-119.08,72.64],[-119.13,72.61],[-119.41,72.36],[-119.51,72.3],[-119.77,72.24],[-120.09,72.23],[-120.18,72.21],[-120.19,72.13],[-120.31,71.98],[-120.37,71.89],[-120.44,71.63],[-120.46,71.61],[-120.52,71.56],[-120.62,71.51],[-120.93,71.45],[-121.16,71.41],[-121.47,71.39],[-121.55,71.41],[-121.62,71.45],[-121.7,71.45],[-121.75,71.44],[-122.16,71.27],[-122.55,71.19],[-122.72,71.13],[-122.84,71.1],[-122.94,71.09],[-123.1,71.09],[-123.21,71.12],[-123.31,71.17],[-123.39,71.22],[-123.6,71.42],[-123.68,71.49],[-123.76,71.53],[-123.95,71.65],[-124.01,71.68],[-124.76,71.84],[-125.13,71.92],[-125.21,71.95],[-125.3,71.97],[-125.77,71.96],[-125.83,71.97],[-125.85,71.98],[-125.79,72.03],[-125.77,72.05],[-125.76,72.08],[-125.77,72.13],[-125.76,72.14],[-125.58,72.18],[-125.61,72.19],[-125.63,72.21],[-125.65,72.24],[-125.63,72.25],[-125.58,72.27],[-125.51,72.31],[-125.44,72.38],[-125.38,72.42],[-125.31,72.45],[-125.17,72.52],[-125.07,72.55],[-124.99,72.59],[-124.98,72.6],[-125.02,72.62],[-125.03,72.64],[-125.01,72.73],[-125.02,72.78],[-125.0,72.81],[-124.97,72.84],[-124.93,72.86],[-124.58,72.93],[-124.56,72.94],[-124.56,72.97],[-124.57,72.99],[-124.59,73.01],[-124.64,73.02],[-124.74,73.02],[-124.82,73.06],[-124.84,73.08],[-124.8,73.13],[-124.65,73.2],[-124.59,73.24],[-124.42,73.42],[-124.11,73.53],[-124.03,73.64],[-123.8,73.77],[-123.8,73.79],[-123.87,73.83],[-124.09,73.86],[-124.19,73.9],[-124.26,73.95],[-124.58,74.25],[-124.63,74.27],[-124.65,74.3],[-124.71,74.33],[-124.7,74.35],[-123.47,74.44],[-122.62,74.46],[-121.75,74.54],[-121.5,74.55],[-121.32,74.53],[-121.13,74.49],[-120.88,74.42],[-120.55,74.35],[-119.94,74.25],[-119.56,74.23],[-119.72,74.15],[-119.74,74.13],[-119.74,74.11]]],[[[-56.15,46.76],[-56.17,46.75],[-56.24,46.77],[-56.21,46.8],[-56.19,46.81],[-56.15,46.81],[-56.14,46.8],[-56.14,46.78],[-56.15,46.76]]],[[[-94.53,75.75],[-94.62,75.75],[-94.75,75.77],[-94.79,75.79],[-94.81,75.82],[-94.83,75.86],[-94.86,75.89],[-94.89,75.91],[-94.9,75.93],[-94.88,75.95],[-94.84,75.95],[-94.74,75.96],[-94.54,76.0],[-94.5,75.99],[-94.47,75.97],[-94.44,75.92],[-94.41,75.88],[-94.33,75.83],[-94.3,75.79],[-94.3,75.78],[-94.33,75.77],[-94.53,75.75]]],[[[-79.38,51.95],[-79.43,51.94],[-79.52,51.95],[-79.6,51.98],[-79.64,52.01],[-79.33,52.1],[-79.27,52.09],[-79.27,52.07],[-79.32,52.02],[-79.33,51.99],[-79.35,51.97],[-79.38,51.95]]],[[[-78.83,56.15],[-78.88,56.13],[-78.91,56.13],[-78.91,56.17],[-78.86,56.23],[-78.83,56.29],[-78.82,56.34],[-78.8,56.38],[-78.76,56.42],[-78.72,56.44],[-78.67,56.44],[-78.66,56.32],[-78.67,56.26],[-78.71,56.21],[-78.76,56.17],[-78.83,56.15]]],[[[-78.94,56.27],[-79.02,56.16],[-79.08,56.07],[-79.18,55.89],[-79.23,55.88],[-79.27,55.92],[-79.14,56.14],[-79.14,56.16],[-79.14,56.18],[-79.18,56.21],[-79.22,56.18],[-79.41,55.93],[-79.46,55.9],[-79.5,55.87],[-79.53,55.87],[-79.61,55.88],[-79.76,55.81],[-79.5,56.09],[-79.49,56.11],[-79.54,56.13],[-79.56,56.12],[-79.78,55.94],[-79.9,55.87],[-79.99,55.89],[-80.01,55.91],[-80.0,55.93],[-79.79,56.11],[-79.6,56.24],[-79.52,56.33],[-79.48,56.4],[-79.47,56.46],[-79.47,56.52],[-79.46,56.54],[-79.45,56.54],[-79.44,56.51],[-79.43,56.45],[-79.48,56.31],[-79.51,56.25],[-79.55,56.19],[-79.54,56.18],[-79.46,56.21],[-79.39,56.28],[-79.34,56.38],[-79.31,56.46],[-79.27,56.6],[-79.26,56.6],[-79.25,56.57],[-79.21,56.55],[-79.16,56.54],[-79.12,56.52],[-79.1,56.47],[-79.08,56.45],[-78.99,56.44],[-78.96,56.42],[-78.94,56.37],[-78.94,56.34],[-78.93,56.33],[-78.91,56.32],[-78.94,56.27]]],[[[-79.87,56.77],[-79.89,56.76],[-79.94,56.78],[-79.95,56.83],[-79.9,56.87],[-79.86,56.86],[-79.83,56.84],[-79.84,56.82],[-79.87,56.77]]],[[[-79.72,57.52],[-79.73,57.51],[-79.78,57.51],[-79.79,57.45],[-79.81,57.44],[-79.84,57.48],[-79.82,57.52],[-79.82,57.54],[-79.81,57.56],[-79.77,57.6],[-79.74,57.61],[-79.73,57.6],[-79.71,57.56],[-79.72,57.52]]],[[[-79.98,56.21],[-80.03,56.2],[-80.09,56.21],[-80.06,56.29],[-80.01,56.32],[-79.87,56.35],[-79.85,56.37],[-79.81,56.38],[-79.75,56.38],[-79.68,56.4],[-79.61,56.46],[-79.58,56.47],[-79.63,56.39],[-79.69,56.33],[-79.98,56.21]]],[[[-80.29,59.62],[-80.32,59.62],[-80.32,59.63],[-80.3,59.67],[-80.26,59.68],[-80.21,59.72],[-80.17,59.71],[-80.18,59.68],[-80.24,59.64],[-80.29,59.62]]],[[[-79.94,53.3],[-79.94,53.27],[-80.0,53.28],[-80.04,53.3],[-80.07,53.32],[-80.07,53.34],[-80.05,53.36],[-79.97,53.35],[-79.94,53.3]]],[[[-80.06,59.77],[-80.17,59.76],[-80.12,59.82],[-80.08,59.85],[-80.04,59.87],[-79.96,59.88],[-79.9,59.85],[-79.95,59.81],[-80.06,59.77]]],[[[-79.52,56.66],[-79.55,56.64],[-79.58,56.64],[-79.55,56.73],[-79.58,56.76],[-79.58,56.78],[-79.57,56.8],[-79.55,56.8],[-79.51,56.77],[-79.49,56.74],[-79.48,56.71],[-79.48,56.69],[-79.5,56.67],[-79.52,56.66]]],[[[-96.78,72.94],[-96.94,72.93],[-97.09,73.0],[-97.1,73.06],[-97.09,73.1],[-97.07,73.13],[-97.01,73.16],[-96.86,73.19],[-96.79,73.17],[-96.77,73.14],[-96.74,73.13],[-96.65,73.1],[-96.6,73.07],[-96.6,73.04],[-96.64,72.99],[-96.67,72.96],[-96.71,72.95],[-96.78,72.94]]],[[[-97.36,74.53],[-97.66,74.47],[-97.72,74.49],[-97.75,74.51],[-97.52,74.6],[-97.42,74.63],[-97.32,74.6],[-97.29,74.58],[-97.3,74.56],[-97.36,74.53]]],[[[-98.27,73.87],[-98.56,73.85],[-98.69,73.86],[-98.76,73.83],[-98.82,73.82],[-98.97,73.81],[-99.3,73.86],[-99.39,73.88],[-99.42,73.9],[-99.4,73.91],[-99.35,73.93],[-99.1,73.95],[-99.0,73.96],[-98.97,73.99],[-98.9,74.01],[-98.82,74.02],[-98.58,74.03],[-98.06,74.1],[-97.8,74.11],[-97.7,74.11],[-97.67,74.09],[-97.66,74.07],[-97.67,74.05],[-97.75,74.01],[-97.86,73.97],[-98.15,73.89],[-98.27,73.87]]],[[[-90.2,69.42],[-90.18,69.36],[-90.27,69.27],[-90.3,69.26],[-90.33,69.25],[-90.36,69.26],[-90.46,69.33],[-90.49,69.37],[-90.46,69.39],[-90.38,69.42],[-90.32,69.43],[-90.25,69.42],[-90.23,69.44],[-90.2,69.42]]],[[[-90.49,69.22],[-90.57,69.21],[-90.63,69.25],[-90.67,69.26],[-90.69,69.29],[-90.77,69.29],[-90.77,69.34],[-90.74,69.36],[-90.66,69.37],[-90.6,69.37],[-90.54,69.32],[-90.51,69.29],[-90.49,69.25],[-90.49,69.22]]],[[[-74.0,62.62],[-74.05,62.61],[-74.25,62.62],[-74.5,62.67],[-74.63,62.71],[-74.62,62.73],[-74.56,62.73],[-74.5,62.73],[-74.39,62.7],[-74.11,62.68],[-74.02,62.66],[-73.99,62.64],[-74.0,62.62]]],[[[-74.88,68.35],[-74.96,68.34],[-75.07,68.4],[-75.31,68.47],[-75.4,68.53],[-75.4,68.55],[-75.4,68.59],[-75.37,68.64],[-75.29,68.69],[-75.2,68.7],[-75.07,68.68],[-74.98,68.65],[-74.88,68.54],[-74.82,68.49],[-74.8,68.46],[-74.83,68.44],[-74.83,68.42],[-74.81,68.41],[-74.82,68.39],[-74.84,68.37],[-74.88,68.35]]],[[[-78.53,60.73],[-78.67,60.72],[-78.67,60.73],[-78.61,60.77],[-78.4,60.81],[-78.24,60.82],[-78.28,60.78],[-78.37,60.76],[-78.53,60.73]]],[[[-78.98,68.19],[-79.06,68.18],[-79.17,68.23],[-79.17,68.26],[-79.15,68.34],[-78.95,68.35],[-78.87,68.31],[-78.83,68.27],[-78.98,68.19]]],[[[-76.68,63.39],[-76.78,63.38],[-76.92,63.41],[-77.06,63.45],[-77.36,63.59],[-77.13,63.68],[-76.76,63.57],[-76.65,63.5],[-76.68,63.39]]],[[[-64.82,62.56],[-64.63,62.55],[-64.52,62.55],[-64.47,62.54],[-64.42,62.49],[-64.48,62.42],[-64.55,62.39],[-64.66,62.38],[-64.84,62.41],[-64.9,62.42],[-64.96,62.46],[-64.93,62.49],[-64.84,62.49],[-64.83,62.5],[-64.85,62.53],[-64.85,62.54],[-64.82,62.56]]],[[[-62.68,67.06],[-62.81,67.03],[-62.87,67.06],[-62.83,67.07],[-62.76,67.11],[-62.66,67.15],[-62.63,67.18],[-62.47,67.19],[-62.42,67.19],[-62.4,67.18],[-62.48,67.13],[-62.68,67.06]]],[[[-68.23,60.24],[-68.32,60.23],[-68.37,60.25],[-68.37,60.31],[-68.34,60.36],[-68.23,60.46],[-68.14,60.56],[-68.09,60.59],[-67.98,60.57],[-67.91,60.54],[-67.85,60.49],[-67.82,60.45],[-67.84,60.39],[-67.92,60.34],[-68.01,60.3],[-68.23,60.24]]],[[[-70.34,62.55],[-70.41,62.54],[-70.54,62.55],[-70.69,62.57],[-70.77,62.6],[-70.84,62.65],[-70.85,62.7],[-70.99,62.79],[-71.14,62.82],[-71.22,62.87],[-71.13,62.88],[-71.01,62.87],[-70.83,62.84],[-70.67,62.81],[-70.44,62.73],[-70.37,62.67],[-70.29,62.62],[-70.27,62.58],[-70.29,62.56],[-70.34,62.55]]],[[[-64.83,61.37],[-64.86,61.35],[-64.88,61.36],[-64.95,61.41],[-65.05,61.43],[-65.09,61.45],[-65.39,61.56],[-65.43,61.61],[-65.43,61.65],[-65.33,61.67],[-65.13,61.69],[-64.95,61.69],[-64.79,61.66],[-64.76,61.64],[-64.67,61.59],[-64.69,61.54],[-64.7,61.47],[-64.73,61.44],[-64.79,61.41],[-64.83,61.37]]],[[[-67.91,69.54],[-67.94,69.53],[-68.2,69.58],[-68.22,69.62],[-68.09,69.66],[-67.99,69.68],[-67.91,69.68],[-67.83,69.67],[-67.75,69.63],[-67.84,69.59],[-67.91,69.54]]],[[[-79.43,69.79],[-79.39,69.73],[-79.36,69.71],[-79.4,69.69],[-79.55,69.63],[-79.88,69.61],[-80.05,69.63],[-79.97,69.56],[-79.95,69.52],[-79.98,69.51],[-80.05,69.51],[-80.16,69.54],[-80.23,69.56],[-80.24,69.59],[-80.27,69.6],[-80.3,69.58],[-80.33,69.59],[-80.4,69.63],[-80.45,69.65],[-80.78,69.68],[-80.79,69.69],[-80.78,69.71],[-80.73,69.74],[-80.65,69.75],[-80.47,69.74],[-80.45,69.74],[-80.44,69.78],[-80.42,69.8],[-80.29,69.79],[-80.21,69.8],[-80.17,69.78],[-80.12,69.74],[-80.06,69.75],[-79.97,69.74],[-79.87,69.76],[-79.71,69.8],[-79.59,69.81],[-79.43,69.79]]],[[[-78.03,69.71],[-77.98,69.66],[-77.97,69.64],[-78.04,69.61],[-78.31,69.55],[-78.47,69.5],[-78.55,69.49],[-78.66,69.5],[-78.8,69.48],[-78.85,69.48],[-78.79,69.52],[-78.58,69.64],[-78.4,69.65],[-78.34,69.67],[-78.3,69.67],[-78.27,69.69],[-78.26,69.72],[-78.2,69.74],[-78.15,69.74],[-78.03,69.71]]],[[[-77.64,63.99],[-77.71,63.95],[-77.93,63.96],[-77.96,63.98],[-77.97,63.99],[-77.93,64.01],[-77.71,64.04],[-77.62,64.04],[-77.57,64.03],[-77.56,64.02],[-77.64,63.99]]],[[[-83.12,66.28],[-83.02,66.27],[-82.95,66.27],[-82.93,66.26],[-83.01,66.21],[-83.06,66.2],[-83.15,66.23],[-83.21,66.28],[-83.23,66.3],[-83.24,66.33],[-83.22,66.34],[-83.12,66.28]]],[[[-79.21,68.85],[-79.28,68.84],[-79.36,68.86],[-79.39,68.89],[-79.41,68.92],[-79.39,68.94],[-79.35,68.96],[-79.31,68.99],[-79.24,69.05],[-79.14,69.09],[-78.93,69.12],[-78.9,69.14],[-78.8,69.24],[-78.77,69.25],[-78.66,69.26],[-78.65,69.28],[-78.69,69.3],[-78.69,69.33],[-78.65,69.35],[-78.6,69.37],[-78.46,69.39],[-78.33,69.39],[-78.3,69.38],[-78.27,69.36],[-78.23,69.31],[-78.23,69.3],[-78.29,69.26],[-78.44,69.2],[-78.53,69.15],[-78.55,69.13],[-78.56,69.11],[-78.6,69.08],[-78.71,69.01],[-78.78,68.95],[-78.85,68.92],[-79.05,68.88],[-79.21,68.85]]],[[[-77.0,69.14],[-77.12,69.13],[-77.22,69.14],[-77.28,69.16],[-77.32,69.19],[-77.38,69.27],[-77.36,69.31],[-77.35,69.38],[-77.34,69.4],[-77.32,69.42],[-77.19,69.44],[-77.11,69.44],[-76.99,69.41],[-76.75,69.4],[-76.68,69.38],[-76.67,69.37],[-76.67,69.35],[-76.69,69.33],[-76.81,69.27],[-76.87,69.22],[-76.91,69.17],[-77.0,69.14]]],[[[-65.03,61.88],[-65.01,61.87],[-64.98,61.88],[-64.96,61.87],[-64.95,61.84],[-64.92,61.82],[-64.87,61.8],[-64.85,61.78],[-64.85,61.76],[-64.9,61.73],[-64.93,61.73],[-65.17,61.8],[-65.23,61.86],[-65.24,61.9],[-65.21,61.93],[-65.17,61.94],[-65.13,61.94],[-65.07,61.93],[-65.03,61.88]]],[[[-86.91,70.11],[-86.8,70.11],[-86.69,70.12],[-86.61,70.11],[-86.56,70.08],[-86.53,70.05],[-86.52,70.02],[-86.56,70.0],[-86.73,69.98],[-86.85,69.99],[-86.98,70.01],[-87.04,70.0],[-87.19,70.02],[-87.26,70.04],[-87.32,70.08],[-87.32,70.1],[-87.17,70.13],[-87.11,70.15],[-86.91,70.11]]],[[[-83.73,65.8],[-83.6,65.76],[-83.47,65.74],[-83.26,65.72],[-83.23,65.72],[-83.23,65.7],[-83.26,65.67],[-83.33,65.63],[-83.38,65.63],[-83.5,65.66],[-83.54,65.67],[-83.58,65.7],[-83.61,65.7],[-83.64,65.69],[-83.64,65.68],[-83.63,65.66],[-83.65,65.66],[-83.79,65.67],[-83.81,65.68],[-83.8,65.71],[-83.7,65.76],[-83.79,65.77],[-83.81,65.79],[-83.94,65.76],[-84.01,65.75],[-84.12,65.77],[-84.13,65.88],[-84.14,65.92],[-84.19,65.94],[-84.22,65.97],[-84.27,65.99],[-84.37,66.01],[-84.45,66.06],[-84.47,66.09],[-84.46,66.11],[-84.41,66.13],[-84.12,66.08],[-83.95,66.03],[-83.79,65.97],[-83.7,65.92],[-83.69,65.89],[-83.71,65.86],[-83.77,65.83],[-83.73,65.8]]],[[[-86.6,67.74],[-86.64,67.73],[-86.71,67.75],[-86.86,67.81],[-86.89,67.84],[-86.91,67.87],[-86.91,67.9],[-86.89,67.94],[-86.85,68.01],[-86.94,68.07],[-86.96,68.1],[-86.95,68.12],[-86.9,68.16],[-86.88,68.19],[-86.83,68.23],[-86.7,68.31],[-86.57,68.29],[-86.45,68.23],[-86.42,68.18],[-86.43,68.14],[-86.42,68.07],[-86.39,67.99],[-86.38,67.93],[-86.4,67.89],[-86.45,67.82],[-86.49,67.78],[-86.55,67.75],[-86.6,67.74]]],[[[-84.67,65.58],[-84.73,65.56],[-84.78,65.57],[-84.83,65.6],[-84.87,65.65],[-84.93,65.69],[-85.07,65.74],[-85.1,65.76],[-85.14,65.82],[-85.14,65.89],[-85.17,65.94],[-85.18,65.97],[-85.15,66.02],[-85.03,66.03],[-84.94,66.01],[-84.92,66.0],[-84.89,65.97],[-84.87,65.94],[-84.76,65.86],[-84.69,65.79],[-84.6,65.66],[-84.6,65.63],[-84.63,65.6],[-84.67,65.58]]],[[[-93.04,61.84],[-93.08,61.84],[-93.18,61.89],[-93.2,61.92],[-93.08,61.94],[-92.99,61.89],[-93.0,61.87],[-93.04,61.84]]],[[[-102.23,76.01],[-102.02,75.95],[-102.01,75.94],[-102.05,75.93],[-102.32,75.9],[-102.42,75.87],[-102.51,75.81],[-102.58,75.78],[-102.94,75.76],[-103.31,75.76],[-103.24,75.82],[-103.04,75.92],[-103.2,75.96],[-103.77,75.89],[-103.99,75.93],[-103.8,76.04],[-103.98,76.05],[-104.24,76.05],[-104.41,76.11],[-104.35,76.18],[-104.01,76.22],[-103.57,76.26],[-103.1,76.31],[-102.73,76.31],[-102.58,76.28],[-102.54,76.2],[-102.49,76.1],[-102.43,76.09],[-102.23,76.01]]],[[[-101.23,76.58],[-101.49,76.58],[-101.6,76.59],[-101.61,76.6],[-101.51,76.63],[-101.17,76.67],[-100.96,76.73],[-100.89,76.74],[-100.62,76.75],[-100.47,76.75],[-100.27,76.73],[-100.75,76.65],[-101.23,76.58]]],[[[-104.02,76.58],[-103.97,76.58],[-103.82,76.6],[-103.72,76.6],[-103.61,76.56],[-103.58,76.54],[-103.19,76.48],[-103.05,76.45],[-103.03,76.43],[-103.08,76.41],[-103.2,76.37],[-103.31,76.35],[-103.47,76.33],[-104.27,76.33],[-104.36,76.33],[-104.41,76.37],[-104.51,76.48],[-104.58,76.54],[-104.6,76.58],[-104.59,76.61],[-104.5,76.63],[-104.21,76.67],[-104.07,76.67],[-103.99,76.66],[-103.96,76.64],[-103.97,76.61],[-104.02,76.58]]],[[[-103.0,78.15],[-103.12,78.13],[-103.25,78.14],[-103.27,78.15],[-103.27,78.17],[-103.26,78.18],[-103.11,78.25],[-102.97,78.27],[-102.89,78.27],[-102.83,78.25],[-102.79,78.22],[-103.0,78.15]]],[[[-101.69,77.7],[-101.83,77.69],[-102.08,77.69],[-102.38,77.73],[-102.46,77.77],[-102.48,77.84],[-102.47,77.87],[-102.45,77.88],[-102.26,77.89],[-101.92,77.9],[-101.64,77.89],[-101.32,77.85],[-101.19,77.83],[-101.13,77.81],[-101.05,77.78],[-101.02,77.76],[-101.0,77.74],[-101.4,77.73],[-101.58,77.72],[-101.69,77.7]]],[[[-89.73,76.51],[-89.77,76.49],[-89.92,76.5],[-89.97,76.49],[-90.05,76.5],[-90.16,76.52],[-90.29,76.58],[-90.44,76.66],[-90.56,76.73],[-90.56,76.75],[-90.52,76.79],[-90.41,76.81],[-90.14,76.84],[-89.95,76.84],[-89.77,76.78],[-89.73,76.76],[-89.7,76.74],[-89.69,76.72],[-89.71,76.7],[-89.79,76.66],[-89.82,76.63],[-89.82,76.6],[-89.8,76.56],[-89.77,76.53],[-89.73,76.52],[-89.73,76.51]]],[[[-96.08,75.51],[-96.16,75.48],[-96.24,75.47],[-96.34,75.51],[-96.46,75.49],[-96.62,75.43],[-96.68,75.39],[-96.72,75.38],[-96.86,75.37],[-96.92,75.38],[-96.97,75.41],[-97.02,75.47],[-96.98,75.51],[-96.86,75.54],[-96.52,75.58],[-96.43,75.61],[-96.42,75.63],[-96.4,75.65],[-96.37,75.65],[-96.15,75.61],[-96.04,75.59],[-95.96,75.55],[-95.97,75.54],[-96.08,75.51]]],[[[-95.31,74.51],[-95.35,74.5],[-95.44,74.51],[-95.78,74.55],[-95.83,74.57],[-95.85,74.58],[-95.77,74.6],[-95.75,74.62],[-95.66,74.64],[-95.51,74.64],[-95.35,74.59],[-95.28,74.54],[-95.27,74.52],[-95.31,74.51]]],[[[-113.83,77.75],[-114.11,77.72],[-114.29,77.72],[-114.61,77.77],[-114.98,77.92],[-115.03,77.97],[-114.89,77.98],[-114.79,77.99],[-114.73,78.02],[-114.61,78.04],[-114.33,78.08],[-114.3,78.06],[-114.3,78.03],[-114.28,78.0],[-114.18,78.0],[-114.09,77.98],[-113.9,77.92],[-113.77,77.9],[-113.72,77.89],[-113.7,77.87],[-113.62,77.83],[-113.62,77.81],[-113.73,77.78],[-113.83,77.75]]],[[[-121.08,75.75],[-121.15,75.74],[-121.24,75.75],[-121.22,75.78],[-121.03,75.85],[-121.02,75.87],[-121.02,75.88],[-121.04,75.9],[-120.99,75.93],[-120.91,75.94],[-120.89,75.93],[-120.88,75.91],[-120.9,75.84],[-120.92,75.81],[-120.95,75.79],[-121.01,75.77],[-121.08,75.75]]],[[[-113.56,76.74],[-113.71,76.71],[-114.75,76.76],[-114.81,76.77],[-114.84,76.79],[-114.65,76.85],[-114.42,76.88],[-113.89,76.89],[-113.71,76.87],[-113.59,76.85],[-113.52,76.83],[-113.49,76.78],[-113.56,76.74]]],[[[-104.12,75.04],[-104.31,75.03],[-104.63,75.06],[-104.83,75.12],[-104.89,75.15],[-104.88,75.16],[-104.85,75.17],[-104.8,75.21],[-104.69,75.32],[-104.65,75.35],[-104.47,75.41],[-104.35,75.43],[-104.07,75.42],[-103.92,75.39],[-103.85,75.37],[-103.8,75.35],[-103.76,75.29],[-103.75,75.25],[-103.67,75.21],[-103.64,75.19],[-103.64,75.16],[-103.66,75.14],[-103.71,75.11],[-103.81,75.08],[-104.12,75.04]]],[[[-55.46,51.54],[-55.53,51.44],[-55.58,51.39],[-55.63,51.37],[-55.73,51.36],[-55.94,51.34],[-56.03,51.33],[-56.04,51.26],[-56.03,51.23],[-56.0,51.2],[-55.96,51.19],[-55.87,51.21],[-55.84,51.21],[-55.82,51.19],[-55.8,51.17],[-55.79,51.13],[-55.78,51.09],[-55.8,51.03],[-55.87,50.91],[-55.96,50.84],[-56.08,50.78],[-56.11,50.76],[-56.12,50.73],[-56.14,50.65],[-56.2,50.58],[-56.38,50.42],[-56.45,50.38],[-56.45,50.35],[-56.48,50.27],[-56.54,50.21],[-56.69,50.06],[-56.73,50.01],[-56.75,49.97],[-56.75,49.91],[-56.75,49.88],[-56.79,49.83],[-56.84,49.79],[-56.85,49.77],[-56.83,49.72],[-56.81,49.71],[-56.81,49.67],[-56.82,49.61],[-56.76,49.65],[-56.61,49.79],[-56.5,49.87],[-56.43,49.9],[-56.38,49.93],[-56.32,50.01],[-56.25,50.09],[-56.18,50.11],[-56.15,50.1],[-56.12,50.06],[-56.13,50.02],[-56.16,49.96],[-56.16,49.94],[-56.08,49.98],[-55.93,50.02],[-55.87,50.01],[-55.76,49.96],[-55.67,49.97],[-55.53,50.0],[-55.5,49.98],[-55.53,49.94],[-55.58,49.89],[-55.72,49.83],[-56.04,49.7],[-56.14,49.62],[-56.12,49.62],[-56.05,49.66],[-55.98,49.68],[-55.9,49.68],[-55.87,49.67],[-55.88,49.65],[-55.89,49.58],[-56.09,49.45],[-56.04,49.46],[-55.82,49.52],[-55.68,49.43],[-55.49,49.46],[-55.38,49.49],[-55.38,49.47],[-55.35,49.44],[-55.36,49.38],[-55.34,49.37],[-55.29,49.39],[-55.28,49.41],[-55.28,49.51],[-55.27,49.52],[-55.23,49.51],[-55.21,49.48],[-55.2,49.41],[-55.23,49.33],[-55.26,49.27],[-55.34,49.17],[-55.33,49.13],[-55.35,49.08],[-55.33,49.08],[-55.25,49.12],[-55.25,49.14],[-55.25,49.18],[-55.24,49.2],[-55.18,49.24],[-55.06,49.3],[-55.03,49.31],[-55.01,49.29],[-55.02,49.26],[-54.98,49.27],[-54.91,49.32],[-54.84,49.35],[-54.78,49.36],[-54.72,49.39],[-54.65,49.44],[-54.58,49.49],[-54.5,49.53],[-54.47,49.53],[-54.48,49.47],[-54.47,49.4],[-54.46,49.34],[-54.45,49.33],[-54.39,49.39],[-54.36,49.42],[-54.32,49.42],[-54.27,49.42],[-53.96,49.44],[-53.86,49.43],[-53.75,49.39],[-53.62,49.32],[-53.57,49.26],[-53.56,49.19],[-53.57,49.14],[-53.67,49.08],[-53.76,49.04],[-53.81,48.99],[-53.82,48.95],[-53.85,48.93],[-53.9,48.89],[-54.16,48.79],[-54.1,48.78],[-53.95,48.81],[-53.85,48.81],[-53.85,48.8],[-53.89,48.77],[-53.96,48.74],[-53.97,48.72],[-53.97,48.71],[-53.89,48.68],[-53.78,48.7],[-53.7,48.68],[-53.71,48.66],[-53.77,48.58],[-53.79,48.53],[-53.89,48.48],[-54.07,48.42],[-54.11,48.39],[-54.1,48.39],[-53.94,48.44],[-53.85,48.45],[-53.8,48.45],[-53.74,48.5],[-53.64,48.51],[-53.55,48.48],[-53.41,48.56],[-53.36,48.57],[-53.28,48.56],[-53.22,48.58],[-53.13,48.63],[-53.06,48.66],[-53.04,48.66],[-53.03,48.63],[-53.02,48.57],[-53.04,48.52],[-53.06,48.48],[-53.14,48.4],[-53.18,48.37],[-53.23,48.36],[-53.3,48.37],[-53.33,48.36],[-53.41,48.29],[-53.53,48.23],[-53.61,48.21],[-53.56,48.17],[-53.54,48.11],[-53.57,48.09],[-53.7,48.07],[-53.71,48.06],[-53.76,48.04],[-53.87,48.02],[-53.79,48.01],[-53.65,48.03],[-53.64,48.01],[-53.66,47.97],[-53.7,47.92],[-53.86,47.8],[-53.86,47.79],[-53.84,47.73],[-53.81,47.68],[-53.77,47.65],[-53.67,47.65],[-53.6,47.66],[-53.5,47.74],[-53.28,48.0],[-53.09,48.07],[-52.92,48.15],[-52.88,48.13],[-52.87,48.11],[-52.87,48.09],[-52.95,48.03],[-53.0,47.98],[-53.11,47.81],[-53.15,47.73],[-53.18,47.65],[-53.17,47.51],[-53.16,47.49],[-53.12,47.46],[-53.06,47.48],[-52.95,47.55],[-52.87,47.62],[-52.82,47.73],[-52.78,47.77],[-52.74,47.77],[-52.71,47.75],[-52.7,47.69],[-52.67,47.62],[-52.65,47.55],[-52.67,47.47],[-52.68,47.43],[-52.91,47.1],[-52.89,47.05],[-52.88,47.01],[-52.89,46.97],[-52.96,46.82],[-53.03,46.72],[-53.07,46.68],[-53.11,46.66],[-53.17,46.65],[-53.21,46.66],[-53.25,46.7],[-53.29,46.72],[-53.32,46.72],[-53.38,46.71],[-53.54,46.63],[-53.57,46.63],[-53.59,46.64],[-53.62,46.68],[-53.6,46.89],[-53.58,46.96],[-53.61,47.01],[-53.58,47.1],[-53.58,47.13],[-53.6,47.15],[-53.64,47.14],[-53.7,47.09],[-53.77,47.01],[-53.86,46.94],[-54.01,46.84],[-54.08,46.82],[-54.1,46.82],[-54.13,46.84],[-54.17,46.88],[-54.17,46.92],[-54.16,46.97],[-54.09,47.09],[-53.97,47.26],[-53.87,47.39],[-53.85,47.44],[-53.88,47.46],[-53.9,47.51],[-53.94,47.64],[-53.99,47.76],[-54.05,47.81],[-54.19,47.86],[-54.22,47.85],[-54.23,47.77],[-54.4,47.56],[-54.43,47.46],[-54.46,47.43],[-54.49,47.4],[-54.56,47.38],[-54.54,47.43],[-54.46,47.54],[-54.47,47.55],[-54.57,47.46],[-54.65,47.41],[-54.74,47.4],[-54.8,47.4],[-54.86,47.39],[-55.09,47.17],[-55.1,47.1],[-55.14,47.05],[-55.25,46.94],[-55.32,46.91],[-55.4,46.9],[-55.48,46.92],[-55.53,46.91],[-55.65,46.88],[-55.79,46.87],[-55.84,46.87],[-55.88,46.89],[-55.95,46.93],[-55.96,46.96],[-55.95,46.97],[-55.92,47.02],[-55.84,47.07],[-55.77,47.09],[-55.61,47.12],[-55.49,47.16],[-55.4,47.22],[-55.36,47.26],[-55.19,47.45],[-54.98,47.52],[-54.87,47.57],[-54.8,47.64],[-54.78,47.66],[-54.89,47.63],[-54.95,47.62],[-55.04,47.63],[-55.07,47.66],[-55.2,47.65],[-55.37,47.66],[-55.39,47.64],[-55.41,47.55],[-55.43,47.5],[-55.46,47.48],[-55.5,47.48],[-55.58,47.47],[-55.77,47.5],[-55.81,47.52],[-55.86,47.53],[-56.08,47.5],[-56.13,47.5],[-56.08,47.52],[-55.87,47.59],[-55.84,47.79],[-55.86,47.82],[-55.92,47.79],[-56.02,47.76],[-56.09,47.77],[-56.12,47.79],[-56.15,47.77],[-56.22,47.67],[-56.26,47.66],[-56.33,47.65],[-56.46,47.62],[-56.72,47.59],[-56.77,47.56],[-56.95,47.57],[-57.47,47.63],[-57.66,47.63],[-57.88,47.66],[-57.93,47.67],[-58.24,47.67],[-58.33,47.68],[-58.33,47.72],[-58.34,47.73],[-58.43,47.68],[-58.51,47.65],[-58.61,47.63],[-58.94,47.58],[-59.12,47.57],[-59.22,47.6],[-59.26,47.63],[-59.32,47.74],[-59.36,47.87],[-59.36,47.89],[-59.34,47.93],[-59.27,48.0],[-58.96,48.16],[-58.71,48.33],[-58.6,48.41],[-58.5,48.44],[-58.34,48.51],[-58.33,48.52],[-58.49,48.51],[-58.61,48.53],[-58.72,48.54],[-58.94,48.52],[-59.17,48.52],[-59.17,48.56],[-59.06,48.63],[-58.84,48.75],[-58.82,48.75],[-58.89,48.69],[-58.91,48.65],[-58.88,48.62],[-58.84,48.61],[-58.72,48.6],[-58.69,48.62],[-58.64,48.75],[-58.55,48.9],[-58.49,49.0],[-58.4,49.08],[-58.36,49.1],[-58.32,49.08],[-58.19,49.06],[-58.05,48.99],[-58.01,48.98],[-57.99,48.99],[-58.04,49.01],[-58.08,49.04],[-58.1,49.08],[-58.05,49.18],[-57.99,49.21],[-57.98,49.23],[-58.1,49.23],[-58.19,49.26],[-58.22,49.31],[-58.21,49.39],[-58.18,49.44],[-58.11,49.5],[-58.02,49.54],[-57.96,49.53],[-57.86,49.47],[-57.79,49.49],[-57.8,49.51],[-57.9,49.6],[-57.93,49.67],[-57.93,49.7],[-57.71,50.02],[-57.61,50.2],[-57.47,50.46],[-57.43,50.51],[-57.36,50.58],[-57.33,50.61],[-57.24,50.61],[-57.18,50.61],[-57.26,50.65],[-57.29,50.67],[-57.3,50.7],[-57.27,50.73],[-57.24,50.74],[-57.13,50.79],[-57.05,50.86],[-57.01,50.94],[-57.01,50.97],[-57.04,51.0],[-57.04,51.01],[-56.98,51.03],[-56.83,51.13],[-56.81,51.14],[-56.75,51.27],[-56.68,51.33],[-56.62,51.36],[-56.52,51.4],[-56.21,51.49],[-56.03,51.57],[-55.9,51.56],[-55.87,51.51],[-55.69,51.47],[-55.66,51.51],[-55.7,51.56],[-55.67,51.58],[-55.52,51.6],[-55.5,51.59],[-55.45,51.56],[-55.46,51.54]]],[[[-55.54,50.72],[-55.57,50.71],[-55.6,50.71],[-55.63,50.72],[-55.63,50.74],[-55.6,50.78],[-55.53,50.8],[-55.47,50.8],[-55.47,50.78],[-55.5,50.74],[-55.54,50.72]]],[[[-54.55,49.59],[-54.71,49.53],[-54.74,49.51],[-54.79,49.5],[-54.82,49.51],[-54.86,49.58],[-54.86,49.6],[-54.81,49.6],[-54.79,49.59],[-54.78,49.57],[-54.76,49.56],[-54.73,49.56],[-54.62,49.62],[-54.56,49.63],[-54.54,49.62],[-54.55,49.59]]],[[[-55.36,51.89],[-55.41,51.89],[-55.42,51.9],[-55.4,51.94],[-55.35,51.98],[-55.27,52.0],[-55.29,51.93],[-55.36,51.89]]],[[[-54.09,49.74],[-54.02,49.68],[-53.98,49.66],[-54.24,49.59],[-54.27,49.59],[-54.29,49.6],[-54.29,49.66],[-54.28,49.71],[-54.26,49.72],[-54.2,49.69],[-54.14,49.75],[-54.09,49.74]]],[[[-56.27,46.84],[-56.35,46.8],[-56.38,46.82],[-56.38,46.85],[-56.33,46.92],[-56.33,46.94],[-56.39,47.07],[-56.38,47.09],[-56.36,47.1],[-56.29,47.07],[-56.28,47.04],[-56.31,46.95],[-56.29,46.9],[-56.26,46.86],[-56.27,46.84]]],[[[-54.23,47.44],[-54.28,47.41],[-54.33,47.41],[-54.32,47.44],[-54.26,47.5],[-54.23,47.54],[-54.23,47.57],[-54.21,47.59],[-54.17,47.61],[-54.13,47.65],[-54.15,47.57],[-54.23,47.44]]],[[[-100.22,68.81],[-100.25,68.78],[-100.29,68.77],[-100.37,68.73],[-100.4,68.72],[-100.44,68.75],[-100.48,68.79],[-100.5,68.79],[-100.52,68.79],[-100.57,68.77],[-100.6,68.77],[-100.62,68.78],[-100.63,68.82],[-100.62,68.87],[-100.6,68.94],[-100.6,68.97],[-100.61,68.99],[-100.6,69.01],[-100.57,69.03],[-100.52,69.04],[-100.41,69.03],[-100.33,69.0],[-100.29,68.96],[-100.21,68.93],[-100.18,68.9],[-100.22,68.81]]],[[[-99.99,69.01],[-100.02,68.95],[-100.14,68.97],[-100.2,68.99],[-100.24,69.04],[-100.25,69.05],[-100.24,69.07],[-100.19,69.11],[-100.15,69.13],[-100.07,69.11],[-100.04,69.09],[-100.01,69.05],[-99.99,69.01]]],[[[-100.31,70.5],[-100.32,70.49],[-100.54,70.53],[-100.62,70.55],[-100.65,70.56],[-100.67,70.6],[-100.68,70.65],[-100.64,70.67],[-100.54,70.67],[-100.43,70.65],[-100.28,70.59],[-100.32,70.58],[-100.32,70.54],[-100.31,70.51],[-100.31,70.5]]],[[[-95.51,69.57],[-95.38,69.51],[-95.38,69.47],[-95.4,69.42],[-95.44,69.38],[-95.5,69.35],[-95.58,69.34],[-95.68,69.34],[-95.73,69.35],[-95.7,69.39],[-95.67,69.4],[-95.67,69.44],[-95.68,69.5],[-95.7,69.54],[-95.76,69.56],[-95.81,69.56],[-95.82,69.54],[-95.8,69.5],[-95.81,69.45],[-95.86,69.38],[-95.89,69.35],[-95.96,69.37],[-95.99,69.39],[-95.98,69.43],[-95.99,69.47],[-95.98,69.51],[-95.94,69.57],[-95.88,69.61],[-95.8,69.63],[-95.71,69.62],[-95.6,69.6],[-95.51,69.57]]],[[[-101.17,69.4],[-101.25,69.39],[-101.27,69.39],[-101.26,69.42],[-101.27,69.43],[-101.29,69.44],[-101.22,69.46],[-101.21,69.48],[-101.23,69.49],[-101.33,69.52],[-101.36,69.54],[-101.35,69.56],[-101.31,69.58],[-101.24,69.57],[-101.1,69.54],[-101.03,69.5],[-101.0,69.46],[-101.05,69.46],[-101.09,69.44],[-101.13,69.41],[-101.17,69.4]]],[[[-101.85,68.59],[-101.89,68.58],[-101.94,68.6],[-102.27,68.66],[-102.31,68.68],[-102.27,68.71],[-102.15,68.74],[-102.07,68.77],[-102.01,68.83],[-101.83,68.8],[-101.76,68.77],[-101.73,68.75],[-101.72,68.72],[-101.73,68.65],[-101.79,68.64],[-101.85,68.59]]],[[[-104.54,68.41],[-104.6,68.4],[-104.7,68.42],[-104.85,68.45],[-104.97,68.49],[-105.04,68.53],[-105.05,68.56],[-104.99,68.57],[-104.91,68.58],[-104.7,68.58],[-104.6,68.56],[-104.47,68.5],[-104.44,68.47],[-104.44,68.45],[-104.46,68.43],[-104.54,68.41]]],[[[-107.9,67.4],[-107.95,67.32],[-107.97,67.33],[-108.0,67.37],[-108.07,67.39],[-108.15,67.43],[-108.15,67.52],[-108.12,67.57],[-108.13,67.63],[-108.05,67.66],[-107.99,67.62],[-107.97,67.55],[-107.99,67.51],[-107.93,67.48],[-107.91,67.47],[-107.89,67.44],[-107.9,67.4]]],[[[-109.17,67.98],[-109.05,67.97],[-108.97,67.98],[-108.91,67.94],[-108.89,67.9],[-108.89,67.88],[-108.92,67.88],[-109.1,67.92],[-109.16,67.95],[-109.18,67.97],[-109.17,67.98]]],[[[-108.09,67.01],[-107.97,67.0],[-107.81,67.0],[-107.83,66.92],[-107.9,66.87],[-107.94,66.86],[-107.97,66.88],[-108.06,66.95],[-108.09,67.01]]],[[[-109.32,67.99],[-109.36,67.99],[-109.5,68.05],[-109.47,68.1],[-109.34,68.05],[-109.32,68.01],[-109.32,67.99]]],[[[-60.99,56.04],[-60.98,56.02],[-61.14,56.03],[-61.19,56.05],[-61.2,56.06],[-61.19,56.09],[-61.16,56.12],[-61.09,56.14],[-61.05,56.13],[-60.97,56.1],[-60.96,56.08],[-60.99,56.04]]],[[[-61.74,57.55],[-61.66,57.52],[-61.64,57.42],[-61.8,57.42],[-61.98,57.5],[-62.01,57.55],[-62.01,57.56],[-61.98,57.57],[-61.94,57.55],[-61.89,57.57],[-61.85,57.58],[-61.74,57.55]]],[[[-69.16,59.04],[-69.22,58.97],[-69.3,58.98],[-69.33,58.96],[-69.35,58.96],[-69.32,59.03],[-69.31,59.07],[-69.33,59.12],[-69.3,59.14],[-69.2,59.15],[-69.19,59.09],[-69.18,59.07],[-69.16,59.06],[-69.16,59.04]]],[[[22.18,60.37],[22.3,60.35],[22.35,60.36],[22.42,60.3],[22.31,60.27],[22.31,60.23],[22.35,60.2],[22.36,60.17],[22.26,60.17],[22.21,60.2],[22.19,60.24],[22.14,60.26],[22.08,60.29],[22.11,60.31],[22.13,60.36],[22.18,60.37]]],[[[21.45,60.53],[21.44,60.48],[21.37,60.49],[21.3,60.48],[21.24,60.53],[21.21,60.6],[21.22,60.62],[21.27,60.64],[21.3,60.6],[21.45,60.53]]],[[[21.83,60.14],[21.73,60.11],[21.7,60.11],[21.7,60.17],[21.76,60.2],[21.86,60.2],[21.83,60.14]]],[[[-64.41,60.37],[-64.44,60.3],[-64.56,60.32],[-64.74,60.38],[-64.81,60.41],[-64.83,60.45],[-64.84,60.5],[-64.78,60.51],[-64.65,60.51],[-64.53,60.44],[-64.5,60.43],[-64.41,60.37]]],[[[20.61,60.04],[20.6,60.02],[20.52,60.01],[20.49,60.03],[20.41,60.03],[20.4,60.04],[20.43,60.06],[20.49,60.07],[20.57,60.07],[20.61,60.04]]],[[[21.63,60.11],[21.54,60.1],[21.49,60.13],[21.51,60.15],[21.57,60.17],[21.63,60.17],[21.65,60.14],[21.63,60.11]]],[[[24.85,64.99],[24.7,64.96],[24.58,64.98],[24.58,65.04],[24.65,65.07],[24.79,65.09],[24.97,65.06],[25.0,65.04],[24.89,65.03],[24.85,64.99]]],[[[30.0,69.82],[29.96,69.8],[29.77,69.77],[29.74,69.79],[29.79,69.83],[29.84,69.91],[29.91,69.9],[29.99,69.87],[30.0,69.87],[30.0,69.82]]],[[[4.96,61.08],[4.87,61.07],[4.8,61.08],[4.82,61.18],[4.86,61.19],[4.92,61.2],[4.97,61.15],[4.96,61.08]]],[[[8.1,63.34],[8.0,63.34],[7.89,63.35],[7.82,63.39],[7.8,63.41],[7.94,63.45],[8.07,63.47],[8.14,63.43],[8.14,63.37],[8.1,63.34]]],[[[8.47,63.67],[8.36,63.66],[8.29,63.69],[8.45,63.73],[8.71,63.77],[8.73,63.8],[8.76,63.8],[8.81,63.77],[8.81,63.73],[8.79,63.7],[8.47,63.67]]],[[[12.51,65.9],[12.43,65.9],[12.43,65.94],[12.48,65.98],[12.55,66.0],[12.64,66.01],[12.75,66.01],[12.78,65.99],[12.72,65.96],[12.51,65.9]]],[[[12.42,66.04],[12.33,66.04],[12.34,66.08],[12.42,66.12],[12.45,66.15],[12.46,66.19],[12.53,66.21],[12.62,66.18],[12.62,66.12],[12.58,66.07],[12.42,66.04]]],[[[19.77,70.22],[19.82,70.2],[19.87,70.21],[19.91,70.2],[19.99,70.15],[20.08,70.13],[20.09,70.1],[20.01,70.08],[19.9,70.07],[19.78,70.08],[19.75,70.11],[19.71,70.17],[19.61,70.22],[19.6,70.27],[19.68,70.27],[19.77,70.22]]],[[[23.44,70.82],[23.42,70.78],[23.39,70.75],[23.31,70.72],[23.07,70.59],[22.93,70.57],[22.88,70.55],[22.83,70.54],[22.66,70.56],[22.61,70.53],[22.56,70.52],[22.43,70.51],[22.36,70.51],[22.17,70.56],[22.06,70.61],[21.99,70.66],[22.17,70.66],[22.23,70.67],[22.35,70.66],[22.42,70.7],[22.57,70.7],[22.86,70.73],[22.96,70.71],[23.2,70.82],[23.28,70.81],[23.4,70.84],[23.44,70.82]]],[[[20.78,70.09],[20.73,70.07],[20.64,70.06],[20.6,70.07],[20.53,70.08],[20.46,70.08],[20.41,70.12],[20.41,70.15],[20.49,70.2],[20.65,70.23],[20.79,70.22],[20.82,70.21],[20.78,70.09]]],[[[25.59,71.14],[25.85,71.1],[25.95,71.1],[26.08,71.03],[26.15,71.04],[26.13,71.0],[26.0,70.98],[25.79,70.96],[25.76,70.95],[25.58,70.96],[25.48,71.02],[25.31,71.03],[25.32,71.05],[25.42,71.1],[25.59,71.14]]],[[[23.62,70.55],[23.63,70.5],[23.64,70.46],[23.55,70.41],[23.33,70.33],[23.35,70.32],[23.27,70.3],[23.16,70.28],[23.1,70.3],[23.11,70.36],[23.09,70.38],[23.01,70.35],[22.92,70.38],[22.92,70.42],[22.94,70.44],[23.02,70.49],[23.16,70.52],[23.25,70.51],[23.55,70.62],[23.58,70.59],[23.62,70.55]]],[[[24.02,70.57],[23.83,70.53],[23.72,70.56],[23.67,70.6],[23.66,70.68],[23.69,70.72],[23.78,70.75],[23.84,70.73],[23.85,70.71],[23.96,70.7],[24.08,70.65],[24.02,70.57]]],[[[13.87,68.27],[13.93,68.25],[14.09,68.25],[14.12,68.25],[14.1,68.22],[14.03,68.19],[13.89,68.17],[13.82,68.12],[13.78,68.1],[13.66,68.1],[13.58,68.09],[13.5,68.05],[13.42,68.08],[13.4,68.06],[13.39,68.02],[13.35,68.01],[13.23,68.0],[13.2,68.09],[13.26,68.12],[13.3,68.16],[13.37,68.17],[13.43,68.16],[13.54,68.25],[13.69,68.27],[13.78,68.28],[13.87,68.27]]],[[[12.97,67.87],[12.82,67.82],[12.88,67.92],[12.96,68.02],[13.07,68.07],[13.12,68.05],[13.1,68.0],[13.1,67.96],[13.07,67.93],[12.97,67.87]]],[[[17.5,69.6],[17.62,69.54],[17.68,69.56],[17.78,69.56],[17.86,69.54],[17.93,69.51],[18.0,69.5],[18.05,69.46],[18.08,69.4],[18.02,69.35],[17.94,69.33],[17.92,69.27],[17.95,69.2],[17.77,69.17],[17.57,69.16],[17.49,69.2],[17.32,69.13],[17.16,69.03],[17.08,69.01],[17.08,69.05],[16.96,69.07],[16.81,69.07],[16.82,69.1],[16.84,69.11],[16.97,69.14],[17.0,69.19],[16.97,69.28],[17.0,69.33],[17.0,69.36],[17.08,69.4],[17.36,69.38],[17.39,69.42],[17.37,69.44],[17.23,69.48],[17.25,69.5],[17.36,69.53],[17.45,69.53],[17.48,69.57],[17.49,69.59],[17.5,69.6]]],[[[19.26,70.07],[19.34,70.01],[19.42,70.02],[19.45,70.04],[19.5,70.05],[19.61,70.02],[19.59,69.97],[19.44,69.91],[19.33,69.82],[19.2,69.8],[19.13,69.81],[19.01,69.76],[18.91,69.71],[18.81,69.64],[18.8,69.61],[18.78,69.58],[18.41,69.55],[18.27,69.54],[18.13,69.56],[18.06,69.6],[18.08,69.63],[18.23,69.64],[18.23,69.68],[18.27,69.7],[18.32,69.72],[18.35,69.77],[18.41,69.78],[18.51,69.77],[18.58,69.81],[18.62,69.81],[18.67,69.78],[18.7,69.82],[18.67,69.86],[18.69,69.89],[18.82,69.96],[18.88,70.01],[18.97,70.04],[19.05,70.04],[19.07,70.09],[19.05,70.13],[19.06,70.17],[19.13,70.24],[19.21,70.25],[19.25,70.18],[19.26,70.07]]],[[[15.76,68.56],[15.77,68.55],[15.91,68.65],[16.06,68.68],[16.07,68.71],[16.13,68.75],[16.12,68.8],[16.15,68.84],[16.23,68.85],[16.28,68.87],[16.33,68.88],[16.43,68.84],[16.48,68.8],[16.55,68.72],[16.52,68.63],[16.34,68.57],[16.19,68.54],[16.05,68.46],[15.98,68.4],[15.91,68.39],[15.87,68.39],[15.84,68.41],[15.76,68.41],[15.68,68.36],[15.44,68.31],[15.34,68.33],[15.34,68.38],[15.28,68.37],[15.19,68.31],[15.1,68.29],[15.04,68.28],[14.93,68.31],[14.63,68.2],[14.35,68.18],[14.26,68.19],[14.26,68.26],[14.44,68.34],[14.59,68.4],[15.1,68.44],[15.41,68.62],[15.49,68.81],[15.56,68.87],[15.53,68.91],[15.44,68.92],[15.44,68.98],[15.48,69.04],[15.65,69.13],[15.74,69.17],[15.89,69.28],[15.97,69.3],[16.05,69.3],[16.13,69.27],[16.11,69.22],[15.99,69.11],[15.81,69.02],[15.83,68.96],[15.91,68.91],[15.92,68.82],[15.93,68.73],[15.79,68.62],[15.76,68.56]]],[[[15.21,68.94],[15.34,68.84],[15.4,68.78],[15.35,68.67],[15.22,68.62],[15.03,68.61],[14.89,68.61],[14.8,68.64],[14.79,68.67],[14.74,68.68],[14.61,68.64],[14.52,68.63],[14.4,68.66],[14.37,68.71],[14.5,68.77],[14.55,68.82],[14.69,68.81],[14.72,68.8],[14.8,68.79],[14.85,68.85],[14.84,68.89],[14.87,68.91],[15.04,68.89],[15.04,69.0],[15.1,69.01],[15.13,69.0],[15.18,68.98],[15.21,68.94]]],[[[11.23,64.87],[11.18,64.84],[11.06,64.86],[10.83,64.84],[10.74,64.87],[10.81,64.92],[11.02,64.98],[11.13,64.98],[11.25,64.91],[11.23,64.87]]],[[[5.09,60.31],[5.09,60.19],[5.0,60.2],[4.96,60.24],[4.94,60.27],[4.95,60.34],[4.93,60.41],[4.96,60.45],[4.99,60.45],[5.05,60.39],[5.09,60.31]]],[[[11.97,65.63],[11.9,65.6],[11.78,65.6],[11.77,65.63],[11.8,65.68],[11.88,65.71],[11.97,65.7],[12.0,65.68],[11.97,65.63]]],[[[-79.06,75.93],[-79.05,75.87],[-79.12,75.87],[-79.36,75.83],[-79.54,75.83],[-79.64,75.84],[-79.7,75.88],[-79.55,75.96],[-79.38,76.01],[-79.18,76.09],[-79.01,76.15],[-78.93,76.13],[-78.85,76.11],[-78.95,76.03],[-79.06,75.99],[-79.06,75.93]]],[[[-71.67,77.33],[-72.02,77.32],[-72.37,77.36],[-72.49,77.39],[-72.49,77.43],[-72.44,77.45],[-72.25,77.46],[-72.09,77.47],[-71.98,77.46],[-71.73,77.43],[-71.55,77.4],[-71.43,77.39],[-71.47,77.35],[-71.67,77.33]]],[[[-17.61,79.83],[-18.04,79.71],[-18.66,79.72],[-19.03,79.77],[-19.14,79.85],[-19.0,79.94],[-18.62,80.0],[-17.45,80.0],[-17.4,79.94],[-17.61,79.83]]],[[[-19.0,77.97],[-19.13,77.94],[-19.22,78.04],[-19.3,78.19],[-19.31,78.34],[-19.11,78.42],[-19.01,78.44],[-18.94,78.42],[-18.95,78.35],[-18.95,78.21],[-18.88,78.11],[-19.0,77.97]]],[[[-18.58,76.04],[-18.7,76.02],[-19.09,76.43],[-19.09,76.58],[-19.06,76.69],[-18.88,76.7],[-18.73,76.64],[-18.66,76.4],[-18.58,76.04]]],[[[-18.0,75.41],[-17.92,75.3],[-17.89,75.2],[-17.76,75.14],[-17.5,75.15],[-17.39,75.04],[-17.59,74.99],[-18.35,75.01],[-18.67,75.0],[-18.89,75.07],[-18.88,75.2],[-18.86,75.32],[-18.64,75.39],[-18.45,75.33],[-18.23,75.37],[-18.0,75.41]]],[[[-17.95,77.64],[-18.15,77.64],[-18.22,77.67],[-18.17,77.71],[-17.9,77.86],[-17.81,77.87],[-17.68,77.86],[-17.64,77.78],[-17.73,77.71],[-17.95,77.64]]],[[[-20.16,80.0],[-20.2,79.94],[-20.18,79.86],[-20.14,79.8],[-20.07,79.77],[-19.99,79.76],[-19.84,79.75],[-19.52,79.76],[-19.39,79.75],[-19.35,79.73],[-19.28,79.68],[-19.3,79.64],[-19.35,79.57],[-19.4,79.49],[-19.43,79.4],[-19.41,79.35],[-19.28,79.34],[-19.22,79.34],[-19.15,79.33],[-19.07,79.29],[-19.01,79.25],[-18.97,79.21],[-18.99,79.18],[-19.07,79.15],[-19.26,79.12],[-19.72,79.07],[-19.77,79.05],[-19.81,79.01],[-19.83,78.96],[-19.89,78.91],[-19.97,78.87],[-20.05,78.84],[-20.2,78.83],[-20.4,78.83],[-20.62,78.8],[-21.13,78.66],[-21.14,78.64],[-20.95,78.6],[-20.96,78.56],[-21.19,78.38],[-21.26,78.29],[-21.31,78.17],[-21.4,78.07],[-21.52,77.99],[-21.63,77.9],[-21.75,77.79],[-21.73,77.71],[-21.58,77.65],[-21.38,77.7],[-21.13,77.85],[-20.86,77.91],[-20.57,77.89],[-20.32,77.86],[-20.0,77.8],[-19.72,77.77],[-19.49,77.72],[-19.39,77.68],[-19.3,77.62],[-19.3,77.59],[-19.47,77.57],[-19.52,77.57],[-19.95,77.67],[-20.16,77.69],[-20.44,77.66],[-20.68,77.62],[-20.46,77.45],[-20.23,77.37],[-19.81,77.33],[-19.59,77.29],[-19.43,77.25],[-19.3,77.22],[-19.13,77.23],[-18.9,77.28],[-18.59,77.28],[-18.44,77.26],[-18.34,77.22],[-18.29,77.13],[-18.3,77.01],[-18.34,76.92],[-18.4,76.86],[-18.51,76.78],[-18.61,76.76],[-18.74,76.77],[-18.87,76.78],[-18.98,76.81],[-19.16,76.84],[-19.51,76.86],[-19.86,76.91],[-20.06,76.93],[-20.49,76.92],[-20.94,76.89],[-20.96,76.84],[-21.61,76.69],[-21.75,76.69],[-21.93,76.74],[-22.19,76.79],[-22.33,76.79],[-22.55,76.73],[-22.61,76.7],[-22.61,76.68],[-22.44,76.63],[-22.38,76.61],[-22.29,76.6],[-22.0,76.59],[-21.88,76.57],[-21.76,76.4],[-21.57,76.29],[-21.49,76.27],[-21.42,76.26],[-21.19,76.27],[-20.89,76.3],[-20.78,76.28],[-20.56,76.24],[-20.44,76.23],[-20.28,76.23],[-20.1,76.22],[-19.86,76.12],[-19.96,76.0],[-19.81,75.9],[-19.57,75.79],[-19.51,75.76],[-19.49,75.69],[-19.48,75.64],[-19.46,75.6],[-19.43,75.57],[-19.4,75.49],[-19.37,75.39],[-19.38,75.3],[-19.43,75.23],[-19.53,75.18],[-19.68,75.15],[-19.8,75.16],[-19.89,75.2],[-20.03,75.25],[-20.2,75.31],[-20.48,75.31],[-20.91,75.16],[-21.09,75.15],[-21.25,75.13],[-21.41,75.06],[-21.65,75.02],[-21.86,75.04],[-22.23,75.12],[-22.1,75.07],[-21.9,75.0],[-21.78,74.97],[-21.7,74.96],[-21.6,74.97],[-21.46,75.0],[-21.14,75.07],[-21.06,75.08],[-20.99,75.07],[-20.93,75.05],[-20.86,74.99],[-20.79,74.89],[-20.8,74.81],[-20.89,74.74],[-20.97,74.69],[-21.04,74.67],[-21.04,74.65],[-20.86,74.64],[-20.61,74.73],[-20.53,74.84],[-20.42,74.98],[-20.21,75.02],[-19.98,74.98],[-19.8,74.85],[-19.54,74.62],[-19.43,74.6],[-19.29,74.55],[-19.23,74.48],[-19.24,74.4],[-19.27,74.34],[-19.31,74.31],[-19.37,74.28],[-19.47,74.27],[-19.65,74.26],[-20.05,74.28],[-20.26,74.28],[-20.23,74.2],[-20.65,74.14],[-21.13,74.11],[-21.58,74.16],[-21.95,74.24],[-21.83,74.36],[-21.76,74.48],[-21.94,74.57],[-21.98,74.57],[-21.92,74.44],[-21.97,74.39],[-22.18,74.33],[-22.32,74.3],[-22.33,74.29],[-22.26,74.27],[-22.22,74.25],[-22.2,74.21],[-22.22,74.17],[-22.29,74.12],[-22.33,74.09],[-22.34,74.06],[-22.27,74.03],[-22.13,73.99],[-21.99,73.97],[-21.3,73.96],[-21.02,73.94],[-20.37,73.85],[-20.34,73.82],[-20.45,73.65],[-20.51,73.49],[-20.64,73.46],[-21.33,73.46],[-21.55,73.43],[-21.87,73.36],[-22.19,73.27],[-22.35,73.27],[-22.99,73.35],[-23.23,73.4],[-23.76,73.54],[-24.16,73.76],[-24.34,73.67],[-24.45,73.63],[-24.57,73.61],[-24.68,73.6],[-24.78,73.62],[-24.91,73.65],[-25.11,73.73],[-25.35,73.81],[-25.52,73.85],[-25.53,73.84],[-25.43,73.79],[-25.28,73.74],[-24.91,73.58],[-24.78,73.54],[-24.79,73.51],[-25.03,73.49],[-25.31,73.43],[-25.45,73.39],[-25.67,73.29],[-25.74,73.28],[-26.06,73.25],[-26.17,73.26],[-26.41,73.31],[-26.77,73.35],[-26.98,73.38],[-27.27,73.44],[-27.17,73.37],[-26.6,73.28],[-26.54,73.25],[-26.66,73.19],[-26.73,73.17],[-26.86,73.17],[-27.06,73.18],[-27.26,73.18],[-27.47,73.16],[-27.56,73.14],[-27.53,73.11],[-27.48,73.09],[-27.41,73.07],[-27.35,73.07],[-27.19,73.13],[-27.07,73.14],[-26.75,73.12],[-26.43,73.17],[-26.2,73.19],[-26.03,73.2],[-25.4,73.28],[-25.27,73.36],[-25.06,73.4],[-24.59,73.42],[-24.13,73.41],[-23.9,73.4],[-23.71,73.32],[-23.46,73.26],[-23.24,73.19],[-23.0,73.17],[-22.85,73.08],[-22.45,72.99],[-22.19,72.97],[-22.04,72.92],[-22.02,72.72],[-22.01,72.64],[-22.07,72.4],[-22.28,72.34],[-22.24,72.22],[-22.29,72.12],[-22.5,72.16],[-22.71,72.22],[-23.21,72.33],[-23.67,72.39],[-23.86,72.45],[-24.07,72.5],[-24.36,72.69],[-24.55,72.92],[-24.63,73.04],[-24.79,73.04],[-24.99,73.01],[-25.17,72.98],[-25.26,72.92],[-25.86,72.85],[-26.08,72.79],[-26.21,72.8],[-26.66,72.72],[-26.48,72.68],[-26.39,72.67],[-26.21,72.69],[-26.1,72.72],[-25.69,72.8],[-25.36,72.81],[-25.24,72.84],[-24.98,72.89],[-24.81,72.9],[-24.79,72.89],[-24.77,72.87],[-24.65,72.58],[-24.7,72.51],[-24.84,72.47],[-25.13,72.42],[-25.2,72.39],[-25.12,72.35],[-24.84,72.39],[-24.67,72.44],[-24.57,72.42],[-24.42,72.35],[-24.24,72.31],[-23.8,72.2],[-23.59,72.14],[-23.29,72.08],[-22.96,72.0],[-22.87,71.97],[-22.56,71.93],[-22.5,71.91],[-22.37,71.77],[-22.26,71.75],[-21.96,71.74],[-22.01,71.69],[-22.31,71.56],[-22.46,71.52],[-22.5,71.5],[-22.49,71.46],[-22.48,71.38],[-22.42,71.25],[-22.35,71.37],[-22.3,71.43],[-22.23,71.45],[-22.17,71.45],[-21.96,71.51],[-21.75,71.48],[-21.7,71.34],[-21.67,71.21],[-21.69,71.09],[-21.67,70.92],[-21.67,70.86],[-21.63,70.8],[-21.57,70.59],[-21.52,70.53],[-21.63,70.47],[-21.94,70.44],[-22.07,70.47],[-22.38,70.46],[-22.38,70.51],[-22.4,70.57],[-22.4,70.61],[-22.42,70.65],[-22.44,70.86],[-22.53,70.81],[-22.53,70.76],[-22.56,70.72],[-22.61,70.49],[-22.69,70.44],[-22.94,70.45],[-23.19,70.44],[-23.33,70.45],[-23.79,70.56],[-23.97,70.65],[-24.13,70.79],[-24.23,70.92],[-24.27,71.05],[-24.38,71.15],[-24.56,71.22],[-24.78,71.29],[-25.03,71.33],[-25.25,71.4],[-25.45,71.47],[-25.66,71.53],[-25.89,71.57],[-26.21,71.59],[-26.69,71.58],[-27.01,71.63],[-27.09,71.63],[-27.16,71.6],[-27.11,71.53],[-26.74,71.5],[-26.45,71.49],[-26.07,71.5],[-25.84,71.48],[-25.76,71.44],[-25.7,71.37],[-25.67,71.27],[-25.74,71.18],[-26.01,71.09],[-26.16,71.05],[-26.58,70.97],[-26.72,70.95],[-27.07,70.94],[-27.34,70.95],[-27.69,70.99],[-27.89,71.0],[-28.3,71.01],[-28.4,70.99],[-28.29,70.95],[-28.12,70.92],[-27.99,70.9],[-27.98,70.84],[-28.02,70.76],[-28.07,70.7],[-28.15,70.66],[-28.42,70.57],[-28.53,70.55],[-29.04,70.46],[-29.07,70.44],[-28.95,70.45],[-28.63,70.48],[-28.54,70.48],[-28.02,70.4],[-27.6,70.41],[-26.75,70.48],[-26.68,70.47],[-26.62,70.46],[-26.57,70.44],[-26.51,70.4],[-26.58,70.36],[-26.77,70.32],[-27.07,70.28],[-27.2,70.26],[-27.33,70.22],[-27.56,70.12],[-27.63,70.03],[-27.38,69.99],[-27.27,70.04],[-27.14,70.14],[-27.03,70.2],[-26.75,70.24],[-26.42,70.22],[-26.16,70.25],[-25.62,70.35],[-25.53,70.35],[-24.75,70.3],[-24.04,70.18],[-23.67,70.14],[-23.17,70.11],[-22.28,70.13],[-22.21,70.11],[-22.24,70.07],[-22.29,70.03],[-22.44,69.99],[-22.61,69.95],[-22.73,69.95],[-22.82,69.92],[-23.03,69.9],[-23.09,69.88],[-23.01,69.8],[-23.05,69.79],[-23.24,69.79],[-23.55,69.74],[-23.81,69.74],[-23.87,69.74],[-23.82,69.72],[-23.76,69.68],[-23.71,69.63],[-23.74,69.59],[-23.86,69.57],[-23.94,69.56],[-24.25,69.59],[-24.3,69.59],[-24.25,69.56],[-24.23,69.53],[-24.22,69.48],[-24.3,69.44],[-24.45,69.41],[-24.74,69.32],[-24.87,69.29],[-25.13,69.27],[-25.19,69.26],[-25.08,69.19],[-25.09,69.17],[-25.27,69.09],[-25.54,69.05],[-25.58,69.02],[-25.61,68.95],[-25.63,68.93],[-25.7,68.89],[-25.96,68.82],[-26.14,68.78],[-26.23,68.75],[-26.34,68.7],[-26.48,68.68],[-26.65,68.67],[-26.82,68.65],[-27.08,68.6],[-27.27,68.58],[-27.85,68.49],[-28.13,68.48],[-28.36,68.45],[-28.85,68.36],[-29.09,68.33],[-29.25,68.3],[-29.43,68.29],[-29.71,68.31],[-29.87,68.31],[-29.96,68.3],[-30.05,68.27],[-30.2,68.2],[-30.32,68.19],[-30.72,68.25],[-30.71,68.22],[-30.61,68.16],[-30.61,68.12],[-30.85,68.07],[-30.98,68.06],[-31.17,68.08],[-31.42,68.13],[-31.74,68.23],[-32.14,68.38],[-32.33,68.44],[-32.31,68.39],[-32.27,68.34],[-32.2,68.29],[-32.18,68.26],[-32.22,68.24],[-32.28,68.23],[-32.35,68.23],[-32.37,68.21],[-32.25,68.14],[-32.16,68.06],[-32.16,67.99],[-32.27,67.92],[-32.37,67.88],[-32.45,67.87],[-32.92,67.7],[-33.05,67.68],[-33.11,67.66],[-33.16,67.63],[-33.29,67.49],[-33.35,67.44],[-33.46,67.39],[-33.5,67.38],[-33.52,67.35],[-33.5,67.32],[-33.53,67.26],[-33.61,67.17],[-33.88,66.94],[-34.1,66.73],[-34.2,66.66],[-34.27,66.63],[-34.31,66.64],[-34.42,66.63],[-34.48,66.59],[-34.52,66.52],[-34.58,66.47],[-34.63,66.43],[-35.07,66.28],[-35.19,66.25],[-35.29,66.27],[-35.41,66.26],[-35.66,66.34],[-35.71,66.37],[-35.87,66.44],[-35.86,66.41],[-35.83,66.39],[-35.81,66.36],[-35.76,66.32],[-35.63,66.14],[-35.73,66.1],[-35.82,66.06],[-36.04,65.99],[-36.29,65.86],[-36.38,65.83],[-36.4,65.93],[-36.39,65.96],[-36.53,66.01],[-36.52,65.97],[-36.54,65.94],[-36.64,65.81],[-36.67,65.79],[-36.71,65.8],[-36.82,65.77],[-36.93,65.78],[-37.03,65.84],[-37.06,65.87],[-37.23,65.79],[-37.32,65.79],[-37.33,65.72],[-37.41,65.66],[-37.52,65.63],[-37.66,65.63],[-37.75,65.59],[-37.95,65.63],[-38.0,65.71],[-37.84,65.81],[-37.8,65.86],[-37.83,65.91],[-37.79,65.98],[-37.48,66.19],[-37.28,66.3],[-37.29,66.32],[-37.57,66.35],[-37.81,66.39],[-38.05,66.4],[-38.16,66.39],[-37.99,66.32],[-37.75,66.26],[-37.87,66.2],[-37.97,66.14],[-38.07,65.97],[-38.14,65.9],[-38.4,65.98],[-38.52,66.01],[-38.44,65.92],[-38.22,65.84],[-38.2,65.81],[-38.2,65.71],[-38.64,65.62],[-39.09,65.61],[-39.41,65.59],[-39.96,65.56],[-40.17,65.56],[-40.19,65.52],[-39.66,65.37],[-39.58,65.34],[-39.65,65.29],[-39.76,65.25],[-39.94,65.14],[-40.03,65.1],[-40.25,65.05],[-40.67,65.11],[-40.88,65.08],[-41.08,65.1],[-41.09,65.04],[-41.03,64.99],[-40.97,64.87],[-40.83,64.88],[-40.66,64.92],[-40.52,64.83],[-40.43,64.67],[-40.28,64.6],[-40.21,64.54],[-40.18,64.48],[-40.28,64.42],[-40.48,64.34],[-40.7,64.33],[-40.69,64.27],[-40.78,64.22],[-40.98,64.24],[-41.08,64.27],[-41.18,64.28],[-41.58,64.3],[-41.17,64.18],[-41.03,64.12],[-40.97,64.15],[-40.83,64.16],[-40.62,64.13],[-40.65,63.93],[-40.56,63.76],[-40.55,63.73],[-40.77,63.63],[-40.78,63.53],[-40.91,63.51],[-41.05,63.51],[-41.06,63.41],[-41.15,63.35],[-41.14,63.31],[-41.11,63.27],[-41.2,63.21],[-41.27,63.13],[-41.39,63.06],[-41.45,63.07],[-41.63,63.06],[-41.84,63.07],[-42.02,63.16],[-42.09,63.19],[-42.17,63.21],[-42.14,63.15],[-42.09,63.12],[-41.93,63.05],[-41.63,62.97],[-41.64,62.92],[-41.72,62.89],[-41.91,62.74],[-41.97,62.73],[-42.06,62.69],[-42.32,62.71],[-42.42,62.72],[-42.74,62.71],[-42.85,62.73],[-42.94,62.72],[-42.86,62.68],[-42.67,62.64],[-42.47,62.6],[-42.15,62.57],[-42.16,62.51],[-42.24,62.47],[-42.2,62.4],[-42.23,62.35],[-42.25,62.29],[-42.32,62.15],[-42.24,62.06],[-42.14,62.01],[-42.15,61.95],[-42.11,61.86],[-42.25,61.77],[-42.37,61.77],[-42.53,61.76],[-42.59,61.72],[-42.32,61.68],[-42.35,61.62],[-42.42,61.54],[-42.49,61.36],[-42.65,61.06],[-42.72,60.77],[-43.04,60.52],[-43.16,60.52],[-43.19,60.51],[-43.35,60.52],[-43.6,60.58],[-43.79,60.59],[-43.92,60.6],[-43.94,60.57],[-43.83,60.52],[-43.67,60.5],[-43.53,60.47],[-43.3,60.44],[-43.21,60.39],[-43.16,60.33],[-43.16,60.3],[-43.17,60.26],[-43.12,60.06],[-43.23,59.99],[-43.32,59.93],[-43.62,59.94],[-43.67,59.96],[-43.96,60.03],[-43.94,59.99],[-43.73,59.9],[-43.66,59.86],[-43.71,59.85],[-43.79,59.85],[-43.91,59.82],[-44.12,59.83],[-44.11,59.88],[-44.07,59.92],[-44.16,59.92],[-44.27,59.89],[-44.33,59.9],[-44.38,59.9],[-44.41,59.92],[-44.45,60.01],[-44.4,60.06],[-44.23,60.18],[-44.18,60.24],[-44.22,60.27],[-44.35,60.2],[-44.48,60.1],[-44.53,60.03],[-44.61,60.02],[-44.81,60.05],[-45.38,60.2],[-45.36,60.3],[-45.37,60.37],[-45.2,60.38],[-45.08,60.42],[-44.97,60.46],[-44.85,60.53],[-44.74,60.66],[-44.76,60.66],[-45.08,60.51],[-45.28,60.45],[-45.38,60.44],[-45.43,60.47],[-45.59,60.52],[-45.7,60.54],[-45.93,60.58],[-45.98,60.6],[-46.05,60.62],[-46.14,60.78],[-46.02,60.97],[-45.93,61.03],[-45.88,61.09],[-45.85,61.18],[-45.87,61.22],[-45.94,61.21],[-45.98,61.18],[-45.97,61.13],[-46.01,61.1],[-46.3,61.02],[-46.58,60.96],[-46.72,60.9],[-46.81,60.86],[-46.87,60.82],[-46.98,60.82],[-47.12,60.81],[-47.22,60.78],[-47.37,60.8],[-47.46,60.84],[-47.58,60.85],[-47.71,60.83],[-47.8,60.83],[-47.79,60.8],[-47.73,60.73],[-47.83,60.72],[-48.01,60.72],[-48.11,60.74],[-48.18,60.77],[-48.24,60.81],[-48.21,60.86],[-47.91,60.95],[-47.77,61.0],[-47.86,61.02],[-48.15,61.0],[-48.19,61.01],[-48.39,61.0],[-48.38,61.14],[-48.42,61.17],[-48.43,61.19],[-48.49,61.22],[-48.56,61.23],[-48.6,61.25],[-48.92,61.28],[-48.96,61.35],[-48.99,61.43],[-49.05,61.52],[-49.2,61.55],[-49.29,61.59],[-49.22,61.63],[-49.19,61.69],[-49.27,61.71],[-49.31,61.75],[-49.3,61.77],[-49.36,61.84],[-49.38,61.89],[-49.31,61.94],[-49.13,61.99],[-49.07,62.02],[-49.04,62.04],[-48.83,62.08],[-49.01,62.11],[-49.12,62.11],[-49.2,62.1],[-49.28,62.05],[-49.35,62.01],[-49.62,62.0],[-49.66,62.02],[-49.68,62.09],[-49.67,62.15],[-49.55,62.23],[-49.69,62.27],[-49.81,62.29],[-49.94,62.32],[-50.07,62.36],[-50.18,62.41],[-50.29,62.47],[-50.32,62.47],[-50.28,62.53],[-50.26,62.58],[-50.26,62.68],[-50.3,62.72],[-50.2,62.81],[-50.08,62.9],[-49.79,63.04],[-50.09,62.98],[-50.34,62.83],[-50.39,62.82],[-50.41,62.85],[-50.5,62.94],[-50.57,62.97],[-50.6,63.0],[-50.74,63.05],[-50.8,63.09],[-50.89,63.17],[-51.01,63.26],[-51.19,63.44],[-51.47,63.64],[-51.54,63.76],[-51.45,63.9],[-51.55,64.01],[-51.28,64.05],[-50.9,64.11],[-50.7,64.15],[-50.59,64.16],[-50.34,64.17],[-50.26,64.21],[-50.4,64.2],[-50.49,64.21],[-50.49,64.23],[-50.46,64.27],[-50.44,64.31],[-50.48,64.3],[-50.72,64.22],[-51.07,64.16],[-51.35,64.12],[-51.39,64.12],[-51.49,64.1],[-51.54,64.1],[-51.58,64.1],[-51.68,64.16],[-51.71,64.21],[-51.53,64.31],[-51.4,64.46],[-51.23,64.56],[-51.11,64.57],[-50.91,64.57],[-50.83,64.56],[-50.86,64.62],[-50.85,64.64],[-50.68,64.68],[-50.49,64.69],[-50.36,64.68],[-50.27,64.61],[-50.16,64.49],[-50.01,64.45],[-50.02,64.51],[-50.09,64.58],[-50.12,64.7],[-50.22,64.75],[-50.3,64.78],[-50.52,64.77],[-50.65,64.85],[-50.68,64.89],[-50.68,64.93],[-50.81,65.05],[-50.85,65.11],[-50.92,65.2],[-50.96,65.2],[-50.91,65.1],[-50.85,65.02],[-50.76,64.86],[-50.72,64.8],[-50.78,64.75],[-50.89,64.7],[-50.99,64.66],[-51.22,64.63],[-51.17,64.71],[-51.14,64.79],[-51.26,64.76],[-51.36,64.7],[-51.4,64.62],[-51.47,64.55],[-51.68,64.38],[-51.76,64.28],[-51.83,64.23],[-51.92,64.22],[-52.0,64.26],[-52.06,64.35],[-52.09,64.42],[-52.1,64.6],[-52.09,64.68],[-52.12,64.8],[-52.24,65.06],[-52.26,65.15],[-52.45,65.21],[-52.45,65.22],[-52.5,65.28],[-52.54,65.33],[-52.51,65.35],[-52.46,65.36],[-52.18,65.44],[-51.97,65.53],[-51.72,65.67],[-51.62,65.71],[-51.25,65.75],[-51.09,65.75],[-51.09,65.78],[-51.15,65.79],[-51.39,65.78],[-51.72,65.72],[-51.78,65.7],[-51.92,65.62],[-52.04,65.57],[-52.35,65.46],[-52.55,65.46],[-52.76,65.59],[-52.99,65.57],[-53.15,65.57],[-53.2,65.59],[-53.23,65.77],[-53.11,65.98],[-53.24,65.98],[-53.27,65.99],[-53.34,66.03],[-53.39,66.05],[-53.36,66.07],[-53.02,66.17],[-52.51,66.36],[-52.29,66.44],[-52.16,66.47],[-52.06,66.51],[-51.93,66.59],[-51.89,66.62],[-51.82,66.65],[-51.68,66.68],[-51.52,66.73],[-51.26,66.84],[-51.23,66.88],[-51.28,66.89],[-51.4,66.85],[-51.65,66.75],[-51.82,66.7],[-52.42,66.45],[-52.68,66.36],[-52.81,66.3],[-52.92,66.24],[-53.04,66.2],[-53.16,66.18],[-53.41,66.16],[-53.54,66.14],[-53.61,66.15],[-53.65,66.27],[-53.62,66.34],[-53.63,66.41],[-53.57,66.51],[-53.48,66.58],[-53.44,66.62],[-53.42,66.65],[-53.22,66.72],[-53.11,66.75],[-53.04,66.83],[-52.6,66.85],[-52.49,66.85],[-52.43,66.86],[-52.39,66.88],[-52.43,66.9],[-52.56,66.91],[-52.91,66.91],[-53.23,66.92],[-53.37,66.93],[-53.44,66.92],[-53.56,66.95],[-53.69,66.99],[-53.88,67.14],[-53.81,67.33],[-53.8,67.42],[-53.55,67.5],[-53.41,67.52],[-53.22,67.58],[-52.97,67.69],[-52.67,67.75],[-52.51,67.76],[-52.38,67.75],[-51.91,67.66],[-51.67,67.65],[-51.45,67.67],[-51.18,67.64],[-50.71,67.51],[-50.61,67.53],[-50.64,67.56],[-51.17,67.69],[-51.17,67.73],[-51.03,67.74],[-50.89,67.78],[-50.97,67.81],[-51.32,67.79],[-51.42,67.75],[-51.77,67.74],[-51.94,67.77],[-52.1,67.78],[-52.34,67.84],[-52.55,67.82],[-52.67,67.79],[-52.9,67.77],[-52.98,67.76],[-53.42,67.57],[-53.6,67.54],[-53.74,67.55],[-53.64,67.67],[-53.62,67.72],[-53.62,67.77],[-53.58,67.84],[-53.35,67.97],[-53.21,68.12],[-53.15,68.21],[-53.04,68.22],[-52.89,68.2],[-52.44,68.15],[-52.06,68.08],[-51.78,68.06],[-51.6,68.05],[-51.52,68.08],[-51.46,68.12],[-51.43,68.14],[-51.41,68.2],[-51.39,68.22],[-51.33,68.24],[-51.21,68.33],[-51.17,68.39],[-51.21,68.42],[-51.29,68.42],[-51.46,68.39],[-51.48,68.38],[-51.48,68.37],[-51.63,68.27],[-51.8,68.25],[-52.2,68.22],[-52.38,68.22],[-52.7,68.26],[-52.75,68.28],[-52.78,68.31],[-53.17,68.3],[-53.29,68.29],[-53.38,68.3],[-53.34,68.35],[-53.21,68.41],[-53.04,68.61],[-52.89,68.66],[-52.6,68.71],[-52.3,68.7],[-51.78,68.55],[-51.62,68.53],[-51.48,68.55],[-51.13,68.6],[-51.07,68.62],[-50.95,68.68],[-50.8,68.79],[-50.81,68.82],[-51.03,68.76],[-51.15,68.74],[-51.25,68.74],[-51.16,68.94],[-51.12,69.09],[-51.08,69.13],[-50.79,69.12],[-50.39,69.14],[-50.3,69.17],[-50.3,69.19],[-50.46,69.21],[-50.54,69.25],[-50.67,69.23],[-50.85,69.21],[-51.08,69.21],[-51.06,69.27],[-50.89,69.41],[-50.88,69.47],[-50.81,69.6],[-50.8,69.66],[-50.72,69.73],[-50.46,69.77],[-50.35,69.8],[-50.34,69.83],[-50.5,69.94],[-50.46,69.97],[-50.34,69.99],[-50.29,70.01],[-50.32,70.03],[-50.44,70.04],[-50.61,70.01],[-50.8,70.0],[-50.97,70.04],[-51.11,70.06],[-51.19,70.05],[-51.42,69.99],[-51.5,69.99],[-51.6,70.0],[-52.25,70.06],[-52.34,70.08],[-52.57,70.17],[-52.77,70.23],[-53.02,70.3],[-53.36,70.35],[-53.77,70.39],[-54.01,70.42],[-54.14,70.47],[-54.34,70.57],[-54.5,70.66],[-54.53,70.7],[-54.44,70.75],[-54.34,70.79],[-54.17,70.82],[-53.86,70.81],[-53.69,70.8],[-53.51,70.77],[-53.38,70.76],[-53.09,70.77],[-52.8,70.75],[-52.63,70.73],[-52.41,70.69],[-51.78,70.5],[-51.52,70.44],[-51.41,70.43],[-50.95,70.36],[-50.87,70.36],[-50.68,70.4],[-50.66,70.42],[-50.73,70.44],[-50.93,70.45],[-51.17,70.53],[-51.32,70.59],[-51.34,70.69],[-51.32,70.74],[-51.28,70.77],[-51.26,70.85],[-51.4,70.9],[-51.49,70.92],[-51.75,70.99],[-51.77,71.01],[-51.65,71.02],[-51.53,71.01],[-51.27,70.98],[-51.13,70.97],[-51.03,70.99],[-51.02,71.0],[-51.18,71.04],[-51.38,71.12],[-51.79,71.13],[-52.06,71.12],[-52.23,71.15],[-52.42,71.19],[-52.53,71.2],[-52.77,71.17],[-52.9,71.17],[-53.01,71.18],[-53.12,71.31],[-53.09,71.35],[-53.0,71.37],[-52.94,71.41],[-52.89,71.46],[-52.75,71.5],[-51.97,71.6],[-51.77,71.67],[-51.78,71.68],[-51.91,71.67],[-52.08,71.64],[-52.2,71.63],[-52.66,71.67],[-52.73,71.66],[-52.91,71.6],[-53.17,71.54],[-53.28,71.54],[-53.44,71.58],[-53.46,71.61],[-53.48,71.64],[-53.3,71.69],[-53.25,71.71],[-53.14,71.78],[-53.14,71.81],[-53.33,71.79],[-53.36,71.82],[-53.36,71.87],[-53.37,71.94],[-53.42,72.0],[-53.58,72.1],[-53.64,72.12],[-53.69,72.16],[-53.81,72.29],[-53.78,72.33],[-53.67,72.35],[-53.65,72.36],[-53.9,72.34],[-53.93,72.32],[-53.88,72.28],[-53.85,72.24],[-53.83,72.18],[-53.79,72.13],[-53.7,72.08],[-53.63,72.05],[-53.51,71.98],[-53.46,71.89],[-53.48,71.85],[-53.57,71.81],[-53.72,71.76],[-53.76,71.72],[-53.78,71.68],[-53.89,71.64],[-53.96,71.66],[-54.02,71.66],[-53.95,71.59],[-53.91,71.53],[-53.96,71.46],[-54.1,71.42],[-54.17,71.42],[-54.32,71.38],[-54.69,71.37],[-54.82,71.38],[-55.06,71.41],[-55.34,71.43],[-55.45,71.47],[-55.59,71.55],[-55.67,71.63],[-55.67,71.69],[-55.63,71.74],[-55.55,71.77],[-55.45,71.96],[-55.32,72.11],[-54.97,72.27],[-54.87,72.33],[-54.84,72.36],[-54.84,72.38],[-54.9,72.39],[-55.32,72.2],[-55.58,72.18],[-55.66,72.22],[-55.64,72.3],[-55.59,72.32],[-55.38,72.31],[-55.3,72.35],[-55.43,72.42],[-55.57,72.44],[-55.6,72.45],[-55.46,72.5],[-55.12,72.5],[-55.05,72.53],[-54.92,72.57],[-54.79,72.64],[-54.74,72.7],[-54.73,72.75],[-54.76,72.79],[-54.76,72.83],[-54.74,72.87],[-54.77,72.92],[-54.87,72.97],[-55.07,73.02],[-55.13,72.96],[-55.2,72.94],[-55.29,72.93],[-55.37,72.96],[-55.46,72.96],[-55.55,72.98],[-55.63,72.99],[-55.67,73.01],[-55.69,73.05],[-55.69,73.11],[-55.59,73.14],[-55.45,73.16],[-55.36,73.2],[-55.3,73.26],[-55.29,73.33],[-55.33,73.4],[-55.45,73.46],[-55.66,73.4],[-55.74,73.38],[-55.76,73.43],[-55.79,73.46],[-55.88,73.5],[-55.99,73.54],[-56.1,73.56],[-56.11,73.59],[-56.08,73.63],[-56.03,73.67],[-55.97,73.76],[-55.9,73.75],[-55.84,73.76],[-55.87,73.83],[-55.93,73.9],[-56.0,73.93],[-56.0,73.95],[-56.01,73.96],[-56.07,74.01],[-56.12,74.04],[-56.23,74.13],[-56.3,74.16],[-56.39,74.18],[-56.49,74.18],[-56.66,74.16],[-56.95,74.13],[-57.19,74.12],[-57.23,74.13],[-57.11,74.16],[-56.94,74.2],[-56.71,74.22],[-56.64,74.28],[-56.66,74.33],[-56.65,74.38],[-56.72,74.43],[-56.66,74.46],[-56.45,74.49],[-56.35,74.49],[-56.26,74.53],[-56.52,74.61],[-56.8,74.67],[-56.87,74.69],[-56.93,74.73],[-56.99,74.79],[-57.07,74.84],[-57.19,74.89],[-57.36,74.95],[-57.81,75.04],[-57.97,75.11],[-58.11,75.2],[-58.18,75.25],[-58.25,75.28],[-58.57,75.35],[-58.6,75.39],[-58.28,75.47],[-58.25,75.51],[-58.38,75.61],[-58.52,75.69],[-58.66,75.72],[-58.88,75.73],[-59.08,75.76],[-59.26,75.82],[-59.45,75.86],[-59.72,75.9],[-60.17,75.99],[-60.87,76.1],[-61.19,76.16],[-61.37,76.18],[-61.62,76.19],[-62.1,76.24],[-62.5,76.26],[-62.74,76.25],[-62.82,76.26],[-63.01,76.32],[-63.29,76.35],[-63.44,76.34],[-63.62,76.28],[-63.84,76.22],[-63.96,76.21],[-64.14,76.26],[-64.22,76.3],[-64.31,76.32],[-64.39,76.3],[-64.54,76.25],[-64.69,76.22],[-64.91,76.17],[-65.09,76.15],[-65.31,76.15],[-65.37,76.13],[-65.46,76.13],[-65.57,76.14],[-65.68,76.17],[-65.79,76.22],[-65.88,76.24],[-65.95,76.24],[-66.13,76.22],[-66.36,76.15],[-66.47,76.14],[-66.55,76.15],[-66.66,76.17],[-66.87,76.22],[-66.99,76.21],[-67.08,76.19],[-67.05,76.15],[-66.85,76.05],[-66.67,75.98],[-66.83,75.97],[-68.15,76.07],[-68.32,76.09],[-68.56,76.15],[-68.76,76.19],[-69.11,76.28],[-69.37,76.33],[-69.46,76.37],[-69.48,76.4],[-69.4,76.44],[-68.86,76.56],[-68.66,76.59],[-68.25,76.62],[-68.15,76.64],[-68.11,76.65],[-68.22,76.68],[-68.77,76.67],[-69.25,76.69],[-69.67,76.74],[-69.75,76.75],[-69.82,76.78],[-69.89,76.83],[-69.87,76.88],[-69.77,76.93],[-69.71,76.97],[-69.69,76.99],[-70.22,76.85],[-70.44,76.81],[-70.61,76.82],[-70.73,76.84],[-70.79,76.87],[-70.79,76.9],[-70.77,76.92],[-70.73,76.93],[-71.02,76.98],[-71.14,77.03],[-71.15,77.07],[-71.06,77.12],[-70.96,77.15],[-70.86,77.18],[-70.6,77.19],[-69.66,77.23],[-68.98,77.2],[-68.75,77.31],[-68.59,77.34],[-68.14,77.38],[-67.43,77.38],[-66.94,77.36],[-66.71,77.34],[-66.39,77.28],[-66.37,77.3],[-66.45,77.35],[-66.45,77.39],[-66.33,77.47],[-66.27,77.52],[-66.31,77.56],[-66.45,77.62],[-66.69,77.68],[-66.82,77.69],[-66.97,77.67],[-67.15,77.63],[-67.51,77.54],[-67.69,77.52],[-67.98,77.52],[-68.14,77.53],[-68.29,77.54],[-68.53,77.59],[-68.62,77.6],[-68.73,77.58],[-68.85,77.53],[-68.97,77.49],[-69.09,77.47],[-69.2,77.46],[-69.35,77.47],[-69.98,77.55],[-70.12,77.58],[-70.13,77.64],[-70.32,77.69],[-70.54,77.7],[-70.56,77.72],[-70.29,77.8],[-70.08,77.83],[-70.11,77.84],[-70.41,77.84],[-70.61,77.8],[-70.73,77.79],[-70.99,77.79],[-71.27,77.81],[-71.39,77.83],[-71.51,77.88],[-71.65,77.9],[-72.06,77.94],[-72.16,77.96],[-72.25,77.99],[-72.59,78.09],[-72.79,78.15],[-72.82,78.19],[-72.58,78.28],[-72.57,78.3],[-72.67,78.34],[-72.71,78.36],[-72.68,78.4],[-72.47,78.48],[-72.4,78.5],[-72.02,78.55],[-71.65,78.62],[-71.52,78.64],[-71.39,78.64],[-70.91,78.64],[-70.75,78.66],[-70.63,78.69],[-70.41,78.72],[-69.97,78.78],[-68.99,78.86],[-68.93,78.87],[-68.92,78.88],[-69.01,78.92],[-69.03,78.94],[-68.83,78.98],[-68.38,79.04],[-68.07,79.07],[-67.87,79.07],[-67.71,79.08],[-67.48,79.12],[-67.35,79.12],[-66.58,79.14],[-66.24,79.12],[-66.08,79.12],[-65.97,79.13],[-65.83,79.17],[-65.56,79.28],[-65.42,79.34],[-65.29,79.44],[-65.12,79.59],[-64.99,79.74],[-64.9,79.88],[-64.84,79.97],[-64.79,80.0],[-20.16,80.0]]],[[[-85.87,16.46],[-85.95,16.4],[-85.96,16.43],[-85.92,16.48],[-85.88,16.51],[-85.83,16.51],[-85.84,16.49],[-85.87,16.46]]],[[[25.4,37.42],[25.31,37.41],[25.31,37.49],[25.35,37.51],[25.46,37.47],[25.46,37.45],[25.4,37.42]]],[[[-72.66,20.04],[-72.62,20.01],[-72.64,19.99],[-72.74,20.0],[-72.84,20.04],[-72.88,20.03],[-72.9,20.03],[-72.96,20.06],[-72.91,20.09],[-72.85,20.09],[-72.79,20.09],[-72.66,20.04]]],[[[24.52,37.13],[24.49,37.11],[24.42,37.13],[24.44,37.19],[24.48,37.21],[24.53,37.19],[24.54,37.17],[24.52,37.13]]],[[[17.98,59.33],[18.13,59.32],[18.21,59.33],[18.27,59.37],[18.34,59.38],[18.4,59.37],[18.46,59.4],[18.51,59.41],[18.56,59.39],[18.62,59.33],[18.5,59.29],[18.41,59.29],[18.37,59.18],[18.32,59.13],[18.29,59.11],[18.1,59.06],[17.97,59.0],[17.83,58.95],[17.77,58.97],[17.67,58.92],[17.46,58.86],[17.35,58.78],[17.1,58.71],[16.98,58.65],[16.64,58.65],[16.32,58.66],[16.21,58.64],[16.32,58.63],[16.39,58.6],[16.48,58.61],[16.68,58.6],[16.79,58.59],[16.92,58.49],[16.82,58.46],[16.65,58.43],[16.72,58.3],[16.77,58.21],[16.7,58.16],[16.69,57.92],[16.6,57.91],[16.56,57.81],[16.59,57.76],[16.58,57.64],[16.6,57.57],[16.65,57.5],[16.63,57.43],[16.48,57.27],[16.48,57.19],[16.51,57.14],[16.53,57.07],[16.46,56.93],[16.41,56.81],[16.35,56.71],[16.22,56.59],[16.15,56.5],[16.0,56.22],[15.92,56.17],[15.83,56.12],[15.72,56.16],[15.63,56.19],[15.51,56.18],[15.33,56.15],[15.05,56.17],[14.78,56.16],[14.71,56.13],[14.75,56.03],[14.66,56.02],[14.56,56.05],[14.47,56.01],[14.4,55.98],[14.26,55.89],[14.22,55.83],[14.2,55.73],[14.28,55.64],[14.34,55.53],[14.17,55.4],[14.08,55.39],[13.81,55.43],[13.32,55.35],[12.89,55.41],[12.94,55.48],[12.94,55.53],[12.96,55.61],[12.98,55.69],[12.97,55.75],[12.94,55.81],[12.83,55.88],[12.59,56.14],[12.52,56.25],[12.47,56.29],[12.51,56.29],[12.71,56.24],[12.75,56.24],[12.8,56.26],[12.74,56.35],[12.69,56.38],[12.66,56.44],[12.77,56.46],[12.86,56.45],[12.92,56.52],[12.88,56.62],[12.79,56.65],[12.72,56.66],[12.57,56.82],[12.42,56.91],[12.15,57.23],[12.05,57.45],[11.96,57.43],[11.92,57.52],[11.89,57.61],[11.88,57.68],[11.73,57.72],[11.73,57.76],[11.7,57.97],[11.55,58.0],[11.45,58.12],[11.43,58.34],[11.33,58.38],[11.25,58.37],[11.25,58.42],[11.27,58.48],[11.22,58.68],[11.21,58.87],[11.17,58.92],[11.15,58.99],[11.17,59.05],[11.2,59.08],[11.3,59.09],[11.39,59.04],[11.39,59.07],[11.37,59.1],[11.13,59.14],[11.09,59.14],[11.0,59.16],[10.95,59.17],[10.83,59.18],[10.74,59.3],[10.64,59.39],[10.63,59.43],[10.63,59.6],[10.6,59.68],[10.6,59.76],[10.53,59.7],[10.57,59.59],[10.49,59.54],[10.4,59.52],[10.41,59.46],[10.45,59.44],[10.45,59.38],[10.43,59.28],[10.24,59.06],[10.21,59.04],[10.18,59.01],[10.08,59.03],[9.96,58.97],[9.84,58.96],[9.8,59.03],[9.64,59.12],[9.56,59.11],[9.63,59.07],[9.7,59.01],[9.66,58.97],[9.62,58.95],[9.55,58.93],[9.31,58.86],[9.4,58.81],[9.32,58.75],[9.24,58.74],[9.19,58.71],[9.18,58.67],[8.93,58.57],[8.52,58.3],[8.31,58.22],[8.17,58.15],[8.04,58.15],[7.88,58.08],[7.47,58.02],[7.19,58.05],[7.0,58.02],[6.9,58.07],[6.89,58.1],[6.9,58.12],[6.91,58.14],[6.88,58.15],[6.8,58.15],[6.77,58.13],[6.77,58.08],[6.73,58.07],[6.59,58.1],[6.56,58.12],[6.61,58.18],[6.69,58.22],[6.68,58.23],[6.66,58.26],[6.62,58.27],[6.49,58.26],[6.39,58.27],[6.05,58.38],[5.98,58.43],[5.71,58.52],[5.59,58.62],[5.52,58.73],[5.52,58.82],[5.56,58.98],[5.61,59.01],[5.85,58.96],[6.1,58.87],[6.14,58.87],[6.21,58.94],[6.36,59.0],[6.32,59.02],[6.1,58.95],[6.02,58.99],[5.89,59.06],[5.89,59.1],[5.95,59.14],[5.97,59.19],[5.94,59.23],[5.95,59.3],[6.05,59.37],[6.2,59.44],[6.31,59.51],[6.42,59.55],[6.4,59.56],[6.28,59.53],[6.16,59.49],[6.02,59.41],[5.85,59.35],[5.72,59.33],[5.66,59.31],[5.56,59.29],[5.47,59.2],[5.36,59.17],[5.17,59.16],[5.13,59.23],[5.19,59.45],[5.24,59.56],[5.3,59.64],[5.4,59.66],[5.47,59.71],[5.53,59.71],[5.58,59.69],[5.77,59.66],[5.87,59.73],[5.99,59.74],[6.22,59.82],[6.21,59.83],[6.06,59.82],[5.97,59.81],[5.83,59.79],[5.76,59.81],[5.73,59.86],[5.78,59.91],[6.0,60.03],[6.07,60.08],[6.11,60.13],[6.11,60.17],[6.14,60.23],[6.35,60.35],[6.52,60.41],[6.57,60.36],[6.53,60.21],[6.53,60.15],[6.66,60.37],[6.72,60.42],[6.79,60.45],[6.95,60.48],[7.0,60.51],[6.81,60.5],[6.35,60.42],[6.15,60.35],[6.1,60.29],[5.97,60.21],[5.9,60.15],[5.88,60.07],[5.8,60.03],[5.7,60.01],[5.56,59.91],[5.49,59.83],[5.35,59.76],[5.26,59.71],[5.23,59.69],[5.19,59.64],[5.15,59.64],[5.11,59.67],[5.1,59.73],[5.12,59.83],[5.19,59.91],[5.22,59.98],[5.17,60.05],[5.21,60.09],[5.27,60.09],[5.38,60.07],[5.49,60.07],[5.69,60.12],[5.66,60.15],[5.57,60.16],[5.42,60.15],[5.29,60.21],[5.18,60.31],[5.14,60.45],[5.17,60.48],[5.55,60.62],[5.65,60.69],[5.59,60.69],[5.45,60.62],[5.24,60.57],[5.12,60.64],[5.05,60.71],[5.01,60.86],[5.02,60.94],[5.01,61.04],[5.1,61.07],[5.19,61.05],[5.29,61.05],[5.51,61.06],[5.98,61.12],[6.29,61.08],[6.42,61.08],[6.61,61.14],[6.78,61.14],[6.9,61.1],[6.97,61.06],[6.98,60.99],[7.04,60.95],[7.08,60.97],[7.05,61.02],[7.04,61.09],[7.55,61.18],[7.6,61.21],[7.4,61.22],[7.35,61.3],[7.45,61.42],[7.44,61.43],[7.33,61.37],[7.28,61.28],[7.3,61.21],[7.28,61.18],[7.17,61.17],[6.94,61.16],[6.79,61.19],[6.66,61.21],[6.61,61.23],[6.63,61.28],[6.6,61.29],[6.54,61.24],[6.49,61.15],[6.38,61.13],[6.08,61.17],[5.65,61.15],[5.45,61.1],[5.32,61.11],[5.11,61.19],[5.02,61.25],[4.99,61.38],[5.0,61.43],[5.17,61.46],[5.26,61.46],[5.34,61.49],[5.27,61.51],[5.17,61.54],[5.1,61.62],[5.0,61.65],[4.93,61.71],[4.91,61.81],[4.93,61.88],[4.99,61.9],[5.12,61.89],[5.47,61.9],[5.79,61.83],[6.02,61.79],[6.47,61.81],[6.73,61.87],[6.68,61.89],[6.4,61.85],[6.13,61.85],[5.66,61.92],[5.47,61.95],[5.27,61.94],[5.16,61.96],[5.1,62.03],[5.14,62.16],[5.24,62.19],[5.29,62.15],[5.36,62.15],[5.42,62.21],[5.48,62.24],[5.53,62.31],[5.72,62.38],[5.8,62.38],[5.91,62.42],[5.98,62.41],[6.03,62.38],[6.08,62.35],[6.21,62.35],[6.58,62.41],[6.62,62.42],[6.69,62.47],[6.46,62.45],[6.26,62.42],[6.14,62.41],[6.12,62.45],[6.16,62.48],[6.24,62.52],[6.27,62.58],[6.35,62.61],[6.44,62.61],[6.62,62.62],[6.74,62.64],[6.96,62.63],[7.28,62.6],[7.49,62.54],[7.57,62.55],[7.65,62.56],[7.69,62.59],[7.53,62.61],[7.52,62.65],[7.54,62.67],[7.8,62.72],[8.1,62.73],[8.05,62.77],[7.41,62.71],[7.24,62.75],[7.11,62.75],[7.02,62.73],[6.78,62.7],[6.73,62.72],[6.78,62.79],[6.93,62.9],[6.94,62.93],[7.01,62.96],[7.39,63.02],[7.57,63.1],[7.65,63.11],[7.74,63.1],[7.86,63.11],[8.1,63.09],[8.21,63.0],[8.31,62.97],[8.62,62.85],[8.61,62.88],[8.34,63.04],[8.24,63.08],[8.16,63.16],[8.18,63.24],[8.27,63.29],[8.58,63.31],[8.64,63.34],[8.64,63.39],[8.59,63.43],[8.48,63.42],[8.39,63.45],[8.36,63.5],[8.4,63.54],[8.58,63.6],[8.67,63.62],[8.84,63.65],[9.14,63.59],[9.16,63.57],[9.08,63.5],[9.08,63.46],[9.16,63.46],[9.32,63.57],[9.52,63.59],[9.6,63.61],[9.7,63.62],[9.83,63.52],[9.89,63.49],[9.94,63.48],[9.98,63.4],[10.02,63.39],[10.08,63.43],[10.19,63.45],[10.34,63.47],[10.59,63.45],[10.7,63.46],[10.76,63.46],[10.71,63.54],[10.67,63.56],[10.73,63.62],[10.78,63.65],[10.95,63.7],[11.12,63.72],[11.23,63.76],[11.37,63.8],[11.35,63.84],[11.31,63.88],[11.21,63.88],[11.18,63.9],[11.29,63.95],[11.46,64.0],[11.43,64.02],[11.31,64.05],[11.21,64.03],[11.08,63.99],[10.91,63.92],[10.97,63.9],[11.05,63.85],[10.93,63.77],[10.34,63.57],[10.06,63.51],[9.92,63.52],[9.89,63.58],[9.83,63.62],[9.77,63.7],[9.66,63.7],[9.59,63.68],[9.57,63.71],[9.61,63.79],[9.71,63.86],[9.86,63.92],[9.94,63.98],[10.01,64.08],[10.24,64.18],[10.57,64.42],[10.83,64.49],[10.93,64.58],[11.09,64.61],[11.23,64.68],[11.33,64.69],[11.52,64.74],[11.63,64.81],[11.56,64.82],[11.39,64.77],[11.3,64.75],[11.3,64.83],[11.35,64.91],[11.49,64.98],[12.16,65.18],[12.23,65.15],[12.31,65.09],[12.51,65.1],[12.74,65.21],[12.92,65.34],[12.82,65.32],[12.72,65.27],[12.51,65.2],[12.42,65.18],[12.36,65.19],[12.33,65.24],[12.26,65.26],[12.2,65.25],[12.13,65.28],[12.12,65.36],[12.21,65.49],[12.27,65.57],[12.34,65.63],[12.63,65.81],[12.69,65.9],[12.82,65.95],[12.98,65.94],[13.03,65.96],[12.98,66.02],[12.79,66.07],[12.78,66.1],[13.39,66.18],[13.67,66.18],[13.76,66.22],[13.92,66.25],[14.03,66.3],[13.97,66.32],[13.68,66.27],[13.5,66.25],[13.42,66.25],[13.35,66.24],[13.12,66.23],[13.07,66.43],[13.1,66.54],[13.19,66.54],[13.21,66.64],[13.31,66.7],[13.45,66.72],[13.52,66.74],[13.62,66.79],[13.79,66.78],[13.96,66.79],[13.92,66.82],[13.7,66.85],[13.65,66.91],[13.73,66.94],[13.81,66.96],[13.88,66.96],[14.02,67.07],[14.11,67.12],[14.21,67.11],[14.34,67.16],[14.47,67.14],[14.6,67.17],[14.78,67.19],[15.42,67.2],[15.43,67.25],[15.3,67.26],[14.82,67.27],[14.58,67.27],[14.48,67.26],[14.44,67.27],[14.45,67.3],[14.54,67.34],[14.58,67.39],[14.75,67.5],[14.96,67.57],[15.12,67.56],[15.29,67.48],[15.41,67.47],[15.47,67.45],[15.55,67.35],[15.59,67.35],[15.58,67.44],[15.69,67.52],[15.66,67.54],[15.49,67.51],[15.35,67.54],[15.25,67.6],[15.22,67.66],[15.28,67.71],[15.35,67.73],[15.3,67.77],[15.04,67.68],[14.85,67.66],[14.78,67.67],[14.82,67.75],[14.8,67.81],[15.05,67.96],[15.13,67.97],[15.27,67.96],[15.4,67.92],[15.51,67.93],[15.62,67.95],[15.61,67.99],[15.36,68.0],[15.29,68.04],[15.32,68.07],[15.49,68.1],[15.66,68.16],[15.85,68.18],[16.01,68.23],[16.04,68.22],[16.06,68.2],[16.12,68.03],[16.26,67.89],[16.31,67.88],[16.26,68.0],[16.31,68.04],[16.37,68.06],[16.39,68.09],[16.32,68.1],[16.26,68.14],[16.17,68.28],[16.2,68.32],[16.39,68.39],[16.62,68.41],[16.86,68.36],[16.95,68.35],[17.09,68.37],[17.34,68.41],[17.48,68.43],[17.55,68.43],[17.57,68.45],[17.5,68.46],[17.48,68.47],[17.43,68.48],[17.2,68.46],[16.58,68.47],[16.53,68.49],[16.51,68.53],[16.58,68.59],[16.65,68.63],[16.88,68.69],[17.13,68.69],[17.39,68.8],[17.49,68.88],[17.55,69.0],[17.7,69.1],[18.1,69.16],[18.12,69.18],[18.08,69.23],[18.08,69.33],[18.19,69.43],[18.26,69.47],[18.29,69.48],[18.38,69.44],[18.48,69.36],[18.65,69.32],[18.86,69.31],[18.92,69.34],[18.75,69.38],[18.62,69.43],[18.61,69.49],[18.67,69.52],[18.77,69.52],[18.88,69.52],[18.99,69.56],[19.01,69.59],[19.01,69.62],[19.04,69.66],[19.2,69.75],[19.69,69.8],[19.72,69.78],[19.7,69.61],[19.64,69.5],[19.64,69.42],[19.74,69.5],[19.86,69.72],[19.96,69.82],[20.07,69.88],[20.15,69.9],[20.22,69.93],[20.32,69.95],[20.36,69.92],[20.39,69.87],[20.33,69.68],[20.34,69.62],[20.28,69.54],[20.04,69.36],[20.05,69.33],[20.11,69.34],[20.2,69.37],[20.49,69.54],[20.74,69.52],[20.74,69.53],[20.66,69.58],[20.56,69.63],[20.53,69.69],[20.55,69.85],[20.62,69.91],[20.84,69.91],[20.97,69.92],[21.03,69.89],[21.16,69.89],[21.25,70.0],[21.43,70.01],[21.59,69.94],[21.78,69.89],[21.93,69.81],[21.97,69.83],[21.89,70.0],[21.8,70.07],[21.61,70.1],[21.4,70.17],[21.35,70.21],[21.36,70.23],[21.54,70.26],[21.78,70.23],[22.0,70.29],[22.05,70.28],[22.22,70.31],[22.32,70.26],[22.38,70.28],[22.42,70.34],[22.68,70.37],[22.85,70.34],[22.94,70.3],[22.98,70.24],[23.05,70.1],[23.18,70.03],[23.26,69.99],[23.35,69.98],[23.4,70.02],[23.31,70.06],[23.29,70.1],[23.33,70.21],[23.38,70.25],[23.66,70.4],[23.9,70.48],[24.04,70.49],[24.29,70.66],[24.36,70.69],[24.42,70.7],[24.4,70.75],[24.27,70.77],[24.26,70.83],[24.44,70.89],[24.66,71.0],[24.76,71.01],[24.83,70.98],[25.04,70.93],[25.17,70.87],[25.26,70.84],[25.33,70.85],[25.38,70.89],[25.44,70.91],[25.57,70.9],[25.65,70.87],[25.71,70.87],[25.77,70.85],[25.78,70.82],[25.67,70.78],[25.47,70.67],[25.27,70.55],[25.21,70.49],[25.15,70.32],[24.99,70.22],[24.98,70.14],[25.04,70.11],[25.21,70.14],[25.42,70.24],[25.47,70.34],[25.99,70.63],[26.23,70.78],[26.51,70.91],[26.66,70.94],[26.73,70.85],[26.68,70.74],[26.56,70.67],[26.64,70.64],[26.63,70.55],[26.6,70.5],[26.58,70.45],[26.59,70.41],[26.67,70.42],[26.99,70.51],[27.07,70.61],[27.15,70.68],[27.18,70.74],[27.31,70.8],[27.55,70.8],[27.56,70.83],[27.27,70.91],[27.24,70.95],[27.33,71.0],[27.6,71.09],[27.73,71.08],[27.82,71.06],[28.14,71.04],[28.39,70.98],[28.38,70.87],[28.33,70.83],[28.27,70.8],[27.95,70.72],[27.9,70.68],[28.0,70.66],[28.22,70.7],[28.27,70.67],[28.2,70.58],[28.19,70.44],[28.17,70.36],[28.17,70.29],[28.19,70.25],[28.28,70.4],[28.31,70.44],[28.44,70.5],[28.48,70.62],[28.61,70.76],[28.75,70.84],[28.83,70.86],[29.1,70.86],[29.22,70.83],[29.32,70.76],[29.4,70.73],[29.64,70.71],[29.72,70.67],[29.74,70.65],[29.8,70.64],[29.96,70.69],[30.0,70.7],[30.0,70.1],[29.93,70.1],[28.78,70.15],[28.8,70.09],[29.6,69.98],[29.65,69.94],[29.62,69.87],[29.62,69.82],[29.64,69.78],[29.69,69.74],[29.79,69.73],[29.99,69.74],[30.0,69.73],[30.0,-10.0],[13.33,-10.0],[13.29,-9.83],[13.21,-9.7],[13.2,-9.55],[13.16,-9.39],[13.08,-9.23],[13.0,-9.05],[13.0,-8.99],[13.05,-8.92],[13.09,-8.9],[13.08,-8.93],[13.05,-8.98],[13.05,-9.01],[13.36,-8.69],[13.38,-8.62],[13.37,-8.55],[13.37,-8.47],[13.38,-8.37],[13.09,-7.78],[12.86,-7.23],[12.82,-6.95],[12.52,-6.59],[12.4,-6.35],[12.33,-6.19],[12.28,-6.12],[12.3,-6.09],[12.38,-6.08],[12.55,-6.05],[12.79,-6.0],[13.01,-5.91],[13.07,-5.86],[13.0,-5.84],[12.86,-5.85],[12.79,-5.88],[12.68,-5.96],[12.51,-6.0],[12.45,-6.0],[12.41,-5.99],[12.32,-5.9],[12.24,-5.81],[12.21,-5.76],[12.2,-5.73],[12.16,-5.63],[12.18,-5.54],[12.21,-5.47],[12.18,-5.32],[12.11,-5.2],[12.04,-5.04],[12.02,-5.0],[12.0,-4.98],[11.97,-4.95],[11.89,-4.87],[11.82,-4.76],[11.8,-4.71],[11.78,-4.68],[11.78,-4.57],[11.67,-4.43],[11.39,-4.2],[11.36,-4.13],[11.13,-3.92],[11.03,-3.83],[10.95,-3.66],[10.85,-3.56],[10.64,-3.4],[10.59,-3.28],[10.35,-3.01],[10.01,-2.75],[9.76,-2.52],[9.72,-2.47],[9.76,-2.47],[10.0,-2.59],[10.03,-2.58],[10.06,-2.55],[9.96,-2.49],[9.86,-2.44],[9.77,-2.41],[9.68,-2.42],[9.62,-2.37],[9.59,-2.29],[9.57,-2.23],[9.53,-2.16],[9.4,-2.03],[9.37,-1.98],[9.3,-1.9],[9.34,-1.89],[9.48,-1.96],[9.5,-1.93],[9.48,-1.89],[9.34,-1.83],[9.27,-1.83],[9.25,-1.78],[9.26,-1.73],[9.16,-1.53],[9.05,-1.38],[9.04,-1.31],[9.32,-1.63],[9.36,-1.64],[9.41,-1.63],[9.52,-1.6],[9.5,-1.56],[9.45,-1.51],[9.4,-1.53],[9.33,-1.53],[9.3,-1.52],[9.28,-1.48],[9.35,-1.32],[9.32,-1.33],[9.3,-1.36],[9.26,-1.37],[9.2,-1.38],[9.06,-1.3],[8.94,-1.07],[8.91,-1.02],[8.88,-0.95],[8.84,-0.91],[8.7,-0.59],[8.76,-0.61],[8.82,-0.71],[8.95,-0.69],[9.0,-0.63],[9.04,-0.64],[9.08,-0.62],[9.14,-0.57],[9.3,-0.35],[9.34,-0.06],[9.33,0.12],[9.3,0.29],[9.35,0.34],[9.38,0.31],[9.39,0.25],[9.41,0.2],[9.47,0.16],[9.57,0.15],[9.74,0.08],[9.8,0.04],[9.81,0.13],[10.0,0.19],[9.94,0.22],[9.78,0.19],[9.55,0.3],[9.47,0.36],[9.4,0.49],[9.32,0.55],[9.33,0.61],[9.5,0.66],[9.54,0.66],[9.56,0.59],[9.6,0.57],[9.62,0.58],[9.63,0.63],[9.63,0.78],[9.58,0.99],[9.59,1.03],[9.6,1.05],[9.51,1.11],[9.45,1.12],[9.39,1.14],[9.43,1.3],[9.49,1.44],[9.58,1.54],[9.63,1.57],[9.65,1.62],[9.72,1.79],[9.81,1.93],[9.78,2.07],[9.8,2.3],[9.82,2.54],[9.87,2.73],[9.89,2.92],[9.95,3.08],[9.92,3.24],[9.88,3.31],[9.67,3.54],[9.77,3.62],[9.64,3.61],[9.62,3.7],[9.56,3.8],[9.59,3.81],[9.63,3.87],[9.74,3.85],[9.74,3.88],[9.64,3.97],[9.65,4.01],[9.69,4.06],[9.67,4.08],[9.6,4.03],[9.55,4.03],[9.51,4.06],[9.48,4.07],[9.5,4.0],[9.46,3.94],[9.43,3.92],[9.36,3.93],[9.31,3.94],[9.3,3.97],[9.25,4.0],[9.11,4.04],[9.0,4.09],[8.98,4.23],[8.93,4.29],[8.91,4.36],[8.9,4.44],[8.92,4.55],[8.89,4.57],[8.86,4.58],[8.81,4.57],[8.76,4.58],[8.71,4.65],[8.66,4.67],[8.69,4.55],[8.66,4.52],[8.57,4.53],[8.54,4.57],[8.53,4.61],[8.57,4.75],[8.56,4.76],[8.54,4.76],[8.51,4.72],[8.43,4.75],[8.39,4.81],[8.34,4.82],[8.25,4.92],[8.23,4.91],[8.33,4.66],[8.29,4.56],[8.03,4.56],[7.8,4.52],[7.64,4.53],[7.57,4.56],[7.53,4.66],[7.52,4.65],[7.51,4.59],[7.46,4.56],[7.28,4.55],[7.21,4.61],[7.14,4.68],[7.08,4.72],[7.09,4.69],[7.16,4.62],[7.15,4.51],[7.01,4.4],[6.92,4.39],[6.87,4.44],[6.84,4.52],[6.82,4.65],[6.79,4.72],[6.77,4.72],[6.79,4.65],[6.79,4.59],[6.79,4.47],[6.86,4.37],[6.76,4.34],[6.72,4.34],[6.63,4.34],[6.62,4.38],[6.6,4.46],[6.58,4.48],[6.55,4.34],[6.5,4.33],[6.46,4.33],[6.3,4.3],[6.26,4.31],[6.26,4.33],[6.28,4.37],[6.27,4.43],[6.21,4.39],[6.21,4.29],[6.17,4.28],[6.08,4.29],[5.97,4.34],[5.91,4.39],[5.8,4.46],[5.59,4.65],[5.55,4.73],[5.49,4.84],[5.45,4.95],[5.38,5.13],[5.4,5.14],[5.45,5.13],[5.48,5.15],[5.39,5.17],[5.37,5.2],[5.36,5.26],[5.37,5.34],[5.44,5.37],[5.5,5.38],[5.53,5.43],[5.55,5.47],[5.39,5.4],[5.23,5.48],[5.2,5.53],[5.22,5.57],[5.29,5.58],[5.39,5.57],[5.46,5.61],[5.42,5.62],[5.35,5.62],[5.33,5.65],[5.33,5.71],[5.31,5.69],[5.28,5.64],[5.17,5.6],[5.11,5.64],[5.11,5.73],[5.09,5.77],[5.04,5.8],[4.86,6.03],[4.63,6.22],[4.43,6.35],[4.13,6.41],[3.49,6.41],[3.45,6.43],[3.49,6.46],[3.55,6.48],[3.75,6.58],[3.72,6.6],[3.5,6.53],[3.43,6.53],[3.34,6.4],[2.77,6.38],[2.71,6.37],[2.29,6.33],[1.82,6.26],[1.62,6.22],[1.31,6.15],[1.19,6.09],[1.11,6.05],[1.05,5.99],[1.01,5.91],[0.95,5.81],[0.75,5.76],[0.67,5.76],[0.26,5.76],[-0.13,5.57],[-0.35,5.5],[-0.49,5.39],[-0.67,5.32],[-0.8,5.23],[-1.06,5.18],[-1.5,5.04],[-1.64,4.98],[-1.78,4.88],[-2.0,4.76],[-2.09,4.76],[-2.27,4.87],[-2.4,4.93],[-2.72,5.01],[-2.96,5.05],[-3.08,5.08],[-3.11,5.09],[-3.25,5.11],[-3.21,5.15],[-3.09,5.13],[-3.02,5.13],[-3.03,5.15],[-3.06,5.16],[-3.17,5.2],[-3.15,5.35],[-3.2,5.35],[-3.24,5.34],[-3.31,5.16],[-3.35,5.13],[-3.87,5.22],[-3.98,5.29],[-4.12,5.31],[-4.36,5.3],[-4.55,5.28],[-4.61,5.24],[-4.12,5.26],[-4.06,5.26],[-4.04,5.23],[-4.66,5.17],[-4.9,5.14],[-4.97,5.15],[-5.02,5.2],[-5.28,5.21],[-5.34,5.19],[-5.37,5.15],[-5.27,5.16],[-5.1,5.16],[-5.06,5.13],[-5.56,5.09],[-5.91,5.01],[-6.06,4.95],[-6.55,4.76],[-6.85,4.67],[-6.92,4.64],[-7.06,4.54],[-7.23,4.49],[-7.43,4.38],[-7.54,4.35],[-7.66,4.37],[-8.0,4.51],[-8.26,4.59],[-9.13,5.05],[-9.37,5.24],[-9.65,5.52],[-10.28,6.08],[-10.42,6.17],[-10.6,6.21],[-10.71,6.26],[-10.79,6.31],[-10.85,6.47],[-11.0,6.56],[-11.29,6.69],[-11.51,6.91],[-11.55,6.95],[-11.73,7.09],[-11.93,7.18],[-12.35,7.34],[-12.49,7.39],[-12.48,7.44],[-12.43,7.55],[-12.51,7.67],[-12.48,7.75],[-12.51,7.75],[-12.57,7.7],[-12.7,7.72],[-12.78,7.79],[-12.85,7.82],[-12.88,7.86],[-12.93,8.06],[-12.96,8.15],[-13.02,8.2],[-13.15,8.21],[-13.2,8.34],[-13.27,8.43],[-13.26,8.49],[-13.2,8.48],[-13.16,8.44],[-13.09,8.42],[-12.99,8.53],[-12.91,8.58],[-12.89,8.63],[-12.9,8.66],[-12.95,8.62],[-13.09,8.63],[-13.12,8.59],[-13.18,8.58],[-13.23,8.7],[-13.23,8.77],[-13.21,8.84],[-13.07,8.86],[-13.06,8.88],[-13.15,8.9],[-13.27,8.99],[-13.29,9.05],[-13.3,9.08],[-13.27,9.17],[-13.3,9.22],[-13.4,9.31],[-13.41,9.36],[-13.44,9.42],[-13.57,9.54],[-13.69,9.54],[-13.66,9.64],[-13.66,9.78],[-13.7,9.85],[-13.69,9.93],[-13.71,9.92],[-13.75,9.87],[-13.82,9.89],[-13.95,9.97],[-14.02,10.05],[-14.03,10.12],[-14.05,10.14],[-14.09,10.13],[-14.17,10.13],[-14.43,10.25],[-14.61,10.55],[-14.61,10.62],[-14.59,10.73],[-14.59,10.77],[-14.68,10.69],[-14.69,10.74],[-14.76,10.86],[-14.78,10.93],[-14.84,10.96],[-14.89,10.97],[-14.92,10.94],[-14.97,10.8],[-15.01,10.8],[-15.05,10.83],[-15.04,10.94],[-15.09,11.01],[-15.05,11.14],[-15.1,11.14],[-15.18,11.03],[-15.22,11.03],[-15.22,11.16],[-15.26,11.16],[-15.32,11.15],[-15.39,11.22],[-15.4,11.27],[-15.39,11.33],[-15.35,11.38],[-15.35,11.4],[-15.4,11.4],[-15.45,11.39],[-15.48,11.41],[-15.43,11.5],[-15.25,11.57],[-15.16,11.58],[-15.07,11.6],[-15.12,11.66],[-15.23,11.69],[-15.32,11.67],[-15.36,11.62],[-15.41,11.62],[-15.5,11.72],[-15.5,11.78],[-15.47,11.84],[-15.42,11.87],[-15.21,11.87],[-15.13,11.91],[-15.1,11.91],[-15.07,11.95],[-15.08,11.97],[-15.11,11.97],[-15.19,11.93],[-15.43,11.94],[-15.51,11.92],[-15.65,11.82],[-15.82,11.76],[-15.94,11.79],[-15.9,11.92],[-15.92,11.94],[-15.96,11.96],[-16.14,11.92],[-16.27,11.98],[-16.33,12.05],[-16.32,12.14],[-16.25,12.21],[-16.24,12.24],[-16.31,12.24],[-16.44,12.2],[-16.71,12.35],[-16.75,12.4],[-16.78,12.47],[-16.76,12.53],[-16.68,12.56],[-16.55,12.6],[-16.49,12.58],[-16.45,12.58],[-16.44,12.61],[-16.46,12.62],[-16.55,12.66],[-16.6,12.72],[-16.64,12.69],[-16.67,12.62],[-16.7,12.6],[-16.74,12.59],[-16.77,12.63],[-16.78,12.67],[-16.76,12.7],[-16.77,12.88],[-16.76,12.98],[-16.76,13.06],[-16.77,13.15],[-16.82,13.34],[-16.75,13.43],[-16.67,13.47],[-16.61,13.44],[-16.6,13.36],[-16.56,13.3],[-16.41,13.27],[-16.27,13.29],[-16.19,13.28],[-16.19,13.33],[-16.16,13.38],[-15.99,13.41],[-15.8,13.43],[-15.62,13.46],[-15.47,13.46],[-15.43,13.47],[-15.44,13.48],[-15.57,13.5],[-15.85,13.46],[-16.14,13.45],[-16.35,13.34],[-16.44,13.35],[-16.53,13.46],[-16.56,13.59],[-16.59,13.69],[-16.65,13.77],[-16.75,13.84],[-16.77,13.9],[-16.73,13.96],[-16.64,14.01],[-16.62,14.04],[-16.67,14.04],[-16.74,14.01],[-16.79,14.0],[-16.8,14.09],[-16.88,14.21],[-16.97,14.4],[-17.08,14.48],[-17.17,14.64],[-17.26,14.7],[-17.35,14.73],[-17.42,14.72],[-17.45,14.65],[-17.54,14.76],[-17.41,14.79],[-17.15,14.92],[-16.84,15.29],[-16.57,15.73],[-16.54,15.84],[-16.54,16.29],[-16.48,16.45],[-16.46,16.6],[-16.35,16.93],[-16.21,17.19],[-16.08,17.55],[-16.03,17.89],[-16.05,18.22],[-16.08,18.52],[-16.15,18.72],[-16.21,19.0],[-16.31,19.15],[-16.48,19.29],[-16.51,19.36],[-16.47,19.39],[-16.37,19.41],[-16.31,19.51],[-16.44,19.47],[-16.28,19.79],[-16.23,20.0],[-16.24,20.14],[-16.21,20.23],[-16.33,20.42],[-16.43,20.65],[-16.48,20.69],[-16.53,20.71],[-16.53,20.65],[-16.56,20.6],[-16.62,20.63],[-16.73,20.81],[-16.88,21.09],[-16.93,21.11],[-16.97,21.08],[-17.0,21.04],[-17.05,20.81],[-17.1,20.86],[-17.01,21.38],[-16.93,21.9],[-16.79,22.16],[-16.68,22.27],[-16.51,22.33],[-16.36,22.59],[-16.3,22.83],[-16.2,22.95],[-16.17,23.03],[-16.21,23.1],[-16.11,23.23],[-16.0,23.43],[-15.94,23.55],[-15.81,23.75],[-15.79,23.79],[-15.8,23.84],[-15.86,23.8],[-15.91,23.73],[-15.98,23.67],[-15.95,23.74],[-15.9,23.84],[-15.78,23.95],[-15.59,24.07],[-15.19,24.48],[-15.04,24.55],[-14.9,24.72],[-14.86,24.87],[-14.84,25.22],[-14.79,25.4],[-14.71,25.55],[-14.6,25.81],[-14.52,25.93],[-14.47,26.16],[-14.41,26.25],[-14.31,26.3],[-14.17,26.42],[-13.95,26.49],[-13.7,26.64],[-13.58,26.74],[-13.5,26.87],[-13.41,27.15],[-13.26,27.43],[-13.18,27.66],[-13.04,27.77],[-12.95,27.91],[-12.79,27.98],[-12.47,28.01],[-11.99,28.13],[-11.55,28.31],[-11.43,28.38],[-11.3,28.53],[-11.08,28.71],[-10.67,28.94],[-10.49,29.06],[-10.2,29.38],[-10.01,29.64],[-9.85,29.81],[-9.74,29.96],[-9.67,30.11],[-9.62,30.35],[-9.65,30.45],[-9.77,30.6],[-9.85,30.64],[-9.88,30.72],[-9.83,30.85],[-9.83,31.07],[-9.81,31.42],[-9.67,31.71],[-9.35,32.09],[-9.29,32.24],[-9.25,32.49],[-9.25,32.57],[-8.84,32.92],[-8.6,33.19],[-8.51,33.25],[-8.3,33.37],[-7.56,33.64],[-7.14,33.83],[-6.9,33.97],[-6.76,34.13],[-6.35,34.78],[-5.96,35.68],[-5.92,35.79],[-5.75,35.82],[-5.62,35.83],[-5.52,35.86],[-5.4,35.93],[-5.28,35.9],[-5.34,35.86],[-5.34,35.75],[-5.25,35.61],[-5.11,35.47],[-4.84,35.28],[-4.63,35.21],[-4.33,35.16],[-3.98,35.24],[-3.79,35.24],[-3.69,35.28],[-3.59,35.23],[-3.39,35.21],[-3.21,35.24],[-3.06,35.32],[-2.97,35.41],[-2.96,35.36],[-2.95,35.32],[-2.93,35.29],[-2.87,35.17],[-2.84,35.13],[-2.73,35.14],[-2.64,35.11],[-2.42,35.12],[-2.22,35.1],[-2.02,35.09],[-1.91,35.09],[-1.67,35.18],[-1.48,35.3],[-1.34,35.36],[-1.21,35.5],[-1.09,35.58],[-0.92,35.67],[-0.43,35.86],[-0.35,35.86],[-0.19,35.82],[-0.05,35.83],[0.05,35.9],[0.15,36.06],[0.31,36.16],[0.51,36.26],[0.79,36.36],[0.97,36.44],[1.26,36.52],[1.97,36.57],[2.34,36.61],[2.59,36.6],[2.85,36.74],[2.97,36.78],[3.52,36.8],[3.78,36.9],[4.76,36.9],[4.88,36.86],[5.0,36.81],[5.2,36.68],[5.3,36.65],[5.42,36.68],[5.73,36.8],[6.06,36.86],[6.25,36.94],[6.33,37.05],[6.49,37.09],[6.58,37.0],[6.93,36.92],[7.14,36.94],[7.24,36.97],[7.2,37.09],[7.43,37.06],[7.61,37.0],[7.79,36.88],[7.91,36.86],[8.13,36.91],[8.58,36.94],[8.82,37.0],[9.06,37.16],[9.14,37.19],[9.69,37.34],[9.76,37.33],[9.84,37.31],[9.82,37.25],[9.78,37.21],[9.83,37.14],[9.9,37.18],[9.88,37.21],[9.88,37.25],[9.99,37.26],[10.09,37.25],[10.2,37.21],[10.19,37.03],[10.33,36.87],[10.29,36.78],[10.41,36.73],[10.52,36.79],[10.57,36.88],[10.77,36.93],[10.95,37.06],[11.05,37.07],[11.08,36.97],[11.13,36.87],[11.06,36.84],[10.97,36.74],[10.8,36.49],[10.64,36.42],[10.53,36.32],[10.49,36.25],[10.48,36.18],[10.51,36.03],[10.59,35.89],[10.69,35.8],[10.78,35.77],[11.0,35.63],[11.0,35.55],[11.03,35.45],[11.04,35.34],[11.12,35.24],[10.96,35.03],[10.87,34.88],[10.69,34.68],[10.53,34.54],[10.2,34.35],[10.12,34.28],[10.06,34.21],[10.04,34.14],[10.05,34.06],[10.16,33.85],[10.31,33.73],[10.45,33.66],[10.71,33.69],[10.7,33.61],[10.72,33.51],[10.83,33.52],[10.9,33.53],[10.96,33.63],[11.08,33.56],[11.15,33.37],[11.26,33.31],[11.27,33.29],[11.23,33.27],[11.2,33.25],[11.23,33.23],[11.34,33.21],[11.4,33.22],[11.5,33.18],[11.66,33.12],[11.81,33.09],[12.28,32.86],[12.43,32.83],[12.75,32.8],[13.14,32.9],[13.28,32.91],[13.54,32.82],[13.65,32.8],[13.84,32.79],[14.16,32.71],[14.24,32.68],[14.42,32.55],[14.51,32.51],[15.18,32.39],[15.27,32.31],[15.36,32.16],[15.36,31.97],[15.41,31.83],[15.5,31.66],[15.6,31.53],[15.71,31.43],[15.83,31.36],[16.12,31.26],[16.45,31.23],[16.78,31.21],[17.35,31.08],[17.83,30.93],[17.95,30.85],[18.19,30.78],[18.67,30.42],[18.94,30.29],[19.12,30.27],[19.29,30.29],[19.59,30.41],[19.71,30.49],[20.01,30.8],[20.11,30.96],[20.15,31.08],[20.14,31.2],[20.1,31.3],[20.02,31.41],[19.96,31.56],[19.93,31.82],[19.97,32.0],[20.03,32.11],[20.12,32.22],[20.37,32.43],[20.62,32.58],[21.06,32.78],[21.32,32.78],[21.42,32.8],[21.64,32.94],[21.72,32.94],[21.84,32.91],[22.19,32.92],[22.34,32.88],[22.52,32.79],[22.75,32.74],[22.92,32.69],[23.09,32.62],[23.13,32.45],[23.11,32.4],[23.11,32.33],[23.29,32.21],[23.8,32.16],[23.9,32.13],[24.04,32.04],[24.13,32.01],[24.48,32.0],[24.68,32.02],[24.88,31.98],[24.95,31.95],[25.02,31.88],[25.12,31.71],[25.15,31.65],[25.23,31.53],[25.38,31.51],[25.89,31.62],[26.46,31.51],[26.77,31.47],[27.25,31.38],[27.54,31.21],[27.62,31.19],[27.83,31.2],[27.97,31.1],[28.51,31.05],[28.81,30.94],[28.97,30.86],[29.07,30.83],[29.16,30.83],[29.28,30.87],[29.43,30.93],[29.59,31.01],[29.93,31.23],[30.0,31.25],[30.0,36.23],[29.79,36.17],[29.69,36.16],[29.35,36.26],[29.22,36.32],[29.14,36.4],[29.12,36.52],[29.07,36.59],[29.06,36.64],[29.04,36.69],[28.97,36.72],[28.9,36.67],[28.82,36.68],[28.72,36.7],[28.48,36.8],[28.3,36.81],[28.2,36.69],[28.11,36.65],[28.02,36.63],[28.01,36.67],[28.08,36.75],[27.8,36.74],[27.66,36.67],[27.54,36.68],[27.45,36.71],[27.47,36.75],[27.55,36.76],[27.63,36.79],[27.93,36.81],[28.01,36.83],[28.08,36.92],[28.22,37.0],[28.24,37.03],[28.13,37.03],[27.67,37.01],[27.35,37.02],[27.31,36.98],[27.26,36.98],[27.25,37.08],[27.3,37.13],[27.37,37.12],[27.54,37.16],[27.52,37.25],[27.4,37.31],[27.38,37.34],[27.29,37.35],[27.22,37.39],[27.2,37.49],[27.15,37.6],[27.07,37.66],[27.08,37.69],[27.22,37.73],[27.25,37.88],[27.23,37.98],[27.16,37.99],[26.94,38.06],[26.88,38.05],[26.81,38.14],[26.68,38.2],[26.62,38.18],[26.58,38.15],[26.52,38.16],[26.43,38.21],[26.33,38.24],[26.29,38.28],[26.34,38.37],[26.42,38.37],[26.43,38.44],[26.37,38.56],[26.38,38.62],[26.44,38.64],[26.51,38.63],[26.59,38.56],[26.61,38.49],[26.6,38.42],[26.64,38.35],[26.67,38.34],[26.7,38.41],[26.73,38.42],[26.77,38.39],[26.86,38.37],[27.1,38.42],[27.14,38.45],[26.97,38.45],[26.91,38.48],[26.84,38.56],[26.8,38.63],[26.79,38.66],[26.76,38.71],[26.79,38.74],[26.91,38.78],[27.01,38.89],[26.97,38.92],[26.92,38.93],[26.87,38.92],[26.81,38.96],[26.81,39.01],[26.85,39.06],[26.85,39.12],[26.72,39.26],[26.68,39.29],[26.71,39.34],[26.81,39.42],[26.91,39.52],[26.9,39.55],[26.83,39.56],[26.48,39.52],[26.35,39.48],[26.11,39.47],[26.1,39.52],[26.1,39.57],[26.15,39.66],[26.15,39.87],[26.18,39.99],[26.31,40.02],[26.48,40.2],[26.74,40.4],[27.01,40.4],[27.12,40.45],[27.28,40.46],[27.31,40.41],[27.33,40.38],[27.48,40.32],[27.73,40.33],[27.79,40.35],[27.85,40.38],[27.73,40.48],[27.77,40.51],[27.87,40.51],[27.99,40.49],[27.99,40.47],[27.96,40.44],[27.93,40.38],[27.96,40.37],[28.29,40.4],[28.63,40.38],[28.74,40.39],[29.01,40.39],[29.06,40.42],[28.97,40.47],[28.89,40.48],[28.84,40.5],[28.79,40.53],[28.96,40.63],[29.05,40.65],[29.51,40.71],[29.84,40.74],[29.85,40.76],[29.8,40.76],[29.36,40.81],[29.26,40.85],[29.11,40.94],[29.08,40.96],[29.05,41.01],[29.07,41.1],[29.09,41.18],[29.15,41.22],[29.32,41.23],[29.92,41.15],[30.0,41.16],[30.0,45.8],[29.9,45.75],[29.82,45.73],[29.69,45.75],[29.63,45.72],[29.6,45.68],[29.6,45.6],[29.67,45.54],[29.73,45.34],[29.71,45.26],[29.69,45.19],[29.68,45.15],[29.64,44.98],[29.61,44.92],[29.56,44.84],[29.05,44.76],[29.08,44.8],[29.07,44.87],[29.05,44.93],[29.1,44.98],[28.98,44.99],[28.93,44.97],[28.89,44.92],[28.93,44.81],[28.87,44.75],[28.85,44.72],[28.85,44.64],[28.81,44.6],[28.81,44.57],[28.89,44.57],[28.85,44.51],[28.7,44.37],[28.65,44.3],[28.66,43.98],[28.59,43.8],[28.59,43.74],[28.56,43.5],[28.47,43.39],[28.32,43.43],[28.13,43.4],[28.04,43.27],[27.98,43.23],[27.93,43.19],[27.9,43.02],[27.89,42.75],[27.82,42.72],[27.75,42.71],[27.48,42.47],[27.64,42.4],[27.71,42.35],[27.82,42.21],[27.98,42.05],[28.01,41.97],[27.99,41.85],[28.05,41.73],[28.2,41.55],[28.35,41.47],[28.95,41.25],[29.06,41.23],[29.03,41.14],[29.0,41.06],[28.96,41.01],[28.78,40.97],[28.29,41.07],[28.17,41.08],[28.09,41.06],[27.93,40.99],[27.75,41.01],[27.5,40.97],[27.43,40.84],[27.26,40.69],[26.97,40.56],[26.77,40.5],[26.47,40.26],[26.33,40.12],[26.27,40.1],[26.2,40.08],[26.23,40.14],[26.26,40.2],[26.25,40.25],[26.25,40.31],[26.36,40.39],[26.45,40.45],[26.72,40.54],[26.79,40.63],[26.58,40.62],[26.36,40.61],[26.22,40.62],[26.11,40.61],[26.07,40.68],[26.04,40.73],[26.01,40.77],[25.86,40.84],[25.5,40.89],[25.33,40.94],[25.25,40.93],[25.1,40.99],[25.0,40.97],[24.79,40.86],[24.68,40.87],[24.56,40.94],[24.48,40.95],[24.38,40.91],[24.23,40.79],[24.08,40.72],[23.95,40.75],[23.76,40.75],[23.74,40.68],[23.78,40.63],[23.88,40.54],[23.83,40.48],[23.87,40.42],[23.93,40.41],[24.03,40.41],[24.21,40.33],[24.29,40.24],[24.34,40.15],[24.23,40.22],[24.16,40.28],[24.06,40.3],[23.91,40.36],[23.82,40.37],[23.73,40.33],[23.72,40.29],[23.82,40.21],[23.92,40.16],[23.97,40.11],[24.0,40.02],[23.98,39.99],[23.95,39.97],[23.84,40.02],[23.66,40.22],[23.43,40.26],[23.39,40.22],[23.43,40.12],[23.47,40.07],[23.67,39.96],[23.66,39.93],[23.63,39.92],[23.4,39.99],[23.33,40.09],[23.31,40.22],[23.1,40.3],[22.9,40.4],[22.85,40.49],[22.89,40.52],[22.92,40.59],[22.81,40.58],[22.74,40.54],[22.63,40.5],[22.62,40.43],[22.64,40.37],[22.61,40.28],[22.57,40.12],[22.59,40.04],[22.84,39.8],[22.92,39.63],[22.98,39.56],[23.1,39.49],[23.23,39.36],[23.29,39.29],[23.33,39.17],[23.22,39.1],[23.15,39.1],[23.12,39.13],[23.17,39.21],[23.16,39.26],[22.99,39.33],[22.92,39.31],[22.84,39.26],[22.89,39.17],[22.94,39.11],[22.97,39.03],[23.07,39.04],[22.93,38.95],[22.8,38.9],[22.68,38.9],[22.6,38.89],[22.57,38.87],[22.63,38.85],[22.69,38.85],[22.77,38.8],[23.02,38.74],[23.14,38.67],[23.25,38.66],[23.37,38.53],[23.57,38.49],[23.68,38.35],[23.84,38.33],[23.97,38.27],[24.01,38.23],[24.02,38.14],[24.03,37.96],[24.06,37.82],[24.06,37.77],[24.06,37.71],[24.02,37.68],[23.97,37.68],[23.88,37.78],[23.73,37.88],[23.58,38.01],[23.54,38.03],[23.5,38.03],[23.42,37.99],[23.19,37.96],[23.09,37.91],[23.05,37.9],[23.04,37.88],[23.09,37.85],[23.15,37.8],[23.15,37.72],[23.2,37.62],[23.26,37.6],[23.35,37.6],[23.4,37.58],[23.41,37.54],[23.46,37.5],[23.49,37.46],[23.49,37.44],[23.25,37.38],[23.2,37.35],[23.16,37.33],[23.1,37.36],[23.1,37.44],[23.02,37.48],[22.94,37.52],[22.85,37.53],[22.77,37.59],[22.73,37.54],[22.77,37.39],[22.85,37.29],[23.0,37.02],[23.06,36.85],[23.07,36.77],[23.04,36.64],[23.11,36.55],[23.16,36.45],[23.11,36.45],[23.06,36.49],[22.98,36.53],[22.83,36.69],[22.78,36.79],[22.72,36.79],[22.61,36.78],[22.49,36.57],[22.49,36.45],[22.43,36.48],[22.37,36.51],[22.38,36.65],[22.38,36.7],[22.23,36.88],[22.16,36.9],[22.13,36.96],[22.08,37.03],[22.01,37.02],[21.96,36.99],[21.94,36.89],[21.93,36.8],[21.89,36.74],[21.74,36.86],[21.58,37.08],[21.58,37.2],[21.69,37.31],[21.68,37.39],[21.57,37.54],[21.42,37.64],[21.33,37.67],[21.29,37.77],[21.21,37.83],[21.14,37.85],[21.12,37.89],[21.15,37.92],[21.31,38.03],[21.4,38.2],[21.45,38.2],[21.55,38.16],[21.66,38.18],[21.75,38.27],[21.82,38.33],[21.95,38.32],[22.24,38.19],[22.56,38.11],[22.71,38.05],[22.8,37.98],[22.85,37.97],[22.92,37.96],[22.92,38.01],[22.89,38.05],[22.95,38.07],[23.12,38.07],[23.15,38.1],[23.18,38.13],[23.15,38.18],[23.09,38.2],[23.03,38.2],[23.0,38.22],[22.93,38.2],[22.83,38.23],[22.78,38.26],[22.75,38.29],[22.58,38.34],[22.42,38.44],[22.39,38.39],[22.32,38.36],[22.23,38.35],[21.97,38.41],[21.8,38.37],[21.72,38.36],[21.65,38.35],[21.57,38.33],[21.47,38.32],[21.39,38.41],[21.36,38.47],[21.33,38.49],[21.33,38.42],[21.3,38.37],[21.18,38.35],[21.11,38.38],[21.06,38.5],[20.99,38.65],[20.87,38.78],[20.78,38.81],[20.77,38.87],[20.78,38.93],[20.89,38.94],[21.07,38.89],[21.11,38.9],[21.15,38.92],[21.14,38.98],[21.12,39.03],[21.07,39.03],[21.03,39.03],[20.92,39.04],[20.78,39.01],[20.71,39.04],[20.69,39.07],[20.57,39.15],[20.47,39.26],[20.3,39.33],[20.19,39.55],[20.1,39.64],[20.0,39.71],[20.0,39.8],[19.96,39.87],[19.85,40.04],[19.48,40.21],[19.4,40.28],[19.36,40.35],[19.32,40.41],[19.36,40.41],[19.39,40.39],[19.44,40.38],[19.46,40.41],[19.44,40.47],[19.34,40.62],[19.34,40.66],[19.38,40.79],[19.46,40.93],[19.46,41.11],[19.48,41.24],[19.45,41.32],[19.44,41.42],[19.5,41.56],[19.55,41.6],[19.58,41.64],[19.58,41.79],[19.47,41.86],[19.34,41.87],[19.19,41.95],[19.12,42.06],[18.89,42.25],[18.63,42.38],[18.62,42.4],[18.63,42.42],[18.65,42.44],[18.59,42.44],[18.55,42.43],[18.52,42.43],[18.33,42.53],[18.16,42.63],[17.82,42.8],[17.58,42.84],[17.26,42.97],[17.05,43.01],[17.13,43.03],[17.22,43.03],[17.72,42.85],[17.67,42.9],[17.59,42.94],[17.54,42.96],[17.33,43.11],[17.13,43.21],[16.9,43.39],[16.6,43.46],[16.39,43.54],[16.27,43.53],[16.13,43.51],[16.05,43.51],[15.99,43.52],[15.94,43.57],[15.95,43.61],[15.94,43.66],[15.82,43.74],[15.66,43.81],[15.5,43.91],[15.19,44.17],[15.12,44.26],[15.18,44.27],[15.23,44.27],[15.28,44.29],[15.37,44.29],[15.47,44.27],[15.38,44.33],[15.27,44.38],[14.98,44.6],[14.9,44.71],[14.89,44.82],[14.91,44.97],[14.85,45.08],[14.63,45.22],[14.55,45.3],[14.39,45.34],[14.31,45.34],[14.27,45.28],[14.24,45.16],[14.09,45.0],[14.04,44.93],[13.97,44.84],[13.9,44.83],[13.86,44.84],[13.74,44.99],[13.63,45.11],[13.61,45.16],[13.6,45.23],[13.52,45.48],[13.58,45.52],[13.64,45.54],[13.72,45.59],[13.78,45.63],[13.63,45.77],[13.56,45.77],[13.47,45.71],[13.21,45.77],[13.16,45.75],[13.12,45.7],[13.03,45.64],[12.9,45.61],[12.76,45.54],[12.61,45.5],[12.5,45.46],[12.43,45.47],[12.54,45.54],[12.49,45.55],[12.35,45.49],[12.27,45.45],[12.25,45.37],[12.23,45.24],[12.29,45.21],[12.39,45.04],[12.52,44.97],[12.5,44.9],[12.46,44.85],[12.38,44.8],[12.32,44.83],[12.28,44.83],[12.25,44.72],[12.3,44.43],[12.4,44.22],[12.49,44.13],[12.69,43.99],[12.91,43.92],[13.3,43.69],[13.51,43.61],[13.56,43.57],[13.69,43.39],[13.8,43.18],[13.92,42.85],[14.01,42.69],[14.18,42.51],[14.54,42.24],[14.87,42.05],[15.17,41.93],[15.4,41.91],[15.96,41.94],[16.06,41.93],[16.16,41.9],[16.19,41.81],[16.15,41.76],[16.03,41.7],[15.91,41.62],[15.9,41.51],[16.01,41.44],[16.55,41.23],[17.1,41.06],[17.28,40.98],[17.47,40.84],[17.95,40.66],[18.04,40.56],[18.33,40.37],[18.46,40.22],[18.49,40.1],[18.42,39.99],[18.39,39.9],[18.34,39.82],[18.22,39.85],[18.08,39.94],[17.87,40.28],[17.48,40.31],[17.4,40.34],[17.26,40.4],[17.25,40.44],[17.22,40.49],[17.18,40.5],[17.03,40.51],[16.93,40.46],[16.81,40.33],[16.67,40.14],[16.53,39.86],[16.52,39.75],[16.6,39.64],[16.82,39.58],[17.0,39.48],[17.11,39.38],[17.12,39.14],[17.17,39.0],[17.1,38.92],[16.95,38.94],[16.76,38.89],[16.62,38.8],[16.56,38.71],[16.57,38.49],[16.55,38.41],[16.28,38.25],[16.14,38.09],[16.11,38.02],[16.06,37.94],[15.72,37.94],[15.65,38.03],[15.64,38.18],[15.7,38.26],[15.82,38.3],[15.9,38.48],[15.88,38.61],[15.93,38.67],[15.97,38.71],[16.07,38.74],[16.2,38.76],[16.21,38.94],[16.11,39.02],[16.07,39.14],[16.02,39.35],[15.85,39.63],[15.76,39.87],[15.69,39.99],[15.59,40.05],[15.39,40.05],[15.29,40.07],[14.95,40.24],[14.93,40.26],[14.93,40.31],[14.99,40.38],[14.95,40.47],[14.91,40.56],[14.84,40.63],[14.77,40.67],[14.61,40.64],[14.56,40.63],[14.46,40.63],[14.38,40.6],[14.34,40.6],[14.46,40.73],[14.43,40.76],[14.31,40.81],[14.15,40.82],[14.1,40.83],[14.08,40.79],[14.04,40.81],[14.05,40.87],[13.86,41.13],[13.73,41.24],[13.67,41.25],[13.55,41.23],[13.36,41.28],[13.25,41.29],[13.18,41.28],[13.09,41.24],[13.04,41.27],[13.02,41.3],[12.85,41.41],[12.63,41.47],[12.21,41.81],[12.08,41.94],[11.81,42.08],[11.64,42.29],[11.5,42.36],[11.3,42.42],[11.25,42.42],[11.19,42.39],[11.14,42.39],[11.1,42.42],[11.14,42.44],[11.18,42.46],[11.17,42.54],[10.94,42.74],[10.8,42.8],[10.77,42.84],[10.74,42.9],[10.71,42.94],[10.64,42.96],[10.59,42.95],[10.51,42.97],[10.52,43.07],[10.53,43.14],[10.52,43.2],[10.45,43.37],[10.32,43.51],[10.25,43.85],[10.19,43.95],[10.05,44.02],[9.73,44.1],[9.29,44.32],[9.2,44.32],[8.93,44.41],[8.77,44.42],[8.55,44.35],[8.29,44.14],[8.08,43.92],[8.0,43.88],[7.73,43.8],[7.49,43.77],[7.26,43.7],[7.18,43.66],[6.86,43.44],[6.72,43.37],[6.69,43.33],[6.66,43.26],[6.57,43.2],[6.49,43.17],[6.31,43.14],[6.12,43.07],[6.03,43.1],[5.81,43.1],[5.67,43.18],[5.41,43.23],[5.32,43.34],[5.2,43.35],[5.12,43.35],[5.07,43.37],[5.06,43.41],[5.06,43.44],[4.98,43.43],[4.91,43.43],[4.87,43.41],[4.84,43.39],[4.81,43.41],[4.79,43.4],[4.79,43.38],[4.71,43.37],[4.63,43.39],[4.41,43.45],[4.38,43.46],[4.22,43.48],[4.16,43.5],[4.11,43.56],[4.08,43.58],[4.05,43.59],[3.91,43.56],[3.86,43.52],[3.78,43.46],[3.26,43.19],[3.16,43.08],[3.05,42.92],[3.04,42.84],[3.09,42.59],[3.2,42.46],[3.21,42.43],[3.24,42.37],[3.29,42.34],[3.31,42.29],[3.22,42.26],[3.17,42.26],[3.15,42.16],[3.18,42.14],[3.22,42.11],[3.24,42.08],[3.25,41.94],[3.15,41.86],[3.0,41.77],[2.31,41.47],[2.15,41.32],[2.08,41.29],[1.57,41.2],[1.21,41.1],[1.03,41.06],[0.82,40.89],[0.71,40.82],[0.8,40.8],[0.89,40.72],[0.86,40.69],[0.72,40.63],[0.66,40.61],[0.63,40.62],[0.6,40.61],[0.36,40.32],[0.16,40.11],[0.04,40.01],[-0.08,39.88],[-0.33,39.52],[-0.33,39.42],[-0.2,39.06],[-0.13,38.97],[-0.03,38.89],[0.15,38.82],[0.2,38.76],[0.14,38.7],[-0.05,38.59],[-0.38,38.44],[-0.52,38.32],[-0.55,38.2],[-0.65,38.15],[-0.68,37.99],[-0.74,37.89],[-0.75,37.85],[-0.81,37.77],[-0.82,37.71],[-0.72,37.63],[-0.77,37.6],[-0.82,37.58],[-0.94,37.57],[-1.33,37.56],[-1.64,37.39],[-1.8,37.23],[-1.94,36.95],[-2.11,36.78],[-2.19,36.75],[-2.31,36.82],[-2.45,36.83],[-2.6,36.81],[-2.67,36.75],[-2.79,36.71],[-2.9,36.74],[-3.15,36.76],[-3.26,36.76],[-3.43,36.71],[-3.58,36.74],[-3.83,36.76],[-4.37,36.72],[-4.43,36.7],[-4.5,36.63],[-4.67,36.51],[-4.94,36.5],[-5.17,36.42],[-5.23,36.37],[-5.33,36.24],[-5.36,36.13],[-5.38,36.13],[-5.41,36.16],[-5.44,36.15],[-5.46,36.07],[-5.55,36.04],[-5.63,36.03],[-5.81,36.09],[-5.96,36.18],[-6.04,36.19],[-6.17,36.33],[-6.23,36.43],[-6.27,36.53],[-6.26,36.56],[-6.27,36.6],[-6.38,36.64],[-6.41,36.73],[-6.33,36.85],[-6.26,36.9],[-6.22,36.91],[-6.32,36.91],[-6.4,36.83],[-6.49,36.95],[-6.88,37.19],[-6.86,37.25],[-6.86,37.28],[-6.93,37.21],[-6.97,37.2],[-7.17,37.21],[-7.41,37.18],[-7.49,37.17],[-7.83,37.01],[-7.94,37.01],[-8.14,37.08],[-8.48,37.1],[-8.6,37.12],[-8.74,37.07],[-8.85,37.08],[-8.94,37.02],[-9.0,37.03],[-8.93,37.17],[-8.81,37.43],[-8.82,37.59],[-8.79,37.73],[-8.82,37.87],[-8.88,37.96],[-8.8,38.18],[-8.81,38.3],[-8.88,38.45],[-8.67,38.42],[-8.73,38.48],[-8.8,38.52],[-8.86,38.51],[-8.91,38.51],[-9.1,38.46],[-9.19,38.44],[-9.21,38.45],[-9.2,38.54],[-9.25,38.66],[-9.18,38.69],[-9.09,38.7],[-9.02,38.75],[-8.98,38.8],[-9.0,38.9],[-8.94,39.0],[-8.79,39.08],[-8.87,39.07],[-8.95,39.02],[-9.09,38.83],[-9.14,38.74],[-9.25,38.71],[-9.36,38.7],[-9.41,38.71],[-9.47,38.73],[-9.48,38.8],[-9.47,38.85],[-9.43,38.96],[-9.41,39.11],[-9.35,39.25],[-9.36,39.28],[-9.37,39.34],[-9.32,39.39],[-9.25,39.43],[-9.15,39.54],[-9.0,39.82],[-8.84,40.12],[-8.85,40.15],[-8.89,40.18],[-8.87,40.26],[-8.77,40.61],[-8.73,40.65],[-8.68,40.75],[-8.67,40.92],[-8.66,41.03],[-8.66,41.09],[-8.67,41.15],[-8.74,41.28],[-8.81,41.56],[-8.81,41.65],[-8.76,41.7],[-8.85,41.71],[-8.89,41.76],[-8.88,41.83],[-8.78,41.94],[-8.85,41.93],[-8.88,41.95],[-8.89,42.11],[-8.77,42.21],[-8.69,42.27],[-8.73,42.29],[-8.82,42.29],[-8.81,42.33],[-8.77,42.36],[-8.73,42.41],[-8.78,42.43],[-8.81,42.47],[-8.81,42.56],[-8.8,42.6],[-8.81,42.64],[-8.99,42.59],[-9.03,42.59],[-9.04,42.66],[-8.94,42.77],[-8.93,42.8],[-9.04,42.81],[-9.13,42.87],[-9.18,42.91],[-9.24,42.98],[-9.24,43.04],[-9.18,43.17],[-9.1,43.21],[-9.02,43.24],[-8.87,43.33],[-8.67,43.32],[-8.54,43.34],[-8.42,43.39],[-8.36,43.4],[-8.25,43.44],[-8.25,43.5],[-8.29,43.54],[-8.26,43.58],[-8.14,43.63],[-8.0,43.69],[-7.85,43.71],[-7.7,43.76],[-7.59,43.73],[-7.5,43.74],[-7.4,43.7],[-7.26,43.59],[-7.06,43.55],[-6.9,43.59],[-6.62,43.59],[-6.48,43.58],[-6.22,43.6],[-6.08,43.59],[-5.85,43.65],[-5.67,43.58],[-5.32,43.55],[-5.11,43.5],[-4.52,43.42],[-4.31,43.41],[-4.02,43.46],[-3.89,43.5],[-3.77,43.48],[-3.6,43.52],[-3.52,43.51],[-3.42,43.45],[-3.05,43.37],[-2.95,43.44],[-2.88,43.45],[-2.61,43.41],[-2.34,43.33],[-2.2,43.32],[-1.99,43.35],[-1.83,43.4],[-1.79,43.41],[-1.63,43.44],[-1.48,43.56],[-1.35,44.02],[-1.25,44.56],[-1.17,44.66],[-1.08,44.69],[-1.15,44.76],[-1.2,44.73],[-1.22,44.69],[-1.25,44.67],[-1.19,45.16],[-1.15,45.34],[-1.08,45.53],[-0.94,45.46],[-0.83,45.38],[-0.77,45.31],[-0.69,45.09],[-0.63,45.05],[-0.55,45.0],[-0.58,45.05],[-0.64,45.09],[-0.73,45.38],[-0.79,45.47],[-0.88,45.54],[-1.17,45.69],[-1.2,45.71],[-1.21,45.77],[-1.11,45.77],[-1.03,45.74],[-1.04,45.77],[-1.07,45.81],[-1.1,45.93],[-1.14,46.2],[-1.13,46.25],[-1.15,46.31],[-1.24,46.32],[-1.31,46.33],[-1.39,46.35],[-1.79,46.51],[-1.92,46.68],[-2.06,46.81],[-2.09,46.87],[-2.09,46.92],[-2.02,47.04],[-2.08,47.11],[-2.14,47.13],[-2.2,47.16],[-2.15,47.22],[-2.11,47.26],[-2.03,47.27],[-1.92,47.26],[-1.82,47.23],[-1.74,47.22],[-1.98,47.31],[-2.35,47.28],[-2.43,47.29],[-2.5,47.31],[-2.53,47.38],[-2.48,47.41],[-2.43,47.47],[-2.48,47.51],[-2.55,47.53],[-2.67,47.53],[-2.77,47.51],[-2.8,47.54],[-2.73,47.6],[-2.79,47.63],[-2.86,47.61],[-2.96,47.6],[-3.06,47.62],[-3.16,47.69],[-3.22,47.69],[-3.26,47.69],[-3.33,47.71],[-3.4,47.72],[-3.44,47.71],[-3.51,47.75],[-3.9,47.84],[-4.07,47.85],[-4.23,47.81],[-4.31,47.82],[-4.38,47.88],[-4.43,47.97],[-4.68,48.04],[-4.63,48.09],[-4.51,48.1],[-4.38,48.13],[-4.33,48.17],[-4.43,48.22],[-4.51,48.23],[-4.54,48.25],[-4.58,48.29],[-4.53,48.31],[-4.5,48.3],[-4.4,48.29],[-4.24,48.3],[-4.3,48.35],[-4.36,48.36],[-4.39,48.37],[-4.52,48.37],[-4.58,48.36],[-4.72,48.36],[-4.75,48.41],[-4.76,48.45],[-4.72,48.54],[-4.53,48.62],[-4.06,48.71],[-3.86,48.69],[-3.71,48.71],[-3.55,48.77],[-3.47,48.81],[-3.23,48.84],[-3.0,48.79],[-2.79,48.6],[-2.69,48.54],[-2.45,48.65],[-2.08,48.65],[-2.0,48.58],[-1.97,48.64],[-1.91,48.7],[-1.85,48.67],[-1.82,48.63],[-1.44,48.64],[-1.38,48.65],[-1.48,48.7],[-1.57,48.81],[-1.58,49.2],[-1.69,49.31],[-1.81,49.49],[-1.87,49.6],[-1.88,49.63],[-1.86,49.68],[-1.71,49.68],[-1.59,49.67],[-1.37,49.71],[-1.26,49.68],[-1.26,49.6],[-1.23,49.49],[-1.19,49.44],[-1.14,49.39],[-0.96,49.39],[-0.77,49.36],[-0.52,49.35],[-0.16,49.3],[-0.01,49.33],[0.14,49.4],[0.42,49.45],[0.44,49.47],[0.28,49.46],[0.13,49.51],[0.11,49.56],[0.13,49.6],[0.19,49.7],[0.62,49.86],[0.92,49.91],[1.25,50.0],[1.41,50.09],[1.51,50.21],[1.55,50.23],[1.59,50.25],[1.55,50.29],[1.58,50.74],[1.61,50.82],[1.67,50.89],[1.77,50.94],[1.91,50.99],[2.45,51.07],[2.52,51.1],[2.96,51.27],[3.23,51.35],[3.35,51.38],[3.43,51.39],[3.59,51.4],[3.72,51.37],[3.88,51.35],[4.01,51.4],[4.11,51.36],[4.23,51.39],[4.14,51.4],[4.01,51.44],[3.82,51.41],[3.69,51.45],[3.59,51.45],[3.52,51.49],[3.45,51.54],[3.5,51.58],[3.55,51.59],[3.74,51.6],[3.89,51.57],[4.14,51.46],[4.21,51.46],[4.27,51.47],[4.24,51.5],[4.18,51.52],[4.08,51.55],[4.0,51.6],[4.18,51.61],[4.16,51.63],[4.13,51.67],[3.95,51.81],[3.98,51.85],[4.03,51.93],[4.08,51.99],[4.13,52.01],[4.21,52.06],[4.38,52.2],[4.48,52.31],[4.56,52.44],[4.68,52.81],[4.71,52.87],[4.77,52.94],[4.84,52.93],[4.89,52.91],[5.06,52.96],[5.36,53.1],[5.45,53.21],[5.53,53.27],[5.87,53.38],[6.06,53.41],[6.35,53.42],[6.56,53.43],[6.82,53.44],[6.91,53.38],[6.97,53.33],[7.06,53.3],[7.2,53.28],[7.15,53.33],[7.05,53.38],[7.07,53.48],[7.11,53.56],[7.21,53.65],[7.29,53.68],[7.63,53.7],[8.01,53.69],[8.17,53.54],[8.11,53.47],[8.2,53.43],[8.25,53.45],[8.28,53.51],[8.3,53.58],[8.33,53.61],[8.45,53.55],[8.49,53.51],[8.5,53.39],[8.54,53.56],[8.51,53.67],[8.53,53.78],[8.58,53.84],[8.62,53.88],[8.9,53.84],[9.21,53.86],[9.32,53.81],[9.59,53.6],[9.67,53.57],[9.78,53.55],[9.63,53.6],[9.31,53.86],[9.22,53.89],[9.07,53.9],[8.98,53.93],[8.92,53.97],[8.9,54.0],[8.91,54.26],[8.85,54.3],[8.78,54.31],[8.74,54.3],[8.64,54.29],[8.63,54.35],[8.65,54.4],[8.83,54.43],[8.95,54.47],[8.96,54.54],[8.88,54.59],[8.79,54.7],[8.68,54.79],[8.66,54.99],[8.64,55.05],[8.57,55.13],[8.67,55.16],[8.65,55.33],[8.62,55.42],[8.35,55.51],[8.13,55.6],[8.18,55.9],[8.2,55.98],[8.12,56.14],[8.13,56.32],[8.16,56.61],[8.23,56.62],[8.28,56.62],[8.47,56.57],[8.55,56.56],[8.61,56.51],[8.67,56.5],[8.72,56.54],[8.74,56.63],[8.89,56.74],[8.99,56.77],[9.07,56.79],[9.14,56.75],[9.2,56.7],[9.21,56.81],[9.25,57.01],[9.11,57.04],[8.99,57.02],[8.88,56.89],[8.77,56.73],[8.6,56.71],[8.47,56.66],[8.35,56.71],[8.27,56.75],[8.27,56.82],[8.28,56.85],[8.43,56.98],[8.62,57.11],[8.81,57.11],[8.95,57.15],[9.04,57.16],[9.3,57.15],[9.43,57.17],[9.55,57.23],[9.82,57.48],[9.96,57.58],[10.26,57.62],[10.53,57.74],[10.61,57.74],[10.48,57.65],[10.46,57.61],[10.44,57.56],[10.54,57.45],[10.52,57.38],[10.52,57.24],[10.44,57.17],[10.34,57.02],[10.3,57.0],[10.29,56.82],[10.3,56.78],[10.28,56.62],[10.38,56.55],[10.49,56.52],[10.85,56.52],[10.88,56.49],[10.93,56.44],[10.89,56.36],[10.86,56.3],[10.75,56.24],[10.62,56.2],[10.54,56.2],[10.43,56.28],[10.37,56.25],[10.32,56.21],[10.23,56.01],[10.18,55.87],[10.16,55.85],[10.11,55.87],[10.02,55.88],[9.9,55.84],[9.96,55.81],[10.02,55.76],[10.0,55.74],[9.9,55.71],[9.81,55.65],[9.77,55.61],[9.66,55.56],[9.59,55.49],[9.63,55.41],[9.64,55.34],[9.67,55.27],[9.64,55.2],[9.5,55.12],[9.45,55.04],[9.57,55.04],[9.65,55.02],[9.69,55.0],[9.73,54.97],[9.71,54.93],[9.75,54.81],[9.89,54.78],[9.95,54.74],[10.02,54.67],[10.03,54.58],[9.94,54.51],[9.87,54.47],[10.14,54.49],[10.17,54.45],[10.21,54.41],[10.36,54.44],[10.73,54.32],[10.96,54.38],[11.01,54.38],[11.06,54.28],[11.01,54.18],[10.81,54.08],[10.85,54.01],[10.92,54.0],[11.1,54.01],[11.4,53.94],[11.46,53.96],[11.7,54.11],[11.8,54.15],[12.11,54.17],[12.17,54.23],[12.3,54.28],[12.38,54.35],[12.58,54.47],[12.78,54.45],[12.9,54.42],[13.03,54.41],[13.15,54.28],[13.45,54.14],[13.72,54.15],[13.82,54.02],[13.87,53.85],[13.95,53.8],[14.03,53.77],[14.25,53.73],[14.49,53.67],[14.58,53.64],[14.57,53.68],[14.55,53.71],[14.56,53.75],[14.56,53.82],[14.35,53.86],[14.17,53.87],[14.05,53.86],[13.93,53.88],[13.9,53.94],[13.92,54.0],[13.87,54.04],[13.83,54.06],[13.82,54.09],[13.83,54.13],[14.04,54.03],[14.21,53.95],[14.25,53.93],[14.38,53.92],[14.72,54.02],[15.29,54.14],[15.9,54.25],[16.04,54.27],[16.19,54.29],[16.24,54.33],[16.29,54.36],[16.38,54.44],[16.56,54.55],[16.89,54.6],[17.01,54.65],[17.26,54.73],[17.84,54.82],[18.09,54.84],[18.32,54.84],[18.54,54.77],[18.76,54.68],[18.8,54.63],[18.68,54.67],[18.5,54.74],[18.44,54.74],[18.59,54.51],[18.67,54.43],[18.84,54.37],[18.98,54.35],[19.41,54.39],[19.56,54.43],[19.6,54.46],[19.76,54.54],[19.86,54.63],[19.94,54.75],[19.95,54.83],[19.97,54.92],[20.11,54.96],[20.4,54.95],[20.52,54.99],[20.68,55.1],[20.85,55.23],[20.9,55.29],[21.01,55.4],[21.06,55.48],[21.09,55.58],[21.11,55.62],[21.12,55.57],[21.1,55.49],[21.03,55.35],[20.86,55.18],[20.59,54.98],[20.68,54.96],[20.77,54.95],[20.89,54.91],[21.0,54.9],[21.19,54.94],[21.22,55.11],[21.24,55.27],[21.2,55.34],[21.24,55.46],[21.17,55.62],[21.06,55.81],[21.05,56.02],[21.05,56.07],[21.01,56.26],[21.03,56.64],[21.07,56.82],[21.26,56.93],[21.35,57.02],[21.41,57.13],[21.42,57.24],[21.46,57.32],[21.73,57.57],[21.94,57.6],[22.23,57.67],[22.55,57.72],[22.62,57.65],[22.65,57.6],[23.04,57.39],[23.14,57.32],[23.29,57.09],[23.65,56.97],[23.93,57.01],[24.05,57.07],[24.28,57.17],[24.38,57.25],[24.4,57.33],[24.36,57.65],[24.3,57.78],[24.32,57.87],[24.33,57.91],[24.46,58.11],[24.49,58.26],[24.54,58.28],[24.55,58.3],[24.53,58.35],[24.39,58.39],[24.34,58.38],[24.29,58.33],[24.24,58.29],[24.11,58.27],[24.01,58.31],[23.77,58.36],[23.71,58.43],[23.69,58.51],[23.56,58.58],[23.51,58.66],[23.53,58.72],[23.65,58.75],[23.68,58.79],[23.53,58.78],[23.5,58.79],[23.5,58.82],[23.43,58.92],[23.49,58.96],[23.52,59.0],[23.47,59.03],[23.48,59.07],[23.52,59.11],[23.49,59.2],[23.64,59.24],[23.78,59.28],[24.08,59.29],[24.05,59.37],[24.18,59.38],[24.38,59.47],[24.58,59.46],[24.88,59.52],[25.44,59.52],[25.52,59.56],[25.51,59.6],[25.51,59.64],[25.62,59.63],[25.79,59.63],[26.46,59.55],[26.62,59.55],[26.85,59.47],[26.97,59.45],[27.34,59.45],[27.89,59.41],[28.0,59.47],[28.01,59.48],[28.06,59.55],[28.05,59.65],[28.01,59.72],[28.06,59.78],[28.13,59.79],[28.21,59.72],[28.33,59.69],[28.42,59.73],[28.45,59.81],[28.52,59.85],[28.6,59.82],[28.75,59.81],[28.87,59.81],[28.95,59.83],[28.98,59.85],[29.01,59.9],[29.08,59.96],[29.15,60.0],[29.67,59.96],[30.0,59.9],[30.0,60.02],[29.98,60.03],[29.87,60.12],[29.72,60.2],[29.57,60.2],[29.37,60.18],[29.07,60.19],[28.81,60.33],[28.64,60.38],[28.52,60.48],[28.49,60.54],[28.62,60.49],[28.64,60.54],[28.65,60.61],[28.58,60.65],[28.51,60.68],[28.18,60.57],[27.8,60.54],[27.76,60.53],[27.67,60.5],[27.53,60.49],[27.46,60.46],[27.24,60.54],[27.21,60.54],[27.08,60.53],[26.95,60.47],[26.72,60.46],[26.61,60.44],[26.53,60.41],[26.52,60.47],[26.55,60.55],[26.6,60.6],[26.61,60.63],[26.57,60.62],[26.5,60.55],[26.46,60.47],[26.38,60.42],[26.2,60.41],[26.04,60.47],[25.96,60.47],[26.01,60.43],[26.04,60.37],[26.04,60.34],[25.95,60.35],[25.85,60.31],[25.76,60.27],[25.72,60.27],[25.66,60.33],[25.55,60.3],[25.46,60.26],[25.27,60.25],[25.16,60.19],[24.96,60.16],[24.85,60.16],[24.6,60.11],[24.52,60.05],[24.45,60.02],[24.34,60.04],[24.03,60.01],[23.72,59.97],[23.59,59.97],[23.46,59.99],[23.33,59.93],[23.18,59.84],[23.02,59.82],[22.96,59.83],[23.01,59.87],[23.12,59.91],[23.19,59.97],[23.2,60.02],[23.15,60.04],[23.08,60.05],[22.99,60.1],[22.91,60.21],[22.87,60.22],[22.84,60.19],[22.82,60.1],[22.79,60.08],[22.75,60.06],[22.7,60.04],[22.65,60.03],[22.46,60.03],[22.44,60.07],[22.44,60.09],[22.47,60.15],[22.44,60.16],[22.47,60.2],[22.51,60.2],[22.56,60.21],[22.59,60.23],[22.59,60.26],[22.52,60.26],[22.51,60.28],[22.58,60.36],[22.58,60.38],[22.56,60.39],[22.52,60.38],[22.26,60.4],[21.93,60.5],[21.85,60.51],[21.81,60.59],[21.73,60.58],[21.61,60.53],[21.53,60.57],[21.44,60.6],[21.41,60.64],[21.41,60.7],[21.4,60.77],[21.38,60.85],[21.36,60.97],[21.38,61.06],[21.45,61.13],[21.48,61.17],[21.51,61.28],[21.52,61.41],[21.5,61.45],[21.51,61.48],[21.57,61.48],[21.55,61.51],[21.53,61.52],[21.5,61.55],[21.52,61.57],[21.59,61.57],[21.6,61.58],[21.61,61.59],[21.55,61.67],[21.55,61.7],[21.47,61.81],[21.38,61.91],[21.26,61.99],[21.3,62.11],[21.35,62.22],[21.34,62.28],[21.32,62.34],[21.17,62.41],[21.14,62.51],[21.1,62.62],[21.12,62.69],[21.14,62.74],[21.2,62.79],[21.46,62.95],[21.47,63.03],[21.65,63.04],[21.57,63.11],[21.55,63.16],[21.55,63.2],[21.8,63.24],[21.9,63.21],[22.12,63.24],[22.32,63.31],[22.32,63.35],[22.29,63.38],[22.24,63.44],[22.27,63.45],[22.35,63.44],[22.31,63.47],[22.32,63.5],[22.4,63.49],[22.53,63.58],[22.53,63.65],[22.76,63.68],[23.01,63.82],[23.13,63.86],[23.25,63.9],[23.49,64.03],[23.6,64.04],[23.65,64.13],[23.86,64.26],[23.92,64.27],[24.02,64.39],[24.28,64.52],[24.44,64.68],[24.53,64.74],[24.56,64.8],[24.66,64.81],[24.75,64.85],[24.94,64.88],[25.13,64.88],[25.21,64.85],[25.29,64.86],[25.28,64.92],[25.23,64.95],[25.27,64.98],[25.37,65.01],[25.36,65.07],[25.34,65.1],[25.26,65.14],[25.3,65.24],[25.31,65.35],[25.35,65.48],[25.24,65.55],[24.84,65.66],[24.76,65.66],[24.67,65.67],[24.58,65.76],[24.62,65.83],[24.63,65.86],[24.59,65.86],[24.53,65.82],[24.4,65.78],[24.24,65.81],[24.16,65.81],[23.89,65.78],[23.69,65.83],[23.59,65.81],[23.42,65.8],[23.22,65.79],[23.15,65.75],[23.1,65.74],[22.92,65.79],[22.75,65.87],[22.62,65.81],[22.54,65.79],[22.47,65.85],[22.4,65.86],[22.37,65.84],[22.34,65.79],[22.29,65.75],[22.27,65.72],[22.27,65.62],[22.25,65.6],[22.09,65.61],[22.1,65.58],[22.13,65.57],[22.15,65.55],[22.09,65.53],[21.92,65.53],[21.9,65.51],[21.95,65.47],[21.91,65.44],[21.88,65.42],[21.68,65.4],[21.57,65.41],[21.53,65.39],[21.52,65.36],[21.55,65.33],[21.6,65.32],[21.61,65.3],[21.61,65.26],[21.57,65.25],[21.45,65.32],[21.41,65.32],[21.44,65.28],[21.51,65.25],[21.55,65.21],[21.58,65.16],[21.57,65.13],[21.42,65.01],[21.29,64.94],[21.2,64.88],[21.14,64.81],[21.2,64.77],[21.28,64.72],[21.33,64.63],[21.39,64.54],[21.52,64.46],[21.49,64.42],[21.47,64.38],[21.26,64.3],[21.02,64.18],[20.76,63.87],[20.68,63.83],[20.45,63.77],[20.37,63.72],[20.2,63.66],[19.91,63.61],[19.78,63.54],[19.72,63.46],[19.66,63.46],[19.59,63.49],[19.5,63.51],[19.49,63.46],[19.49,63.42],[19.35,63.48],[19.29,63.43],[19.24,63.35],[19.03,63.24],[18.82,63.26],[18.79,63.24],[18.85,63.22],[18.86,63.21],[18.82,63.2],[18.76,63.2],[18.67,63.18],[18.61,63.18],[18.58,63.13],[18.53,63.06],[18.41,63.04],[18.34,63.03],[18.31,63.0],[18.5,62.99],[18.49,62.96],[18.48,62.93],[18.46,62.9],[18.25,62.85],[18.21,62.81],[18.17,62.79],[18.07,62.79],[18.08,62.81],[18.09,62.84],[17.95,62.83],[17.91,62.89],[17.88,62.87],[17.9,62.83],[17.93,62.79],[17.97,62.72],[17.94,62.68],[17.9,62.66],[17.93,62.64],[18.01,62.63],[18.04,62.6],[17.95,62.58],[17.83,62.5],[17.72,62.5],[17.65,62.45],[17.57,62.45],[17.51,62.48],[17.41,62.51],[17.38,62.46],[17.37,62.43],[17.43,62.33],[17.54,62.26],[17.63,62.23],[17.56,62.21],[17.51,62.17],[17.45,62.02],[17.41,61.97],[17.37,61.87],[17.4,61.78],[17.42,61.74],[17.47,61.68],[17.33,61.69],[17.2,61.72],[17.22,61.66],[17.13,61.58],[17.15,61.5],[17.16,61.46],[17.14,61.38],[17.18,61.36],[17.2,61.31],[17.16,61.28],[17.18,61.25],[17.19,61.15],[17.21,60.99],[17.2,60.95],[17.28,60.81],[17.26,60.76],[17.25,60.7],[17.36,60.64],[17.46,60.64],[17.56,60.64],[17.59,60.63],[17.63,60.59],[17.66,60.54],[17.74,60.54],[17.87,60.58],[17.96,60.59],[18.01,60.51],[18.16,60.41],[18.25,60.36],[18.4,60.34],[18.56,60.25],[18.54,60.15],[18.6,60.12],[18.79,60.08],[18.85,60.03],[18.88,59.98],[18.93,59.94],[18.99,59.83],[18.97,59.76],[18.9,59.73],[18.72,59.66],[18.64,59.6],[18.58,59.57],[18.4,59.49],[18.34,59.48],[18.28,59.44],[18.22,59.42],[18.16,59.43],[17.96,59.36],[17.98,59.33]]],[[[-14.36,-7.97],[-14.4,-7.98],[-14.41,-7.97],[-14.41,-7.94],[-14.4,-7.91],[-14.38,-7.88],[-14.36,-7.89],[-14.33,-7.91],[-14.3,-7.94],[-14.32,-7.96],[-14.36,-7.97]]],[[[-86.71,21.24],[-86.7,21.19],[-86.71,21.2],[-86.74,21.23],[-86.75,21.28],[-86.74,21.28],[-86.73,21.26],[-86.71,21.24]]],[[[-81.78,24.54],[-81.81,24.54],[-81.81,24.56],[-81.77,24.58],[-81.74,24.58],[-81.74,24.55],[-81.78,24.54]]]]}}]}